tree
version=v4
num_class=1
num_tree_per_iteration=1
label_index=0
max_feature_idx=4
objective=binary sigmoid:1
feature_names=場 枠番 勝率 平均ST モーター
feature_infos=[1:24] [0.25530000000000003:6] [0:66.670000000000002] [0:7.5] [0:1]
tree_sizes=3381 3458 3475 3467 3479 3473 3486 3492 3489 3488 3496 3500 3504 3507 3505 3500 3509 3509 3513 3509 3507 3513 3485 3488 3496 3502 3485 3503 3509 3504 3502 3493 3472 3472 3459 3485 3485 3497 3475 3478 3478 3456 3440 3420 3427 3482 3483 3415 3432 3398 3476 3379 3381 3466 3410 3449 3435 3441 3411 3414 3399 3456 3360 3363 3411 3370 3424 3394 3424 3393 3488 3410 3411 3445 3392 3354 3432 3369 3378 3402 3400 3381 3391 3416 3411 3448 3399 3380 3379 3446 3363 3431 3378 3393 3404 3431 3380 3336 3423 3368

Tree=0
num_leaves=31
num_cat=0
split_feature=1 2 2 1 2 1 2 2 2 2 1 1 3 0 2 0 2 0 0 2 4 2 4 1 2 2 4 4 4 3
split_gain=62782.7 6343.67 2627.03 1905.23 688.734 683.75 538.435 273.48 219.762 190.834 154.261 134.825 117.705 96.4197 96.3448 69.2687 62.4913 59.4829 59.147 51.1693 49.6505 48.1638 46.9393 45.7702 44.5434 44.4673 44.2426 42.2244 35.6777 35.2462
threshold=1.5000000000000002 5.455000000000001 5.4150000000000009 4.5000000000000009 4.8650000000000011 4.5000000000000009 6.285000000000001 3.9550000000000005 4.6450000000000005 6.0550000000000006 3.5000000000000004 5.5000000000000009 0.19500000000000003 5.5000000000000009 5.7350000000000012 15.500000000000002 6.1950000000000012 3.5000000000000004 2.5000000000000004 3.6350000000000002 0.36380000000000007 3.1750000000000003 0.40920000000000001 5.5000000000000009 6.9750000000000005 6.2250000000000005 0.36245000000000005 0.29925000000000007 0.36325000000000002 0.16500000000000004
decision_type=2 2 2 2 2 2 2 2 2 2 2 2 2 2 2 2 2 2 2 2 2 2 2 2 2 2 2 2 2 2
left_child=1 4 5 9 7 8 14 21 19 22 26 16 13 27 -3 28 -5 -16 -6 -2 -20 -1 -4 -7 -15 -13 -11 -8 -9 -19
right_child=2 6 3 11 18 23 12 15 -10 10 -12 25 -14 24 17 -17 -18 29 20 -21 -22 -23 -24 -25 -26 -27 -28 -29 -30 -31
leaf_value=-1.6048082230051202 -1.7017454629464324 -1.3280731039594025 -1.6303846326957179 -1.6785959085225084 -1.4616057271304657 -1.7049363104923874 -1.318966008873276 -1.4928066939514966 -1.6571533535277569 -1.5943633392031118 -1.6201350763268405 -1.7049793027819486 -1.457823009072919 -1.2205844105957648 -1.3381059497682926 -1.4300560406250251 -1.6502445756342869 -1.2609249988542222 -1.3942939718416838 -1.6807552057073669 -1.3471511943691308 -1.5306492877041917 -1.6008777403723227 -1.7203082230835702 -1.1862342482797488 -1.681408988367127 -1.5731727471459287 -1.2446369030137758 -1.4503392679656888 -1.2994505147095259
leaf_weight=110.53957176208496 1530.1954035758972 599.63551616668701 3276.0540671348572 1441.5971035957336 94.014183521270752 3916.7947506904602 106.6512451171875 564.08510112762451 4623.6369872093201 2663.2260141372681 2017.0694470405579 1507.8375253677368 20.969190120697021 1219.6847472190857 154.00550889968872 463.96069002151489 1687.533763885498 828.63018178939819 674.20806646347046 4818.4699258804321 334.11835384368896 421.60570335388184 645.32335424423218 3832.0847773551941 546.72650003433228 1706.003315448761 1563.801655292511 269.68322658538818 304.67816638946533 332.86853456497192
leaf_count=796 11019 4318 23591 10381 677 28205 768 4062 33295 19178 14525 10858 151 8783 1109 3341 12152 5967 4855 34698 2406 3036 4647 27595 3937 12285 11261 1942 2194 2397
internal_value=-1.60965 -1.33716 -1.66415 -1.63507 -1.44841 -1.6898 -1.25623 -1.48545 -1.67374 -1.60824 -1.59738 -1.67808 -1.22205 -1.21974 -1.29485 -1.46125 -1.66331 -1.27971 -1.38575 -1.68581 -1.37867 -1.54605 -1.62553 -1.71254 -1.20995 -1.69247 -1.58652 -1.2657 -1.47791 -1.27197
internal_weight=42275.7 7046.06 35229.6 16508.4 2967.21 18721.2 4078.85 1864.87 10972.3 10165.5 6244.1 6342.97 2163.71 2142.75 1915.14 1332.72 3129.13 1315.5 1102.34 6348.67 1008.33 532.145 3921.38 7748.88 1766.41 3213.84 4227.03 376.334 868.763 1161.5
internal_count=304429 50739 253690 118878 21367 134812 29372 13429 79012 73202 44964 45676 15581 15430 13791 9597 22533 9473 7938 45717 7261 3832 28238 55800 12720 23143 30439 2710 6256 8364
is_linear=0
shrinkage=1


Tree=1
num_leaves=31
num_cat=0
split_feature=1 2 2 1 1 2 2 2 2 1 1 4 3 2 2 0 2 4 1 3 2 4 2 2 2 2 1 3 0 0
split_gain=43716.8 3067.24 2385 1650.38 661.705 354.495 310.097 206.739 160.321 126.549 117.519 71.3057 65.6228 65.2435 56.9259 51.3288 50.3726 47.4287 46.3198 46.2424 43.1239 40.636 37.3664 37.3525 35.852 35.8247 34.3826 32.7199 30.4267 28.4877
threshold=1.5000000000000002 5.2650000000000006 5.4150000000000009 4.5000000000000009 4.5000000000000009 5.9750000000000005 4.1450000000000005 4.4450000000000012 6.2750000000000012 5.5000000000000009 3.5000000000000004 0.34675000000000006 0.14500000000000005 4.8650000000000011 6.1950000000000012 4.5000000000000009 3.1750000000000003 0.32975000000000004 5.5000000000000009 0.21500000000000002 6.2250000000000005 0.32150000000000001 5.785000000000001 6.5050000000000008 4.4450000000000012 3.4950000000000006 3.5000000000000004 0.17500000000000002 4.5000000000000009 17.500000000000004
decision_type=2 2 2 2 2 2 2 2 2 2 2 2 2 2 2 2 2 2 2 2 2 2 2 2 2 2 2 2 2 2
left_child=1 6 4 8 7 15 16 25 11 14 -10 26 -7 27 -5 -3 -1 -9 24 23 -11 -17 -13 -14 -6 -2 -4 29 -12 -8
right_child=2 5 3 9 18 12 13 17 10 20 28 22 19 -15 -16 21 -18 -19 -20 -21 -22 -23 -24 -25 -26 -27 -28 -29 -30 -31
leaf_value=0.0043470154409906694 -0.09073520668316383 0.17357654416207402 -0.013771568805119167 -0.065172864582941178 -0.10113520732568962 0.28227571907751264 0.12807613932594572 -0.056557177410198368 0.024586476504334806 -0.091855143150719895 0.024656140172260251 -0.012604793676446922 0.2426985054108565 0.16232743062694999 -0.037597725455785297 0.20137636925202085 0.076980972436618944 -0.038164031897617877 -0.10782694221104037 0.082857966759746479 -0.06797014176886633 0.23356564800856414 0.013655562702498278 0.26898413088260936 -0.081337409018017393 -0.070619266051660731 -0.036808711831180209 0.1082877294286633 -0.014154162181319234 0.17456728754663881
leaf_weight=110.896977186203 1159.9458564519882 288.10038763284683 2019.8644872903824 1375.9393769204617 1942.125644788146 1461.7354567199945 471.64447240531445 2774.79617151618 3392.5206751674414 1413.2412416636944 237.46335491538048 940.30984790623188 1058.6651894152164 815.73662875592709 1642.105229973793 698.67567612230778 686.83182077109814 2833.5738464891911 3553.6472953855991 15.514231920242308 1625.1649629324675 894.01053382456303 1278.6934774518013 1104.7496737539768 1729.0528158545494 3739.4201034605503 953.78005455434322 569.36323802173138 1352.7964644134045 182.91651228070259
leaf_count=796 8892 1763 14659 10381 14921 8338 3107 20700 24056 10858 1722 6816 6159 5099 12152 4209 4625 21135 27595 101 12285 5365 9187 6276 13284 28285 6952 3727 9810 1174
internal_value=-0.000620119 0.204248 -0.0510392 -0.0233422 -0.0763923 0.247672 0.119745 -0.0603744 0.00125814 -0.0646731 0.0140719 -0.0110378 0.265884 0.14042 -0.0501693 0.212419 0.0668837 -0.0472642 -0.0996886 0.254888 -0.0790797 0.219445 0.00252765 0.256121 -0.0918108 -0.0753818 -0.0211606 0.125819 -0.00835887 0.141068
internal_weight=42323.3 8358.84 33964.4 16231.9 17732.6 5521.45 2837.39 10507.7 10175.4 6056.45 4982.78 5192.65 3640.66 2039.66 3018.04 1880.79 797.729 5608.37 7224.83 2178.93 3038.41 1592.69 2219 2163.41 3671.18 4899.37 2973.64 1223.92 1590.26 654.561
internal_count=304429 50739 253690 118878 134812 32211 18528 79012 73202 45676 35588 37614 20874 13107 22533 11337 5421 41835 55800 12536 23143 9574 16003 12435 28205 37177 21611 8008 11532 4281
is_linear=0
shrinkage=0.1


Tree=2
num_leaves=31
num_cat=0
split_feature=1 2 2 1 1 2 2 2 1 1 2 0 0 2 0 2 1 2 2 4 2 2 3 4 2 0 3 4 4 0
split_gain=32454.2 2158.86 1848.63 1426.26 640.836 208.808 206.463 193.67 133.627 118.536 112.652 53.9012 53.8937 51.6711 50.4998 49.5815 47.1357 41.846 41.2119 37.565 35.6517 35.4612 33.5943 29.7244 28.0926 27.8149 27.5074 27.0816 26.0156 25.3995
threshold=1.5000000000000002 5.4150000000000009 5.2650000000000006 4.5000000000000009 4.5000000000000009 5.9750000000000005 4.1250000000000009 4.6850000000000014 3.5000000000000004 5.5000000000000009 6.285000000000001 14.500000000000002 4.5000000000000009 6.1950000000000012 2.5000000000000004 3.6350000000000002 5.5000000000000009 6.2250000000000005 4.8650000000000011 0.37030000000000002 4.5050000000000008 3.1750000000000003 0.18500000000000003 0.40435000000000004 6.5050000000000008 4.5000000000000009 0.19500000000000003 0.33555000000000001 0.33644999999999997 4.5000000000000009
decision_type=2 2 2 2 2 2 2 2 2 2 2 2 2 2 2 2 2 2 2 2 2 2 2 2 2 2 2 2 2 2
left_child=2 4 6 8 7 22 21 15 10 13 19 24 -10 -5 -8 -2 20 -11 -16 25 -6 -1 27 -17 -7 -3 29 -4 -9 -12
right_child=1 3 5 9 16 11 14 28 12 17 26 -13 -14 -15 18 23 -18 -19 -20 -21 -22 -23 -24 -25 -26 -27 -28 -29 -30 -31
leaf_value=0.0039003923285026174 -0.085145497083064806 0.014339534460305649 0.16155748905443856 -0.061520557197525617 -0.09754485103146586 0.18510502707759405 0.067557415382962283 -0.047679814399152101 0.014165763438731636 -0.088501231813329279 0.043533696687328892 0.22074445538994869 -0.021259709515602174 -0.034766977917189912 0.10849443807251753 -0.067173526677500747 -0.10519574283101703 -0.064297400102481986 0.1374488678073347 0.011614307981861853 -0.077057427332223455 0.06474690383122593 0.13148240023069971 -0.04642295502497501 0.20725567913030699 -0.015141304902502026 -0.051502635724171644 0.18544773215468813 -0.031755503970295661 0.019333123228560317
leaf_weight=111.21790903806686 1352.3254933431745 379.33136162161827 954.9684274494648 1315.0966533273458 1915.0130311474204 999.5967023819685 200.69462582468987 2155.9508487582207 509.80986979603767 1324.7359606027603 511.79315266013145 1818.4097804278135 2724.2378614395857 1600.4809828996658 1224.013448625803 3766.7877881079912 3291.7868311703205 1550.1748526841402 821.5051237642765 1119.0027561783791 1526.4127156063914 690.10145455598831 212.2952858954668 845.22522355616093 1340.2217877209187 2047.3501642048359 50.264182671904564 943.09414049983025 1957.3066742122173 2841.6508570611477
leaf_count=796 11019 2771 5160 10381 15788 5107 1219 16650 3697 10858 3570 9092 20014 12152 7418 29743 27595 12285 4661 8009 12417 4434 1152 6662 6675 14962 349 5025 14938 19830
internal_value=-0.000937627 -0.0477404 0.163768 -0.0214156 -0.0727546 0.194827 0.0998801 -0.0567954 0.00111663 -0.0610419 0.00893111 0.20783 -0.0156753 -0.0468344 0.115426 -0.0683078 -0.0966408 -0.0754503 0.120123 -0.00354337 -0.0884578 0.0563018 0.169208 -0.0633707 0.197793 -0.010533 0.0219259 0.173428 -0.0401022 0.0230265
internal_weight=42100.9 32784.7 9316.12 15973.9 16810.8 6268.59 3047.53 10077.6 10183.4 5790.49 6949.39 4158.23 3234.05 2915.58 2246.21 5964.34 6733.21 2874.91 2045.52 3545.68 3441.43 801.319 2110.36 4612.01 2339.82 2426.68 3403.71 1898.06 4113.26 3353.44
internal_count=304429 253690 50739 118878 134812 32211 18528 79012 73202 45676 49491 20874 23711 22533 13298 47424 55800 23143 12079 25742 28205 5230 11337 36405 11782 17733 23749 10185 31588 23400
is_linear=0
shrinkage=0.1


Tree=3
num_leaves=31
num_cat=0
split_feature=1 2 2 1 1 2 2 1 1 2 1 2 2 2 2 4 0 0 1 0 4 2 4 4 3 4 3 2 0 2
split_gain=24918.1 1949.19 1274.47 1084.29 774.785 264.569 194.517 97.1968 95.8235 95.6888 60.1044 50.3783 48.2748 47.6204 45.5473 40.8403 38.4785 37.4637 33.9157 31.8111 30.2218 30.2061 29.6028 27.518 26.1264 33.3218 26.0511 25.3037 23.5056 22.8773
threshold=1.5000000000000002 5.6450000000000005 5.455000000000001 4.5000000000000009 4.5000000000000009 4.6850000000000014 4.4250000000000007 5.5000000000000009 3.5000000000000004 6.3650000000000011 5.5000000000000009 6.6450000000000005 3.4950000000000006 3.6350000000000002 4.5050000000000008 0.34675000000000006 4.5000000000000009 16.500000000000004 3.5000000000000004 5.5000000000000009 0.34075000000000005 6.3750000000000009 0.36850000000000005 0.40435000000000004 0.20500000000000004 0.48640000000000005 0.19500000000000003 6.955000000000001 2.5000000000000004 5.785000000000001
decision_type=2 2 2 2 2 2 2 2 2 2 2 2 2 2 2 2 2 2 2 2 2 2 2 2 2 2 2 2 2 2
left_child=2 4 6 8 5 13 12 21 11 20 14 15 -1 -2 -6 -3 -10 22 -7 -11 -4 -5 -8 -15 25 -13 -21 -9 -14 -17
right_child=1 3 9 7 10 18 17 27 16 19 -12 24 28 23 -16 29 -18 -19 -20 26 -22 -23 -24 -25 -26 -27 -28 -29 -30 -31
leaf_value=0.018676087877250124 -0.081773791932683873 -0.003830682930643846 0.14266540210850145 -0.051675286841652707 -0.094622910518742664 -0.028152446758962963 0.089529751145580816 -0.073638145682000528 0.01604947423468361 0.15401793914369835 -0.10185777922032491 0.022743972016205802 0.024354958347495903 -0.063577604839822888 -0.072089040139589763 -0.01224142099531937 -0.015983745153716169 0.12556662102072755 -0.045197904628514696 0.18184441487130376 0.16231827204283272 -0.029509261832312356 0.11856148726760435 -0.043253527955485843 -0.059724179595729579 0.080352556099116915 0.061203446720317717 -0.04724645563768997 0.073459862931032557 0.021035328412477003
leaf_weight=229.24029742181301 1271.5072797238827 2260.1792169809341 1705.6429425776005 1200.7746931910515 1783.5542715713382 3591.5352965891361 1086.1827341765165 1931.5226416215301 447.03025034070015 526.21343585848808 3390.9111851453781 1936.966944038868 107.45238353312016 3591.1673446148634 1804.5565676465631 239.19086164236069 2326.8205160498619 785.73221078515053 1729.3753341436386 2557.5810234546661 1445.68798135221 1259.7524181604385 519.07200360298157 817.91326311975718 36.415392681956291 105.89374619722366 18.025466188788414 447.4441499710083 1050.4951969087124 1516.0890628248453
leaf_count=1533 11019 16291 8258 9760 15788 27885 5968 16423 3201 2456 30603 13321 651 29743 15392 1741 17320 4184 13483 11632 6929 9798 2785 6662 261 722 97 3712 6246 10565
internal_value=-0.00111137 -0.0445937 0.136248 -0.0161891 -0.0662489 -0.0497156 0.090392 -0.0542616 0.00458663 0.163954 -0.0923116 0.0115991 0.0606029 -0.0647242 -0.08329 0.0050568 -0.0108213 0.107675 -0.0336925 0.176423 0.151681 -0.0403266 0.0989174 -0.0598074 0.0242336 0.0257302 0.181 -0.0686743 0.0689031 0.0165007
internal_weight=41719.9 31688.6 10031.3 13708.1 17980.5 11001.5 3778.17 4839.49 8868.59 6253.15 6979.02 6094.74 1387.19 5680.59 3588.11 4015.46 2773.85 2390.99 5320.91 3101.82 3151.33 2460.53 1605.25 4409.08 2079.28 2042.86 2575.61 2378.97 1157.95 1755.28
internal_count=304429 253690 50739 103115 150575 88792 21367 39693 63422 29372 61783 42901 8430 47424 31180 28597 20521 12937 41368 14185 15187 19558 8753 36405 14304 14043 11729 20135 6897 12306
is_linear=0
shrinkage=0.1


Tree=4
num_leaves=31
num_cat=0
split_feature=1 1 2 2 2 2 2 2 1 2 1 1 2 2 4 3 0 2 0 0 2 2 0 4 4 3 1 4 0 4
split_gain=19525.2 1770.52 1271.83 940.515 406.344 167.374 130.334 96.1159 90.3092 88.4175 63.6773 60.9626 45.792 44.8234 40.1142 32.7692 32.6637 32.3539 27.4961 26.2782 25.167 24.5525 22.9387 22.4476 22.0788 21.9428 21.8416 21.5488 21.0783 20.9614
threshold=1.5000000000000002 4.5000000000000009 5.4150000000000009 5.3850000000000007 5.6550000000000011 4.4450000000000012 3.9850000000000008 6.0150000000000006 5.5000000000000009 5.9750000000000005 3.5000000000000004 5.5000000000000009 4.9250000000000007 4.4450000000000012 0.32975000000000004 0.14500000000000005 6.4800000000000013 3.4950000000000006 4.5000000000000009 4.5000000000000009 6.3750000000000009 6.2250000000000005 11.500000000000002 0.40685000000000004 0.36660000000000009 0.21500000000000002 3.5000000000000004 0.34475000000000006 2.5000000000000004 0.37030000000000002
decision_type=2 2 2 2 2 2 2 2 2 2 2 2 2 2 2 2 2 2 2 2 2 2 2 2 2 2 2 2 2 2
left_child=3 2 5 6 11 17 -1 16 20 19 18 13 28 -3 -7 -11 27 -2 -9 -5 -6 -10 -12 -19 -20 -17 -18 -4 -8 -30
right_child=1 4 7 9 8 14 12 10 21 15 22 -13 -14 -15 -16 25 26 23 24 -21 -22 -23 -24 -25 -26 -27 -28 -29 29 -31
leaf_value=0.035034968350862554 -0.080960155143849175 -0.092457252789684863 -0.010391184413960235 0.094048108693651045 -0.0477562164961833 -0.046999233729865336 0.039973216783856874 0.032552500198574509 -0.078616242903040881 0.1556157808487354 0.0046157845041904918 -0.099380954371835362 0.099067432376546111 -0.069396122255853718 -0.029275838604281998 0.13945358485603254 -0.011564025402588315 -0.063978863229691041 0.0057555035802734286 0.12552038751622208 -0.027144070627664607 -0.056977374219033108 -0.016673506830975814 -0.042334700343123546 0.021567501959156736 0.032204592206843574 -0.030946760615025871 0.020949960997093044 0.070040172207890591 0.09416054003852134
leaf_weight=651.43512938916683 962.75324293971062 1568.7109046056867 463.1931149661541 313.00383551418781 1139.2433086931705 2497.6715491041541 163.57327131927013 721.97103044390678 834.17733108997345 1925.1362111866474 958.48716334998608 3155.2596188932657 1245.4975460916758 1821.4815111607313 2613.0867181420326 2833.8197641819715 1818.8770239204168 2666.508134573698 2519.108081355691 1740.7816004604101 1233.9718976318836 1411.797020316124 1072.3386295735836 584.13593671470881 1359.7454513758421 19.206058636307716 854.49781441688538 416.76963959634304 1152.4600174576044 524.15610772371292
leaf_count=4046 8892 14921 3456 1491 9608 20700 934 4907 7702 8338 7047 30751 6222 16411 21135 12435 13468 23320 17543 8065 9798 12285 8055 4965 9188 101 6523 3015 6292 2815
internal_value=-0.00120352 -0.0415921 -0.0234173 0.116013 -0.0733509 -0.0501024 0.0756794 0.00101249 -0.0506412 0.138076 0.0081234 -0.0893774 0.08426 -0.080067 -0.0379374 0.145534 -0.0122587 -0.0648584 0.0146337 0.120724 -0.0370388 -0.0650143 -0.00662562 -0.0600894 0.0112985 0.138732 -0.0177594 0.00445267 0.0742379 0.0775809
internal_weight=41242.9 30673.8 19509.1 10569.1 11164.6 9324.16 3737.12 10185 4619.19 6831.95 6631.65 6545.45 3085.69 3390.19 5110.76 4778.16 3553.34 4213.4 4600.82 2053.79 2373.22 2245.97 2030.83 3250.64 3878.85 2853.03 2673.37 879.963 1840.19 1676.62
internal_count=304429 253690 152214 50739 101476 79012 20309 73202 39393 30430 46740 62083 16263 31332 41835 20874 26462 37177 31638 9556 19406 19987 15102 28285 26731 12536 19991 6471 10041 9107
is_linear=0
shrinkage=0.1


Tree=5
num_leaves=31
num_cat=0
split_feature=1 1 2 2 2 2 2 2 1 1 1 2 2 0 4 2 2 0 0 0 2 2 3 4 0 2 2 4 4 2
split_gain=15504.6 1604.23 1098.14 728.639 393.175 138.382 120.333 114.028 82.8602 70.1866 62.0891 44.5205 43.9552 35.5758 31.7251 30.092 28.4583 27.5679 24.8472 24.7184 24.631 24.0311 22.9912 22.0429 23.3833 21.7671 21.6286 20.8298 20.818 19.9203
threshold=1.5000000000000002 4.5000000000000009 5.245000000000001 5.6450000000000005 5.6550000000000011 4.4250000000000007 5.785000000000001 4.1450000000000005 5.5000000000000009 3.5000000000000004 5.5000000000000009 4.5050000000000008 6.4450000000000012 16.500000000000004 0.37195 3.4950000000000006 4.705000000000001 6.4800000000000013 4.5000000000000009 4.5000000000000009 6.6450000000000005 6.6850000000000014 0.18500000000000003 0.37985000000000002 4.5000000000000009 6.1750000000000007 2.4450000000000007 0.36495000000000005 0.44295000000000001 6.7550000000000008
decision_type=2 2 2 2 2 2 2 2 2 2 2 2 2 2 2 2 2 2 2 2 2 2 2 2 2 2 2 2 2 2
left_child=3 2 7 5 10 15 17 26 18 14 11 -3 -5 22 20 28 -9 -4 -6 -14 -8 -10 27 24 -11 -20 -2 -7 -1 -26
right_child=1 4 6 12 8 13 9 16 21 23 -12 -13 19 -15 -16 -17 -18 -19 25 -21 -22 -23 -24 -25 29 -27 -28 -29 -30 -31
leaf_value=0.0028329535194711593 -0.093271091824243604 -0.089014348920439038 -0.0013101387505271549 0.11451938450447555 -0.01044544814088467 0.071808110798743649 -7.973810822262177e-05 -0.048715187150876735 -0.069234676097030448 0.011805715241576718 -0.097033030709244239 -0.065375406508550768 0.10837985292941699 0.097038879250433141 0.022079762560639694 0.051658743150811273 -0.034192732565142062 -0.023502832032359464 -0.053623249789271382 0.13481166824510613 0.016704964633609386 -0.046882117309254165 0.052479821731409984 0.0058795603164848442 -0.027384108790762886 -0.031243590549643041 -0.063583757504505109 0.094521360864667558 0.10108099543688283 -0.001867940531909742
leaf_weight=213.0443881303072 273.73523721843958 1548.5684743523598 739.5069876909256 3154.4760666787624 367.47521488368511 1172.6048429310322 2369.7330941408873 2647.3009166568518 1408.8220059424639 276.52767634391785 2920.5697586685419 1640.9784712642431 407.78491838276386 1090.685964718461 1861.1502972692251 1242.6612908840179 2752.1843115389347 2302.5467619523406 656.18540780246258 2672.8850092589855 1385.4247064590454 730.29431982338428 377.82356116175652 722.75030508637428 1040.872854411602 1287.0196367055178 2371.3542188107967 615.80036361515522 23.99630132317543 433.33886334300041
leaf_count=1378 2689 15788 5687 13659 3094 5774 16886 23535 13392 1957 30751 15544 1733 5180 12483 6897 22877 18073 5818 11137 9369 6595 1890 5357 7944 10494 22084 2936 155 3273
internal_value=-0.0012446 -0.0387319 -0.0214959 0.100356 -0.0700318 0.0707888 -0.00115306 -0.0496458 -0.0474209 0.00522257 -0.0864985 -0.0768524 0.122817 0.0823098 0.011404 0.0454304 -0.0413129 -0.0181079 -0.0342914 0.131313 0.0061128 -0.0616035 0.0748937 -0.00881296 -0.0148784 -0.0388008 -0.066656 0.0796289 0.0127789 -0.0198837
internal_weight=40708.1 29736.3 19176.4 10971.8 10559.9 4736.62 11131.9 8044.57 4449.8 8089.8 6110.12 3189.55 6235.15 3256.91 5616.31 1479.7 5399.49 3042.05 2310.68 3080.67 3755.16 2139.12 2166.23 2473.49 1750.74 1943.21 2645.09 1788.41 237.041 1474.21
internal_count=304429 253690 152214 50739 101476 24210 81029 71185 39393 57269 62083 31332 26529 15780 38738 8430 46412 23760 19406 12870 26255 19987 10600 18531 13174 16312 24773 8710 1533 11217
is_linear=0
shrinkage=0.1


Tree=6
num_leaves=31
num_cat=0
split_feature=1 1 2 2 2 2 2 2 1 2 1 2 1 0 3 2 0 4 2 0 3 4 3 3 2 0 2 4 1 4
split_gain=12422 1447.58 942.533 591.344 379.065 111.672 90.3688 78.9417 75.6088 66.9591 63.146 44.2426 40.4516 32.8814 29.8494 29.58 27.7802 25.5122 23.4556 23.2574 24.7699 23.0233 22.0526 21.9894 26.3859 21.225 21.1469 20.0473 18.8267 19.9102
threshold=1.5000000000000002 4.5000000000000009 5.285000000000001 5.2650000000000006 5.6550000000000011 4.1450000000000005 6.0150000000000006 6.285000000000001 5.5000000000000009 3.9250000000000003 5.5000000000000009 4.4450000000000012 3.5000000000000004 6.4800000000000013 0.16500000000000004 4.8250000000000011 15.500000000000002 0.53145000000000009 6.2250000000000005 17.500000000000004 0.19500000000000003 0.38475000000000009 0.17500000000000002 0.17500000000000002 7.1050000000000013 4.5000000000000009 2.4450000000000007 0.38595000000000007 3.5000000000000004 0.40920000000000001
decision_type=2 2 2 2 2 2 2 2 2 2 2 2 2 2 2 2 2 2 2 2 2 2 2 2 2 2 2 2 2 2
left_child=3 2 5 9 10 26 13 14 21 -1 11 -3 25 -4 -5 22 -11 -17 -10 20 27 -6 -7 24 -23 -8 -2 -9 29 -15
right_child=1 4 6 7 8 15 12 19 18 16 -12 -13 -14 28 -16 17 -18 -19 -20 -21 -22 23 -24 -25 -26 -27 -28 -29 -30 -31
leaf_value=0.023901353110264308 -0.090626455616788101 -0.087001348915558885 0.0032493762633525138 0.10004486744323796 -0.037834682548034265 -0.036091679851064595 0.027213326705782376 0.10388192178510691 -0.072409819328442468 0.053233514838829037 -0.09473937745313514 -0.062624603738916582 -0.0052509202013546249 -0.016219852820660362 0.081787477142372222 -0.03077197961335908 0.073303259181320593 0.041915794176978993 -0.050139860891964774 0.12529397176909604 0.0097899430243682233 -0.017267200740828898 -0.052855226205474871 -0.068563722413145803 0.046216575954172237 0.008783423609899579 -0.060223026739715871 0.12343338020390554 -0.028491178537613838 0.0094654776550721145
leaf_weight=602.27292993664742 254.54650731384754 1361.7998672574759 1050.7708367779851 2458.0232701301575 1646.1802465543151 1636.5292273908854 742.7601665854454 1865.6418153196573 744.6066964417696 1920.148601397872 2703.3741366192698 1642.6123271882534 2010.6858289688826 1800.9583746045828 1408.6829983144999 2254.967468328774 1076.2638750970364 49.342985413968563 1296.2931252792478 1186.6610221713781 25.217922493815422 463.00556034594774 1507.7195753678679 68.182022526860237 76.25312939286232 3937.6555680781603 2259.2659949809313 729.51195099949837 1002.8793530985713 362.54271075129509
leaf_count=3613 2689 14921 7861 10495 14196 14797 4907 7644 7702 9693 30751 16411 15102 13919 6135 19202 5222 412 12285 4834 119 3991 13777 589 630 26731 22084 2984 8047 2686
internal_value=-0.00125283 -0.0360097 -0.0197081 0.0877727 -0.0667649 -0.0458665 -0.000613974 0.103458 -0.0443218 0.0543268 -0.0836511 -0.0736738 0.00661193 -0.0120789 0.0933935 -0.0378224 0.0604422 -0.0292155 -0.0582649 0.113679 0.10842 -0.0316948 -0.0441301 -0.0150557 -0.00829037 0.0117082 -0.0633017 0.109378 -0.0171656 -0.0119157
internal_weight=40145.4 28872.9 18870.6 11272.4 10002.3 7962.37 10908.3 7673.74 4294.52 3598.69 5707.79 3004.41 6691.1 4217.15 3866.71 5448.56 2996.41 2304.31 2040.9 3807.03 2620.37 2253.62 3144.25 607.441 539.259 4680.42 2513.81 2595.15 3166.38 2163.5
internal_count=304429 253690 152214 50739 101476 72961 79253 32211 39393 18528 62083 31332 46740 32513 16630 48188 14915 19614 19987 15581 10747 19406 28574 5210 4621 31638 24773 10628 24652 16605
is_linear=0
shrinkage=0.1


Tree=7
num_leaves=31
num_cat=0
split_feature=1 1 2 2 2 2 2 2 1 1 1 2 3 2 4 2 4 2 0 3 0 4 0 2 2 4 3 3 2 4
split_gain=10014.9 1300.61 807.101 485.753 363.889 96.6852 90.4901 84.1767 68.6224 64.0645 46.7368 44.3018 37.2251 29.1434 28.0508 24.6927 24.4003 22.9515 22.3042 22.2284 22.0068 21.8563 20.6773 20.6122 19.7281 18.8649 18.5714 18.4132 18.131 17.8782
threshold=1.5000000000000002 4.5000000000000009 5.245000000000001 5.6450000000000005 5.6550000000000011 4.1450000000000005 4.8050000000000006 5.785000000000001 5.5000000000000009 5.5000000000000009 3.5000000000000004 4.1650000000000009 0.15500000000000003 3.9250000000000003 0.32225000000000004 6.7750000000000012 0.36245000000000005 6.955000000000001 4.5000000000000009 0.16500000000000004 4.5000000000000009 0.32505000000000006 17.500000000000004 2.4450000000000007 7.0250000000000012 0.34945000000000004 0.14500000000000005 0.21500000000000002 4.4250000000000007 0.40215000000000006
decision_type=2 2 2 2 2 2 2 2 2 2 2 2 2 2 2 2 2 2 2 2 2 2 2 2 2 2 2 2 2 2
left_child=3 2 5 6 9 23 13 19 20 11 16 -3 15 -1 -7 -5 -9 -10 -8 -4 -6 -20 -14 26 -22 -12 -2 -18 -16 -25
right_child=1 4 7 12 8 14 18 10 17 -11 25 -13 22 -15 28 -17 27 -19 21 -21 24 -23 -24 29 -26 -27 -28 -29 -30 -31
leaf_value=0.021204365050366974 0.097355904699921475 -0.088139348153992506 -0.0070140808178641495 0.095696422527620409 -0.0064948701249071782 -0.043902195562028887 0.045431856326256397 0.0042059141272932843 -0.06038514273072737 -0.092477931205576291 -0.014991419229309567 -0.061649304569111912 0.080451579705444407 0.046459379551702609 -0.043169844940573188 0.11249387024382139 0.018921396028989332 -0.033140619389872013 0.060260693133355303 -0.024313957624315423 -0.038237451310665936 0.080394714882966678 0.098966383354524012 -0.061225944207708098 -0.010391071587296297 0.0027142111099133282 -0.09224288595295449 -0.054334195422829967 -0.024438541968538743 -0.037622774933796621
leaf_weight=610.52357886731625 5.2841256558895102 949.34321257472038 1544.0047844052315 2378.5391576886177 356.34865203499794 2272.830716304481 403.18489266932011 3547.1085986793041 1565.3752586990595 2502.9008419513702 1374.5096547156572 1884.6572662591934 1833.6365780234337 1816.1897083669901 681.6663169786334 1384.5901139229536 2104.8156161904335 385.32301902770996 1006.4848948270082 1431.1354107186198 1540.7037322595716 1161.1900718808174 898.89363686740398 1764.0750245600939 304.73936334997416 1070.4065776914358 231.53277248889208 34.880809351801872 2136.0586323738098 392.26811566948891
leaf_count=3613 60 11156 12267 9711 3094 21064 1860 24635 16275 30751 10541 20176 7563 9104 6587 5571 13854 3712 4524 11493 13753 5109 3684 18177 2559 7990 2629 249 18761 3907
internal_value=-0.00123845 -0.0334228 -0.0180466 0.0773935 -0.0635461 -0.0434303 0.0539556 -0.00094331 -0.041346 -0.0808194 0.00432247 -0.070523 0.095426 0.0401056 -0.0356369 0.101877 0.00929338 -0.0550035 0.0670291 -0.0153359 -0.029246 0.0710462 0.0865422 -0.0600078 -0.0336392 -0.00723973 -0.0880123 0.0177272 -0.02897 -0.0569322
internal_weight=39573.2 28080 18590.6 11493.2 9489.39 7483.72 4997.57 11106.9 4152.49 5336.9 8131.72 2834 6495.66 2426.71 5090.56 3763.13 5686.81 1950.7 2570.86 2975.14 2201.79 2167.67 2732.53 2393.16 1845.44 2444.92 236.817 2139.7 2817.72 2156.34
internal_count=304429 253690 152214 50739 101476 71185 24210 81029 39393 62083 57269 31332 26529 12717 46412 15282 38738 19987 11493 23760 19406 9633 11247 24773 16312 18531 2689 14103 25348 22084
is_linear=0
shrinkage=0.1


Tree=8
num_leaves=31
num_cat=0
split_feature=1 1 2 2 2 2 1 1 2 2 2 2 0 1 4 4 2 3 4 2 4 3 2 0 4 2 2 4 1 0
split_gain=8109.86 1163.2 697.004 403.48 347.644 109.6 64.7935 61.931 59.0158 52.4756 45.9177 43.8914 42.2854 34.0231 26.0802 23.4352 22.4189 21.832 21.0439 20.4524 20.1503 19.6822 21.0387 19.6738 19.3904 21.5928 18.7301 18.6451 18.3891 18.4473
threshold=1.5000000000000002 4.5000000000000009 5.0050000000000008 5.455000000000001 5.6550000000000011 5.6450000000000005 5.5000000000000009 5.5000000000000009 4.0850000000000009 4.4250000000000007 6.4450000000000012 4.5650000000000004 4.5000000000000009 3.5000000000000004 0.53145000000000009 0.42120000000000007 6.2250000000000005 0.16500000000000004 0.33265000000000006 6.6450000000000005 0.38175000000000003 0.17500000000000002 7.1050000000000013 4.5000000000000009 0.43735000000000007 3.1750000000000003 2.4450000000000007 0.36325000000000002 3.5000000000000004 5.5000000000000009
decision_type=2 2 2 2 2 2 2 2 2 2 2 2 2 2 2 2 2 2 2 2 2 2 2 2 2 2 2 2 2 2
left_child=3 2 8 9 6 14 11 20 26 24 18 -3 -7 15 28 19 -9 -10 -5 -14 -6 22 -22 -12 25 -1 -2 -11 -4 -30
right_child=1 4 5 10 7 12 -8 16 17 27 23 -13 13 -15 -16 -17 -18 -19 -20 -21 21 -23 -24 -25 -26 -27 -28 -29 29 -31
leaf_value=-0.017001591215772802 -0.085427484307741552 -0.080195296921431444 -0.014512760465728917 0.06872469987217876 -0.033053617548065108 0.018424695792013529 -0.090229912854501396 -0.066467968651853088 -0.026317066840552059 0.047077325076189579 0.07219235313611147 -0.054588714876729505 -0.0035301966445071618 -0.010427984378582578 0.039909920605221839 0.019791006184359632 -0.043626342481584458 -0.042156582416641629 0.083181917783137216 0.010772816723013756 -0.013587864612989329 -0.06300655362928663 0.04149694240344895 0.095196820717993819 0.062014042527234574 0.029887477090744005 -0.054600257719300327 0.064125833121160547 -0.0043743184493520429 -0.037469935219602755
leaf_weight=106.23639732599258 220.51951739937067 1338.9819383323193 2198.8248545899987 1978.1542428135872 1539.154327429831 1478.6309689879417 2318.2869856804609 669.95708875358105 1278.6361826062202 1859.0477409958839 429.19195500016212 1338.558614037931 2883.9737923294306 2230.4593230262399 75.143269307911396 824.86975434422493 1198.1838001832366 2724.0207726955414 2050.4678317308426 1530.1988935470581 467.36776410788298 66.537931449711323 81.413431078195572 2778.2697622030973 170.93785655498505 1300.2965524047613 1855.3035528510809 979.47504091262817 211.84392055869102 821.61847926676273
leaf_count=710 2689 16642 18436 8133 13953 10007 30751 7702 12028 8562 1733 14690 20547 17320 604 5424 12285 26190 8369 10124 4179 617 657 11137 902 6818 19933 4375 1776 7136
internal_value=-0.0012087 -0.03097 -0.0165068 0.0686541 -0.0603731 -0.00277523 -0.0779909 -0.0384929 -0.0441926 0.0448338 0.083191 -0.067394 0.00297411 -8.4428e-05 -0.0183299 0.00431922 -0.0518179 -0.0370967 0.0760831 0.00142803 -0.0269389 -0.0116435 -0.00541586 0.0921186 0.030211 0.0263459 -0.0578751 0.0529602 -0.0196838 -0.0306858
internal_weight=39004.6 27352.5 18334 11652.1 9018.44 12255.6 4995.83 4022.61 6078.48 4415.99 7236.08 2677.54 8948.13 7469.5 3307.43 5239.04 1868.14 4002.66 4028.62 4414.17 2154.47 615.319 548.781 3207.46 1577.47 1406.53 2075.82 2838.52 3232.29 1033.46
internal_count=304429 253690 152214 50739 101476 91374 62083 39393 60840 21367 29372 31332 63422 53415 27952 36095 19987 38218 16502 30671 19406 5453 4836 12870 8430 7528 22622 12937 27348 8912
is_linear=0
shrinkage=0.1


Tree=9
num_leaves=31
num_cat=0
split_feature=1 1 2 2 2 2 1 2 2 2 1 0 1 0 4 3 4 0 3 2 4 3 2 2 2 0 0 4 0 2
split_gain=6587.25 1035.58 595.423 340.866 330.453 90.7303 73.8534 66.7149 54.0884 50.2619 47.8014 31.2145 30.1843 28.7653 24.3768 24.0062 21.1126 20.469 19.8756 19.0989 18.7509 18.5042 21.9156 18.4776 17.539 17.2743 16.6723 16.5856 16.3984 16.3663
threshold=1.5000000000000002 4.5000000000000009 5.0050000000000008 5.7150000000000007 5.7750000000000012 5.6950000000000012 5.5000000000000009 4.8650000000000011 4.0850000000000009 4.5650000000000004 5.5000000000000009 4.5000000000000009 3.5000000000000004 6.4800000000000013 0.53145000000000009 0.17500000000000002 0.36850000000000005 2.5000000000000004 0.17500000000000002 4.9450000000000012 0.42120000000000007 0.12500000000000003 2.4450000000000007 3.6750000000000003 6.955000000000001 4.5000000000000009 4.5000000000000009 0.37755000000000005 23.500000000000004 6.1950000000000012
decision_type=2 2 2 2 2 2 2 2 2 2 2 2 2 2 2 2 2 2 2 2 2 2 2 2 2 2 2 2 2 2
left_child=3 2 8 7 6 14 9 15 21 -3 29 -7 20 -5 26 23 -10 -17 28 -8 -13 -2 -23 -1 -12 -9 -4 -27 -15 -6
right_child=1 4 5 13 10 11 19 25 16 -11 24 12 -14 18 -16 17 -18 -19 -20 -21 -22 22 -24 -25 -26 27 -28 -29 -30 -31
leaf_value=0.0063902579347129042 0.10203663459062495 -0.077419013395073538 -0.0018633251975116569 0.064412404932261955 -0.037812136098005253 0.01642432334297781 -0.093836126473943307 0.03549707357170151 -0.03943754876486965 -0.050043260256559391 -0.052115208218345491 0.0018458550161824406 -0.0096471261088850405 0.081047727616933629 0.038612339308184911 -0.015889091210965493 -0.0236230864236966 0.02622849818411372 0.060176844108067555 -0.074554845876118964 0.018362524314214087 -0.086625462887342949 -0.051753180738140003 0.045407022453438715 -0.027255769251633772 0.05189984240699555 -0.020392117824985952 0.070735726386403727 0.10642534407260656 -0.017693538754034229
leaf_weight=135.60079000890255 7.5037456899881354 1252.8005778566003 584.25143528729677 1413.9135945290327 572.4777198061347 1441.9652642607689 1496.6688165664673 440.07966767251492 2652.3236676082015 1443.3333363607526 1299.1302363052964 4282.5488364547491 2142.5517820343375 4197.4770081192255 79.877511158585548 127.17039334774017 1238.3006068468094 1245.6806272864342 434.20829258859158 782.23680514842272 818.75910657644272 200.59696415066719 1773.7075239643455 1157.3092854619026 363.13610076904297 1696.1997274309397 2876.8070367649198 645.33247731626034 271.06820295751095 1376.7987271621823
leaf_count=793 83 16642 4812 5708 5654 9616 21514 1936 26348 16290 14694 29617 16734 16856 623 683 11870 6370 1763 10818 5305 2634 19905 5583 3712 7261 24667 2698 1088 12152
internal_value=-0.00116899 -0.0286507 -0.0150822 0.061171 -0.0572509 -0.00251214 -0.0739654 0.0428409 -0.0412537 -0.0627638 -0.0342261 0.002988 0.000313366 0.0769785 -0.0160038 0.0315363 -0.0344042 0.022327 0.0806024 -0.0872178 0.00449678 -0.0547006 -0.0552963 0.0413149 -0.0466845 0.0536747 -0.0172643 0.0570911 0.0825872 -0.0236021
internal_weight=38449.8 26685.8 18099.2 11764 8586.58 12226.8 4975.04 5447.37 5872.43 2696.13 3611.54 8685.82 7243.86 6316.67 3540.94 2665.76 3890.62 1372.85 4902.75 2278.91 5101.31 1981.81 1974.3 1292.91 1662.27 2781.61 3461.06 2341.53 4468.55 1949.28
internal_count=304429 253690 152214 50739 101476 91374 65264 25324 60840 32932 36212 61272 51656 25415 30102 13429 38218 7053 19707 32332 34922 22622 22539 6376 18406 11895 29479 9959 17944 17806
is_linear=0
shrinkage=0.1


Tree=10
num_leaves=31
num_cat=0
split_feature=1 1 2 2 2 2 2 2 1 1 2 4 3 4 3 0 0 4 2 0 2 2 4 0 2 3 2 0 3 2
split_gain=5361.94 917.658 507.072 312.919 286.687 75.3577 65.4553 50.4729 49.8686 48.8849 48.3986 34.0477 30.1355 28.1869 26.9428 29.0805 25.7982 21.2094 20.9705 22.9461 20.5871 20.5417 20.4308 19.7643 19.5666 18.5982 18.4716 18.3197 17.2294 16.5168
threshold=1.5000000000000002 4.5000000000000009 5.0050000000000008 5.6550000000000011 5.6450000000000005 5.785000000000001 4.1050000000000013 3.6350000000000002 5.5000000000000009 5.5000000000000009 4.9850000000000012 0.32225000000000004 0.15500000000000003 0.29825000000000007 0.21500000000000002 6.4800000000000013 2.5000000000000004 0.53145000000000009 7.7350000000000012 4.5000000000000009 6.2250000000000005 6.7750000000000012 0.37285000000000007 4.5000000000000009 6.4050000000000011 0.17500000000000002 3.4950000000000006 4.5000000000000009 0.18500000000000003 6.1750000000000007
decision_type=2 2 2 2 2 2 2 2 2 2 2 2 2 2 2 2 2 2 2 2 2 2 2 2 2 2 2 2 2 2
left_child=4 2 7 6 10 17 -3 28 23 -8 16 27 21 24 15 18 -1 -4 -15 -20 -10 -6 26 -5 -7 -13 -18 -9 -2 -25
right_child=1 3 5 8 12 13 9 11 20 -11 -12 25 -14 14 -16 -17 22 -19 19 -21 -22 -23 -24 29 -26 -27 -28 -29 -30 -31
leaf_value=-0.00033441082003038197 -0.046275681612592073 -0.089342025511128187 -0.014600092078290303 -0.00067010549309709977 0.068793669797775139 -0.014877392354219933 -0.052503274586531368 -0.021647607990607633 -0.060552247900598356 -0.078782673576454368 0.048481107381858547 -0.018839284313144439 0.060673826278727708 0.018408808180915347 -0.060178127405134244 0.0035077740344613586 -0.0065368860952293344 0.033871297907082619 0.055421716700051707 0.29544394477341318 -0.037660544357153346 0.084067658623898076 0.045072685572078053 -0.041051956398289534 0.0029200892487354062 -0.035593898160856299 0.029204771162549794 -0.047596838651684459 -0.074393139809167425 -0.020214337832285212
leaf_weight=272.39557088911533 428.66311252862215 1494.239216260612 3926.4157602936029 340.81136932224035 2419.2026987373829 1195.3283143863082 1678.9647717252374 319.34109040349722 605.75918474793434 1223.8176846057177 2211.425699070096 1387.1428242251277 2793.2505490332842 1469.7810314446688 58.909980170428753 4159.3937751501799 157.43056012690067 92.397039324045181 14.428825631737711 5.5016382634639731 1117.8092626854777 1384.3680403530598 827.31312924623489 564.76891024410725 1278.3710712045431 1268.2774716392159 1773.633646145463 1837.6674335151911 443.30640708655119 1165.1725261732936
leaf_count=1421 5322 22434 33407 3094 9711 8904 20879 3391 7702 18770 9344 13800 11247 9786 431 29133 972 698 91 37 12285 5571 3952 5818 8887 13152 8521 19478 5697 10494
internal_value=-0.00112188 -0.0264608 -0.0137653 -0.0541802 0.054689 -0.00227201 -0.0723365 -0.0384335 -0.03314 -0.0635827 0.0372325 -0.0344225 0.0685608 0.00323608 0.00710004 0.00780163 0.0290248 -0.0134857 0.0197904 0.121678 -0.045706 0.0743529 0.0319241 -0.0226809 -0.00567992 -0.0268416 0.0262909 -0.0437551 -0.0605705 -0.0270171
internal_weight=37915.3 26076.3 17884.9 8191.34 11839 12200.5 4397.02 5684.4 3794.32 2902.78 5242.2 4812.43 6596.82 8181.71 5708.02 5649.11 3030.77 4018.81 1489.71 19.9305 1723.57 3803.57 2758.38 2070.75 2473.7 2655.42 1931.06 2157.01 871.97 1729.94
internal_count=304429 253690 152214 101476 50739 91374 62083 60840 39393 39649 24210 49821 26529 57269 39478 39047 14866 34105 9914 128 19987 15282 13445 19406 17791 26952 9493 22869 11019 16312
is_linear=0
shrinkage=0.1


Tree=11
num_leaves=31
num_cat=0
split_feature=1 1 2 2 2 2 1 1 2 2 4 2 2 3 4 0 4 3 3 2 3 0 4 3 1 3 3 2 4 4
split_gain=4370.91 809.359 430.463 298.031 242.504 63.9307 58.6056 50.0393 46.7424 43.6407 39.895 32.6157 31.6701 26.4146 26.2526 25.5735 22.5124 21.1225 19.7856 19.3306 19.2606 18.2705 17.7821 17.2109 16.8698 16.7555 16.3329 16.459 15.6948 15.5298
threshold=1.5000000000000002 4.5000000000000009 5.0050000000000008 5.3450000000000006 5.7150000000000007 6.2750000000000012 5.5000000000000009 5.5000000000000009 4.0850000000000009 4.9250000000000007 0.31830000000000008 6.2250000000000005 3.9250000000000003 0.16500000000000004 0.52330000000000021 14.500000000000002 0.38475000000000009 2.1800000000000002 0.21500000000000002 7.0850000000000009 0.16500000000000004 15.500000000000002 0.35815000000000002 6.3650000000000011 3.5000000000000004 0.17500000000000002 0.21500000000000002 7.0250000000000012 0.40305000000000002 0.49050000000000005
decision_type=2 2 2 2 2 2 2 2 2 2 2 2 2 2 2 2 2 2 2 2 2 2 2 2 2 2 2 2 2 2
left_child=4 2 8 7 9 10 16 12 22 18 24 -8 -3 14 -12 19 -5 -7 21 -6 -10 -1 -2 -19 -4 -17 27 -18 -22 -27
right_child=1 3 5 6 15 17 11 -9 20 -11 13 -13 -14 -15 -16 25 26 23 -20 -21 28 -23 -24 -25 -26 29 -28 -29 -30 -31
leaf_value=0.02099464607064741 -0.056135275241228633 -0.08213297521695001 -0.01220237547708959 -0.028928536590557163 0.053869266215640622 0.0069585986296563087 -0.061234912376221709 -0.085839721863473023 -0.018805166347318623 0.042977283519056109 0.0024494480805635158 -0.034989845766810204 -0.053845975184714873 -0.011565806749504571 0.052024825069301145 0.072225676071135392 -0.011314467971653579 -0.071518722183500985 -0.015460604841540668 0.074960350130091044 -0.038170406774651916 0.038025034824201408 -0.035483656311887657 0.17095240331130926 -0.028746310101464351 0.052233553904447595 -0.10215088636088838 0.033428819612306669 -0.018204046380022872 -0.043483968429854469
leaf_weight=1800.0194819271564 1178.7531871646643 553.77629375457764 1982.2981412708759 1726.3376275375485 3063.7378200292587 5160.9970734715462 840.4146015048027 1590.5730811208487 1192.4196402281523 2690.4637922346592 2288.7229106873274 1084.6094753295183 1387.4486227408051 1686.6428739503026 112.04646607488394 2483.280194401741 532.14828942716122 48.993103563785553 114.5262845158577 506.38188436627388 2007.0761858001351 969.08786621689796 645.1362981274724 3.1134434118866912 894.47776512801647 240.62672397494316 17.570967465639114 97.236877642571926 489.76243770867586 18.235044151544571
leaf_count=8885 14755 8618 16079 17283 12308 35191 11901 26552 12028 11237 17558 12285 18610 13626 786 10012 5265 373 619 2052 21287 4583 7867 24 7737 968 168 794 4903 75
internal_value=-0.00107087 -0.0243995 -0.0125516 -0.0511672 0.0490168 -0.00205564 -0.0334826 -0.0726899 -0.0357349 0.0338169 -0.00832455 -0.0464477 -0.0619155 -0.00197486 0.00476318 0.0624392 -0.0229663 0.00631901 0.0252701 0.0568608 -0.0292607 0.0269547 -0.0488305 -0.0570307 -0.0173464 0.0697019 -0.00705666 -0.00440185 -0.0342539 0.0454909
internal_weight=37406.9 25520.6 17690.4 7830.12 11886.4 12177.3 4298.32 3531.8 5513.15 5574.1 6964.19 1925.02 1941.22 4087.41 2400.77 6312.26 2373.29 5213.1 2883.63 3570.12 3689.26 2769.11 1823.89 52.1065 2876.78 2742.14 646.956 629.385 2496.84 258.862
internal_count=304429 253690 152214 101476 50739 91374 47696 53780 60840 25324 55786 24186 27228 31970 18344 25415 23510 35588 14087 14360 38218 13468 22622 397 23816 11055 6227 6059 26190 1043
is_linear=0
shrinkage=0.1


Tree=12
num_leaves=31
num_cat=0
split_feature=1 1 2 2 2 2 1 2 2 2 2 1 3 0 2 3 0 1 0 2 4 2 3 0 4 4 4 2 0 4
split_gain=3566.25 710.561 364.257 280.386 204.646 56.0122 54.9507 47.0264 44.326 35.9601 34.3926 32.405 29.7454 24.578 30.1642 23.9621 23.9409 23.6796 23.5037 23.0389 20.8469 20.5688 19.9276 20.0363 19.8011 17.2818 16.6397 16.0309 15.3207 15.1814
threshold=1.5000000000000002 4.5000000000000009 5.0050000000000008 5.285000000000001 5.7150000000000007 5.6450000000000005 5.5000000000000009 3.9250000000000003 3.4950000000000006 4.5250000000000012 5.9450000000000012 5.5000000000000009 0.16500000000000004 14.500000000000002 6.6250000000000009 0.20500000000000004 5.5000000000000009 3.5000000000000004 1.5000000000000002 6.1950000000000012 0.42575000000000002 6.3650000000000011 0.15500000000000003 16.500000000000004 0.29640000000000005 0.37105000000000005 0.40215000000000006 4.745000000000001 4.5000000000000009 0.33265000000000006
decision_type=2 2 2 2 2 2 2 2 2 2 2 2 2 2 2 2 2 2 2 2 2 2 2 2 2 2 2 2 2 2
left_child=4 2 8 7 9 24 18 -3 -2 28 -8 -9 -10 15 20 29 25 26 -5 -20 -15 -18 -11 -24 -4 -6 27 -14 -1 -7
right_child=1 3 5 6 16 13 10 11 12 22 -12 -13 17 14 -16 -17 21 -19 19 -21 -22 -23 23 -25 -26 -27 -28 -29 -30 -31
leaf_value=0.00097456542785485641 -0.058009736177736984 -0.087416923769936886 -0.024945433845197349 0.024044938618580786 0.034272323333804311 0.0013391940314634444 -0.064454039407748284 -0.051682764607275833 -0.017639821923974539 0.048295869266276166 -0.035268358499121022 -0.076943773996513476 -0.038235141437744966 -0.01500605341297025 0.008100211596679896 -0.058253414016888043 0.052194858356122524 -0.047163417123867894 -0.034728998833038996 -0.014564577665090212 0.012033249235966215 0.064926608754697343 0.025426352701836609 0.043413738266465295 -0.0079302862948318585 0.060051256726761315 -0.011791981416466087 -0.014885661681380103 0.023450626932788349 0.012022362483961178
leaf_weight=378.23155461251736 632.90099557489157 1094.935469634831 998.06666907668114 108.37748069316149 741.78104695677757 2463.4335678294301 582.8584953173995 1258.5767249539495 1406.2389408126473 959.53640446066856 1314.0211868658662 851.31573094800115 1424.6864874735475 1968.8664259463549 1271.3971977680922 56.683564923703671 2269.5561547726393 1079.0027260929346 1027.8661870360374 1262.6797899976373 333.42124450206757 2878.0417432039976 1815.3214999884367 939.91136284172535 2173.0471600964665 400.43462011218071 443.82911232113838 370.50722857564688 1530.354394197464 2891.5254947692156
leaf_count=1963 8892 19131 9079 1059 2977 17697 9050 17721 14848 4025 15926 15249 16613 14689 8704 438 9099 12095 11695 11645 2281 11729 7807 3921 18873 1610 4655 3737 7608 19613
internal_value=-0.00101671 -0.022463 -0.0114332 -0.048217 0.0440143 -0.00185945 -0.0315173 -0.0706016 -0.0331578 0.0301528 -0.0442363 -0.0618753 -0.0298284 0.00217307 -0.00426288 0.00642318 0.056407 -0.0349941 -0.0214601 -0.0236132 -0.0110902 0.0593132 0.0358848 0.0315625 -0.0132856 0.0433098 -0.0291297 -0.0334161 0.0189965 0.0071078
internal_weight=36927.4 25014.2 17513.6 7500.63 11913.2 12156.4 4295.8 3204.83 5357.17 5623.36 1896.88 2109.89 4724.26 8985.33 3573.68 5411.64 6289.81 3318.03 2398.92 2290.55 2302.29 5147.6 3714.77 2755.23 3171.11 1142.22 2239.02 1795.19 1908.59 5354.96
internal_count=304429 253690 152214 101476 50739 91374 49375 52101 60840 25324 24976 32970 51948 63422 25674 37748 25415 37100 24399 23340 16970 20828 15753 11728 27952 4587 25005 20350 9571 37310
is_linear=0
shrinkage=0.1


Tree=13
num_leaves=31
num_cat=0
split_feature=1 1 2 2 2 2 2 1 2 1 3 4 3 3 0 1 1 0 3 0 4 0 4 4 2 3 3 0 1 2
split_gain=2911.71 620.942 307.37 262.546 172.858 64.4607 45.8388 42.4097 40.4439 33.4155 31.8821 28.717 25.0039 22.5727 21.6415 20.9937 20.2731 20.223 17.7066 17.3721 17.2293 17.2064 22.5925 16.649 15.5892 15.0699 14.3171 14.0286 13.8922 14.2111
threshold=1.5000000000000002 4.5000000000000009 5.0050000000000008 4.9450000000000012 5.7150000000000007 6.1650000000000009 5.6450000000000005 5.5000000000000009 3.6350000000000002 5.5000000000000009 0.17500000000000002 0.32225000000000004 0.18500000000000003 0.14500000000000005 4.5000000000000009 3.5000000000000004 5.5000000000000009 3.5000000000000004 0.18500000000000003 4.5000000000000009 0.27215000000000006 4.5000000000000009 0.36155000000000004 0.29640000000000005 4.035000000000001 0.15500000000000003 0.17500000000000002 5.5000000000000009 3.5000000000000004 5.0250000000000012
decision_type=2 2 2 2 2 2 2 2 2 2 2 2 2 2 2 2 2 2 2 2 2 2 2 2 2 2 2 2 2 2
left_child=4 2 8 7 10 9 23 12 18 27 21 19 -3 -6 -8 -16 -7 -15 -2 -10 -19 -1 -23 -4 -12 -21 -13 -5 -25 -30
right_child=1 3 6 5 13 16 14 -9 11 -11 24 26 -14 17 15 -17 -18 20 -20 25 -22 22 -24 28 -26 -27 -28 -29 29 -31
leaf_value=0.017298346853569919 -0.036716213189715345 -0.04921429530601238 -0.022898145422170009 -0.013807335099881491 0.0590808080173214 -0.011965992238931644 0.012799704408141536 -0.086417715635884074 -0.013785647839639096 -0.057551509231364234 0.0021713851080411811 -0.012753643102923502 -0.077257559213742111 0.026468839073818952 0.0031541987882460448 -0.0084799746202772301 -0.030405373472965614 0.035657637724980346 -0.067223894616107255 -0.016926660581592378 0.05265873009926595 0.029661103522847638 0.048350591977678256 -0.0017249045104943681 0.022146940551133244 -0.043932178700865653 -0.027964841566537082 -0.038611411146710288 0.074377845021534592 -0.021192923760016351
leaf_weight=580.03167374432087 379.37353691458702 827.87831413000822 979.58091615885496 290.06507501751184 2240.474597170949 1340.901781283319 1526.2659485265613 1106.7382725514472 296.78659226000309 978.65912359952927 504.10573621094227 1313.9064257591963 516.1805768571794 445.70631678402424 5272.9285660162568 2197.3731394708157 1073.668932788074 756.17401377856731 381.61918337270617 241.4671979919076 2815.7910691052675 1849.6752356737852 994.59010435640812 1476.7385321632028 1736.3949983268976 1432.5119136869907 1169.5631740316749 1065.9483894705772 15.92996710538864 667.77947191148996
leaf_count=2619 5322 13033 9079 3404 9165 12514 10007 21514 3391 16230 2746 13800 8654 1790 36095 17320 12994 3057 5697 2653 11403 8048 4231 12731 7680 16825 13152 13133 149 5993
internal_value=-0.000961447 -0.0206506 -0.0104064 -0.0453387 0.0395827 -0.0316212 -0.00168179 -0.0719211 -0.0307098 -0.0434691 0.0269271 -0.0270699 -0.0599842 0.0510384 0.00194896 -0.000267968 -0.0201653 0.0465535 -0.0520151 -0.0360834 0.0490597 0.0329954 0.0361965 -0.0120843 0.0176525 -0.0400367 -0.0199172 -0.0333056 -0.00718119 -0.0189662
internal_weight=36474.8 24551.9 17351.8 7200.04 11922.9 4749.24 12136.6 2450.8 5215.23 2334.67 5664.8 4454.24 1344.06 6258.15 8996.57 7470.3 2414.57 4017.67 760.993 1970.77 3571.97 3424.3 2844.27 3140.03 2240.5 1673.98 2483.47 1356.01 2160.45 683.709
internal_count=304429 253690 152214 101476 50739 58275 91374 43201 60840 32767 25324 49821 21687 25415 63422 53415 25508 16250 11019 22869 14460 14898 12279 27952 10426 19478 26952 16537 18873 6142
is_linear=0
shrinkage=0.1


Tree=14
num_leaves=31
num_cat=0
split_feature=1 2 1 1 2 2 2 1 2 3 1 2 4 3 1 3 4 0 4 4 2 4 2 0 3 0 3 1 2 1
split_gain=2377.71 542.901 287.478 204.829 148.805 72.2943 58.7401 40.4143 36.5414 30.5579 27.653 24.6658 22.017 24.9144 21.4558 19.4751 19.3449 19.1128 18.6573 18.5889 18.4739 18.422 18.1475 22.0061 18.0486 17.7434 16.8171 16.5798 16.7876 16.0903
threshold=1.5000000000000002 4.705000000000001 4.5000000000000009 4.5000000000000009 5.2650000000000006 5.9450000000000012 5.6450000000000005 5.5000000000000009 6.3650000000000011 0.17500000000000002 5.5000000000000009 2.7350000000000008 0.36325000000000002 0.18500000000000003 3.5000000000000004 0.12500000000000003 0.37195 15.500000000000002 0.46025000000000005 0.28540000000000004 7.2250000000000005 0.32150000000000001 6.6450000000000005 23.500000000000004 0.20500000000000004 5.5000000000000009 0.21500000000000002 5.5000000000000009 6.9850000000000012 3.5000000000000004
decision_type=2 2 2 2 2 2 2 2 2 2 2 2 2 2 2 2 2 2 2 2 2 2 2 2 2 2 2 2 2 2
left_child=4 3 6 9 19 7 14 17 -6 15 -5 -11 27 20 -3 -2 22 18 -4 -1 -14 -17 23 -8 -21 -16 -18 -7 -29 -13
right_child=1 2 5 10 8 12 16 -9 -10 11 -12 29 13 -15 25 21 26 -19 -20 24 -22 -23 -24 -25 -26 -27 -28 28 -30 -31
leaf_value=0.0090519487135563518 0.091951078026724378 -0.007641563733924963 -0.028139100855197441 -0.061069855213862538 0.03764122302867734 -0.018592745480717252 -0.0039061699971226584 -0.061442861587523226 0.051362803641541846 -0.074502070599528597 -0.084992670531925371 -0.030541617253994308 -0.010554300834491354 -0.073743385009297696 -0.00031360805483974944 -0.03520670714348495 0.0092421671102360225 -0.049097863891067302 0.032661632644423857 0.026289648227843177 0.030097035780260933 -0.014277641645186518 0.0060990368134910822 -0.040422028257168639 -0.0056464282122284616 -0.028561775689915039 -0.049809529982046304 -0.045810802165217462 -0.010654592278843026 -0.04989861002920009
leaf_weight=1122.8945540040731 14.773662328720091 2963.7399594187737 746.57268090546131 1053.3587534986436 4466.8650381267071 984.86536630243063 3770.0039973556995 869.21304565295577 3431.8838537186384 191.45506938919425 892.66765984520316 1310.0100013911724 861.2584130614996 56.166589103639126 279.51199311763048 742.84743263572454 2966.8654364645481 490.37981033325195 54.128914624452591 2711.4870908260345 128.46640934795141 969.40464488044381 2047.8535245135427 172.59207214415073 189.31829410791397 1087.4903936758637 49.023374252021313 614.93775137513876 174.33298879861832 638.84027850627899
leaf_count=5215 165 27295 9728 18482 18026 9727 27957 16036 14185 3194 18776 16431 9480 633 2574 9241 19848 6507 692 12350 1250 11159 13906 1316 963 10615 395 8132 2033 8118
internal_value=-0.000905747 -0.0189569 -0.0105069 -0.0455821 0.0356293 -0.0310077 -0.00285147 -0.0447733 0.043603 -0.0322668 -0.0720436 -0.0402517 -0.0204626 -0.0089545 -0.0124219 -0.0223712 0.0017505 -0.0335506 -0.0240289 0.0199765 -0.00527775 -0.0233576 -0.00153793 -0.0055047 0.0242054 -0.0227859 0.00828228 -0.0272468 -0.0380455 -0.0368869
internal_weight=36053.2 24130.8 18317.4 5813.36 11922.4 4980.32 13337.1 2160.29 7898.75 3867.33 1946.03 2140.31 2820.03 1045.89 4330.74 1727.03 9006.34 1291.08 800.702 4023.7 989.725 1712.25 5990.45 3942.6 2900.81 1367 3015.89 1774.14 789.271 1948.85
internal_count=304429 253690 168124 85566 50739 64218 103906 32963 32211 48308 37258 27743 31255 11363 40484 20565 63422 16927 10420 18528 10730 20400 43179 29273 13313 13189 20243 19892 10165 24549
is_linear=0
shrinkage=0.1


Tree=15
num_leaves=31
num_cat=0
split_feature=1 2 1 1 2 2 2 1 3 3 1 1 2 4 0 1 2 4 0 4 0 2 3 4 0 0 2 4 0 2
split_gain=1941.83 473.062 252.23 179.637 126.222 68.9857 57.1727 39.3151 27.4788 26.846 24.0737 22.6317 22.4064 19.954 19.0358 18.7706 17.788 17.7768 17.7749 19.7527 17.5933 22.6448 18.3678 17.5703 17.2394 16.5793 16.3422 16.3024 15.1017 14.2513
threshold=1.5000000000000002 4.5850000000000009 4.5000000000000009 4.5000000000000009 5.455000000000001 5.9450000000000012 5.6450000000000005 5.5000000000000009 0.16500000000000004 0.17500000000000002 5.5000000000000009 3.5000000000000004 2.0750000000000006 0.37655000000000005 2.5000000000000004 5.5000000000000009 6.9750000000000005 0.37825000000000003 15.500000000000002 0.45785000000000003 14.500000000000002 6.9150000000000009 0.20500000000000004 0.32150000000000001 5.5000000000000009 4.5000000000000009 3.9550000000000005 0.40040000000000003 5.5000000000000009 2.2850000000000006
decision_type=2 2 2 2 2 2 2 2 2 2 2 2 2 2 2 2 2 2 2 2 2 2 2 2 2 2 2 2 2 2
left_child=4 3 6 9 14 7 11 18 13 23 29 -3 -11 16 -1 -7 28 26 19 -4 22 -22 -8 -2 -13 -14 -16 -27 -6 -5
right_child=1 2 5 10 8 15 20 -9 -10 12 -12 24 25 -15 17 -17 -18 -19 -20 -21 21 -23 -24 -25 -26 27 -28 -29 -30 -31
leaf_value=-0.0010766957493519858 -0.033689613769005228 -0.007322478505887367 -0.027133594114654852 -0.088698620183318311 0.022509555115381663 -0.011505980281304378 0.005719202141825086 -0.058768943747051564 0.029686340740872182 -0.091016566635614429 -0.084618945800609718 -0.0011599348418673502 -0.016015318278623975 0.053385174312468253 0.00022580838280042071 -0.028090105947601099 0.054585377208490021 0.03172105991700587 -0.046420029859859692 0.03093822316600861 -0.007845590391160338 0.01219226042547714 -0.053200116799443697 -0.01130026460523669 -0.027729066191382736 -0.046526182981237556 0.020460739473891442 -0.020686014319668995 0.040236809843094704 -0.054823376264154178
leaf_weight=412.78065828979015 617.82288389652967 3245.365635253489 785.9551624879241 149.02834836021066 594.6311387270689 1561.5786142125726 5399.1573442071676 883.06337755545974 1777.7868410944939 79.763807117938995 766.72099434956908 308.06382690370083 315.21571930497885 1600.615679949522 469.60969354212284 1212.3274769335985 690.38600085675716 1204.3861611783504 510.29424483329058 63.289254009723663 2860.0379378721118 702.5170828178525 53.434185534715652 810.09002648666501 1178.2605371400714 1194.0964617282152 2659.1734518557787 306.90366804599762 2504.9526956230402 745.14884597435594
leaf_count=1990 8028 30633 10594 3029 2397 15329 37310 17382 7202 1481 17430 2895 4115 6604 2543 15926 2914 5269 7110 804 20903 4771 438 9613 11918 16320 11565 3789 10255 13872
internal_value=-0.000851743 -0.0173797 -0.0101051 -0.0447624 0.0320925 -0.0292981 -0.00310113 -0.0423402 0.0404675 -0.0313433 -0.0716175 -0.0120028 -0.0391425 0.0440231 0.0194428 -0.018754 0.0400692 0.0213975 -0.0316693 -0.0228058 0.001571 -0.00389423 0.00514181 -0.0209876 -0.0222222 -0.0368644 0.0174236 -0.0412427 0.036836 -0.0604692
internal_weight=35662.5 23748.1 18763.3 4984.79 11914.3 5016.51 13746.8 2242.6 7168.37 3323.89 1660.9 4731.69 1895.98 5390.59 4745.95 2773.91 3789.97 4333.17 1359.54 849.244 9015.15 3562.56 5452.59 1427.91 1486.32 1816.22 3128.78 1501 3099.58 894.177
internal_count=304429 253690 176013 77677 50739 67145 108868 35890 29372 43346 34331 45446 25705 22170 21367 31255 15566 19377 18508 11398 63422 25674 37748 17641 14813 24224 14108 20109 12652 16901
is_linear=0
shrinkage=0.1


Tree=16
num_leaves=31
num_cat=0
split_feature=1 2 1 1 2 2 1 2 2 1 3 2 3 4 0 1 3 4 3 4 3 1 3 4 4 0 0 0 2 0
split_gain=1585.98 410.74 195.181 192.402 109.508 52.0863 34.6162 34.4517 29.9955 29.984 28.0369 23.1427 23.1161 20.0866 19.7655 19.6855 18.2855 24.1867 17.171 16.1484 20.0004 16.0756 15.724 13.8858 13.7067 13.2619 13.0077 12.9892 12.7598 12.6241
threshold=1.5000000000000002 4.8250000000000011 4.5000000000000009 4.5000000000000009 5.9750000000000005 6.1950000000000012 5.5000000000000009 6.0150000000000006 4.9850000000000012 5.5000000000000009 0.17500000000000002 2.7350000000000008 0.18500000000000003 0.40920000000000001 14.500000000000002 3.5000000000000004 0.18500000000000003 0.36325000000000002 0.12500000000000003 0.46175000000000005 0.20500000000000004 3.5000000000000004 0.16500000000000004 0.32150000000000001 0.45475000000000004 5.5000000000000009 2.5000000000000004 4.5000000000000009 7.3250000000000011 3.5000000000000004
decision_type=2 2 2 2 2 2 2 2 2 2 2 2 2 2 2 2 2 2 2 2 2 2 2 2 2 2 2 2 2 2
left_child=4 2 10 7 8 9 12 13 26 25 18 -12 -4 15 24 -3 17 29 -2 20 -9 -13 -15 -20 -6 -5 -1 -10 -19 -7
right_child=1 3 6 5 14 16 -8 19 27 -11 11 21 -14 22 -16 -17 -18 28 23 -21 -22 -23 -24 -25 -26 -27 -28 -29 -30 -31
leaf_value=-0.006929288790412969 0.070369957682779052 -0.0058445655362903267 -0.041189927736652865 -0.0085766140429108222 0.032561062453183152 0.0058843188640627722 -0.080471182281704856 0.0019065791248460331 0.013151563561117669 -0.05013860117812529 -0.069545135050600657 -0.024942052531507521 -0.07147852609928862 0.015676861323536451 0.047379368892297352 -0.019575093013349698 -0.061081070196238485 -0.0041544396996628669 -0.028467954329877823 0.018950155211783837 -0.088402453529273117 -0.044081496659512664 -0.0086821239012815962 -0.011401100810537516 0.057166362956161954 -0.032124104662520789 0.01562045272144757 0.029436506401492608 0.034008622626507994 -0.024718921976301253
leaf_weight=280.48209831118584 21.914976894855499 3380.1648629382253 639.35019139572978 306.63413476198912 2602.0272141993046 151.81290530413389 824.86112442240119 6222.0070926398039 581.20977419614792 928.64241951704025 169.92084332555532 1361.4631724730134 415.87505420297384 604.73963521420956 2163.3638857901096 1510.9094724059105 82.471587717533112 711.88436697423458 828.09424308687449 583.20092716813087 24.620176710188389 647.57572747766972 471.7024587765336 1123.5051903612912 247.97550551593304 1087.1754283681512 2908.2495062500238 3113.8289112597704 99.905959516763687 1202.3118266612291
leaf_count=1421 228 29315 11736 3813 10750 1645 20126 42734 2391 17976 3194 17717 8373 4701 9092 14135 958 7694 10605 3804 202 8716 3976 12887 1032 14664 13445 12608 963 13528
internal_value=-0.00079779 -0.0159118 -0.0383918 -0.00810377 0.0289303 -0.025715 -0.0651239 -0.00181356 0.0207428 -0.0362183 -0.0262885 -0.0341085 -0.053127 -0.00736433 0.0401725 -0.0100861 -0.0148657 -0.0131059 -0.0176544 0.00303639 0.00155064 -0.0311113 0.00500263 -0.0186428 0.0347019 -0.0269437 0.013637 0.026875 0.000542238 -0.0212879
internal_weight=35297.9 23400.7 6032.56 17368.2 11897.1 4570.84 1880.09 12797.3 6883.77 2322.45 4152.47 2178.96 1055.23 5967.52 5013.37 4891.07 2248.39 2165.92 1973.51 6829.83 6246.63 2009.04 1076.44 1951.6 2850 1393.81 3188.73 3695.04 811.79 1354.12
internal_count=304429 253690 93582 160108 50739 61241 40235 98867 29865 36453 53347 29627 20109 52127 20874 43450 24788 23830 23720 46740 42936 26433 8677 23492 11782 18477 14866 14999 8657 15173
is_linear=0
shrinkage=0.1


Tree=17
num_leaves=31
num_cat=0
split_feature=1 2 1 1 2 2 2 1 3 1 4 1 0 0 0 3 2 0 4 4 3 4 2 0 2 1 0 4 4 0
split_gain=1295.13 358.961 178.094 156.616 92.0305 54.1403 39.9726 33.6395 25.7052 23.9059 22.276 19.6246 17.7017 17.6096 16.6462 16.2751 16.3456 15.7539 15.3914 14.9977 16.9531 15.5407 14.5912 14.487 14.3188 14.1509 14.0054 18.1686 13.6886 13.6308
threshold=1.5000000000000002 4.5850000000000009 4.5000000000000009 4.5000000000000009 5.9750000000000005 5.9450000000000012 5.4150000000000009 5.5000000000000009 0.17500000000000002 5.5000000000000009 0.40305000000000002 3.5000000000000004 8.5000000000000018 4.5000000000000009 14.500000000000002 0.17500000000000002 1.5450000000000002 17.500000000000004 0.35095000000000004 0.37285000000000007 0.18500000000000003 0.19520000000000001 3.7150000000000003 5.5000000000000009 2.2850000000000006 3.5000000000000004 11.500000000000002 0.33144999999999997 0.5011500000000001 17.500000000000004
decision_type=2 2 2 2 2 2 2 2 2 2 2 2 2 2 2 2 2 2 2 2 2 2 2 2 2 2 2 2 2 2
left_child=4 3 6 10 8 7 23 17 22 24 13 -8 -7 -2 -6 16 -15 -4 -19 21 -21 -14 -1 28 -5 -25 27 -13 -3 -24
right_child=1 2 5 9 14 12 11 -9 -10 -11 -12 26 19 15 -16 -17 -18 18 -20 20 -22 -23 29 25 -26 -27 -28 -29 -30 -31
leaf_value=-0.0065715421420104256 -0.01276169838968008 -0.0015161475732025122 -0.019976611294424979 -0.085385643587163385 0.031430013563741609 -0.004317613345139938 0.0035241466178267556 -0.053144480142234211 0.010414979189946383 -0.080587950657276239 -0.010351674819041519 -0.011465444249613011 0.0050899179017472882 0.2729378143318878 0.043113884545989634 -0.042810191149327659 -0.025623327431682521 -0.060662314804601186 -0.019056869570627539 -0.0043056752458220998 -0.084301297116941454 -0.031776390789909084 0.020640848316667199 -0.010192128666159563 -0.04909667306810403 -0.025595338280934528 -0.012691698980148616 0.011063764973439289 0.077201192997129492 0.033050105312331345
leaf_weight=159.17943923175335 430.66506824269891 692.95842806994915 917.23799455165863 129.51654802635312 2832.9927211254835 922.65204537659883 7163.1336137726903 797.90788846835494 2459.7430770397186 659.26089713349938 645.54285564646125 648.29324508458376 128.1207462772727 1.837390363216399 2140.874323412776 1167.4217545986176 918.5967273786664 226.78342094272375 146.25949570536613 548.8604585789144 27.835612118244171 1063.3553784899414 3033.2849625945091 1929.9854265227914 677.54299591481686 863.18771072477102 1556.0800052061677 799.28326088190079 22.818551525473595 1249.9359803795815
leaf_count=859 5876 6854 12940 3029 11782 10519 49491 17382 11120 17430 8060 5079 1552 28 9092 17335 12047 3396 2172 6104 358 12722 12744 19301 13872 9312 12756 5876 199 5142
internal_value=-0.00074544 -0.0145503 -0.00830418 -0.0394448 0.0260891 -0.0249221 -0.00249701 -0.0370044 0.0186163 -0.0664605 -0.0269249 0.000679147 -0.0155458 -0.0311729 0.036459 -0.0349706 -0.0250273 -0.0270234 -0.04435 -0.0214047 -0.00816685 -0.0278121 0.0231573 -0.0116996 -0.0549203 -0.0149523 -0.00610562 0.000974119 0.000993315 0.0242621
internal_weight=34961.1 23085.1 18454.8 4630.38 11876 4779.01 13675.7 2088.19 6902.14 1466.32 3164.06 10166.8 2690.82 2518.52 4973.87 2087.86 920.434 1290.28 373.043 1768.17 576.696 1191.48 4442.4 3508.95 807.06 2793.17 3003.66 1447.58 715.777 4283.22
internal_count=304429 253690 176013 77677 50739 67145 108868 35890 29865 34331 43346 73202 31255 35286 20874 29410 12075 18508 5568 20736 6462 14274 18745 35666 16901 28613 23711 10955 7053 17886
is_linear=0
shrinkage=0.1


Tree=18
num_leaves=31
num_cat=0
split_feature=1 2 1 1 2 2 2 1 4 2 1 0 0 2 4 3 1 3 4 1 0 4 3 3 0 2 3 0 4 4
split_gain=1057.22 310.616 159.726 128.647 77.8851 53.6839 39.6382 33.9115 19.8001 19.1223 18.8083 18.4555 18.2986 18.1281 17.8434 17.44 16.1395 15.8011 15.7668 15.6202 15.3158 14.933 12.9761 12.6786 12.4939 11.9369 11.7177 11.6433 11.5317 11.0663
threshold=1.5000000000000002 4.4450000000000012 4.5000000000000009 4.5000000000000009 5.7350000000000012 5.9450000000000012 5.4150000000000009 5.5000000000000009 0.29925000000000007 2.4450000000000007 5.5000000000000009 23.500000000000004 4.5000000000000009 6.9750000000000005 0.38275000000000003 0.17500000000000002 3.5000000000000004 2.2200000000000002 0.40685000000000004 5.5000000000000009 5.5000000000000009 0.45785000000000003 0.17500000000000002 0.14500000000000005 3.5000000000000004 2.2850000000000006 0.18500000000000003 11.500000000000002 0.19955000000000003 0.40305000000000002
decision_type=2 2 2 2 2 2 2 2 2 2 2 2 2 2 2 2 2 2 2 2 2 2 2 2 2 2 2 2 2 2
left_child=4 3 6 9 15 7 8 21 -3 23 25 13 -8 24 16 -1 -14 -15 20 27 -11 26 -21 -2 -6 -5 -4 -7 -29 -27
right_child=1 2 5 10 11 19 12 -9 -10 18 -12 -13 14 17 -16 -17 -18 -19 -20 22 -22 -23 -24 -25 -26 29 -28 28 -30 -31
leaf_value=0.019742550023904105 0.082142275177970805 -0.021333817846651296 -0.02455543589148056 -0.083435208454656615 0.013818472437968311 0.0015665288366494938 0.0099451263719318641 -0.051414394676405177 -0.0062719627523632237 -0.011614083219965012 -0.079869417946729873 0.056628551154833819 -0.0009021576088450267 0.043959560079946586 0.0059754181727302465 0.0085957256427323849 -0.012286640382000912 -0.039297327158094225 -0.0083899195701840432 -0.019845377814767331 -0.03322282396139023 0.010965812702371916 -0.059045818355171587 -0.070780644113456317 0.029592146977427587 -0.055442956201435738 -0.051159951952904847 0.026755807167954004 -0.019468375642689439 -0.018903744163724007
leaf_weight=3573.2938188165426 5.6682422384619704 1292.2854845821857 1069.0707894489169 119.79315600171685 573.11716060340405 730.59093906730413 1740.2168435379863 820.2600300386548 2688.725553818047 414.50685447081923 552.14452962577343 280.24033389985561 4272.4578403830528 1037.7719570100307 2399.5285706222057 2311.6090511232615 1757.5329549908638 23.307377174496651 472.53101324662566 1055.9251318909228 1571.7831121869385 102.74753368273377 91.782379228621721 124.5807672701776 4055.067011743784 439.50180622935295 195.88562754169106 58.339027464389801 720.71031753718853 102.15165501832962
leaf_count=15187 60 14422 15912 3029 2327 7276 11525 19064 27413 5759 15748 1196 30554 4523 16511 10498 14612 95 5917 14581 22812 1438 1345 2629 16913 9651 3138 611 7442 2241
internal_value=-0.000695229 -0.0132902 -0.0080678 -0.0393784 0.0235277 -0.0237384 -0.0027021 -0.0353385 -0.0111612 -0.0267857 -0.0662437 0.0315757 0.000609284 0.0303417 -0.00131804 0.015364 -0.00422034 0.0421308 -0.0248077 -0.0141872 -0.0287134 -0.0256973 -0.0229802 -0.0641257 0.0276389 -0.0548696 -0.0286753 -0.00750222 -0.0160069 -0.0485519
internal_weight=34653.1 22798.7 18996.1 3802.66 11854.4 4845.31 14150.7 2187.96 3981.01 2589.07 1213.59 5969.5 10169.7 5689.26 8429.52 5884.9 6029.99 1061.08 2458.82 2657.35 1986.29 1367.7 1147.71 130.249 4628.18 661.447 1264.96 1509.64 779.049 541.653
internal_count=304429 253690 185844 67846 50739 70807 115037 39552 41835 37177 30669 25054 73202 23858 61677 25685 45166 4618 34488 31255 28571 20488 15926 2689 19240 14921 19050 15329 8053 11892
is_linear=0
shrinkage=0.1


Tree=19
num_leaves=31
num_cat=0
split_feature=1 2 1 1 2 2 2 1 4 3 2 1 3 2 3 3 3 4 2 0 4 0 3 0 3 4 3 2 1 3
split_gain=862.826 267.009 133.775 118.954 67.5316 48.4554 34.088 32.7398 30.6545 24.4527 19.1405 18.3922 18.2334 19.0151 17.5024 15.5435 14.9573 14.7001 13.7245 13.6621 13.5603 13.2359 12.9252 12.7207 12.433 14.0852 12.2278 14.1867 11.9012 11.7048
threshold=1.5000000000000002 4.4450000000000012 4.5000000000000009 4.5000000000000009 5.2650000000000006 6.3450000000000006 6.2750000000000012 5.5000000000000009 0.34610000000000002 0.15500000000000003 2.7350000000000008 3.5000000000000004 0.17500000000000002 2.0750000000000006 0.16500000000000004 0.15500000000000003 0.17500000000000002 0.51735000000000009 6.7750000000000012 16.500000000000004 0.28540000000000004 4.5000000000000009 0.22500000000000003 15.500000000000002 0.20500000000000004 0.29145000000000004 0.20500000000000004 7.0250000000000012 5.5000000000000009 2.1800000000000002
decision_type=2 2 2 2 2 2 2 2 2 2 2 2 2 2 2 2 2 2 2 2 2 2 2 2 2 2 2 2 2 2
left_child=4 3 6 12 20 7 8 16 11 18 -5 -3 -2 -14 17 -9 23 -10 -6 22 -1 -7 -11 -4 -22 -26 27 -23 -12 -8
right_child=1 2 5 10 9 21 29 15 14 19 28 -13 13 -15 -16 -17 -18 -19 -20 -21 24 26 -24 -25 25 -27 -28 -29 -30 -31
leaf_value=0.001659361388832813 -0.0147433905284284 -0.0075056045181427543 -0.0090910367632619071 -0.083096299117478498 0.028197846026515979 0.010735417611396961 0.0043525900332191374 -0.027349179187473656 0.0041661278844371853 0.017004299926450493 -0.045232591430751243 -0.020880496710855474 -0.085647253672667067 -0.029523490500717998 -0.0070152058461829319 -0.052065861674999547 -0.037579984815807412 0.0376008248753468 0.04081576043497076 0.02891019457623771 0.016155709386981257 -0.018007335647698412 -0.06521475609742429 -0.029250467061167615 0.11927701867886674 -0.015751742362033024 -0.083847616906756392 0.0029468486884299161 -0.070371690202503751 -0.046259051256142034
leaf_weight=1147.4993427395821 1064.3957913406193 3393.8873443454504 870.50162018090487 349.13628718629479 2718.1018081307411 283.78200233727694 5239.4466682299972 393.29462667927146 2027.497460976243 2345.8137641251087 484.90895492210984 1474.963627807796 63.081659134477377 1403.1304374933243 1795.2595127522945 720.59987185895443 438.49566533043981 140.62004981189966 1262.3796860128641 1360.8934618383646 2783.8566222190857 1064.0592221543193 19.277326017618179 488.74410367012024 8.0624026209115964 184.7148539274931 23.820849128067493 463.99292506277561 307.8892638348043 46.096363089978695
leaf_count=5215 14469 30968 11681 10172 11325 3056 35191 7921 16291 9601 11074 14873 1481 21227 16320 16454 6888 997 5571 5635 12350 12435 79 7073 41 922 319 4980 9423 397
internal_value=-0.000646607 -0.0121264 -0.00732391 -0.0367955 0.0212226 -0.0218457 -0.00244077 -0.0298675 -0.00624203 0.0267496 -0.0635871 -0.0115574 -0.0247059 -0.0319381 0.000287666 -0.0433389 -0.0215206 0.00633464 0.0321995 0.0209275 0.0108947 -0.00912173 0.0163342 -0.0163398 0.014455 -0.0101045 -0.0127529 -0.0116446 -0.0549956 0.00391119
internal_weight=34368.2 22537.6 18865.1 3672.54 11830.6 4747.29 14117.8 2911.64 8832.23 7706.47 1141.93 4868.85 2530.61 1466.21 3963.38 1113.89 1797.74 2168.12 3980.48 3725.98 4124.13 1835.65 2365.09 1359.25 2976.63 192.777 1551.87 1528.05 792.798 5285.54
internal_count=304429 253690 185844 67846 50739 70807 115037 50017 79449 32211 30669 45841 37177 22708 33608 24375 25642 17288 16896 15315 18528 20790 9680 18754 13313 963 17734 17415 20497 35588
is_linear=0
shrinkage=0.1


Tree=20
num_leaves=31
num_cat=0
split_feature=1 2 1 1 2 1 0 2 4 1 0 4 2 2 4 3 2 4 3 4 2 2 4 0 3 2 2 4 4 2
split_gain=703.965 229.014 121.317 107.959 57.3697 45.1069 30.8176 29.706 29.5106 23.057 18.7724 19.4993 18.3891 17.3733 16.7066 16.4295 16.127 16.1038 14.0211 13.7378 13.3915 12.9323 13.5036 12.8963 12.8343 12.6675 12.1238 12.4171 12.0943 11.9586
threshold=1.5000000000000002 4.5850000000000009 4.5000000000000009 5.5000000000000009 5.9750000000000005 3.5000000000000004 15.500000000000002 5.7950000000000008 0.46175000000000005 5.5000000000000009 4.5000000000000009 0.37285000000000007 3.4950000000000006 6.285000000000001 0.35010000000000002 0.16500000000000004 6.4450000000000012 0.47210000000000002 0.14500000000000005 0.35010000000000002 6.2750000000000012 2.2850000000000006 0.40040000000000003 4.5000000000000009 0.18500000000000003 3.1750000000000003 4.5250000000000012 0.35385000000000005 0.30695000000000006 6.9750000000000005
decision_type=2 2 2 2 2 2 2 2 2 2 2 2 2 2 2 2 2 2 2 2 2 2 2 2 2 2 2 2 2 2
left_child=4 2 12 5 10 13 8 -5 15 21 -1 25 -2 -3 23 -7 19 -10 -6 -8 -17 -4 -23 -14 -19 -12 -16 -28 29 -9
right_child=1 3 9 7 18 6 16 28 17 -11 11 -13 14 -15 26 20 -18 24 -20 -21 -22 22 -24 -25 -26 -27 27 -29 -30 -31
leaf_value=0.0018696389873169954 -0.039159784867342382 -0.0025866084442494807 -0.079304497107011956 -0.047757746146495139 0.034169455459535779 -0.0028021831533838006 -0.032273804927162524 -0.042930508365725213 0.072200122080834275 -0.074135150882158343 -0.030597838200595046 0.024632487266520311 -0.0035935969955404345 0.0061546670410148573 -0.011457992889440797 -0.021497594810746722 -0.0067720801490635226 0.020750334861035197 0.023167610306483663 -0.013703767477840134 0.0036272986601294591 -0.048382822376894008 -0.010735575903004323 -0.029028609200736612 -0.047455384102412665 0.012630373664638051 0.22886300240084362 0.020154697332404922 -0.013170235258857533 -0.0016378231387677281
leaf_weight=1188.0379387289286 475.53213350474834 5835.5019601136446 102.712785910815 590.99482230097055 1904.9099662750959 2678.5755228251219 957.39845386147499 330.25438789650798 55.823093637824059 532.23396965675056 68.964157685637474 1709.1201177537441 239.41833449155092 3725.1390485689044 978.87930375337601 1053.2326088175178 741.18130410462618 264.20478447526693 2955.7949408143759 682.26679058000445 265.64474236220121 478.96282322332263 118.93424535542727 1190.9460975378752 30.805327065289021 3977.4650682806969 2.9480773806571952 86.247323781251907 794.70613060891628 89.045254431664944
leaf_count=5292 8892 49785 3029 15209 8338 25447 11604 5246 508 17430 433 7200 3229 23749 12740 12584 6494 2330 12536 7585 2280 11178 2694 17467 339 16940 35 983 11723 1130
internal_value=-0.000600391 -0.0110527 -0.0320694 -0.0061666 0.019147 -0.00359541 -0.00986772 -0.0293711 -0.00486016 -0.0584447 0.0133141 0.0156765 -0.0211356 0.000819279 -0.017705 -0.00730071 -0.0190133 0.0229479 0.0274792 -0.0245468 -0.016437 -0.0465252 -0.040894 -0.0247712 0.0136282 0.0118936 -0.00824193 0.0270529 -0.0204202 -0.0341613
internal_weight=34105.9 22301.6 4206.82 18094.8 11804.3 16289.8 6729.13 1805 4348.29 1232.84 6943.59 5755.55 2973.97 9560.64 2498.44 3997.45 2380.85 350.833 4860.7 1639.67 1318.88 700.61 597.897 1430.36 295.01 4046.43 1068.07 89.1954 1214.01 419.3
internal_count=304429 253690 77677 176013 50739 142705 69171 33308 43488 34331 29865 24573 43346 73534 34454 40311 25683 3177 20874 19189 14864 16901 13872 20696 2669 17373 13758 1018 18099 6376
is_linear=0
shrinkage=0.1


Tree=21
num_leaves=31
num_cat=0
split_feature=1 2 1 1 2 1 2 2 0 0 2 2 2 3 2 4 0 4 4 1 3 3 4 1 4 2 2 0 0 0
split_gain=574.114 195.397 100.321 97.2681 50.58 39.6394 32.1546 30.4345 20.6537 20.214 19.0485 18.3972 17.5466 15.9055 17.708 15.7945 13.2769 12.6057 12.5533 11.4221 11.2321 11.114 11.0165 10.606 10.5551 10.4677 10.2325 12.3797 9.86598 9.68354
threshold=1.5000000000000002 4.4450000000000012 4.5000000000000009 5.5000000000000009 5.0050000000000008 3.5000000000000004 5.285000000000001 5.7950000000000008 23.500000000000004 4.5000000000000009 2.7350000000000008 6.4450000000000012 5.7750000000000012 0.17500000000000002 2.0750000000000006 0.37985000000000002 11.500000000000002 0.45475000000000004 0.40815000000000007 3.5000000000000004 0.12500000000000003 0.17500000000000002 0.28540000000000004 5.5000000000000009 0.37285000000000007 5.8050000000000006 7.2250000000000005 6.4800000000000013 12.500000000000002 2.5000000000000004
decision_type=2 2 2 2 2 2 2 2 2 2 2 2 2 2 2 2 2 2 2 2 2 2 2 2 2 2 2 2 2 2
left_child=4 2 13 5 29 12 18 -5 11 -8 -4 17 22 20 -15 26 -17 -6 -7 -16 -2 24 -3 -12 -9 -26 -11 -28 -29 -1
right_child=1 3 10 7 8 6 9 21 -10 15 23 -13 -14 14 19 16 -18 -19 -20 -21 -22 -23 -24 -25 25 -27 27 28 -30 -31
leaf_value=-0.010710473773648031 0.089472175492107453 -0.013556998250772813 -0.0793378919144931 -0.046092664476877085 0.015405761970450078 -0.025581286934419606 0.0076628955863827638 -0.022666653871940615 0.043716268684181749 -0.014150151812334337 -0.039978616425458524 0.026851953262182759 0.0038676492385069407 -0.082795658859586119 -0.019056099870918646 0.013611307427538751 -0.0072055583961956812 0.033802105531340665 -0.0028075218738731309 -0.038681893054536044 -0.012546570421845649 -0.050945622179020711 -0.0015909315519014703 -0.065097777171125915 0.19616920207823446 -0.0032018003217028409 0.079003436857316478 -0.023775901324364888 0.019751507733202615 0.0084716143901299584
leaf_weight=288.21184295415878 10.907309107482432 1041.4753423929214 301.90212785452604 616.46629629284143 4876.7209710925817 1371.4841489493847 940.90415152907372 737.79505547136068 394.44399736821651 2792.6306471116841 448.35448571294546 2788.2970908135176 5911.3573670312762 56.267697028815746 898.69037095457315 494.23956326022744 806.07615186646581 403.28447026014328 293.91115361824632 442.58851368352771 1020.9018410369754 98.258049324154854 2944.8982327133417 268.90425263158977 2.6531851254403582 354.29657045006752 22.031860910356045 94.465184599161148 116.03885494917631 3029.3695485144854
leaf_count=1437 113 10744 10172 16891 19981 19336 7887 11321 1689 28300 11074 12288 39076 1481 13951 4367 7502 1660 3749 7276 14356 1666 27866 9423 55 5057 189 818 1020 13684
internal_value=-0.00055732 -0.0100658 -0.0319324 -0.00602013 0.0172706 -0.00365141 -0.00945068 -0.0280511 0.0213732 -0.00562065 -0.0582655 0.0202809 0.000410058 -0.0208851 -0.0278377 -0.00851017 0.000706765 0.0168109 -0.0215621 -0.0255321 -0.0114681 -0.0187284 -0.00471717 -0.0493959 -0.0158368 -0.00171989 -0.0124719 0.00768286 0.000218273 0.00680519
internal_weight=33867.8 22087.5 3448.52 18639 11780.3 16829.5 6931.78 1809.47 8462.75 5266.39 1019.16 8068.3 9897.73 2429.36 1397.55 4325.48 1300.32 5280.01 1665.4 1341.28 1031.81 1193 3986.37 717.259 1094.74 356.95 3025.17 232.536 210.504 3317.58
internal_count=304429 253690 67846 185844 50739 150854 73168 34990 35618 50083 30669 33929 77686 37177 22708 42196 11869 21641 23085 21227 14469 18099 38610 20497 16433 5112 30327 2027 1838 15121
is_linear=0
shrinkage=0.1


Tree=22
num_leaves=31
num_cat=0
split_feature=1 2 1 1 3 2 2 1 3 3 4 0 2 4 3 2 0 0 0 0 0 0 0 0 4 0 4 2 4 2
split_gain=468.123 169.238 92.8499 69.3423 45.3289 42.3968 29.0802 24.8632 18.4179 16.8149 15.8444 16.4398 15.4173 15.492 15.3791 19.3723 14.7687 13.5639 14.6289 13.3705 13.2707 12.8947 11.9074 11.6986 25.6581 11.1696 11.0418 11.0933 11.8425 13.6873
threshold=1.5000000000000002 4.1450000000000005 4.5000000000000009 4.5000000000000009 0.16500000000000004 5.7750000000000012 5.4150000000000009 5.5000000000000009 0.21500000000000002 0.16500000000000004 0.39399999999999996 1.5000000000000002 6.9750000000000005 0.36945 0.17500000000000002 7.2250000000000005 2.5000000000000004 5.5000000000000009 9.5000000000000018 6.4800000000000013 5.5000000000000009 4.5000000000000009 2.5000000000000004 20.500000000000004 0.47210000000000002 17.500000000000004 0.37195 6.6450000000000005 0.24945000000000003 7.2250000000000005
decision_type=2 2 2 2 2 2 2 2 2 2 2 2 2 2 2 2 2 2 2 2 2 2 2 2 2 2 2 2 2 2
left_child=4 3 6 20 12 7 17 10 16 -5 25 -12 13 -1 15 22 -6 -3 -19 -17 -2 -8 -7 -21 -25 -4 27 -23 29 -29
right_child=1 2 5 9 8 14 21 -9 -10 -11 11 -13 -14 -15 -16 19 -18 18 -20 23 -22 26 -24 24 -26 -27 -28 28 -30 -31
leaf_value=0.015435865680288206 -0.0054599941743123624 0.0015089759420871681 -0.020744220352631557 -0.024686400439696971 -0.0088656769280559111 0.010857772647971548 0.0084827151040965821 -0.045402193793016125 -0.02554312107485783 -0.06780174017448963 0.10713430778930583 -0.0060311203163198757 0.032733935366702813 0.026452834100417079 -0.034964611947570799 0.056800677687279123 0.011085490921189265 -0.023620392331674511 -0.0083227443648305321 -0.0052707484426192577 -0.028264281684389832 -0.0065197363254709817 -0.013853398725511674 0.032936924446248163 0.36203757935738862 -0.044408000889279403 0.0041812956850100095 0.010193993980308284 -0.0009865816346245255 0.061491811190221582
leaf_weight=3983.398107483983 327.04391454532743 1009.6898707896471 691.47195745259523 106.51704045385122 405.30371318757534 215.02562315762043 1754.3378946557641 669.32859775237739 155.75779536366463 599.85490895807743 13.485481224954126 267.00446950271726 944.37566615641117 1878.2221295833588 238.01723614707589 61.698306754231453 4387.2521563768387 791.95815321430564 2967.3151831887662 202.77391291409731 1161.470061853528 3840.5426255911589 2093.6295075528324 39.904394365847111 2.5185300335288039 280.33311019092798 2801.7610700577497 281.38815540075302 1411.6879592090845 63.808802157640457
leaf_count=16901 5185 11023 12059 3336 1845 2532 11525 19987 774 19913 213 4480 4318 7989 3403 622 18912 9090 34126 2174 19588 30443 27034 423 24 5276 19258 1930 9606 440
internal_value=-0.000516135 -0.009159 -0.00622406 -0.0354982 0.0155813 -0.018361 -0.00234025 -0.0298433 0.00829839 -0.0613002 -0.0215274 -0.000590318 0.0208764 0.018966 -0.0106286 -0.00841403 0.00939823 -0.00878157 -0.0115455 0.0151904 -0.0232539 0.000685147 -0.0115518 0.00472013 0.0524747 -0.0275704 -0.000943531 -0.00350873 0.0030733 0.0196763
internal_weight=33646.9 21892.6 19697.7 2194.89 11754.3 4775.19 14922.5 1921.62 4948.31 706.372 1252.3 280.49 6806 5861.62 2853.57 2615.55 4792.56 4768.96 3759.27 306.895 1488.51 10153.5 2308.66 245.197 42.4229 971.805 8399.19 5597.43 1756.88 345.197
internal_count=304429 253690 205668 48022 50739 78227 127441 42015 21531 23249 22028 4693 29208 24890 36212 32809 20757 54239 43216 3243 24773 73202 29566 2621 447 17335 61677 42419 11976 2370
is_linear=0
shrinkage=0.1


Tree=23
num_leaves=31
num_cat=0
split_feature=1 2 1 1 2 3 1 3 0 2 4 3 4 2 0 2 2 0 4 0 2 4 1 3 0 2 3 4 3 2
split_gain=386.922 128.91 92.3315 64.1725 40.8688 38.3319 36.2415 28.7866 22.6117 21.7394 19.9079 18.0156 18.3758 17.045 15.8443 15.0844 14.9869 17.2882 14.6513 13.8358 18.8485 15.282 13.3474 12.7844 11.6994 11.5477 11.4361 11.3491 12.113 10.7703
threshold=2.5000000000000004 5.285000000000001 5.5000000000000009 1.5000000000000002 2.2850000000000006 0.15500000000000003 5.5000000000000009 0.16500000000000004 15.500000000000002 4.8250000000000011 0.36735000000000001 0.22500000000000003 0.46175000000000005 3.9850000000000008 4.5000000000000009 4.1050000000000013 7.2250000000000005 22.500000000000004 0.51735000000000009 6.4800000000000013 7.7350000000000012 0.23819999999999994 4.5000000000000009 0.15500000000000003 8.5000000000000018 6.7750000000000012 0.17500000000000002 0.61920000000000008 0.23500000000000001 6.6850000000000014
decision_type=2 2 2 2 2 2 2 2 2 2 2 2 2 2 2 2 2 2 2 2 2 2 2 2 2 2 2 2 2 2
left_child=3 2 4 5 27 25 11 18 13 10 -5 12 14 -7 -3 -4 -16 19 -6 20 -18 -21 -9 -8 -20 -1 -10 -2 -29 -25
right_child=1 6 15 9 7 8 23 22 26 -11 -12 -13 -14 -15 16 -17 17 -19 24 21 -22 -23 -24 29 -26 -27 -28 28 -30 -31
leaf_value=0.018179868752587557 -0.074874913186391862 0.0056598836147824134 -0.074973648955253241 -0.01973027704593211 -0.0077699037653068768 -0.012836846797621829 -0.011646580803385202 -0.019348075432398582 0.02189518669467827 0.0043642246612992635 0.0071049240483185873 -0.064461236583442008 0.012783672151039661 0.0072336200073244879 -0.0072375178959036965 -0.045369006032983224 0.032452076756616315 0.075411269289937466 0.13493598318830022 0.055344158405385237 0.22121227721966494 -0.0064228549800500415 -0.034796362055176763 -0.037811850721820757 0.015733318329641862 0.029564374224601894 0.0085017946579794054 0.22111687177954964 -0.06981192050355331 -0.0061184576113510816
leaf_weight=3377.6324066370726 149.53819280304015 1445.3859273344278 296.7229522857815 814.74146506562829 1506.7292363643646 473.40896113216877 796.65623888745904 2416.4896789081395 1648.2005898803473 4493.1482372134924 418.42392448708415 47.188316740095615 722.35734771564603 3984.8241820335388 6273.4356579557061 409.82847456820309 43.1034265011549 37.78765295445919 12.455827593803404 44.47611128538847 6.0300763472914687 403.05664206296206 727.71423923410475 483.54149641096592 24.290067560970783 1210.2177336364985 1039.6722606271505 2.7268123589456073 3.011851791292429 137.77469662576914
leaf_count=14343 4746 11067 11981 11902 20535 2484 12768 33131 6969 33464 5372 483 5459 16853 55730 13781 312 277 132 336 38 3050 16470 10269 290 5571 4519 51 107 1939
internal_value=-0.000477705 -0.0117162 -0.0240317 0.0098146 -0.019105 0.0140497 -0.00517017 -0.017433 0.0094701 0.00113632 -0.0106249 -0.00283456 -0.00251057 0.00510239 -0.00384918 -0.0578018 -0.00586805 0.0102068 -0.00624839 0.00524586 0.0556183 -0.000284407 -0.0229235 -0.020032 0.0561397 0.021183 0.0167146 -0.0695788 0.0684273 -0.030784
internal_weight=33450.6 15990.3 5549.51 17460.3 4842.96 11734 10440.8 4687.68 7146.11 5726.31 1233.17 9022.82 8975.63 4458.23 8253.28 706.551 6807.89 534.454 1543.48 496.666 49.1335 447.533 3144.2 1417.97 36.7459 4587.85 2687.87 155.277 5.73866 621.316
internal_count=304429 202952 101224 101477 75462 50739 101728 70558 30825 50738 17274 76752 76269 19337 70810 25762 59743 4013 20957 3736 350 3386 49601 24976 422 19914 11488 4904 158 12208
is_linear=0
shrinkage=0.1


Tree=24
num_leaves=31
num_cat=0
split_feature=1 2 1 1 2 2 2 3 3 2 4 0 4 0 0 2 2 0 4 4 2 4 4 0 0 0 4 0 4 1
split_gain=316.075 112.179 60.5457 52.2315 39.9648 37.5729 33.7117 33.6065 20.0359 17.7199 16.4663 16.1699 15.9034 19.3171 15.7503 15.4021 13.3066 13.2228 12.8216 12.3695 11.6566 11.4454 11.061 10.5564 10.2353 21.7511 10.1015 9.81099 9.78049 9.33066
threshold=2.5000000000000004 3.6750000000000003 5.5000000000000009 1.5000000000000002 5.285000000000001 4.9450000000000012 5.3650000000000011 0.18500000000000003 0.16500000000000004 4.8250000000000011 0.36735000000000001 16.500000000000004 0.28540000000000004 6.4800000000000013 4.5000000000000009 2.0750000000000006 7.1650000000000009 5.5000000000000009 0.51735000000000009 0.30615000000000009 6.9750000000000005 0.32225000000000004 0.31345000000000006 23.500000000000004 1.5000000000000002 3.5000000000000004 0.37030000000000002 1.5000000000000002 0.61920000000000008 3.5000000000000004
decision_type=2 2 2 2 2 2 2 2 2 2 2 2 2 2 2 2 2 2 2 2 2 2 2 2 2 2 2 2 2 2
left_child=3 7 4 6 8 -4 -1 11 18 10 -5 28 -6 16 27 -9 -14 -18 -3 20 -7 29 -19 -16 -11 -26 -12 -8 -2 -10
right_child=1 2 5 9 12 19 14 15 21 24 26 -13 13 -15 23 -17 17 22 -20 -21 -22 -23 -24 -25 25 -27 -28 -29 -30 -31
leaf_value=0.0059340783349671354 -0.012001761104795727 -0.0064100671576340128 -0.056170593041825673 -0.018073443820611438 -0.009992769501332115 -0.037895491235298728 0.020979753954526493 -0.08608392523997864 -0.016238698491364317 -0.017874538684416696 0.084219936458433925 -0.053916846921173212 0.0059366328467708902 -0.0034400516756430198 0.017911558904132631 -0.048923699398027154 0.02252360922258875 -0.0048638682512670258 0.054302208101186217 -0.012441845161392826 0.0025194070887689414 -0.013819847846747666 0.1343925460107829 0.036184537708489992 0.027491337150671469 0.0027135819082427545 0.0032727121889992127 -0.00020829246956273679 0.15976207821776264 -0.034400921194577452
leaf_weight=4544.1919157803059 248.74575347453356 1402.4314685799181 330.27834375202656 801.2269254103303 2182.0784649066627 442.03569806367159 304.9087111055851 192.9210067037493 479.02990623190999 205.72040636837482 16.026610590517521 123.18819363042712 1699.6038359254599 4963.6436325758696 5755.605552136898 264.4031194280833 128.5919136479497 7.7858032286167171 35.669463530182838 1000.3938353098929 85.105860091745853 1527.9699323363602 21.329938411712646 334.52814702689648 389.58094601333141 3910.8515151068568 404.84858115762472 771.51603303849697 3.3598837032914153 690.73078049346805
leaf_count=20015 6099 18697 12586 11902 19622 9350 1263 7755 6490 1431 217 3122 13183 42845 24791 7158 896 57 377 18759 1115 22299 149 1477 2723 29310 5155 3193 73 12320
internal_value=-0.000442049 -0.0106729 -0.00868928 0.0088444 -0.0063 -0.0255868 0.012672 -0.0464 -0.0144372 0.00101936 -0.00966058 -0.0242224 -0.00256194 -0.000184754 0.0169444 -0.0645996 0.00851499 0.0363018 -0.00490421 -0.018974 -0.0313706 -0.019519 0.0971542 0.0189153 0.00391584 0.00495823 0.00635512 0.00579345 -0.00971262 -0.0269633
internal_weight=33268.3 15829.3 14996.7 17439 13138.9 1857.81 11710.8 832.618 4135.83 5728.25 1222.1 375.294 9003.03 6820.96 7166.56 457.324 1857.31 157.708 1438.1 1527.54 527.142 2697.73 29.1157 6090.13 4506.15 4300.43 420.875 1076.42 252.106 1169.76
internal_count=304429 202952 178745 101477 136935 41810 50739 24207 60183 50738 17274 9294 76752 57130 30724 14913 14285 1102 19074 29224 10465 41109 206 26268 33464 32033 5372 4456 6172 18810
is_linear=0
shrinkage=0.1


Tree=25
num_leaves=31
num_cat=0
split_feature=1 2 1 2 3 3 2 0 1 0 1 0 2 2 3 4 0 0 0 4 4 2 2 3 3 4 2 4 0 2
split_gain=261.709 106.686 84.454 31.5411 29.6187 27.7779 18.777 18.2343 17.6388 17.3318 16.9814 13.899 13.8308 13.4504 12.4891 12.9815 15.4567 12.4011 24.2775 12.0164 11.7291 13.7558 12.7363 11.4085 10.7758 10.1419 10.1101 9.66837 10.0801 9.58381
threshold=3.5000000000000004 4.1050000000000013 1.5000000000000002 5.285000000000001 0.15500000000000003 0.18500000000000003 4.0150000000000006 1.5000000000000002 5.5000000000000009 15.500000000000002 5.5000000000000009 17.500000000000004 2.0750000000000006 3.4950000000000006 0.17500000000000002 0.43735000000000007 23.500000000000004 1.5000000000000002 4.5000000000000009 0.46175000000000005 0.15829999999999991 4.1850000000000014 7.2650000000000006 0.16500000000000004 0.15500000000000003 0.10100000000000002 6.3850000000000007 0.40040000000000003 17.500000000000004 6.8850000000000007
decision_type=2 2 2 2 2 2 2 2 2 2 2 2 2 2 2 2 2 2 2 2 2 2 2 2 2 2 2 2 2 2
left_child=2 5 4 8 -1 11 -4 -5 27 13 19 -2 -7 -6 15 16 17 23 -19 -9 21 -20 -23 -8 -12 -24 -26 28 -3 -18
right_child=1 3 6 7 9 12 14 10 -10 -11 24 -13 -14 -15 -16 -17 29 18 20 -21 -22 22 25 -25 26 -27 -28 -29 -30 -31
leaf_value=0.017733819013714864 -0.0183319757653846 -0.014922707101020272 -0.016350889889434918 0.016641319072366264 -0.024253528087434237 -0.083938059995853451 -0.008314124413236923 -0.0067668720883176789 -0.039999958132897258 0.013759899374096073 -0.010132219958742434 -0.053526868315339884 -0.049011033347117011 0.0046709374156760838 -0.0064090893486701411 0.012527113533807342 -0.027630060034812033 0.017513897033486627 0.15715398520614432 0.010940825734135677 -0.0011101455548784042 0.010636999929963642 0.15925004584715952 -0.055507667208098015 -0.038797614822474707 -0.039187407911931038 -0.011280470112121334 -0.0031256984899002277 -0.03227813457778364 0.024695280702047739
leaf_weight=4549.6611337810755 389.3579882979393 1145.1429923437536 716.13119728304446 316.79571293666959 167.03020410239697 173.02788100019097 276.26342401653528 4523.4419767931104 376.5997918099165 2682.9351295977831 741.90959564968944 157.63735766895115 328.86682928539813 4289.5538635253906 2161.7679701074958 1047.5663083419204 276.12154396250844 932.72155710309744 6.8050149306654921 418.69266266003251 5431.3189469762146 405.82223083078861 10.164456635713575 62.882089950144291 354.33824197202921 3.4496571719646445 214.25593744218349 430.07910037413239 472.83345524221659 40.085288122296333
leaf_count=19914 10072 18090 12387 3146 967 7594 1960 44373 13781 11488 12223 4184 9500 18370 22766 7256 2339 6899 107 3610 43419 3459 62 550 8505 21 3202 6071 7863 251
internal_value=-0.000408483 -0.0138818 0.00545928 -0.0103621 0.0114281 -0.044063 -0.00067648 -0.00676442 -0.0201097 0.00740975 -0.00795029 -0.0284747 -0.0610521 0.00358687 0.000377013 0.00210427 0.000637829 0.00159738 0.00252945 -0.00526669 0.000143425 0.0161169 0.0138286 -0.0170644 -0.0180706 0.108968 -0.0284287 -0.0164522 -0.0199946 -0.0209968
internal_weight=33103.3 10043 23060.3 8994.09 11689.2 1048.89 11371.1 6569.43 2424.66 7139.52 6252.64 546.995 501.895 4456.58 10655 8493.2 7445.63 7129.43 6790.28 4942.13 5857.56 426.241 419.436 339.146 1310.5 13.6141 568.594 2048.06 1617.98 316.207
internal_count=304429 152214 152215 120864 50739 31350 101476 75059 45805 30825 71913 14256 17094 19337 89089 66323 59067 56477 53967 47983 47068 3649 3542 2510 23930 83 11707 32024 25953 2590
is_linear=0
shrinkage=0.1


Tree=26
num_leaves=31
num_cat=0
split_feature=1 3 1 2 2 4 2 0 2 2 2 4 2 0 3 0 4 2 4 1 1 3 4 2 3 1 2 4 2 4
split_gain=214.446 93.3912 68.6009 49.1445 27.046 26.3 23.448 23.336 16.4535 16.0376 15.6789 15.2936 14.5194 17.3067 13.4067 17.8197 13.3993 14.4144 14.1524 12.7502 12.4478 11.7355 10.7834 10.6886 10.6069 10.2036 13.099 36.3947 11.9512 9.91324
threshold=3.5000000000000004 0.17500000000000002 1.5000000000000002 4.0850000000000009 6.285000000000001 0.31830000000000008 6.9750000000000005 15.500000000000002 5.7750000000000012 7.4150000000000009 2.0750000000000006 0.35254999999999997 7.4350000000000014 14.500000000000002 0.16500000000000004 4.5000000000000009 1.0000000180025095e-35 4.1850000000000014 0.23104999999999992 5.5000000000000009 5.5000000000000009 0.20500000000000004 0.46175000000000005 7.6050000000000013 0.19500000000000003 5.5000000000000009 3.0550000000000002 0.41355000000000003 2.2850000000000006 0.48300000000000004
decision_type=2 2 2 2 2 2 2 2 2 2 2 2 2 2 2 2 2 2 2 2 2 2 2 2 2 2 2 2 2 2
left_child=2 5 4 10 11 6 20 9 14 22 -3 16 -11 -14 15 -4 -1 -18 -19 -5 -2 -13 25 -15 -6 26 27 -7 -29 -17
right_child=1 3 8 19 24 7 -8 -9 -10 12 -12 21 13 23 -16 29 17 18 -20 -21 -22 -23 -24 -25 -26 -27 -28 28 -30 -31
leaf_value=0.021372478853763675 -0.014558504821930147 -0.07957708839934366 0.021196170548999915 -0.017377822881454265 0.01832151693651566 0.027630184039256364 0.00859901432839086 -0.012328285445343749 0.003022068485497121 0.19056372734003565 -0.044246198953318175 0.013667811012597654 0.020904517278048478 0.31677125281222285 -0.0085981652029137861 -0.0044537675154309739 -0.011693389441026249 -0.0095441129264529512 0.0070208560331491282 -0.040475226973907368 -0.032047806035768234 -0.018135049204325789 0.016646984097733044 0.062360382635162186 -0.035435028534976869 -0.014580571995684478 0.001108460471123699 0.14804032343475723 0.62850698298046326 0.029244406795245498
leaf_weight=394.30517075955868 2105.7229916416109 171.87476286105812 380.49573886394501 1425.4469837211072 3406.4757055789232 12.072287088260053 381.63535548001528 1581.0238749012351 5938.4253196194768 5.8638430237770072 466.56978832557797 3149.460712313652 119.75040677934885 3.241093508899211 3291.3522755373269 1658.90506747365 645.07024836540222 611.02113153040409 3308.2439948767424 287.13962711393833 504.44713583961129 120.46806159615517 386.69526257179677 3.3668326735496521 37.104963257908821 469.48204251006246 1995.4721265956759 0.79099616408348028 1.4984239265322683 92.146801151335239
leaf_count=1697 25951 8087 3623 20689 15430 298 3743 21245 39076 52 13732 13321 1052 30 40803 17188 3239 2544 13780 9068 12438 577 4437 30 151 10273 21035 22 32 786
internal_value=-0.000377385 -0.012668 0.00491702 -0.0300781 0.0103013 -0.00726166 -0.0145534 -0.00249769 -0.000614524 0.00268616 -0.0537576 0.00718725 0.0367367 0.0295981 -0.00459683 0.00158169 0.00368635 0.00215847 0.00443834 -0.0212504 -0.0179385 0.0124962 0.00111525 0.187145 0.0177423 -0.00130721 0.00179335 0.0969543 0.462505 -0.00268045
internal_weight=32955.6 9922.09 23033.5 2351.03 11672.1 7571.06 2991.81 4579.26 11361.3 2998.23 638.445 8228.57 132.222 126.358 5422.9 2131.55 4958.64 4564.34 3919.27 1712.59 2610.17 3269.93 2866.01 6.60793 3443.58 2479.32 2009.83 14.3617 2.28942 1751.05
internal_count=304429 152214 152215 51576 50739 100638 42132 58506 101476 37261 21819 35158 1164 1112 62400 21597 21260 19563 16324 29757 38389 13898 36097 60 15581 31660 21387 352 54 17974
is_linear=0
shrinkage=0.1


Tree=27
num_leaves=31
num_cat=0
split_feature=1 2 2 1 3 3 4 4 3 1 4 1 2 1 2 3 4 4 1 2 4 2 0 4 0 2 0 4 2 4
split_gain=176.689 77.6188 46.3933 38.5173 32.7801 17.4956 17.0217 16.3367 16.0166 15.9313 13.4144 14.5204 11.9861 11.608 16.2409 10.5804 10.3038 10.1672 11.0224 10.0455 10.1446 10.0051 17.8826 9.83097 9.46157 9.42505 9.27775 13.0601 8.98043 8.57894
threshold=2.5000000000000004 2.4450000000000007 5.285000000000001 5.5000000000000009 0.16500000000000004 0.22500000000000003 0.37195 0.38595000000000007 0.16500000000000004 5.5000000000000009 0.15829999999999991 1.5000000000000002 3.0550000000000002 1.5000000000000002 6.6750000000000007 0.18500000000000003 0.61920000000000008 0.40305000000000002 4.5000000000000009 7.2250000000000005 0.37365000000000004 6.9750000000000005 8.5000000000000018 0.23104999999999992 2.5000000000000004 4.9450000000000012 5.5000000000000009 0.30335000000000001 5.3650000000000011 0.27425000000000005
decision_type=2 2 2 2 2 2 2 2 2 2 2 2 2 2 2 2 2 2 2 2 2 2 2 2 2 2 2 2 2 2
left_child=4 15 3 8 7 6 9 10 -3 -4 -1 26 -6 24 -15 16 -2 18 -10 -8 -21 -11 -23 -24 -14 -5 27 -12 -28 -26
right_child=1 2 5 25 12 -7 19 -9 17 21 11 -13 13 14 -16 -17 -18 -19 -20 20 -22 22 23 -25 29 -27 28 -29 -30 -31
leaf_value=0.021741980272850188 -0.037208394058074933 -0.0039069978029390579 -0.0041357140128054758 -0.050119521392633176 -0.027736860040448522 -0.057940249351031196 0.00093422869827618357 0.016933090666376029 -0.015865096697915502 -0.023684263418480254 -0.014003545718947505 2.2860465610452573e-05 -0.0097620965644526075 -0.0062394121090910588 0.027578016735982896 -0.074935522385279688 0.13664734904243497 -0.0049357505866376369 -0.032320177356673467 0.13133398913106534 0.016969615431426565 0.052718697082690627 0.054343876492805615 -0.030471035052899643 -0.0019255993745192941 -0.018127554955854313 0.0026713598056304797 0.010431921833810693 0.014721799998691915 0.0084994114652704369
leaf_weight=634.28521664440632 55.688705466687679 1506.7580437920988 5867.9067358933389 361.37999617494643 138.19040539115667 58.481893846765161 3169.6523688882589 2683.2175040990114 1804.0220853947103 714.8343847617507 360.48422347009182 2277.6049309149384 411.27124714851379 2093.5162046328187 152.3472700715065 190.2984551358968 3.6312252618372431 595.4148075375706 525.69895776920021 7.9649988934397689 295.93378476426005 51.195598371326923 15.906114377081392 97.053470592945814 1026.4183075726032 123.5782687291503 791.60639269649982 556.22126144170761 2826.9228047728539 3417.9636956006289
leaf_count=3535 1977 20909 52170 15830 1559 734 29475 14233 26842 14852 1521 17767 1861 22756 977 9205 63 8909 13241 63 2262 654 208 1310 4436 4248 3336 2364 12499 14633
internal_value=-0.000348846 -0.0081304 -0.00722183 -0.0152109 0.00657049 -0.00340031 -0.00308823 0.0102429 -0.0122831 -0.00601644 0.00783244 0.00653744 0.00143176 0.00199936 -0.00394542 -0.0634409 -0.0265659 -0.0165977 -0.0195782 0.0025994 0.019967 -0.0185716 0.00369191 -0.018528 0.00474897 -0.0419672 0.00980907 0.000822946 0.0120856 0.00609178
internal_weight=32815.4 15445.4 15195.8 4916.85 17370 10278.9 10220.4 10130.3 4431.89 6746.9 7447.12 6812.84 7239.71 7101.52 2245.86 249.618 59.3199 2925.14 2329.72 3473.55 303.899 878.99 164.155 112.96 4855.65 484.958 4535.23 916.705 3618.53 4444.38
internal_count=304429 202952 191707 89979 101477 101728 100994 55255 69901 69194 41022 37487 46222 44663 23733 11245 2040 48992 40083 31800 2325 17024 2172 1518 20930 20078 19720 3885 15835 19069
is_linear=0
shrinkage=0.1


Tree=28
num_leaves=31
num_cat=0
split_feature=1 2 1 1 3 0 2 4 4 3 0 4 2 4 2 1 3 2 4 3 0 3 2 2 0 0 4 2 0 2
split_gain=148.243 73.7219 44.6858 23.4951 22.7629 22.441 20.4946 18.5736 14.8427 16.1602 13.9928 13.0817 12.7243 12.5313 12.4521 13.5941 11.7275 14.4074 15.8448 9.87264 9.25322 9.23537 12.4965 9.19446 9.18519 21.3215 9.55004 11.9166 9.03437 8.59423
threshold=3.5000000000000004 4.1050000000000013 1.5000000000000002 5.5000000000000009 0.15500000000000003 21.500000000000004 5.0050000000000008 0.32975000000000004 0.31040000000000006 0.16500000000000004 23.500000000000004 0.45475000000000004 4.0150000000000006 0.46175000000000005 6.6450000000000005 5.5000000000000009 0.21500000000000002 7.4350000000000014 0.38085000000000008 0.26500000000000007 9.5000000000000018 0.17500000000000002 7.5650000000000004 1.0000000180025095e-35 1.5000000000000002 4.5000000000000009 0.42120000000000007 4.245000000000001 6.4800000000000013 6.285000000000001
decision_type=2 2 2 2 2 2 2 2 2 2 2 2 2 2 2 2 2 2 2 2 2 2 2 2 2 2 2 2 2 2
left_child=2 3 6 8 13 7 -1 14 -2 -10 11 29 23 -3 15 -6 17 28 -19 -11 -16 22 -13 -4 -14 -26 -27 -28 -9 -8
right_child=1 4 12 -5 5 -7 10 16 9 19 -12 21 24 -15 20 -17 -18 18 -20 -21 -22 -23 -24 -25 25 26 27 -29 -30 -31
leaf_value=0.001825733858362156 -0.046899309297626562 -0.0039203112814240005 0.11129678175503971 -0.065446010845719743 -0.016080023669386736 -0.030615254888248046 0.0061077248870172809 0.0059846918754570102 0.019491578121935207 -0.022392212574837325 0.029844030719278505 0.026516427445740055 -0.013053214988505289 0.016307702168970994 -0.018768898402315638 -0.040175156539046075 -0.04971929179423059 0.16924571540295366 -0.0056079739741804573 -0.086781078998522984 0.02306631196581696 -0.0045222597238765974 0.12586437637755937 -0.014567717826571267 0.012804025590625313 -0.0021387903573471235 0.055190891331403646 0.0050948702016616037 -0.0077740949329308702 0.01311169791555949
leaf_weight=3356.826953202486 270.87089040502906 3648.0273948647082 5.8531384598463765 224.51861497946084 1399.8278058320284 595.61654613167048 4283.0912742912769 691.74900357425213 94.466335602104664 330.16835645772517 379.59058311581612 535.56638497114182 480.99103421717882 334.32583143189549 91.65007733181119 281.18094141222537 54.412201184779406 10.18019548431039 10.556507870554922 25.663820594549179 124.94889763370156 97.589421615004539 12.96764989197254 689.91025008261204 1347.5121272578835 7401.8619970977306 49.202489592134953 1359.2702154293656 1539.0132793299854 2964.5315498113632
leaf_count=15121 7436 43385 90 11981 19733 9765 17602 9450 1901 8801 1689 2360 3813 3371 909 8899 893 96 86 1231 1342 402 63 12297 10519 64205 628 9924 22935 13502
internal_value=-0.000321348 -0.0106681 0.00406123 -0.0371968 -0.00781123 -0.0124491 0.00841599 -0.00987504 -0.0284021 -0.0172753 0.0110899 0.0101881 -0.000407079 -0.00222213 -0.0172026 -0.0201104 -0.00384495 -0.0027363 0.0802323 -0.0270362 0.00536447 0.0238223 0.0288651 -0.0135089 0.000449758 0.00108915 -0.000702606 0.00684489 -0.00350756 0.0089726
internal_weight=32691.9 9727.18 22964.8 945.688 8781.49 4799.14 11630.2 4203.52 721.169 450.299 8273.34 7893.75 11334.6 3982.35 1897.61 1681.01 2305.91 2251.5 20.7367 355.832 216.599 646.123 548.534 695.763 10638.8 10157.8 8810.33 1408.47 2230.76 7247.62
internal_count=304429 152214 152215 31350 120864 74108 50739 64343 19369 11933 35618 33929 101476 46756 30883 28632 33460 32567 182 10032 2251 2825 2423 12387 89089 85276 74757 10552 32385 31104
is_linear=0
shrinkage=0.1


Tree=29
num_leaves=31
num_cat=0
split_feature=1 2 1 2 3 0 2 1 3 1 0 3 0 4 3 2 4 2 2 0 4 2 2 0 4 4 4 0 4 2
split_gain=121.279 63.3045 36.3219 22.5104 21.9379 20.3207 19.8328 18.0997 17.1889 15.0405 16.7498 14.5515 12.8355 11.4754 11.2616 12.8231 10.6903 19.249 14.7686 10.6851 14.3596 12.4283 11.2848 10.5603 10.6939 10.5313 10.3168 16.8863 10.0129 12.4502
threshold=3.5000000000000004 4.1050000000000013 1.5000000000000002 2.0750000000000006 0.12500000000000003 1.5000000000000002 5.6450000000000005 5.5000000000000009 0.15500000000000003 5.5000000000000009 8.5000000000000018 0.20500000000000004 15.500000000000002 0.38175000000000003 0.15500000000000003 6.7750000000000012 0.41195000000000009 4.6050000000000013 4.5850000000000009 6.4800000000000013 0.11610000000000002 7.3250000000000011 3.5450000000000004 1.5000000000000002 0.31915000000000004 0.31525000000000009 0.32895000000000002 17.500000000000004 0.29825000000000007 6.9850000000000012
decision_type=2 2 2 2 2 2 2 2 2 2 2 2 2 2 2 2 2 2 2 2 2 2 2 2 2 2 2 2 2 2
left_child=2 3 8 -2 -5 16 7 26 -1 10 -6 13 -10 -8 19 23 -3 18 -18 22 21 -21 -4 -16 25 -25 27 -7 -17 -30
right_child=1 5 14 4 9 6 11 -9 12 -11 -12 -13 -14 -15 15 28 17 -19 -20 20 -22 -23 -24 24 -26 -27 -28 -29 29 -31
leaf_value=0.012438868533086109 -0.068221992879161572 0.0063540012416108578 0.14464144765702197 0.31186557979204532 0.00035805432026459063 -0.010374847261154903 -0.0069933683539540256 -0.032770110703523557 0.001245945105017447 -0.059076240910685966 -0.034032084794877834 -0.058520410765801556 0.010012664225809105 0.0032950103226856453 -0.023289155084227992 -0.010810486239561417 0.13245531003886968 0.030166076068574493 0.49662901720948671 0.023478049093179892 -0.0010397422909975338 0.1754801396677455 0.010560168577340013 -0.0069635753404898902 0.00021939167745465389 -0.037933349892154342 -0.0056110551798022306 -0.036312333708116366 0.041316452252222392 0.0034453067729344152
leaf_weight=4485.9986080527306 164.73604086879641 345.10182367451489 6.3084535263478747 1.9012172259390343 220.58766339719296 832.26038594916463 3605.2884888984263 462.58196565136313 4449.4831199496984 130.64080956764519 395.64591086097062 49.240423142910004 2673.5971637219191 1550.2771176919341 277.80175500549376 130.99931361526251 7.0879366490989906 75.461700864136219 1.3211417179554699 170.76027209684253 3233.2318034917116 5.5540800690650931 1261.8852300904691 2307.0465675201267 3472.5319795608521 115.28828359209001 1436.0665320120752 359.39383069239557 166.97638376057148 180.80409644544125
leaf_count=19914 8964 4245 97 38 5251 13335 41428 17836 19337 7009 10088 714 11488 15538 2779 831 137 765 22 1355 23912 31 8726 25816 34455 1284 20633 6211 1016 1174
internal_value=-0.000295909 -0.00970919 0.00365911 -0.034755 -0.0273921 -0.0070866 -0.00818413 -0.0145299 0.00759013 -0.0282557 -0.0217218 -0.0044164 0.00453647 -0.00389966 -0.000369016 -0.00301301 0.0141364 0.0461583 0.18967 0.00339057 0.000475729 0.0282663 0.0112271 -0.00423585 -0.00333794 -0.00843755 -0.0113189 -0.0181974 0.0127525 0.021628
internal_weight=32575.9 9637.59 22938.3 913.512 748.776 8724.08 8295.11 3090.3 11609.1 746.874 616.234 5204.81 7123.08 5155.57 11329.2 6651.45 428.973 83.8708 8.40908 4677.74 3409.55 176.314 1268.19 6172.67 5894.87 2422.33 2627.72 1191.65 478.78 347.78
internal_count=304429 152214 152215 31350 22386 120864 115695 58015 50739 22348 15339 57680 30825 56966 101476 67355 5169 924 159 34121 25298 1386 8823 64334 61555 27100 40179 19546 3021 2190
is_linear=0
shrinkage=0.1


Tree=30
num_leaves=31
num_cat=0
split_feature=1 3 1 2 2 4 2 0 1 2 4 0 0 4 4 2 2 1 4 4 0 0 0 0 4 4 2 4 0 4
split_gain=99.1573 57.2808 29.4954 29.0922 18.9854 23.719 15.6779 13.1917 11.9646 10.5852 10.7236 9.57006 15.8024 16.0595 12.7925 11.8092 9.41798 8.90471 8.89491 9.49866 9.02104 15.2128 20.6629 12.6461 12.2463 9.91345 16.6783 11.7012 8.85696 10.2508
threshold=3.5000000000000004 0.18500000000000003 1.5000000000000002 2.0750000000000006 6.3750000000000009 0.32895000000000002 5.9750000000000005 17.500000000000004 5.5000000000000009 3.7850000000000006 0.51075000000000015 14.500000000000002 13.500000000000002 0.36085000000000006 0.49050000000000005 6.2750000000000012 5.6250000000000009 4.5000000000000009 0.29825000000000007 0.15829999999999991 1.5000000000000002 6.4800000000000013 9.5000000000000018 10.500000000000002 0.49550000000000005 0.31040000000000006 5.8650000000000011 0.30440000000000006 14.500000000000002 0.45475000000000004
decision_type=2 2 2 2 2 2 2 2 2 2 2 2 2 2 2 2 2 2 2 2 2 2 2 2 2 2 2 2 2 2
left_child=2 4 6 -3 5 7 -1 8 -2 10 -4 12 -7 15 -15 -14 -9 -5 19 -11 -20 -22 25 24 -24 26 -23 -28 29 -8
right_child=1 3 9 17 -6 11 28 16 -10 18 -12 -13 13 14 -16 -17 -18 -19 20 -21 21 22 23 -25 -26 -27 27 -29 -30 -31
leaf_value=0.0038496330528806008 -0.0083481109692452558 -0.075454528603313059 -0.018849308138699505 -0.015204516867650765 0.00064944703695572628 -0.0013950758639672753 0.0057070020633179421 -0.03832888595607991 -0.030431184960168112 0.0067263162683121325 0.064141615626348361 -0.010526809699336032 0.11025142847251186 0.00045488650358389794 0.13959044586262345 -0.065882350556152894 -0.014776507811857782 -0.033277550475181002 -0.013120463617773363 -0.0067339234482414025 0.011289586141312424 -0.033328888755459377 0.017921882578975531 0.001858120714687192 0.10421290635187706 -0.015682840094695623 -0.0060312019530650409 0.088934816052740687 0.016466656078310198 0.027950168988954711
leaf_weight=6981.5230235159397 1467.8887220826 121.94881447870284 413.75222592800856 563.01491669379175 2904.3226884528995 1707.7512807175517 2431.5213797688484 399.14886480756104 294.58240562863648 653.93208640813828 16.178434716537595 1148.2682405170053 33.284683143720031 80.131363730877638 7.2020482141524544 4.2981220185756674 295.45420358143747 528.5529350079596 367.90824974700809 2644.140125837177 1673.5904560312629 36.970431208610535 293.2070585116744 4234.3483603075147 17.423813194036484 916.23906464874744 20.733076676726341 34.672111138701439 1957.1381120383739 226.48612421751022
leaf_count=29865 20790 7594 7956 8596 29147 25563 10750 9230 9768 6096 251 19012 563 1195 117 48 4143 16448 2919 24303 13196 424 2513 35730 143 7564 142 239 9092 1032
internal_value=-0.00027357 -0.00883121 0.00329434 -0.029131 -0.00587831 -0.00936465 0.00683911 -0.016639 -0.0120391 -0.00033608 -0.0157263 -0.00336865 0.00111633 0.0354502 0.0119289 0.0901081 -0.0283107 -0.0239557 0.000271342 -0.00406507 0.00215437 0.00293196 0.000413361 0.00328682 0.0227621 -0.0125349 0.0186881 0.0533978 0.0113614 0.00760232
internal_weight=32475.6 9555.85 22919.8 1213.52 8342.33 5438.01 11596.7 2457.07 1762.47 11323.1 429.931 2980.94 1832.67 124.916 87.3334 37.5828 694.603 1091.57 10893.2 3298.07 7595.09 7227.18 5553.59 4544.98 310.631 1008.61 92.3756 55.4052 4615.15 2658.01
internal_count=304429 152214 152215 32638 119576 90429 50739 43931 30558 101476 8207 46498 27486 1923 1312 611 13373 25044 93269 30399 62870 59951 46755 38386 2656 8369 805 381 20874 11782
is_linear=0
shrinkage=0.1


Tree=31
num_leaves=31
num_cat=0
split_feature=1 2 1 2 3 2 4 2 2 3 3 2 3 2 2 0 0 0 2 0 2 4 1 4 3 4 4 2 4 4
split_gain=81.6792 49.6209 27.0631 27.0604 20.4464 18.6388 15.7086 16.4871 12.0541 11.4204 11.3533 9.55768 9.52813 13.8129 9.34472 17.4459 13.5145 16.0759 17.7449 12.7093 11.3143 10.602 9.88 10.3121 9.29871 9.0029 11.2986 8.99307 8.98643 8.61097
threshold=2.5000000000000004 2.2850000000000006 5.5000000000000009 4.9450000000000012 0.17500000000000002 5.285000000000001 0.45475000000000004 7.5650000000000004 3.5850000000000004 0.16500000000000004 0.22500000000000003 6.285000000000001 0.21500000000000002 6.955000000000001 7.2250000000000005 20.500000000000004 14.500000000000002 13.500000000000002 7.0650000000000004 21.500000000000004 7.3650000000000011 0.49050000000000005 3.5000000000000004 0.24714999999999995 5.6050000000000013 0.15829999999999991 0.26175000000000004 1.5450000000000002 0.27555000000000007 0.24494999999999997
decision_type=2 2 2 2 2 2 2 2 2 2 2 2 2 2 2 2 2 2 2 2 2 2 2 2 2 2 2 2 2 2
left_child=4 -2 5 -4 6 9 8 -8 27 -3 14 25 13 28 16 -16 17 29 22 21 -21 -17 23 -19 -14 -10 -27 -1 -6 -7
right_child=1 2 3 -5 12 10 7 -9 11 -11 -12 -13 24 -15 15 19 -18 18 -20 20 -22 -23 -24 -25 -26 26 -28 -29 -30 -31
leaf_value=0.16920832472795574 -0.058277109845618708 -0.0017558966827606504 -0.043033602924340587 -0.010807105919491349 -0.0098393808532804758 -0.011109957067864693 0.016142113419760625 0.10966217848356836 0.015843126341931094 -0.012592759795995043 -0.053866845999913759 0.0093141520785855626 -0.025040158590123374 0.053487830032865682 0.0039293497126924454 0.085639919101284059 -0.0066692675725128622 -0.020677722556054587 -0.081104269780082977 0.083260185813303855 0.0018421544855964996 0.28054430216525411 0.012403702656704305 0.057996654381464521 0.098161008378220116 -0.0072020766146073658 0.0041849245380743859 -0.025943458222198908 0.0014961575557399381 0.0017890118792136672
leaf_weight=2.3996873125433913 176.93143714498729 1482.8678596485406 319.99999208934605 1402.7620696499944 916.13843520730734 593.44308359920979 1088.9072224013507 19.183123260736465 544.54500991106033 2825.2635362911969 40.203363314270973 4491.2268533706665 220.46094391494989 46.76697501540184 588.18630125373602 21.893597692251209 3159.1435064673424 19.274049639701843 15.785617418587206 25.417095705866814 51.961476758122444 3.1986465007066718 188.36341792717576 122.85285499691963 6.3013270646333686 1024.3414757214487 5835.1236529238522 147.86289885267615 2955.6660665124655 4046.2121767885983
leaf_count=19 10199 20957 16219 29224 6349 5407 5833 103 3199 49601 483 23498 1837 236 4253 165 29222 146 123 184 374 20 1928 879 34 6065 33476 1350 19478 33568
internal_value=-0.000252433 -0.00563085 -0.00500598 -0.0167931 0.00443726 -0.00346575 0.00636726 0.0177611 0.00531912 -0.00886269 -0.000846232 0.00567466 -0.00168683 -0.000533518 -0.000604984 0.0105631 -0.00155197 0.0016904 0.0224752 0.048641 0.0285861 0.110485 0.0274226 0.0473275 -0.0216166 0.00346697 0.00248447 -0.0228269 -0.00118603 0.000139147
internal_weight=32382.7 15083.8 14906.8 1722.76 17298.9 13184.1 13153.6 1108.09 12045.5 4308.13 8875.94 11895.2 4145.33 3918.57 8835.73 690.657 8145.07 4985.93 346.276 102.471 77.3786 25.0922 330.49 142.127 226.762 7404.01 6859.47 150.263 3871.8 4639.66
internal_count=304429 202952 192753 45443 101477 147310 73543 5936 67607 70558 76752 66238 27934 26063 76269 4996 71273 42051 3076 743 558 185 2953 1025 1871 42740 39541 1369 25827 38975
is_linear=0
shrinkage=0.1


Tree=32
num_leaves=31
num_cat=0
split_feature=1 2 1 3 0 0 3 0 4 3 0 0 2 0 3 4 0 3 3 2 2 3 4 0 2 0 3 4 2 4
split_gain=69.0125 42.8596 32.8275 16.4735 18.3725 15.793 15.3226 13.661 12.7558 12.3885 12.2305 12.0781 13.7393 12.1333 11.3846 10.8344 10.7725 10.7525 13.5394 10.5864 9.98524 12.4692 9.89726 9.8454 19.6901 11.4663 9.75192 10.3583 9.63519 8.87834
threshold=4.5000000000000009 3.9250000000000003 1.5000000000000002 0.14500000000000005 2.5000000000000004 21.500000000000004 0.19500000000000003 4.5000000000000009 0.37655000000000005 0.20500000000000004 6.4800000000000013 9.5000000000000018 4.1450000000000005 11.500000000000002 0.16500000000000004 0.36325000000000002 7.5000000000000009 6.3650000000000011 0.26500000000000007 3.0550000000000002 7.7350000000000012 0.14500000000000005 0.45475000000000004 22.500000000000004 7.5650000000000004 23.500000000000004 0.14500000000000005 0.37475000000000008 4.245000000000001 0.40545000000000003
decision_type=2 2 2 2 2 2 2 2 2 2 2 2 2 2 2 2 2 2 2 2 2 2 2 2 2 2 2 2 2 2
left_child=2 -2 7 4 -3 -5 10 -1 26 16 20 14 -13 -14 -12 23 22 18 -8 -16 -4 29 -10 -6 25 -25 27 -9 -24 -22
right_child=1 3 6 5 15 -7 17 8 9 -11 11 12 13 -15 19 -17 -18 -19 -20 -21 21 -23 28 24 -26 -27 -28 -29 -30 -31
leaf_value=-0.0020570116604902867 -0.044424594016261837 0.039393493629146771 0.0038261804162365003 -0.0097526845100016652 -0.01384033267613791 -0.031169957427747821 -0.011565173070813874 0.013125541473123562 0.017787064593661524 -0.02475210186318923 -0.0036481925079510456 -0.0153313110382911 0.0098824549182780549 -0.0011487583297916182 0.085346597331835861 0.010046675020391293 0.011336327455162274 0.17242366486094451 -0.065233323895712583 -0.021103374735811298 -0.049390133800885305 0.14127943703126808 0.11444473455308724 0.073265084289453941 0.40948174178496677 -0.022760285398452144 0.002997202158274911 -0.057454295810468139 0.039393701578821896 0.1170700011154696
leaf_weight=1877.3413563519716 361.62250625900924 114.66326274722815 3996.6247999705374 2809.7249383237213 631.97615270316601 392.38228709809482 851.22640408761799 1470.3988136202097 300.33330549299717 84.300115048885345 1240.0383631400764 598.23190255090594 1153.5251868963242 7351.9298765063286 9.4717651046812517 416.31080527231097 2236.3588959127665 3.0869680047035208 49.755156388506293 683.79005608707666 10.038855895400049 11.920079156756399 19.676035031676292 23.082798454910517 1.343408167362212 26.957934295758605 5424.4519730061293 21.09166519343853 130.9589324593544 4.7062502801418296
leaf_count=8209 19131 1462 34277 56624 9468 8562 13180 6712 1304 386 9954 11132 10027 64983 248 5408 9832 24 727 7517 58 63 90 362 15 444 23530 97 579 24
internal_value=-0.000232301 -0.0113262 0.00169319 -0.00861609 0.0013015 -0.0123771 -0.00124593 0.00575039 0.00726338 0.0129954 -0.00048687 -0.00220743 -0.000682977 0.000347315 -0.00938592 -0.00267037 0.0141795 -0.0138905 -0.0145289 -0.019649 0.00423311 0.0652237 0.0282788 -0.0104177 0.031677 0.0215343 0.00496623 0.0121274 0.0491969 0.00373957
internal_weight=32307.3 4778.06 27529.3 4416.44 1214.33 3202.11 15964.3 11564.9 9687.57 2771.63 15060.3 11037 9103.69 8505.46 1933.3 1099.67 2687.33 904.069 900.982 693.262 4023.29 26.6652 450.968 683.36 51.3841 50.0407 6915.94 1491.49 150.635 14.7451
internal_count=304429 101476 202953 82345 17159 65186 152214 50739 42530 12191 138283 103861 86142 75010 17719 15697 11805 13931 13907 7765 34422 145 1973 10289 821 806 30339 6809 669 82
is_linear=0
shrinkage=0.1


Tree=33
num_leaves=31
num_cat=0
split_feature=1 3 2 3 1 1 0 2 4 0 2 4 2 0 0 4 0 4 2 2 0 0 2 2 3 1 0 4 4 4
split_gain=56.9592 40.8049 26.6378 17.8794 17.3846 13.6714 12.7558 12.3383 12.3282 11.8413 11.9434 9.46611 8.90922 8.71911 10.4175 9.68736 8.39266 12.404 34.5205 8.50143 8.20955 9.62122 9.50976 13.0633 10.7216 12.2687 9.72862 8.18524 11.8503 7.88639
threshold=3.5000000000000004 0.17500000000000002 2.0750000000000006 0.21500000000000002 1.5000000000000002 5.5000000000000009 2.5000000000000004 6.9850000000000012 0.31830000000000008 23.500000000000004 6.9750000000000005 0.31435000000000007 5.0050000000000008 22.500000000000004 4.5000000000000009 0.37285000000000007 1.5000000000000002 0.20074999999999998 4.205000000000001 4.3650000000000011 22.500000000000004 8.5000000000000018 7.0050000000000008 7.0450000000000008 0.15500000000000003 4.5000000000000009 7.5000000000000009 0.39325000000000004 0.23819999999999994 0.35254999999999997
decision_type=2 2 2 2 2 2 2 2 2 2 2 2 2 2 2 2 2 2 2 2 2 2 2 2 2 2 2 2 2 2
left_child=3 6 -3 4 9 -4 -2 8 11 10 13 12 -8 14 -1 -16 17 18 -7 -18 21 22 -9 24 25 -24 -25 28 -23 -21
right_child=1 2 5 -5 -6 16 7 20 -10 -11 -12 -13 -14 -15 15 -17 19 -19 -20 29 -22 27 23 26 -26 -27 -28 -29 -30 -31
leaf_value=-0.0026393249452221321 0.0093489130513507192 -0.066625977006930751 -0.012832748575993456 -0.022171913847453338 -9.4277639514089009e-06 1.0555872680536693 -0.023684893348883157 -0.066029032993454667 -0.0026431900482856768 0.02040719498904037 0.015697946917017244 -0.0418394707071807 -0.0075059217838105083 -0.011185721453459656 0.0036764784912405391 0.011355906241440878 -0.064655876224814182 0.012171168745855084 -0.1029529842003572 -0.044819895355834 0.039124953695203524 0.031606583978630601 0.15368484120089734 0.0069557388103265744 0.2663139878433855 -0.0028898713592745724 0.062520580074159171 0.016265789945066802 -0.017441000950491257 -0.0050080879862831841
leaf_weight=1718.260881960392 722.07609098032117 111.92293495312333 1645.9317134227604 290.53390746936202 11169.759237589315 0.43205734435468801 426.01104384474456 12.45693217217922 3446.7630671514198 511.77156560122967 927.26781520247459 102.74348703213036 1692.8722944688052 372.14076508581638 5536.4061375707388 2335.6501590162516 91.844240052625537 13.843556817620991 0.6354597732424736 117.89179852604866 69.757865838706493 56.847994059324265 9.1404966562986427 189.82949147373438 3.1500278785824767 11.059571593999861 37.781638592481613 150.05655415356159 369.04866514354944 86.09324567578733
leaf_count=7469 8628 8087 30047 2984 99266 27 10545 123 47972 2292 4523 1592 23261 1606 23972 10103 5710 546 25 4283 640 552 67 1654 30 124 361 1331 3758 2851
internal_value=-0.000213868 -0.00678105 -0.0191787 0.0024772 0.00279448 -0.0164647 -0.00326774 -0.00465279 -0.00638731 0.0055414 0.00484277 -0.0121962 -0.0107588 0.00383241 0.00441517 0.00595498 -0.0357024 0.0374986 0.365944 -0.0393921 0.0061619 0.00342243 0.0192534 0.0234866 0.0947187 0.0679599 0.0161791 -0.00381805 -0.0108942 -0.0280171
internal_weight=32230 9368.19 2068.6 22861.8 22571.3 1956.67 7299.6 6577.52 5668.39 11401.5 10889.7 2221.63 2118.88 9962.46 9590.32 7872.06 310.74 14.9111 1.06752 295.829 909.129 839.371 263.418 250.961 23.3501 20.2001 227.611 575.953 425.897 203.985
internal_count=304429 152214 51576 152215 149231 43489 100638 92010 83370 49965 47673 35398 33806 43150 41544 34075 13442 598 52 12844 8640 8000 2359 2236 221 191 2015 5641 4310 7134
is_linear=0
shrinkage=0.1


Tree=34
num_leaves=31
num_cat=0
split_feature=1 3 1 2 2 2 0 2 0 1 3 0 4 4 4 3 3 4 4 3 4 2 2 4 4 2 2 4 4 2
split_gain=48.8032 33.8932 21.1 13.8398 13.6538 11.3939 11.8931 10.8969 9.22372 8.37844 9.57763 7.92757 10.563 16.652 7.70922 12.3684 7.59606 7.41151 7.15935 10.3365 7.48466 11.8267 10.5103 7.23078 7.33136 17.3918 7.83901 11.3781 6.98197 7.83941
threshold=4.5000000000000009 0.18500000000000003 1.5000000000000002 3.2650000000000001 6.1750000000000007 4.705000000000001 3.5000000000000004 5.0050000000000008 23.500000000000004 5.5000000000000009 0.15500000000000003 1.5000000000000002 0.15829999999999991 0.11610000000000002 0.32150000000000001 0.15500000000000003 0.12500000000000003 0.39605000000000007 0.27555000000000007 0.12500000000000003 0.10100000000000002 4.1050000000000013 4.3650000000000011 0.30020000000000008 0.29925000000000007 4.5450000000000008 3.5450000000000004 0.28540000000000004 0.36325000000000002 8.0550000000000015
decision_type=2 2 2 2 2 2 2 2 2 2 2 2 2 2 2 2 2 2 2 2 2 2 2 2 2 2 2 2 2 2
left_child=2 4 7 -3 9 6 -4 -1 -9 11 -11 12 13 -2 15 18 -14 -12 20 -20 21 -8 -23 24 26 -26 27 -21 29 -6
right_child=1 3 5 -5 28 -7 14 8 -10 10 17 -13 16 -15 -16 -17 -18 -19 19 23 -22 22 -24 -25 25 -27 -28 -29 -30 -31
leaf_value=-0.00011538801770939255 0.067889703766026308 -0.062324922629123147 0.008921033727949397 -0.024352254982099576 -0.0059265857987132395 0.00033304003075152106 -0.07050332605272995 0.0059103807520822279 0.022066382384420088 -0.0052077875267710636 -0.035992854111367961 -0.0093155592858611656 0.24274226826142958 0.4908439209109256 -0.0044539415103961475 -0.019631528646656682 0.0085252948273129465 -0.0053827210522230844 0.23208565440424828 -0.026841796183322289 -0.028551043563402986 0.25956251949088543 0.045535435483605322 -0.0061118570593080967 -0.0046882708320212518 0.43629528267794715 0.026355241131041499 0.36963796238534874 0.0069266322549250779 0.095124709858845496
leaf_weight=3370.5821077376604 4.548298116773366 122.56862706784159 426.1271177213639 442.48054552357644 1176.6671697460115 12956.00444002822 5.5159575119614628 7800.7222653925419 370.14469702541828 255.24750099051744 363.04002530314028 1372.243445970118 1.4127684757113446 1.1703773550689218 1475.5069258669391 934.59519204962999 69.66393513046205 101.13553298916668 2.6212298199534407 1.2701728530228202 50.316923703998327 3.2592420279979688 7.7510209530591965 29.441703125834465 1.9519069306552403 1.6506181657314298 23.814839273691177 1.6827140338718889 778.00754811614752 7.7275584489107123
leaf_count=15121 77 9056 6398 13964 15375 103906 96 33929 1689 7870 14742 26616 19 22 22609 17375 1071 3781 29 26 749 45 101 440 32 22 353 33 8797 86
internal_value=-0.000197712 -0.0096185 0.00141316 -0.0325892 -0.00647641 -0.000946807 -0.00653834 0.00466874 0.00664226 -0.0119456 -0.0207673 -0.00756578 0.0237006 0.154451 -0.00913254 -0.0156214 0.0131807 -0.0293235 0.0133697 0.0377197 -0.00937375 0.0490148 0.108891 0.0292017 0.0634355 0.197363 0.0454109 0.199094 -0.000432921 -0.00526728
internal_weight=32158.9 4695.91 27463 565.049 4130.86 15921.5 2965.51 11541.4 8170.87 2168.46 719.423 1449.04 76.7954 5.71868 2539.38 1063.87 71.0767 464.176 129.276 62.4332 66.8431 16.5262 11.0103 59.812 30.3703 3.60253 26.7677 2.95289 1962.4 1184.39
internal_count=304429 101476 202953 23020 78456 152214 48308 50739 35618 54198 26393 27805 1189 99 41910 19301 1090 18523 1926 935 991 242 146 906 466 54 412 59 24258 15461
is_linear=0
shrinkage=0.1


Tree=35
num_leaves=31
num_cat=0
split_feature=1 2 3 1 4 0 2 4 2 0 2 3 3 4 4 2 4 4 2 4 2 2 3 2 0 4 2 0 2 0
split_gain=39.9775 29.5779 19.5413 17.0895 11.7396 11.3267 10.3995 9.78556 10.898 10.1642 9.38512 9.26577 9.64165 9.11395 8.82682 10.0915 9.1854 13.2736 8.23793 7.81946 9.2642 8.48962 7.73427 9.09434 7.77984 7.19749 16.6529 10.738 13.6092 9.98645
threshold=4.5000000000000009 3.9250000000000003 0.21500000000000002 1.5000000000000002 0.38815000000000005 23.500000000000004 5.7350000000000012 0.45475000000000004 7.5650000000000004 6.4800000000000013 6.3650000000000011 5.9750000000000005 0.91000000000000003 0.28335000000000005 0.31755000000000005 6.9150000000000009 0.24945000000000003 0.29825000000000007 7.5650000000000004 0.16740000000000002 5.1450000000000005 4.5450000000000008 0.21500000000000002 7.2250000000000005 1.5000000000000002 0.19520000000000001 5.8550000000000013 7.5000000000000009 6.0750000000000011 10.500000000000002
decision_type=2 2 2 2 2 2 2 2 2 2 2 2 2 2 2 2 2 2 2 2 2 2 2 2 2 2 2 2 2 2
left_child=2 -2 3 7 6 14 -3 9 -9 13 -11 12 -4 19 15 -5 -17 -18 -15 20 21 -1 23 24 -6 26 -8 -28 -29 -27
right_child=1 4 11 5 22 -7 25 8 -10 10 -12 -13 -14 18 -16 16 17 -19 -20 -21 -22 -23 -24 -25 -26 29 27 28 -30 -31
leaf_value=0.011272146661083069 -0.037826989784481291 -0.017087948136583903 -0.016723699842234423 -0.0044698108085069188 0.0352868098072587 -0.01318513090008388 0.11909151467690918 0.01331855651488344 0.11259212379697658 0.0033813469944346552 0.011190326352921189 0.078388867260801201 -0.059787421397222817 0.0010126667144270509 0.001948624186938884 0.027465126447466227 -0.013060083365388256 0.02184567650393418 0.058057053361517112 -0.017584879187931685 0.027169510220177676 -0.063258136441854948 -0.054610828231742542 0.032002723196359231 -0.00174243607839614 0.0012001201930797723 -0.031936396155202378 -0.053453114240634869 0.035185113729403181 -0.014071857809560637
leaf_weight=33.768826737999916 325.42468414735049 1201.704823940061 280.62547786999494 5226.9495757948607 60.104343900457025 680.08497461117804 13.733900254592298 884.45515631139278 11.198037281632422 5772.1272442489862 2098.6045241802931 8.9448938220739347 63.813676833175123 1905.4841791093349 9159.7927429266274 187.26095882803202 268.11330429464579 183.50546445697546 25.656691402196884 522.38108679652214 96.372977048158646 27.91976298391819 23.770471600815654 99.026129610836506 1013.3158123381436 769.74215241894126 55.202542245388031 20.664901036769152 107.06733843311667 964.91501833871007
leaf_count=170 19131 34486 3846 55636 868 6806 267 3928 63 24550 10056 58 694 8282 81696 1219 1807 1226 118 2271 406 121 581 889 17901 10345 750 385 1450 14423
internal_value=-0.000182837 -0.00875195 0.0012709 0.00157575 -0.00656641 -0.000562288 -0.00978409 0.00452701 0.0145597 0.00366977 0.00546349 -0.0220926 -0.024702 -0.00173609 9.04341e-06 -0.00301971 0.00884418 0.00112311 0.00177055 -0.0116881 0.00780014 -0.0224597 0.00186106 0.00300599 0.000330954 -0.00523949 0.0128907 0.00491762 0.020845 -0.00729502
internal_weight=32091.7 4654.67 27437.1 27083.7 4329.25 15705.7 3133.03 11378 895.653 10482.3 7870.73 353.384 344.439 2611.58 15025.6 5865.83 638.88 451.619 1931.14 680.443 158.062 61.6886 1196.22 1172.45 1073.42 1931.33 196.669 182.935 127.732 1734.66
internal_count=304429 101476 202953 198355 82345 148390 62106 49965 3991 45974 34606 4598 4540 11368 141584 59888 4252 3033 8400 2968 697 291 20239 19658 18769 27620 2852 2585 1835 24768
is_linear=0
shrinkage=0.1


Tree=36
num_leaves=31
num_cat=0
split_feature=2 1 4 1 2 0 2 3 4 0 0 0 4 3 0 4 0 2 4 3 3 0 0 0 3 1 3 2 4 0
split_gain=35.1078 28.7985 16.1249 13.7421 15.2851 12.8244 11.0526 10.9488 13.6326 10.5342 10.3777 25.7689 10.2456 9.75468 11.336 9.19789 7.98262 10.6022 8.93465 10.2752 10.2015 8.77676 7.89414 13.4901 10.9841 8.78962 8.22805 14.1203 10.9865 8.3467
threshold=2.4450000000000007 2.5000000000000004 0.61920000000000008 5.5000000000000009 4.9450000000000012 17.500000000000004 6.9150000000000009 0.15500000000000003 0.35254999999999997 20.500000000000004 13.500000000000002 14.500000000000002 0.28335000000000005 0.23500000000000001 3.5000000000000004 0.40040000000000003 6.4800000000000013 7.1650000000000009 0.28755000000000003 0.16500000000000004 0.15500000000000003 5.5000000000000009 9.5000000000000018 11.500000000000002 0.14500000000000005 3.5000000000000004 0.17500000000000002 3.0550000000000002 0.29145000000000004 12.500000000000002
decision_type=2 2 2 2 2 2 2 2 2 2 2 2 2 2 2 2 2 2 2 2 2 2 2 2 2 2 2 2 2 2
left_child=2 7 -1 5 -5 10 15 -2 -9 -8 12 -12 -3 14 -4 -7 17 -14 19 20 -18 -19 25 -24 -25 -20 27 29 -29 -26
right_child=1 3 13 4 -6 6 9 8 -10 -11 11 -13 16 -15 -16 -17 18 21 22 -21 -22 -23 23 24 26 -27 -28 28 -30 -31
leaf_value=-0.044950248866601511 0.0060105521862866378 -0.0088367514817943998 0.4006408763647189 -0.033271712840607731 -0.0074364495225755283 -0.012101825798696376 -0.0094680740544915709 -0.0021896130247458841 0.0051720070755082032 0.021588628354140736 0.024918391637119522 -0.0004606283811439257 0.0024075807768745264 -0.044188139501392935 0.085160050482726249 0.0010709923048424239 0.03109553283318639 0.017078294339392633 -0.019927457982761753 -0.018611057224551024 0.14745447959074412 0.074943671896026312 0.0093733882193940948 -0.027497725169451065 0.07062807781857311 -0.0031027752976942962 -0.021720624775579039 0.13295751678524012 0.0024872955195371434 0.46156696085311477
leaf_weight=217.27863056771457 6792.5893160738051 1650.3108614757657 1.5295906215906123 275.52118628192693 1356.3900241907686 2453.3228952437639 198.19276424497366 6099.1808034926653 4281.3586361706257 243.28087754175067 539.20603182911873 1550.5685263983905 2598.637526454404 3.5116938473656774 4.4600503817200661 676.15821998752654 21.97359530441463 131.89715832844377 534.46199399605393 20.730888228863478 11.466512512415646 32.712770707905293 816.81641760468483 227.76057279855013 1.130923129618167 741.03668324835598 145.73986279964447 6.561870712786912 393.08021827414632 1.0561572629958391
leaf_count=11519 36986 19546 16 15830 29224 32293 1556 38406 25389 1837 6120 18319 26540 319 87 7439 227 900 4776 312 119 216 9047 1904 24 9118 2203 85 4051 21
internal_value=-0.000167802 0.000111786 -0.0393742 -0.0031488 -0.0117983 -0.00206269 -0.00716613 0.00288914 0.00084662 0.0076462 -0.000129117 0.0060877 -0.00190022 0.0881412 0.165725 -0.0092557 0.000113372 0.00396657 -0.00353071 0.0367031 0.0709947 0.0285778 -0.00429075 0.000405363 -0.00904253 -0.0101527 -0.00136611 0.00601629 0.00462953 0.259415
internal_weight=32027.9 31801.1 226.78 14628 1631.91 12996.1 3570.95 17173.1 10380.5 441.474 9425.15 2089.77 7335.37 9.50133 5.98964 3129.48 5685.06 2763.25 2921.82 54.171 33.4401 164.61 2867.64 1592.15 775.33 1275.5 547.569 401.829 399.642 2.18708
internal_count=304429 292488 11941 191707 45054 146653 43125 100781 63795 3393 103528 24439 79089 422 103 39732 59543 27656 31887 658 346 1116 31229 17335 8288 13894 6384 4181 4136 45
is_linear=0
shrinkage=0.1


Tree=37
num_leaves=31
num_cat=0
split_feature=3 1 3 2 2 0 4 2 4 4 2 2 2 2 4 4 3 2 0 0 4 2 3 2 4 1 3 2 2 1
split_gain=31.3145 24.6047 15.9702 10.926 10.718 9.66504 9.18791 9.26149 10.7454 8.97706 8.91905 8.80616 12.0169 8.43147 8.28524 13.3709 7.89935 12.2306 7.78482 12.8084 9.6197 8.40021 7.94729 7.77485 13.8164 7.73078 7.70776 7.16686 7.1058 7.04138
threshold=0.21500000000000002 3.5000000000000004 0.17500000000000002 7.4150000000000009 4.5050000000000008 17.500000000000004 0.44470000000000004 4.5450000000000008 0.10100000000000002 0.53145000000000009 2.9150000000000005 1.0000000180025095e-35 2.2850000000000006 3.9050000000000007 0.46440000000000009 0.44095000000000006 0.26500000000000007 28.170000000000005 19.500000000000004 21.500000000000004 0.39325000000000004 7.535000000000001 0.15500000000000003 6.5850000000000009 0.34475000000000006 5.5000000000000009 0.13500000000000004 7.4750000000000005 7.3250000000000011 1.5000000000000002
decision_type=2 2 2 2 2 2 2 2 2 2 2 2 2 2 2 2 2 2 2 2 2 2 2 2 2 2 2 2 2 2
left_child=1 3 5 6 25 9 7 8 -1 -3 -2 -10 -13 -7 15 -5 -12 -18 20 -20 21 -15 -23 26 -25 -4 -21 -17 -22 -9
right_child=10 2 4 14 -6 13 -8 29 11 -11 16 12 -14 18 -16 27 17 -19 19 23 28 22 -24 24 -26 -27 -28 -29 -30 -31
leaf_value=0.018571999465276851 -0.051319878347955511 -0.00057244950734937794 -0.018244297270605985 0.015455075715653521 -0.0068338922629709075 -0.047000905529929006 0.0077575431470642622 0.0039731427311522913 0.13836804860940774 0.024636859731074229 -0.0092226628910102183 -0.073415301805488789 -0.0050464016891462633 -0.027398540964044961 0.055592452558612518 0.051537099362764599 -0.066708348246609789 0.011222258330370291 0.0092417497719565408 0.018598599010403075 0.014895454471306425 0.020349388692425485 0.23443878764606538 0.028914739436660286 -0.018043884730817559 -0.048480278934631624 -0.021005382006555034 -0.07969127383808762 -0.070007064835035077 -0.00016103473760347684
leaf_weight=198.74625782482326 107.48597491905093 5142.6456078663468 547.58684622496367 525.17402811348438 1151.8673144131899 54.280326221138239 2198.0536761265248 8220.215323895216 4.2527727149426928 145.24731589388102 255.20666377618909 25.930446352809668 3002.6412867754698 394.09873557370156 47.039243757724762 5.0941580981016186 66.16170001309365 28.951010394841433 523.87082648370415 54.317764861509204 111.1609297990799 12.654851786792277 2.009214259684085 117.47610156983137 134.26971745863557 100.00552135426551 515.69553832802922 22.736715063452721 10.816839911043642 8259.2015625685453
leaf_count=1982 6540 69800 15411 2926 20101 1879 13500 35516 44 1650 3903 446 28913 5992 259 28 1039 285 7605 776 1448 127 20 1254 1308 7281 8684 127 95 65490
internal_value=-0.000155563 0.000221487 -0.00419209 0.00198974 -0.0126207 -0.002091 0.00162512 0.000941272 -0.0039537 0.000119997 -0.0261214 -0.00542985 -0.00563177 -0.00814673 0.0153026 0.0118755 -0.0183899 -0.0429873 -0.00702274 -0.00297751 -0.0172789 -0.0246333 0.0496831 -0.0107673 0.00386915 -0.0229135 -0.0172314 -0.0556713 0.0073664 0.00190116
internal_weight=31984.9 31527.1 9018 22509.1 1799.46 7218.54 21909 19711 3231.57 5287.89 457.805 3032.82 3028.57 1930.65 600.044 553.005 350.319 95.1127 1876.37 1345.63 530.741 408.763 14.6641 821.759 251.746 647.592 570.013 27.8309 121.978 16479.4
internal_count=304429 292662 143431 149231 42793 100638 145891 132391 31385 71450 11767 29403 29359 29188 3340 3081 5227 1324 27309 19627 7682 6139 147 12022 2562 22692 9460 155 1543 101006
is_linear=0
shrinkage=0.1


Tree=38
num_leaves=31
num_cat=0
split_feature=2 1 4 3 3 4 4 4 0 0 4 2 2 3 2 4 1 2 2 4 2 3 0 0 3 3 2 2 0 4
split_gain=26.3095 20.1855 15.3961 12.9822 11.4636 11.4738 9.42876 9.40211 8.56524 9.54514 7.97169 7.92864 7.91071 7.7225 7.83044 7.37382 8.69323 7.03542 6.99887 6.90393 10.579 12.5312 8.75258 10.5142 6.80849 13.1725 10.509 6.70821 6.67949 9.74779
threshold=2.0750000000000006 4.5000000000000009 0.61920000000000008 0.17500000000000002 0.15500000000000003 0.33555000000000001 0.34734999999999999 0.11610000000000002 16.500000000000004 18.500000000000004 0.1847 7.205000000000001 6.3250000000000011 0.13500000000000004 7.285000000000001 1.0000000180025095e-35 5.5000000000000009 7.2650000000000006 6.9850000000000012 0.26175000000000004 6.8950000000000005 0.12500000000000003 10.500000000000002 12.500000000000002 1.5850000000000002 4.1700000000000008 7.4150000000000009 3.3950000000000005 13.500000000000002 0.30695000000000006
decision_type=2 2 2 2 2 2 2 2 2 2 2 2 2 2 2 2 2 2 2 2 2 2 2 2 2 2 2 2 2 2
left_child=2 4 -1 8 7 11 12 -2 28 10 13 -6 -5 -10 -15 16 -14 -13 -11 20 -9 -22 -21 -24 26 -26 -7 -25 29 -3
right_child=1 3 -4 6 5 24 -8 19 9 18 -12 17 15 14 -16 -17 -18 -19 -20 22 21 -23 23 27 25 -27 -28 -29 -30 -31
leaf_value=-0.051785492716635052 0.016292265889819271 -0.012631520464171939 0.077954764484253786 -0.030881609719605421 -0.003705913285590653 0.0019423041364266015 -0.0055979227377064887 -0.0076892411021680582 -0.10883037520440808 -0.0094884306615616552 -0.031808052031817545 0.06211097536906051 0.22200285369039957 0.034805154038564295 0.29537277752604707 -0.0015304372029290789 -0.050659080823199615 0.0081965560083728708 0.015234966971427592 0.0073815250248388253 -0.036074519486578027 0.025775365248759858 -0.0090184091577198578 -0.083216062710572483 -0.08179176132165715 0.010751898754642997 0.042363874655515443 0.0033616944330956571 0.011012951771058077 0.0020550236069818441
leaf_weight=133.48233763873577 551.3413674607873 665.11566628981382 9.8194954190403205 429.08168101496994 7927.7909043673426 8111.1591185685247 387.32324418798089 1141.9338230825961 3.5912598781287697 693.31157003436238 260.2646604757756 31.410230666399002 3.3076020926237097 20.476394679397348 1.2221433669328678 42.075458772480488 1.8087559565901754 105.4923093393445 137.15269323438406 4014.8310512453318 39.262897424399853 197.71882202476263 849.71811111271381 8.9685252327471954 28.006122041493654 34.117534801363945 64.832697607576847 4197.7342086434364 432.17853349912912 1409.9276130776852
leaf_count=9105 3663 12417 416 15574 66949 61929 12125 7850 56 14673 5044 181 39 443 12 641 35 624 1515 24715 234 1176 5408 127 278 261 356 27373 8038 23172
internal_value=-0.00014355 4.91578e-05 -0.0428953 -0.00616686 0.00107062 -0.000612597 -0.0171847 0.00356492 -0.00354076 -0.0108283 -0.0265998 -0.00329388 -0.0266075 0.0270004 0.0494813 0.0122537 0.12561 0.0205664 -0.00540532 0.00289344 -0.00369908 0.0155281 0.00389556 0.00112769 0.00201224 -0.0309679 0.00226283 0.00317711 -0.000296913 -0.00265247
internal_weight=31934.5 31791.2 143.302 4486.84 27304.3 16302.8 863.597 11001.5 3623.24 1116.02 285.554 8064.69 476.273 25.2898 21.6985 47.1918 5.11636 136.903 830.464 10450.2 1378.92 236.982 9071.25 5056.42 8238.12 62.1237 8175.99 4206.7 2507.22 2075.04
internal_count=304429 294908 9521 93784 201124 130578 28414 70546 65370 21743 5555 67754 16289 511 455 715 74 805 16188 66883 9260 1410 57623 32908 62824 539 62285 27500 43627 35589
is_linear=0
shrinkage=0.1


Tree=39
num_leaves=31
num_cat=0
split_feature=3 1 2 1 0 4 2 2 0 0 0 2 2 2 0 0 0 4 4 3 2 4 3 2 4 2 0 4 2 2
split_gain=23.7036 18.7051 13.0895 12.7042 11.2921 9.72729 12.3417 13.1024 8.09105 36.4884 19.1757 10.1659 8.70113 7.99527 7.52342 8.26461 20.4087 12.729 11.1862 8.48967 7.40201 7.33723 7.48967 19.4188 6.94888 7.77239 6.88709 6.83047 10.1063 21.8241
threshold=0.21500000000000002 5.5000000000000009 4.9450000000000012 1.5000000000000002 4.5000000000000009 0.35515000000000002 4.5850000000000009 1.0000000180025095e-35 14.500000000000002 13.500000000000002 12.500000000000002 4.6650000000000009 7.6950000000000012 2.4450000000000007 22.500000000000004 13.500000000000002 14.500000000000002 0.32360000000000005 0.10100000000000002 0.15500000000000003 2.9150000000000005 0.15829999999999991 0.15500000000000003 4.6650000000000009 0.35010000000000002 4.1450000000000005 7.5000000000000009 0.5011500000000001 5.0850000000000009 5.0450000000000008
decision_type=2 2 2 2 2 2 2 2 2 2 2 2 2 2 2 2 2 2 2 2 2 2 2 2 2 2 2 2 2 2
left_child=1 3 -3 8 -5 6 7 -6 9 10 12 -12 -1 -9 15 -15 17 -17 -18 -19 -2 22 23 -8 25 -21 -24 -4 29 -29
right_child=20 2 27 4 5 -7 21 13 -10 -11 11 -13 -14 14 -16 16 18 19 -20 24 -22 -23 26 -25 -26 -27 -28 28 -30 -31
leaf_value=0.0014407337729709256 -0.047031034655912518 -0.030230329419635955 -0.0076507848590445576 0.0044196468190720404 0.27601962670498298 0.00099625493020547083 0.32001793043321791 -0.062275042549649433 0.0065549147115045213 -0.025523844377349232 -0.0086793989334042702 0.033741145929522591 0.043040439766887179 -0.018279243878825333 -0.035776584508668871 0.023169633246736831 0.032803055467373408 0.26678438810849964 -0.01327114143579935 -0.041430070186607937 -0.016117210485767221 -0.0036393730525343575 -0.03008651687882823 0.014809959792213704 0.26940774213902935 0.11650022133546108 0.00322050508489044 -0.0025644212019545276 0.021897600089202926 0.77296124552208645
leaf_weight=5729.3011321797967 99.962259195744991 274.13566477037966 1277.3516861554235 3326.3649395117536 1.5675303237512697 6293.5125783905387 2.0959601551294318 32.481307927519083 4721.0878376662731 476.42096801102161 70.048392668366432 291.92445039749146 50.725170880556107 576.96429051458836 121.41892519406974 54.945061480626464 59.045258361846209 3.1917211972177055 489.9569353479892 4.6687308736145487 343.98474861960858 6742.9302966184914 75.913994260132313 386.0210990794003 1.8654584027826775 9.3708650376647693 340.7162744551897 0.99621855840086826 48.645685631781816 0.57075926661491394
leaf_count=25096 6540 17377 28029 31712 39 62112 28 1728 20933 2090 323 1270 253 11603 2621 1127 1212 44 10289 99 5227 65640 795 3344 38 153 3802 36 849 20
internal_value=-0.000132381 0.000191371 -0.0103366 0.000756046 -0.000857759 -0.00201292 -0.00414006 -0.0129257 0.00339219 0.00113614 0.00320409 0.025532 0.00180581 -0.0132603 -0.0120555 -0.00965534 -0.00166925 0.0476137 -0.00831586 0.117944 -0.023078 -0.00256225 0.00646289 0.0164582 0.0880758 0.063982 -0.00284835 -0.00622862 0.0299495 0.279915
internal_weight=31908.2 31464.2 1601.7 29862.5 18523 15196.7 8903.15 1355.48 11339.5 6618.42 6142 361.973 5780.03 1353.91 1321.43 1200.01 623.044 74.0418 549.002 19.0968 443.947 7547.68 804.747 388.117 15.9051 14.0396 416.63 1327.56 50.2127 1.56698
internal_count=304429 292662 46311 246351 196386 164674 102562 28953 49965 29032 26942 1593 25349 28914 27186 24565 12962 1461 11501 334 11767 73609 7969 3372 290 252 4597 28934 905 56
is_linear=0
shrinkage=0.1


Tree=40
num_leaves=31
num_cat=0
split_feature=2 1 4 4 4 3 2 3 4 2 4 0 4 4 2 4 3 0 2 0 4 0 2 2 0 4 2 2 0 0
split_gain=19.9863 15.3603 12.786 10.5253 9.61739 8.28382 7.83249 9.00834 10.3134 7.45845 7.43644 7.01454 6.88657 9.324 8.14271 8.82499 8.23241 6.75597 6.65256 8.52889 7.43812 9.76 6.33717 6.0813 13.0405 6.53125 6.31904 6.00038 7.36425 9.46889
threshold=2.0750000000000006 2.5000000000000004 0.61920000000000008 0.28540000000000004 1.0000000180025095e-35 0.21500000000000002 6.3750000000000009 0.13500000000000004 0.52330000000000021 4.0850000000000009 0.54585000000000006 14.500000000000002 0.36850000000000005 1.0000000180025095e-35 4.1850000000000014 0.24275000000000002 0.18500000000000003 23.500000000000004 4.245000000000001 5.5000000000000009 0.31755000000000005 9.5000000000000018 6.3350000000000009 7.6550000000000011 20.500000000000004 0.27425000000000005 7.7950000000000008 7.4150000000000009 17.500000000000004 14.500000000000002
decision_type=2 2 2 2 2 2 2 2 2 2 2 2 2 2 2 2 2 2 2 2 2 2 2 2 2 2 2 2 2 2
left_child=2 6 -1 4 -3 17 7 8 -2 -6 -10 -12 13 -9 -15 16 22 27 19 -17 21 -21 -16 -11 25 26 -25 -5 29 -29
right_child=1 3 -4 5 9 -7 -8 12 10 23 11 -13 -14 14 15 18 -18 -19 -20 20 -22 -23 -24 24 -26 -27 -28 28 -30 -31
leaf_value=-0.047527225740191942 0.0091919069954473995 0.0044915479012339532 0.068735031925522105 -0.00045937731881280798 -0.027403163015163236 -0.02485233293616192 0.0055548824535517453 0.010860124253414379 0.16576186768055676 -0.0085301572922513325 -0.019998211849586476 0.10597774922952888 0.0035273870561261401 -0.011057569427592 -0.0047301043032655062 0.076221877261025528 -0.030594056170702422 -0.0123370770104844 -7.740604880349572e-05 -0.14176489811507476 0.039613204818984983 -0.00071295931310599771 -0.06644099212994807 0.10554529327049628 0.17847558813110012 -0.083814386703368715 -0.014358596351792267 0.013547981065713805 -0.011327873982846813 0.068740988555636845
leaf_weight=123.85599490813911 735.62742548435926 595.0236158715561 10.241439981386064 10030.024387970567 214.5092442324385 141.68308717478067 4678.5148122161627 556.00367532484233 6.6243728697299984 2692.8697291947901 9.0475273206830042 8.6418465077877027 3872.8495653942227 979.58377608284354 886.42406514286995 25.261922009289265 158.55000376328826 462.84968667756766 5171.3279429636896 5.8643214814364901 38.258028395473957 30.006404679268599 16.959073826670647 7.5822342336177924 5.3446708917617789 6.0787611342966548 10.456894859671591 249.87436333298683 98.25835669785738 35.499623075127602
leaf_count=9105 3985 8868 416 128273 6810 3788 24749 3499 34 36365 46 44 22804 8674 5207 176 1061 6381 30232 45 282 230 87 65 40 57 84 1925 813 284
internal_value=-0.000123093 3.97229e-05 -0.0386479 -0.00235107 -0.00710155 -0.000828305 0.00206458 0.000758333 0.0113098 -0.00945039 0.0753885 0.0415452 7.53885e-05 -0.00162373 -0.00257297 -0.00126051 -0.0095772 -0.000515355 0.000415122 0.0260415 0.00894086 -0.0237728 -0.00588859 -0.00803578 0.0371498 0.00583116 0.0360396 1.0078e-05 0.0122839 0.0204138
internal_weight=31863.7 31729.6 134.097 14550.1 3531.87 11018.2 17179.5 12501 759.941 2936.84 24.3137 17.6894 11741.1 7868.24 7312.24 6332.65 1061.93 10876.5 5270.72 99.3907 74.1288 35.8707 903.383 2722.33 29.4626 24.1179 18.0391 10413.7 383.632 285.374
internal_count=304429 294908 9521 193753 52289 141464 101155 76406 4109 43421 124 90 72297 49493 45994 37320 6355 137676 30965 733 557 275 5294 36611 246 206 149 131295 3022 2209
is_linear=0
shrinkage=0.1


Tree=41
num_leaves=31
num_cat=0
split_feature=3 1 2 3 0 4 3 3 2 2 4 4 2 2 2 0 2 4 3 2 3 1 2 4 4 1 0 3 0 4
split_gain=18.4566 15.6325 14.3983 15.2621 27.1275 11.2267 19.8947 10.7552 10.6911 10.1659 7.82763 7.84782 11.8767 7.20611 6.86838 12.628 9.40339 8.69348 16.8869 6.80976 10.7144 15.9909 8.47307 12.3116 11.6871 6.96877 6.89346 6.54331 6.43283 6.14691
threshold=0.26500000000000007 5.5000000000000009 4.9450000000000012 0.21500000000000002 8.5000000000000018 0.45475000000000004 0.25500000000000006 5.9750000000000005 7.1650000000000009 4.705000000000001 0.10100000000000002 0.25865000000000005 3.3350000000000004 4.6850000000000014 1.0000000180025095e-35 5.5000000000000009 2.0750000000000006 0.43735000000000007 0.20500000000000004 7.6550000000000011 0.15500000000000003 4.5000000000000009 7.8550000000000013 0.43085000000000001 0.38365000000000005 2.5000000000000004 7.5000000000000009 0.14500000000000005 21.500000000000004 0.36495000000000005
decision_type=2 2 2 2 2 2 2 2 2 2 2 2 2 2 2 2 2 2 2 2 2 2 2 2 2 2 2 2 2 2
left_child=1 5 -3 -4 -5 9 8 -2 -7 10 13 12 -12 -1 15 -13 17 -16 -19 25 22 26 23 24 -21 28 -22 -17 -11 -28
right_child=7 2 3 4 -6 6 -8 -9 -10 19 11 14 -14 -15 16 27 -18 18 -20 20 21 -23 -24 -25 -26 -27 29 -29 -30 -31
leaf_value=0.013682091761143808 -0.047021226813345973 -0.030138995622197119 -0.0055155833391228514 -0.10272064657141336 0.91996703485773623 0.0048057109835144239 0.27198833730857824 0.059598041470538515 0.030394811466344027 0.001379268743978217 -0.05530881831221416 -0.11500056052603325 -0.010457418388991641 -0.087039906175792561 -0.060919496150517116 0.077263803619998989 -0.0029431777178105583 -0.0025809414497439064 0.82902152429661169 0.012835132673754563 0.092337866574155658 0.18846471413453239 -0.016865589904105235 -0.062975336374834018 0.077918637991347545 -0.0013591904884993268 0.034657584114638457 0.33190494611932531 0.0082196758905940248 -0.053033811678671133
leaf_weight=307.79654244892299 115.73070841189474 281.11864487547427 1318.5877460967749 0.55240442976355442 0.48895283602178097 2447.5320698115975 2.8258896823972455 10.303602710366247 174.94309850037098 10760.823189288378 64.558053901419044 1.8015810288488854 690.69703842699528 7.2709641084074965 37.923326028510928 2.0372587032616138 4280.2894241251051 1.0054534738883365 0.32250995840877283 108.13185506314039 14.89135420322418 7.5190520510077468 99.330463781952858 16.003851696848869 37.042620368301868 9416.4337407164276 33.242598026990891 1.9995490796864031 1576.1662602424622 10.524320110678671
leaf_count=4181 4918 18979 28934 22 20 18500 38 83 1013 58418 1685 33 9121 81 2150 27 53686 59 29 677 73 64 629 97 217 91580 194 27 8833 61
internal_value=-0.000113116 3.87193e-05 -0.00959073 -0.00521336 0.377466 0.000550804 0.0067985 -0.0383048 0.00651274 -4.61604e-05 -0.00393728 -0.00488577 -0.0142912 0.0113577 -0.00324348 0.105146 -0.00338998 -0.0521129 0.199383 0.000904709 0.0152353 0.0511667 0.0061076 0.0202654 0.0294418 0.000689497 0.0335673 0.203395 0.00225319 0.0135711
internal_weight=31827.9 31701.9 1600.75 1319.63 1.04136 30101.1 2625.3 126.034 2622.48 27475.8 5395.7 5080.63 755.255 315.068 4325.38 5.83839 4319.54 39.2513 1.32796 22080.1 326.686 66.1773 260.509 161.178 145.174 21753.4 58.6583 4.03681 12337 43.7669
internal_count=304429 299428 47955 28976 42 251473 19551 5001 19513 231922 71079 66817 10806 4262 56011 87 55924 2238 88 160843 2012 392 1620 991 894 158831 328 54 67251 255
is_linear=0
shrinkage=0.1


Tree=42
num_leaves=31
num_cat=0
split_feature=3 1 2 4 2 3 4 4 3 3 2 2 0 2 4 2 0 0 0 4 1 2 0 3 4 2 4 3 4 2
split_gain=15.4956 12.8313 12.208 9.22837 10.1358 9.08057 7.59422 7.02601 6.94241 6.86537 13.38 6.77494 14.6794 10.9561 7.90828 12.5564 6.38269 6.57087 6.23427 5.74284 5.49469 5.32913 7.29961 9.33248 5.29979 7.22909 6.1774 5.4212 5.36447 5.23433
threshold=0.26500000000000007 5.5000000000000009 4.9450000000000012 0.37195 3.4950000000000006 4.8500000000000005 1.0000000180025095e-35 0.28335000000000005 0.24500000000000002 0.21500000000000002 5.6950000000000012 7.6550000000000011 8.5000000000000018 7.7350000000000012 0.43085000000000001 7.8550000000000013 17.500000000000004 21.500000000000004 21.500000000000004 0.40920000000000001 1.5000000000000002 4.5250000000000012 22.500000000000004 0.13500000000000004 0.5011500000000001 5.0650000000000004 0.71190000000000009 0.10500000000000002 0.47455000000000008 7.6050000000000013
decision_type=2 2 2 2 2 2 2 2 2 2 2 2 2 2 2 2 2 2 2 2 2 2 2 2 2 2 2 2 2 2
left_child=1 3 -3 4 -1 -2 -6 -8 11 24 -11 29 13 19 15 16 -14 -18 20 -13 -16 22 -9 -24 27 -26 -27 -4 -29 -5
right_child=5 2 9 8 6 -7 7 21 -10 10 -12 12 14 -15 18 -17 17 -19 -20 -21 -22 -23 23 -25 25 26 -28 28 -30 -31
leaf_value=-0.01539695759057399 -0.048488446025806389 -0.027973162535013037 0.16566361950688555 0.0026857576156195041 0.0070937685717945391 0.022244620085240616 -0.0037154534483004459 -0.0030189562162462285 0.078189930413180023 0.46677928153561982 -0.10606521729818258 0.054139595158810165 0.11344013543013004 0.091087161177897474 0.049980412760185264 -0.021345962845595756 -0.08333999342547796 0.062318430535851337 -0.13909075709114158 -0.11666314005688239 -0.043644301099612537 0.0012649177378676404 0.13208430850467981 -0.034381822594375659 0.24945611944069446 0.029868665215316927 -0.10707464930605529 -0.0053941239973127799 -0.044246376393372533 -0.047662020933293671
leaf_weight=460.62764128018171 100.00049008522183 273.03353252820671 1.8311504833400238 9725.3581464476883 1268.4444577358663 22.174161862581968 6002.9924883954227 1560.3561748880893 12.262444907799361 0.87497257441282161 0.76356523483991623 3.6613743007183066 15.718763560056688 39.862980008125305 8.5931487977504748 30.951573275029659 4.2223101556301108 11.62139919400215 4.938512608408927 4.2575332373380661 23.171526007354259 10776.692325998098 3.4741404484957448 110.0182723402977 1.4138988889753807 46.497711073607206 3.5451472308486691 1222.2646070085466 36.602342201396823 20.69299203902483
leaf_count=10531 4786 18979 29 75690 10728 215 51542 19673 183 25 17 20 95 214 49 192 26 69 31 25 148 80571 41 1518 43 796 66 27308 692 127
internal_value=-0.000105759 3.1344e-05 -0.00873281 0.000493563 -0.000733345 -0.0356507 -0.000390861 -0.000905334 0.00299345 -0.00473427 0.199831 0.00290025 0.0242083 0.0697447 0.00227854 0.0239112 0.0682925 0.0235008 -0.034567 -0.037691 -0.0183164 0.000449557 -0.00479995 -0.0292861 -0.00498971 0.0264676 0.0201673 -0.00627368 -0.00652378 0.00257886
internal_weight=31796.9 31674.7 1586.83 30087.9 20182.6 122.175 19722 18453.5 9905.31 1313.79 1.63854 9893.05 146.999 47.7819 99.2172 62.514 31.5625 15.8437 36.7032 7.91891 31.7647 12450.5 1673.85 113.492 1312.15 51.4568 50.0429 1260.7 1258.87 9746.05
internal_count=304429 299428 47955 251473 174604 5001 164073 153345 76869 28976 42 76686 869 259 610 382 190 95 228 45 197 101803 21232 1559 28934 905 862 28029 28000 75817
is_linear=0
shrinkage=0.1


Tree=43
num_leaves=31
num_cat=0
split_feature=3 1 0 2 1 4 0 0 0 4 2 0 4 4 3 0 2 0 3 4 4 2 3 1 3 1 4 2 2 2
split_gain=13.9716 11.2866 10.6164 8.85046 11.2832 8.18211 8.35007 23.8749 12.7112 7.78402 13.1659 10.1501 9.0946 13.9031 15.9999 7.45246 6.924 8.13762 7.55006 11.1058 6.57867 12.7559 12.3373 7.68918 12.6435 6.55496 6.84772 7.12641 10.6629 6.76034
threshold=0.21500000000000002 1.5000000000000002 4.5000000000000009 5.785000000000001 5.5000000000000009 0.40040000000000003 17.500000000000004 13.500000000000002 14.500000000000002 0.41715000000000008 3.0550000000000002 14.500000000000002 0.40435000000000004 0.40815000000000007 0.17500000000000002 4.5000000000000009 4.5450000000000008 10.500000000000002 0.15500000000000003 0.40215000000000006 0.11610000000000002 4.8650000000000011 0.18500000000000003 4.5000000000000009 0.19500000000000003 2.5000000000000004 0.40920000000000001 5.3650000000000011 5.0050000000000008 5.7150000000000007
decision_type=2 2 2 2 2 2 2 2 2 2 2 2 2 2 2 2 2 2 2 2 2 2 2 2 2 2 2 2 2 2
left_child=1 15 -3 4 5 6 7 -4 -9 10 11 12 -7 -14 -15 -1 -12 -18 19 -19 21 22 -10 -24 -25 -21 -27 28 -28 -29
right_child=-2 2 3 -5 -6 9 -8 8 20 -11 16 -13 13 14 -16 -17 17 18 -20 25 -22 -23 23 24 -26 26 27 29 -30 -31
leaf_value=-0.0031582125356706611 -0.018164811193914134 0.0036486220912878339 -0.0084069921169759934 -0.00021958923586431402 -0.020254805399773659 -0.10493827796741347 -0.010993470018093606 0.026562674296481542 0.122615226180233 -0.001215667989562691 0.034784502227629369 -0.044390475357857152 0.6356489348875648 0.52107077396003032 0.01071777748672458 0.0038023051712494276 -0.026130181993546744 0.26494877782607967 0.0042443898351503728 -0.022864693990360518 0.00015674290185764097 -0.0087760170983342718 -0.037726488804815952 -0.01126070166735308 0.55975053844054556 0.015985625780531972 0.17887926911760546 0.35143816634914149 -0.078479680841748098 0.1123101318884988
leaf_weight=1836.4436974152923 422.32851064251736 3589.4477870771661 2476.6895348886028 8912.1375052183867 448.5617909161374 0.63177208695560594 1931.8542629759759 303.38373485766351 21.293440571054816 1191.9581769658253 103.52865436300635 1.6869376376271246 0.94705848582088981 0.94756997376680407 1.7465417645871637 9472.0022938996553 65.577327765524387 2.3848558850586405 126.7625537365675 10.687324464321135 789.21829366218299 36.144115749746561 10.129728857427832 1.0852803811430938 0.60335437580943097 10.89158007130027 3.4510884918272478 2.148701336234808 3.0175334177911282 2.628463014960289
leaf_count=8039 11767 39208 36226 78077 23457 18 29994 4308 373 14401 1639 67 38 11 68 41926 696 26 1401 90 11687 438 175 36 21 120 41 22 35 24
internal_value=-9.75263e-05 0.000145803 -0.001279 -0.00235357 -0.00487324 -0.00390138 -0.00568 -0.00285885 0.00896791 0.00257842 0.0159965 0.163306 0.245304 0.306074 0.190219 0.00267195 0.0133447 0.00359019 0.015623 0.0565887 0.00274994 0.0323012 0.0771401 -0.00479357 0.192763 0.0414504 0.0725001 0.127234 0.0588245 0.219867
internal_weight=31780.3 31358 20049.5 16460.1 7547.96 7099.4 5570.4 3638.55 1161.86 1529 337.038 5.95988 4.27294 3.64117 2.69411 11308.4 331.078 227.549 161.972 35.2095 858.474 69.2559 33.1118 11.8184 1.68863 32.8247 22.1374 11.2458 6.46862 4.77716
internal_count=304429 292662 242697 203489 125412 101955 83258 53264 17038 18697 4296 202 135 117 79 49965 4094 2455 1759 358 12730 1043 605 232 57 332 242 122 76 46
is_linear=0
shrinkage=0.1


Tree=44
num_leaves=31
num_cat=0
split_feature=3 2 1 4 4 3 3 0 0 0 2 4 3 2 0 4 0 2 1 0 4 2 2 2 0 2 1 0 1 2
split_gain=12.7395 18.252 9.28493 9.24406 7.63159 7.26792 30.8945 55.9706 8.32467 6.7065 6.24931 8.55336 8.49924 12.1809 8.2452 7.20562 7.11198 6.63307 6.47135 6.90996 14.359 7.94672 6.57305 6.22536 6.01637 6.98489 5.80623 5.71844 5.63225 5.57031
threshold=0.17500000000000002 2.0750000000000006 4.5000000000000009 0.45475000000000004 0.34734999999999999 1.4450000000000001 1.4550000000000003 11.500000000000002 22.500000000000004 6.4800000000000013 7.6550000000000011 0.44470000000000004 0.15500000000000003 7.8550000000000013 7.5000000000000009 0.33265000000000006 6.4800000000000013 7.9450000000000012 2.5000000000000004 23.500000000000004 0.42890000000000006 7.5650000000000004 3.5850000000000004 6.3250000000000011 2.5000000000000004 1.7050000000000003 1.5000000000000002 21.500000000000004 1.5000000000000002 7.0650000000000004
decision_type=2 2 2 2 2 2 2 2 2 2 2 2 2 2 2 2 2 2 2 2 2 2 2 2 2 2 2 2 2 2
left_child=3 5 -3 10 23 -2 7 -7 9 24 18 12 13 -12 -14 -16 -15 28 22 -20 21 -21 -1 -4 -8 -26 -18 -24 -17 -6
right_child=1 2 4 -5 29 6 8 -9 -10 -11 11 -13 14 16 15 17 26 -19 19 20 -22 -23 27 -25 25 -27 -28 -29 -30 -31
leaf_value=-0.019334110662102107 -0.056303791187141385 -0.0019073237860893822 -0.025994851349624912 0.007180931623207449 6.796677162244631e-05 2.3033783244902 -0.10204780793513149 -0.10089905006104075 0.47587862114189194 -0.1023872913787502 0.024945022936962973 -0.08591863491923285 0.10452471411874154 -0.082061192517620313 0.052447811275919999 -0.099752243676422048 0.031380392948072398 -0.13590129917037985 -0.0011369650523365092 -0.019947687953378333 0.063663128712348568 0.14266887621432139 0.0011882012964081088 0.012445690395372544 0.13348813452666783 0.71706749171095263 -0.023530867282711875 0.0078636926810083004 0.053002110331128796 -0.05662819249066256
leaf_weight=145.8344522099942 84.739125807303935 6274.0481989830732 402.83827284071594 2197.5344305075705 358.07628398016095 0.16637911833822627 0.8719597747549418 0.23161774873733521 0.34681961033493269 4.2282527619972825 169.46029988303781 8.4422857463359815 18.493714928627014 14.918333321809767 34.15692362934351 3.3689417541027096 27.03071765601635 4.2478269934654227 9775.6909158453345 391.58115937653929 22.366953860968351 3.0283380150794974 10196.084270890802 47.049969311803579 1.2714506685733793 0.24454472959041584 66.95108537375927 1468.0083081275225 8.5133887454867345 18.210224129259586
leaf_count=1369 7707 57924 15574 16780 11727 22 101 27 45 458 1125 59 101 99 228 17 141 27 118122 5320 249 22 56878 715 142 32 515 8445 60 398
internal_value=-9.19714e-05 -0.00379331 -0.00321957 0.000992144 -0.0131849 -0.0480243 0.0472877 0.904188 -0.00169154 -0.0267256 0.000383862 0.013535 0.0159537 0.0081757 0.0474317 0.026435 -0.0179192 -0.0286493 0.000171327 -0.00167471 -0.0142817 -0.0186997 0.00176457 -0.0219747 0.107245 0.227625 -0.00773748 0.00202836 0.00969238 -0.00267582
internal_weight=31748 7192.32 7100.22 24555.7 826.175 92.1002 7.36102 0.397997 6.96303 6.61621 22358.2 355.584 347.141 278.36 68.7808 50.2871 108.9 16.1302 22002.6 10192.7 416.976 394.609 11809.9 449.888 2.38796 1.516 93.9818 11664.1 11.8823 376.287
internal_count=304429 94872 86338 209557 28414 8534 827 49 778 733 192777 2372 2313 1880 433 332 755 104 190405 123713 5591 5342 66692 16289 275 174 656 65323 77 12125
is_linear=0
shrinkage=0.1


Tree=45
num_leaves=31
num_cat=0
split_feature=3 3 1 2 2 4 2 4 0 2 0 1 4 2 4 4 4 2 2 2 4 2 4 4 2 2 0 2 3 2
split_gain=11.5732 9.48372 13.1699 12.4464 8.68916 8.65269 9.435 7.62837 8.25322 9.51219 8.68298 10.3665 8.4442 7.61027 10.1956 9.74065 18.1148 6.34757 6.34334 10.9882 6.30425 7.27909 9.11912 10.3137 6.76035 10.8426 6.67501 10.4725 6.28743 6.30205
threshold=0.58500000000000008 0.15500000000000003 5.5000000000000009 7.4350000000000014 28.170000000000005 0.30785000000000001 3.1750000000000003 0.11610000000000002 10.500000000000002 3.3950000000000005 12.500000000000002 5.5000000000000009 0.54585000000000006 6.6850000000000014 0.28540000000000004 0.5011500000000001 0.53145000000000009 6.3650000000000011 6.5450000000000008 6.495000000000001 0.26175000000000004 3.3350000000000004 0.29735000000000006 0.28755000000000003 6.6450000000000005 6.6250000000000009 5.5000000000000009 6.4850000000000012 0.12500000000000003 6.8850000000000007
decision_type=2 2 2 2 2 2 2 2 2 2 2 2 2 2 2 2 2 2 2 2 2 2 2 2 2 2 2 2 2 2
left_child=1 7 3 5 -2 6 -3 -1 12 -10 11 18 20 14 -4 -15 -17 -12 19 -11 24 22 23 -22 25 26 27 -9 29 -26
right_child=4 2 13 -5 -6 -7 -8 8 9 10 17 -13 -14 15 -16 16 -18 -19 -20 -21 21 -23 -24 -25 28 -27 -28 -29 -30 -31
leaf_value=0.012640448386316814 -0.048792850937835357 -0.031956875612051933 -0.039459482058339559 0.030603488429508791 0.015742689442570467 0.0005456926788213911 -0.0035417373917558332 0.0066481204016072496 -0.067719658906684341 -0.0018635749445107472 -0.0021864254016132766 -0.044259473000315776 0.029249974639436124 0.0033956363333625208 -0.011019191568698183 0.40655953643465442 0.0095276822189582361 0.0044544103501729694 -0.014386353233905172 0.066321211545273956 0.055950552039056238 0.0048506635394052477 0.034924475608520258 0.41367798006766815 0.055208906807893143 -0.18816196915604322 -0.023716584820577605 -0.073322320613480915 0.018317352823889011 -0.069718072318680407
leaf_weight=651.18404337391257 82.295893605798483 119.12444767076522 168.91070224437863 124.76717587560415 27.948471274226904 11411.778194522485 6129.963740138337 221.43736829701811 21.141453778371215 586.26102759689093 2945.8633361887187 75.325857268646359 133.96711257845163 108.70206724479795 496.75487726274878 1.7411977723240841 3.3797624707221985 2814.4721048511565 490.27228257805109 24.627580635249615 1.7459076317027238 4660.8473362354562 13.951724915765224 1.4970130566507578 5.3501726314425495 3.4688359014689913 209.44719393458217 17.682998735457659 152.53005873411894 16.46473354101181
leaf_count=5248 4480 3680 8470 735 285 102079 58581 1865 497 4433 26197 1480 923 1653 21584 21 46 20349 3212 160 29 34889 265 18 39 25 1882 119 1070 115
internal_value=-8.82675e-05 2.4527e-05 -0.0014275 -0.000869912 -0.0324322 -0.00109226 -0.00408341 0.00209059 0.0015364 -0.000744774 -0.000540654 -0.00836926 0.00445498 -0.01415 -0.0182358 0.00974508 0.144524 0.00105825 -0.00591416 0.000885251 0.00382876 0.00509025 0.0700347 0.221086 -0.00559253 -0.0120444 -0.0106824 0.00073429 0.0111356 -0.0390793
internal_weight=31722.9 31612.7 18565.1 17785.6 110.244 17660.9 6249.09 13047.5 12396.4 6957.96 6936.82 1176.49 5438.39 779.489 665.666 113.823 5.12096 5760.34 1101.16 610.889 5304.42 4678.04 17.1946 3.24292 626.381 452.036 448.568 239.12 174.345 21.8149
internal_count=304429 299664 196849 165075 4765 164340 62261 102815 97567 56328 55831 9285 41239 31774 30054 1720 67 46546 7805 4593 40316 35201 312 47 5115 3891 3866 1984 1224 154
is_linear=0
shrinkage=0.1


Tree=46
num_leaves=31
num_cat=0
split_feature=2 4 1 0 0 2 4 4 3 4 2 3 3 0 2 0 0 0 0 0 3 2 0 0 4 2 4 4 2 2
split_gain=9.77384 10.7822 8.03259 8.41001 7.03947 7.0156 8.894 13.9029 9.4609 8.75969 28.4232 7.38773 6.67761 5.81927 9.92785 5.94497 31.3624 15.6774 8.92163 9.61096 9.50211 8.12059 6.74027 16.1781 7.80081 7.4286 9.99836 7.03503 6.59102 5.62857
threshold=2.0750000000000006 0.61920000000000008 1.5000000000000002 4.5000000000000009 23.500000000000004 4.6650000000000009 0.40040000000000003 0.41715000000000008 0.15500000000000003 0.41614999999999996 4.2650000000000006 0.12500000000000003 0.19500000000000003 22.500000000000004 6.9050000000000011 14.500000000000002 13.500000000000002 12.500000000000002 19.500000000000004 17.500000000000004 0.13500000000000004 4.6850000000000014 9.5000000000000018 6.4800000000000013 0.30695000000000006 6.0150000000000006 0.42010000000000008 0.31915000000000004 5.8850000000000007 7.1650000000000009
decision_type=2 2 2 2 2 2 2 2 2 2 2 2 2 2 2 2 2 2 2 2 2 2 2 2 2 2 2 2 2 2
left_child=1 -1 4 -4 13 6 8 9 -5 -8 12 -9 -11 15 -15 16 17 22 19 20 -17 -19 23 24 -2 26 -24 -26 -28 -27
right_child=2 -3 3 5 -6 -7 7 11 -10 10 -12 -13 -14 14 -16 18 -18 21 -20 -21 -22 -23 25 -25 27 29 28 -29 -30 -31
leaf_value=-0.03827695572397468 -0.0086881611324508209 0.070083506698358763 0.0031837514373370297 0.0081434222489352084 0.013671530151080028 -0.0012230679443514176 0.025354136010506623 0.15216539710718938 -0.012421073476664353 -0.10844192401062501 0.38892338229518858 -0.005438653295524295 0.12390340480546883 -0.015334137479641087 0.035655415045623862 0.028341140832925826 -0.024312499331463743 -0.0069428968551665422 -0.00090875282462119379 0.016880903582430117 0.0011126495875359262 0.030082062697341462 0.0046337774192971712 0.011465774464398016 0.021237416721024052 -0.017748624670760056 -0.034048418839695276 0.00034182623823732602 0.073832559844636228 0.010268468364938783
leaf_weight=106.75414883671328 979.85258556902409 10.046812145039437 3629.9618279095739 254.87361714895815 506.2636151611805 13847.511299838312 132.53360072616488 2.9933276120573273 1830.0005322629586 2.8613912165164939 2.8098228238523006 466.51316256448627 2.1788494335487485 368.90411661565304 42.593877449631691 142.41983807086945 481.7595067024231 74.719823613762856 1469.9463316500187 936.88230658322573 1280.5985335558653 285.89447741210461 796.26685789972544 1465.4037649407983 177.75846176594496 497.51433417201042 100.61063700914383 1721.6528462171555 6.0010013878345481 83.780457705259323
leaf_count=9105 4314 416 39377 4870 2314 144151 2408 36 44528 49 42 8777 58 1604 225 679 2123 346 6559 4175 5633 1256 3400 6510 781 2270 422 7550 26 425
internal_value=-8.20953e-05 -0.0289562 2.46602e-05 -0.00117506 0.00214406 -0.00213154 -0.00679985 0.00382205 -0.00990709 0.0314335 0.134073 -0.00443385 -0.00800119 0.00160926 -0.0100562 0.00206639 0.000263598 0.00217649 0.00520668 0.0090159 0.00383776 0.0224104 0.000924673 0.00291219 -0.00144116 -0.00489346 0.000783228 0.00229736 -0.027976 -0.0137106
internal_weight=31707.9 116.801 31591.1 20172.2 11418.8 16542.3 2694.76 609.89 2084.87 140.384 7.85006 469.506 5.04024 10912.6 411.498 10501.1 6671.21 6189.46 3829.85 2359.9 1423.02 360.614 5828.84 4344.67 2879.26 1484.17 902.878 1899.41 106.612 581.295
internal_count=304429 9521 294908 244296 50612 204919 60768 11370 49398 2557 149 8813 107 48298 1829 46469 29423 27300 17046 10487 6312 1602 25698 19155 12645 6543 3848 8331 448 2695
is_linear=0
shrinkage=0.1


Tree=47
num_leaves=31
num_cat=0
split_feature=3 3 1 0 2 4 3 3 3 0 0 2 2 4 4 3 2 2 2 2 2 2 2 4 4 4 1 4 0 2
split_gain=9.37259 7.60306 7.23458 9.80394 8.24434 8.18458 6.50891 5.38814 6.56687 12.6142 17.2025 5.30867 5.41491 4.85581 13.4776 11.4527 7.78177 8.45825 5.41772 5.61383 5.47853 10.1254 9.32844 8.27277 6.17548 4.74546 9.12645 4.53896 7.60597 8.17444
threshold=0.58500000000000008 5.9750000000000005 3.5000000000000004 1.5000000000000002 4.705000000000001 0.32735000000000009 0.21500000000000002 1.2950000000000002 1.3150000000000002 12.500000000000002 8.5000000000000018 1.0000000180025095e-35 2.0750000000000006 0.42300000000000004 0.43085000000000001 0.16500000000000004 4.6250000000000009 4.3650000000000011 4.1850000000000014 4.4650000000000007 6.3850000000000007 5.6950000000000012 6.4850000000000012 0.47210000000000002 0.44295000000000001 0.54585000000000006 4.5000000000000009 0.51735000000000009 11.500000000000002 6.2150000000000007
decision_type=2 2 2 2 2 2 2 2 2 2 2 2 2 2 2 2 2 2 2 2 2 2 2 2 2 2 2 2 2 2
left_child=2 7 11 13 5 6 -5 -2 9 10 -9 -1 -13 -4 15 -15 17 -17 -16 -20 21 23 -22 24 -21 26 -25 -6 29 -29
right_child=1 -3 3 4 27 -7 -8 8 -10 -11 -12 12 -14 14 18 16 -18 -19 19 20 22 -23 -24 25 -26 -27 -28 28 -30 -31
leaf_value=0.068295662803836185 -0.10072687510707184 0.050620896179303113 0.0072783249629311958 -0.016141511765093614 -0.0021829166765705578 -0.0033945950921641186 -0.064620693629444545 -0.10069159147198919 -0.032397694499900313 -0.10066962931851187 1.2374179467467132 -0.054463089267857645 0.00098394552688973384 0.050641818155623325 -0.085614573545593209 0.19248354896137485 0.12571668297617378 0.55853576071669464 0.15604711168299612 0.075960699990865882 0.20117082072348899 -0.062653777742597033 0.024558743982562203 0.056931238432000167 -0.092913152215172767 0.025495022015133748 0.32454149624303708 0.057922064691957847 -0.0060201366406900528 0.004265093811072403
leaf_weight=11.707698864862321 12.172787152230738 10.617794267833231 389.54649720154703 624.73037160653621 6739.701195243746 846.47722728084773 28.979468828998506 0.16811583004891772 82.948862928431481 0.47925755754113197 0.22420049365609884 17.626791023649275 22610.083668058738 8.2863892232999188 4.9223625999875358 1.3352084970101707 2.9050071835517883 1.1972662322223184 3.0361865833401671 3.7339711580425519 3.7349758706986931 16.906731955707073 15.007342383265494 2.8554843217134458 5.1549424808472395 3.4998331312090158 2.3015137296169996 55.53543371707201 114.61641581356525 58.092614602297544
leaf_count=101 1740 83 5454 21617 90852 24892 1818 25 2810 73 34 432 151266 84 145 31 32 19 59 52 31 139 113 23 70 35 38 597 1288 476
internal_value=-7.52169e-05 -0.0296756 2.47364e-05 -0.00238517 -0.00316102 -0.00988558 -0.0182906 -0.0385571 -0.0295286 0.243531 0.66401 0.000975585 0.000940753 0.0117613 0.035084 0.124642 0.237413 0.36554 0.0149857 0.0237921 0.0162434 -0.00742664 0.0597541 0.0457891 -0.0219742 0.115369 0.176363 -0.00171323 0.0121558 0.0304898
internal_weight=31678.6 106.611 31572 8932.56 8468.13 1500.19 653.71 95.9932 83.8204 0.871574 0.392316 22639.4 22627.7 464.424 74.8772 13.7239 5.43748 2.53247 61.1533 56.231 53.1948 34.4525 18.7423 17.5457 8.88891 8.65683 5.157 6967.95 228.244 113.628
internal_count=304429 4765 299664 147865 141540 48327 23435 4682 2942 132 59 151799 151698 6325 871 166 82 50 705 560 501 357 144 218 122 96 61 93213 2361 1073
is_linear=0
shrinkage=0.1


Tree=48
num_leaves=31
num_cat=0
split_feature=3 3 1 2 1 2 2 4 2 4 0 2 0 1 2 4 4 4 1 2 4 4 0 2 2 1 4 0 2 0
split_gain=7.96678 6.77074 10.1212 10.3201 7.48203 6.90818 6.68412 6.5839 6.92898 6.26539 6.30977 8.4405 6.52493 9.76095 6.17089 9.15813 8.28117 25.4893 14.3412 8.93577 10.1759 7.92181 8.75987 7.38503 7.19052 8.11851 11.2701 7.22397 6.98016 6.9308
threshold=0.58500000000000008 0.15500000000000003 5.5000000000000009 7.7350000000000012 4.5000000000000009 2.4450000000000007 28.170000000000005 0.30785000000000001 3.1750000000000003 0.11610000000000002 10.500000000000002 3.3950000000000005 13.500000000000002 5.5000000000000009 6.8650000000000011 0.31345000000000006 0.32095000000000007 0.31830000000000008 1.5000000000000002 6.9850000000000012 0.33805000000000002 0.34075000000000005 11.500000000000002 6.955000000000001 6.8850000000000007 1.5000000000000002 0.38715000000000005 2.5000000000000004 6.8850000000000007 21.500000000000004
decision_type=2 2 2 2 2 2 2 2 2 2 2 2 2 2 2 2 2 2 2 2 2 2 2 2 2 2 2 2 2 2
left_child=1 9 3 7 -5 -4 -2 8 -3 -1 -11 -12 13 -13 -9 -16 17 23 -19 20 29 -22 24 -17 25 -23 -27 -26 -24 -18
right_child=6 2 5 4 -6 -7 -8 14 -10 10 11 12 -14 -15 15 16 19 18 -20 -21 21 22 28 -25 27 26 -28 -29 -30 -31
leaf_value=0.011305756308748159 -0.043066456248920353 -0.027956045598512225 -0.064459019058888914 0.026639586897389086 0.13082258922761891 -0.010733895898513514 0.01401609162813759 3.8153269242851672e-05 -0.0030287121861566823 0.0038084693387619053 -0.06531325142105919 -0.0041833937135844152 0.0011235951852682415 -0.036981482603396426 -0.058670555878995279 -0.12594733180362325 -0.052381824795122746 0.062197614814926597 0.33045147869580399 -0.00075811090728107361 0.13990464294927046 0.023548936896640216 -0.078912811878484257 0.03315902121765972 0.10604025995119813 0.25869774782198945 0.061914881570361818 0.022328787923070532 0.017280143535604503 0.072638797491856588
leaf_weight=653.76237998064607 76.097805232275277 113.5798381944187 24.733101080171764 55.236947476863861 7.8761769235134116 740.4544566180557 28.083866104483604 10906.247263463214 6122.0921883070841 5449.2405625358224 20.182008877396584 1488.7947152517736 5338.9199203038588 96.628491634503007 18.247867166996002 3.3435941562056568 22.961188793182377 3.4881205260753614 4.649326391518116 298.15951131284237 7.0963224470615378 7.0980001389980343 8.622907027602194 22.879960484802723 12.66386157274246 5.7580734491348249 5.8848735019564629 55.432181917130947 60.268162496387959 5.4955477118492118
leaf_count=5248 4480 3680 3141 304 56 28633 285 99017 58690 41239 497 10608 43222 2001 115 23 143 16 34 1827 45 32 53 144 66 40 39 337 378 36
internal_value=-7.12321e-05 1.99033e-05 -0.00120976 -0.000724238 0.0396411 -0.0124704 -0.0276789 -0.0008683 -0.00348275 0.00176459 0.0012613 -0.000737422 -0.000549207 -0.00618237 0.000555743 0.0109698 0.0133959 0.0608507 0.215464 0.0100644 0.026934 0.0365763 0.0318678 0.0128724 0.0529927 0.107845 0.159235 0.0378967 0.00523993 -0.0282379
internal_weight=31664 31559.8 18512.3 17747.1 63.1131 765.188 104.182 17684 6235.67 13047.5 12393.8 6944.53 6924.34 1585.42 11448.3 542.049 523.802 34.361 8.13745 489.441 191.281 162.824 155.728 26.2236 86.837 18.7409 11.6429 68.096 68.8911 28.4567
internal_count=304429 299664 196849 165075 360 31774 4765 164715 62370 102815 97567 56328 55831 12609 102345 3328 3213 217 50 2996 1169 990 945 167 514 111 79 403 431 179
is_linear=0
shrinkage=0.1


Tree=49
num_leaves=31
num_cat=0
split_feature=3 2 4 4 4 1 0 3 4 2 2 2 3 0 4 4 4 4 0 0 2 4 3 4 2 2 2 4 2 2
split_gain=6.97548 11.8586 8.02062 7.58111 5.34563 4.96716 6.38714 4.83236 4.9676 4.72643 9.17055 17.3061 7.90168 22.0352 7.062 17.5451 14.4655 25.3384 7.09628 5.36169 7.09913 9.54541 13.0581 12.763 16.892 5.28593 7.13071 8.91495 6.00527 4.93936
threshold=0.18500000000000003 2.0750000000000006 0.71190000000000009 0.38085000000000008 0.49050000000000005 4.5000000000000009 14.500000000000002 0.19500000000000003 0.38815000000000005 5.0050000000000008 5.955000000000001 5.8850000000000007 0.21500000000000002 8.5000000000000018 0.34945000000000004 0.36850000000000005 0.36660000000000009 0.36735000000000001 11.500000000000002 5.5000000000000009 3.2650000000000001 0.46925000000000006 0.24500000000000002 0.51075000000000015 4.2650000000000006 4.4050000000000011 4.6850000000000014 0.41355000000000003 3.5850000000000004 4.6650000000000009
decision_type=2 2 2 2 2 2 2 2 2 2 2 2 2 2 2 2 2 2 2 2 2 2 2 2 2 2 2 2 2 2
left_child=4 3 5 -2 -1 -3 7 8 -7 14 11 12 -11 -14 -9 16 18 -18 29 -17 -21 22 25 24 -23 28 27 -27 -22 -16
right_child=1 2 -4 -5 -6 6 -8 9 -10 10 -12 -13 13 -15 15 19 17 -19 -20 20 21 23 -24 -25 -26 26 -28 -29 -30 -31
leaf_value=0.00016503576646170509 -0.07460569779184234 -0.0017975200711689923 -0.10229360079747148 -0.0094173172629883513 0.0065324626163128039 -0.028395439881182441 -0.028714854702097628 -0.033554196290598685 0.01524877988288844 0.036891223650812453 -0.017460794830985931 0.47272106564735322 -0.046042639915882283 0.47653440386815737 0.20559099170918882 -0.064386405713337133 1.1313475123002099 0.083871336620184353 -0.10229005982759332 -0.10160923427960833 0.23330625772066169 0.78563959100015301 0.53524174999565421 -0.10297482756085857 0.12177566588855504 0.03481450630889131 -0.10421557564424003 0.43084565123351565 -0.10260363143191063 -0.10372526401063015
leaf_weight=26458.023988218512 38.4459228804335 3310.279143948108 8.1680072164162976 33.284977702889591 1387.6220897771418 96.125360820442438 164.46642884006724 39.222394363954663 35.788725461810827 23.979491807520397 19.301866367459297 1.0379713363945473 1.6903960928320878 1.543823756277561 4.221975469030439 10.356066778302194 0.40528773795813311 0.53681725542992353 1.2197368452325461 3.2697837073355904 0.59637693129479519 0.67544438689947062 0.4703494021669038 0.70783757604658593 0.88612778577953577 1.4484233772382147 1.2556919232010839 0.93554743099957693 4.9468305455520749 0.58817690052092064
leaf_count=236675 3978 32556 81 3996 10725 3466 6881 2147 1107 639 452 25 41 33 228 495 21 28 70 244 34 32 23 37 30 55 37 34 239 20
internal_value=-6.64878e-05 -0.00408201 -0.00330835 -0.0443566 0.000482341 -0.00309136 -0.013395 -0.00336511 -0.0165546 0.0112194 0.0356678 0.0719659 0.0566805 0.203404 -0.0049858 0.0294701 0.170076 0.534489 0.11314 -0.00890028 0.0289224 0.0647208 0.0213365 0.249261 0.408924 -0.00498584 0.0886456 0.19023 -0.0664641 0.167768
internal_weight=31651.5 3805.85 3734.12 71.7309 27845.6 3725.96 415.677 251.211 131.914 119.296 47.5535 28.2517 27.2137 3.23422 71.7429 32.5205 6.97199 0.942105 6.02989 25.5485 15.1924 11.9226 9.65322 2.26941 1.56157 9.18287 3.63966 2.38397 5.54321 4.81015
internal_count=304429 57029 49055 7974 247400 48974 16418 9537 4573 4964 1190 738 713 74 3774 1627 367 49 318 1260 765 521 422 99 62 399 126 89 273 248
is_linear=0
shrinkage=0.1


Tree=50
num_leaves=31
num_cat=0
split_feature=3 3 1 0 2 0 4 4 0 0 4 0 0 0 0 0 3 4 2 2 4 2 0 3 4 2 4 2 3 3
split_gain=6.18608 6.67072 5.9014 8.3886 7.40541 5.85485 4.76572 5.73821 4.55734 6.48801 14.437 8.30191 18.7667 17.496 12.4098 7.91589 7.48718 7.25139 8.70146 6.52232 6.57797 6.399 6.08102 8.09727 5.91212 7.20886 7.67139 6.52958 10.7709 6.16301
threshold=0.58500000000000008 1.2950000000000002 1.5000000000000002 23.500000000000004 6.9050000000000011 23.500000000000004 0.53145000000000009 0.49550000000000005 4.5000000000000009 9.5000000000000018 0.46175000000000005 14.500000000000002 13.500000000000002 12.500000000000002 19.500000000000004 17.500000000000004 0.13500000000000004 0.46925000000000006 4.3850000000000007 6.5450000000000008 0.34610000000000002 4.6650000000000009 6.4800000000000013 0.19500000000000003 0.41875000000000001 6.0150000000000006 0.41045000000000004 6.1550000000000011 0.13500000000000004 0.18500000000000003
decision_type=2 2 2 2 2 2 2 2 2 2 2 2 2 2 2 2 2 2 2 2 2 2 2 2 2 2 2 2 2 2
left_child=2 -2 5 -4 -5 8 7 -7 -1 10 22 12 13 24 15 16 -13 -12 -19 20 -16 -15 23 -10 25 -11 27 28 -27 -29
right_child=1 -3 3 4 -6 6 -8 -9 9 11 17 14 -14 21 19 -17 -18 18 -20 -21 -22 -23 -24 -25 -26 26 -28 29 -30 -31
leaf_value=-0.0031666246122792883 -0.10062054879669252 -0.016067528630011891 -0.0005871846362733151 -0.014101266314378948 0.015441650848975561 0.012375959578368356 0.066850546654086768 -0.056602351073176883 0.00068727420957238015 0.0039874825964715454 0.087019241797803154 0.025264693714359111 -0.02175804443414904 -0.0066273810479451512 -0.00035607364697398929 0.015265964802243723 0.00098659753168846374 0.078243383493550617 0.016221473937871583 0.0086054587981925692 -0.013924387681047168 0.026880070004943649 0.0086876289176935108 -0.036653581944561878 -0.02083754488671926 0.071799772789338218 0.06940724749278801 -0.0068741770844813824 -0.057236739004699125 -0.087368765369455953
leaf_weight=1857.1769089251757 10.403111547697334 90.514595820102841 19301.431807659566 750.35815175343305 95.665655221790075 476.6038112193346 15.557846307754515 12.373203203082083 869.18337421119213 792.73130716383457 21.941757529973984 141.0587210059166 481.3676740899682 71.08343394100666 884.86250308901072 932.12954200804234 1276.7737854346633 26.83086134493351 144.14965310692787 396.30357284843922 599.30413364619017 287.54345941543579 1355.5194805786014 62.230233415961266 190.13050083816051 7.2867718636989585 11.503225952386854 416.93235193192959 57.630338311195374 9.7337864339351636
leaf_count=8185 1740 3025 237592 10702 743 2185 72 57 3796 3390 99 680 2120 335 3798 4168 5623 120 664 2011 2587 1270 6020 291 846 32 54 1939 244 41
internal_value=-6.4707e-05 -0.0247837 1.43721e-05 -0.00101438 -0.0107606 0.00183284 0.0123641 0.0106305 0.00134508 0.00227235 0.00662929 0.000624404 -0.00417459 0.000414062 0.00326295 0.00810793 0.003402 0.0328993 0.0259542 -0.00279167 -0.00583494 0.0202386 0.00441318 -0.00180757 -0.00437049 -0.00195434 -0.0113171 -0.0132061 -0.0427527 -0.00871055
internal_weight=31646.3 100.918 31545.4 20147.5 846.024 11397.9 504.535 488.977 10893.4 9036.23 2479.86 6556.38 2325.94 1844.58 4230.43 2349.96 1417.83 192.922 170.981 1880.47 1484.17 358.627 2286.93 931.414 1485.95 1295.82 503.086 491.583 64.9171 426.666
internal_count=304429 4765 299664 249037 11445 50627 2314 2242 48313 40128 10990 29138 10271 8151 18867 10471 6303 883 784 8396 6385 1605 10107 4087 6546 5700 2310 2256 276 1980
is_linear=0
shrinkage=0.1


Tree=51
num_leaves=31
num_cat=0
split_feature=3 2 3 4 2 0 0 4 4 1 0 0 1 2 2 3 2 4 3 4 2 2 3 0 1 0 4 2 3 3
split_gain=5.73346 8.27288 5.80511 5.5949 5.11829 7.94854 10.1271 6.96666 5.97177 5.8679 5.17653 8.41894 5.06016 6.17412 10.3057 6.13614 5.79447 5.70024 5.61049 5.27346 5.08466 7.3306 8.76556 7.43699 7.91279 6.04112 5.46519 6.17659 5.05378 4.99151
threshold=0.17500000000000002 2.0750000000000006 1.405 0.45475000000000004 7.1850000000000014 20.500000000000004 21.500000000000004 0.46025000000000005 0.46440000000000009 2.5000000000000004 3.5000000000000004 5.5000000000000009 4.5000000000000009 6.955000000000001 7.5050000000000008 2.1350000000000002 6.9750000000000005 0.39515000000000006 4.1000000000000005 0.61920000000000008 6.6450000000000005 6.785000000000001 0.18500000000000003 17.500000000000004 5.5000000000000009 6.4800000000000013 0.27790000000000009 7.2250000000000005 0.14500000000000005 0.13500000000000004
decision_type=2 2 2 2 2 2 2 2 2 2 2 2 2 2 2 2 2 2 2 2 2 2 2 2 2 2 2 2 2 2
left_child=3 2 -2 -1 -5 7 9 29 -9 -7 -10 28 13 15 16 19 -15 20 -16 -3 -14 22 23 24 -22 -23 27 -27 -12 -6
right_child=1 12 -4 4 5 6 -8 8 10 -11 11 -13 17 14 18 -17 -18 -19 -20 -21 21 25 -24 -25 -26 26 -28 -29 -30 -31
leaf_value=0.0001917017207693232 -0.04515241475167308 -0.0013746828829130761 0.043948302009362838 0.0040410326563358832 0.14284831222823563 0.077978606397920799 0.023167604548754078 -0.096434738593253175 -0.057101012770565007 0.23930893802344713 0.14294683048519594 0.0082884693943976306 -0.016861336496958874 0.11979758224741138 -0.050021017868736563 -0.11937574474144903 0.034899028345457599 0.0047360997452591952 0.014250146516410774 -0.037413139708197422 0.15439150419826564 0.078220965341710302 -0.048563826877461733 0.27186577394103606 -0.10558777590733281 0.16497220655506636 -0.081155511103668476 -0.11038977884847555 0.014387229879925641 0.014531350781079125
leaf_weight=22303.460401210003 67.332541210111231 6066.4649668214843 8.2030341927893442 2028.7747755721211 6.829120069742201 4.4777881950140017 13.916181229054926 5.3319786936044684 10.209586463868616 4.5406601577997208 7.94176137447357 114.87130477279425 561.3381487489678 9.2480436414480192 22.486356377601624 4.428080139681696 61.503107026219368 203.31838043686002 34.29979420080781 40.877054743468761 3.7600148245692271 5.3285179287195232 3.3910775631666175 2.888119999319315 1.7000411376357076 2.1912741512060161 10.932976529002188 1.2965952381491659 4.9722254574298859 5.4515817388892174
leaf_count=192777 7562 56606 972 15676 43 24 84 35 56 25 45 729 21505 51 232 76 357 6442 280 322 41 76 57 42 34 35 164 18 29 34
internal_value=-5.82759e-05 -0.00255821 -0.0354762 0.000666998 0.00546954 0.0217017 0.0766612 0.0136014 0.00740774 0.159206 0.0114201 0.0168947 -0.00220479 -0.00124679 0.0205295 -0.00170121 0.0459963 -0.00971251 -0.0112001 -0.00161589 -0.0146679 0.0244344 0.0870164 0.14209 0.0734444 -0.012765 -0.0463844 0.062608 0.093448 0.0858866
internal_weight=31621.8 7110.99 75.5356 24510.8 2207.32 178.542 22.9346 155.608 143.327 9.01845 137.995 127.785 7035.45 6239.31 127.537 6111.77 70.7512 796.145 56.7862 6107.34 592.827 31.4886 11.7393 8.34818 5.46006 19.7494 14.4208 3.48787 12.914 12.2807
internal_count=304429 94872 8534 209557 16780 1104 133 971 894 49 859 803 86338 57924 920 57004 408 28414 512 56928 21972 467 174 117 75 293 217 53 74 77
is_linear=0
shrinkage=0.1


Tree=52
num_leaves=31
num_cat=0
split_feature=4 4 2 2 2 0 3 0 1 3 0 2 2 2 0 4 2 0 4 2 2 0 1 3 3 4 4 0 4 4
split_gain=5.48549 9.65428 9.09744 5.41174 13.0458 6.2175 6.02951 5.06001 4.75537 6.64744 7.00163 11.8992 7.03129 11.9011 41.3196 9.03458 7.47051 10.0964 6.57299 6.53403 7.5121 6.47335 6.14801 5.17491 5.06335 8.74549 9.51309 4.89321 10.5099 7.41775
threshold=0.28540000000000004 1.0000000180025095e-35 3.1750000000000003 4.1850000000000014 4.1250000000000009 17.500000000000004 0.15500000000000003 9.5000000000000018 4.5000000000000009 0.14500000000000005 2.5000000000000004 6.0550000000000006 7.0850000000000009 7.1650000000000009 10.500000000000002 0.26715000000000005 7.5650000000000004 18.500000000000004 0.17685000000000003 5.495000000000001 5.8450000000000006 4.5000000000000009 5.5000000000000009 0.12500000000000003 0.115 0.27215000000000006 0.21630000000000002 6.4800000000000013 0.28255000000000002 0.20554999999999998
decision_type=2 2 2 2 2 2 2 2 2 2 2 2 2 2 2 2 2 2 2 2 2 2 2 2 2 2 2 2 2 2
left_child=1 3 7 4 -1 -6 -5 -3 -4 10 11 18 21 14 22 16 -15 -18 -10 -20 -21 -12 -14 -17 25 26 -23 28 29 -26
right_child=-2 2 8 6 5 -7 -8 -9 9 -11 12 -13 13 15 -16 23 17 -19 19 20 -22 24 -24 -25 27 -27 -28 -29 -30 -31
leaf_value=0.01214196183640228 0.00070706163187059246 -0.0080524329070677976 -0.0024710408382691579 0.011112241903921244 0.13672052879362734 0.0063980776312203853 -0.00307811700565822 -0.060215431516774533 0.33401091758459583 -0.015966290619659575 -0.078448018227620597 0.011115252543949015 0.48656784134618569 0.0085554163272812799 -0.086023552248145493 0.083090708189479195 0.033568646738269946 0.28036257237551426 0.30852527705103477 -0.10819934234900917 0.18858264236753677 -0.031735016010354368 0.24586602206105015 -0.090776611348561909 -0.10750401835221404 -0.10829648130085878 0.31113095518559208 -0.016237447452060922 0.23586438866679288 0.042149911704537732
leaf_weight=132.22305209422484 23698.202052689623 32.11207275185734 5618.3113472722471 529.69314627256244 13.583587844856085 5.011395225301384 688.80208137072623 44.182897618506104 1.7994080735370541 615.03163812682033 13.171181471087037 16.283760976046324 2.0047345831990224 16.742136061191562 4.083936795592308 2.0605450645089141 4.1504124477505675 2.7600125819444656 1.2086756201460955 1.7318503819406035 1.6804308071732519 1.2994565032422536 2.2545018494129181 10.115965187549589 4.1777124674990835 1.4884207434952257 2.1450604759156704 128.35061409138143 2.3206651955842963 15.983838229440151
leaf_count=2789 223116 1353 43802 4120 174 68 6812 2071 27 16285 216 191 21 196 49 24 48 24 32 30 26 19 30 122 73 24 32 2355 33 267
internal_value=-5.42044e-05 -0.00233357 -0.003931 0.00530232 0.0231714 0.101598 0.00309059 -0.0382604 -0.00352613 -0.0104931 0.00378155 0.0565731 -0.00184273 0.0336798 0.141245 0.00863218 0.0446617 0.132138 0.171866 0.108727 0.0379556 -0.0111309 0.359159 -0.0613543 -0.00543869 0.0942574 0.181784 -0.00869922 0.0343364 0.0111398
internal_weight=31613 7914.76 6545.45 1369.31 150.818 18.595 1218.5 76.295 6469.16 850.845 235.813 22.7041 213.109 44.1722 8.34317 35.8291 23.6526 6.91043 6.42036 4.62096 3.41228 168.937 4.25924 12.1765 155.766 4.93294 3.44452 150.833 22.4822 20.1616
internal_count=304429 81313 67350 13963 3031 242 10932 3424 63926 20124 3839 306 3533 514 100 414 268 72 115 88 56 3019 51 146 2803 75 51 2728 373 340
is_linear=0
shrinkage=0.1


Tree=53
num_leaves=31
num_cat=0
split_feature=3 2 2 4 4 0 4 4 4 4 4 1 1 1 0 0 1 0 4 0 2 4 2 3 2 2 0 0 2 0
split_gain=4.88878 4.86282 4.75938 7.17322 12.7305 6.72507 6.55085 7.38487 6.11758 6.01423 7.64545 9.73887 5.22962 4.40833 7.4666 5.14224 16.1115 10.6245 16.3245 10.0082 9.94258 10.1034 9.3541 9.28349 9.26798 9.19128 8.17324 18.1029 18.6941 11.412
threshold=0.21500000000000002 7.4150000000000009 7.3650000000000011 0.52330000000000021 0.5011500000000001 11.500000000000002 0.44295000000000001 0.41195000000000009 0.48300000000000004 0.38365000000000005 0.32735000000000009 4.5000000000000009 1.5000000000000002 1.5000000000000002 23.500000000000004 21.500000000000004 3.5000000000000004 17.500000000000004 0.39605000000000007 22.500000000000004 6.4050000000000011 0.22870000000000004 7.2250000000000005 0.12500000000000003 6.2250000000000005 5.6750000000000007 13.500000000000002 14.500000000000002 7.0250000000000012 11.500000000000002
decision_type=2 2 2 2 2 2 2 2 2 2 2 2 2 2 2 2 2 2 2 2 2 2 2 2 2 2 2 2 2 2
left_child=1 2 13 4 5 8 7 9 -4 10 11 12 -7 -1 15 17 19 26 -19 -17 23 -22 -21 24 25 -18 29 28 -28 -15
right_child=-2 -3 3 -5 -6 6 -8 -9 -10 -11 -12 -13 -14 14 -16 16 20 18 -20 22 21 -23 -24 -25 -26 -27 27 -29 -30 -31
leaf_value=0.0015549531279578461 -0.01111768191736324 0.0072501287973877823 -0.035637810755450271 -0.14024699851862518 0.15958728222355725 -0.0093996615231519923 0.10539591569142204 -0.098593139174902145 -0.16799691678577916 0.079836036107332267 -0.049189921401639997 -0.11132674293883769 0.09940208072967667 0.00012374751606982853 -0.010359466898551781 0.023360517131183721 0.039945627478684298 -0.010510402940754161 0.0073337154693640886 -0.00060283144832709915 0.081436549995872298 0.0044108462814968514 0.099498934651169921 -0.017460097497047324 -0.075379286794131181 0.2669410047234641 0.020886593031910275 7.0367691394848246e-05 -0.046436424534638393 -0.0092031375958708198
leaf_weight=10966.991461120546 394.27926102792844 919.95668165385723 58.654605366289616 4.6778108328580847 4.083688259124755 6.8408008068800035 5.6039230078458777 7.7906761839985839 3.7130359709262839 9.0756468474864942 23.611817665398121 3.9578046873211852 12.472038172185419 9255.6537322881632 809.20745103759691 487.85224581789225 4.0703839473426324 2282.8011419675313 661.17500608880073 379.59417267329991 18.946663502603769 168.27442247793078 9.5704486072063428 434.6059315376915 2.7790896594524384 3.1753185018897057 780.45093486225232 2316.3113363347948 43.546924367547035 1528.5016373284161
leaf_count=48377 11767 6170 395 28 24 35 34 53 24 62 171 46 80 109163 11028 4628 110 31290 7344 3487 196 1817 54 9560 33 42 9644 29730 352 18685
internal_value=-5.21398e-05 8.76347e-05 -0.000129873 -0.0184934 -0.0142995 -0.0196905 0.00173691 -0.00737537 -0.0435178 0.00532427 -0.00909994 0.0315778 0.0608634 -4.43197e-05 -0.000958462 -0.000544508 0.00504852 -0.0010448 -0.00650287 0.0138195 -0.00712564 0.0122058 0.0018589 -0.0152655 0.0798751 0.139423 0.000109171 0.00459884 0.0173287 -0.00119821
internal_weight=31608.2 31213.9 30294 140.482 135.804 131.72 69.3527 63.7488 62.3676 55.9581 46.8825 23.2706 19.3128 30153.5 19186.5 18377.3 1508.87 16868.4 2943.98 877.017 631.852 187.221 389.165 444.631 10.0248 7.2457 13924.5 3140.31 823.998 10784.2
internal_count=304429 292662 286492 952 924 900 481 447 419 394 332 161 115 285540 237163 226135 19927 206208 38634 8169 11758 2013 3541 9745 185 152 167574 39726 9996 127848
is_linear=0
shrinkage=0.1


Tree=54
num_leaves=31
num_cat=0
split_feature=4 4 2 2 3 2 4 4 0 2 1 1 0 4 3 2 2 2 3 2 2 2 2 0 0 4 4 0 0 1
split_gain=4.42766 7.78625 7.61789 4.52911 6.52208 10.0369 7.20113 11.819 6.49284 6.25014 5.73972 5.1075 4.5101 4.75444 5.42615 5.6105 4.31659 9.59152 4.84161 4.78524 6.43623 4.73922 6.25194 4.60122 4.84106 4.24817 5.00495 6.92061 13.3524 8.88813
threshold=0.28540000000000004 1.0000000180025095e-35 3.1750000000000003 4.4250000000000007 0.12500000000000003 3.5850000000000004 0.40815000000000007 0.32305 3.5000000000000004 4.3850000000000007 5.5000000000000009 3.5000000000000004 9.5000000000000018 0.19520000000000001 0.20500000000000004 2.2850000000000006 4.1850000000000014 4.1250000000000009 0.15500000000000003 7.6550000000000011 7.2650000000000006 7.3050000000000006 7.3250000000000011 10.500000000000002 8.5000000000000018 0.40305000000000002 0.40545000000000003 5.5000000000000009 12.500000000000002 4.5000000000000009
decision_type=2 2 2 2 2 2 2 2 2 2 2 2 2 2 2 2 2 2 2 2 2 2 2 2 2 2 2 2 2 2
left_child=1 16 12 4 5 8 7 -7 11 10 25 -2 -3 14 -14 -16 17 -1 19 20 -18 -22 -23 24 -19 -6 27 -27 29 -29
right_child=3 2 -4 -5 9 6 -8 -9 -10 -11 -12 -13 13 -15 15 -17 18 23 -20 -21 21 22 -24 -25 -26 26 -28 28 -30 -31
leaf_value=0.010933572485451886 0.23996786321754204 -0.0071703052747214479 -0.003175280260359418 0.0011738537193272799 -0.0037596039477739113 0.2120508406212839 0.27670647872206067 -0.12314369862631457 -0.034635806197061851 -0.020987336407369682 -0.024362048830084249 2.8964845836575466e-05 -0.045001221045617511 -0.072625730940605926 -0.019925442914846613 0.28337440084378368 0.0079239616592578915 0.068595296115998017 -0.0027817570415194399 -0.095577928636721182 0.11233085360815048 -0.098315102458673642 0.050138252183372423 0.06015635205346901 0.28095360208845704 -0.026519215390214092 0.0030531184799307961 0.10022289682247672 -0.013313648509596161 0.33540316074317267
leaf_weight=133.20858797570691 1.7945965901017218 31.846816907636821 6451.0862921215594 20555.908750408329 1994.5955280167982 2.4690894521772853 2.7380118854343891 1.8327488927170632 10.752922870218752 187.41128780785948 111.88927445700392 1.7545355409383772 4.8470821324735871 34.505796258337796 1.1731115970760586 1.2703517512418327 494.37527791969478 2.1003761664032963 687.48449246492237 4.2645019814372054 9.6843844652175886 3.304729767143729 20.036709152162075 15.476808223873375 2.1957420790567994 11.13867382891476 782.62786676315591 13.803990069776773 11.805601445958017 1.8186947181820876
leaf_count=2789 9 1353 63926 168633 29510 36 27 18 304 2480 11030 45 230 1690 111 40 3890 25 6812 27 58 21 124 191 26 125 10555 133 164 47
internal_value=-4.97232e-05 -0.00210039 -0.00354036 0.000633781 -0.00290581 0.0521869 0.149933 0.0692451 0.00407355 -0.00328326 -0.00214995 0.121353 -0.0355209 -0.0571228 0.016252 0.13776 0.00474693 0.0205806 0.00276009 0.00992612 0.0107792 0.0535204 0.0291199 0.0855718 0.177131 -0.00126733 0.00478615 0.0399541 0.066949 0.127601
internal_weight=31589.2 7896.86 6524.73 23692.3 3136.43 21.3419 7.03985 4.30184 14.3021 3115.09 2927.68 3.54913 73.6432 41.7963 7.29055 2.44346 1372.13 152.982 1219.15 531.666 527.401 33.0258 23.3414 19.7729 4.29612 2815.79 821.195 38.567 27.4283 15.6227
internal_count=304429 81313 67350 223116 54483 439 81 54 358 54044 51564 54 3424 2071 381 151 13963 3031 10932 4120 4093 203 145 242 51 40534 11024 469 344 180
is_linear=0
shrinkage=0.1


Tree=55
num_leaves=31
num_cat=0
split_feature=3 3 3 1 3 0 2 2 4 4 0 4 4 4 4 4 1 1 3 0 2 4 2 0 2 1 2 2 2 2
split_gain=4.23018 6.13134 4.27614 4.30043 5.39712 6.18264 3.96923 4.03261 6.17669 9.8691 5.5549 5.57515 5.19871 6.22528 4.8135 6.12868 8.09394 3.85776 3.83785 5.763 8.15437 7.52061 6.38803 6.12708 9.64277 11.6094 9.76566 7.66323 18.335 5.49299
threshold=0.58500000000000008 1.2950000000000002 5.9750000000000005 5.5000000000000009 1.3150000000000002 12.500000000000002 7.4150000000000009 7.3650000000000011 0.52330000000000021 0.5011500000000001 11.500000000000002 0.48300000000000004 0.44295000000000001 0.41195000000000009 0.38365000000000005 0.32735000000000009 4.5000000000000009 1.5000000000000002 0.15500000000000003 10.500000000000002 3.7550000000000003 0.15829999999999991 6.6150000000000011 12.500000000000002 6.5450000000000008 5.5000000000000009 6.495000000000001 4.245000000000001 4.3250000000000011 3.3350000000000004
decision_type=2 2 2 2 2 2 2 2 2 2 2 2 2 2 2 2 2 2 2 2 2 2 2 2 2 2 2 2 2 2
left_child=6 -2 3 -3 5 -5 7 18 9 10 11 -9 13 14 15 16 17 -12 19 29 -21 22 -22 24 26 -26 27 -23 -29 -1
right_child=1 2 -4 4 -6 -7 -8 8 -10 -11 12 -13 -14 -15 -16 -17 -18 -19 -20 20 21 23 -24 -25 25 -27 -28 28 -30 -31
leaf_value=0.048622869581240284 -0.10052448533812008 -0.033528579176077877 0.046025352528526846 0.48563392227163915 0.011125313414820785 -0.10049272340032267 0.0064817693744765306 -0.032785288892877074 -0.13297728840607573 0.13559881237558588 -0.009018248632111309 -0.16371839125093551 0.092243760470198721 -0.092788819866479688 0.070237437297526531 -0.045187651044281532 -0.11025317369356867 0.083411000917414088 -0.0010165678768149866 -0.042943755259896882 0.019939748791657656 -0.086837990879741173 -0.0060218468792956918 0.00012944275197864253 -0.015332633910777852 -0.080071311497390094 0.058311622025406677 0.25255651253101896 -0.0027044224868256039 0.0035056375816553704
leaf_weight=27.122702133841813 8.7935780915431661 60.740148315671831 10.787459645420311 0.51081662811339157 15.890080022625623 0.27785900048911572 922.06092161685228 57.948633193969727 4.4558936208486548 4.3085553348064414 6.8503314852714601 3.4454105645418158 5.7472052797675124 7.4766085892915717 9.2586328685283643 23.215256284922361 3.6344953998923293 13.249306902289389 18257.776833439711 45.285165430046618 314.63000172190368 10.70806246716529 135.63530851900578 5278.8263353388757 393.85893547534943 29.795619037002325 27.157440379261971 2.8275797273963681 582.79775841161609 5318.6477044345811
leaf_count=475 1740 1379 83 41 1465 57 6170 395 28 24 35 24 34 53 62 171 46 80 195683 921 2685 152 935 43081 2604 502 198 32 4898 40376
internal_value=-4.67376e-05 -0.0208977 -0.0129594 -0.0211783 0.0237985 0.279135 1.74971e-05 -0.000177514 -0.0171354 -0.0133156 -0.0182199 -0.0401332 0.00115658 -0.00706357 0.00433933 -0.00865608 0.0270768 0.0519094 -9.97113e-05 0.00127609 -0.000650513 -0.00036787 0.0121192 -0.00125667 -0.00824427 -0.0198857 -0.000334054 -0.00300482 -0.00147194 0.00373455
internal_weight=31583.7 96.9999 88.2064 77.4189 16.6788 0.788676 31486.7 30564.7 139.59 135.134 130.826 61.394 69.4318 63.6846 56.208 46.9494 23.7341 20.0996 30425.1 12167.3 6821.52 6776.24 450.265 6325.97 1047.15 423.655 623.491 596.333 585.625 5345.77
internal_count=304429 4765 3025 2942 1563 98 299664 293494 952 924 900 419 481 447 394 332 161 115 292542 96859 56008 55087 3620 51467 8386 3106 5280 5082 4930 40851
is_linear=0
shrinkage=0.1


Tree=56
num_leaves=31
num_cat=0
split_feature=1 0 2 3 0 3 3 4 0 0 4 0 3 2 2 0 2 4 4 2 3 2 0 4 0 4 4 3 2 0
split_gain=4.03726 5.26658 7.5108 5.45365 4.75809 4.56768 7.2866 5.37126 6.34818 6.60798 6.14558 4.71182 4.79851 4.94406 4.52644 4.21921 7.16521 4.6229 5.44999 4.65188 5.39296 4.68169 4.45478 4.58317 11.3786 7.14228 6.47379 9.8768 6.50375 5.9184
threshold=1.5000000000000002 23.500000000000004 7.7950000000000008 0.13500000000000004 23.500000000000004 0.26500000000000007 1.2950000000000002 0.46685000000000004 17.500000000000004 8.5000000000000018 0.49550000000000005 10.500000000000002 1.5150000000000003 17.610000000000003 2.7350000000000008 22.500000000000004 6.8450000000000006 0.26965000000000006 0.26175000000000004 4.6650000000000009 0.18500000000000003 4.0550000000000006 4.5000000000000009 0.45475000000000004 8.5000000000000018 0.51075000000000015 0.44295000000000001 0.14500000000000005 6.8650000000000011 14.500000000000002
decision_type=2 2 2 2 2 2 2 2 2 2 2 2 2 2 2 2 2 2 2 2 2 2 2 2 2 2 2 2 2 2
left_child=4 5 3 -3 15 -2 -7 -8 9 10 -9 12 -11 -14 -5 22 17 18 19 21 -21 -17 -1 26 -25 29 -24 -28 -29 -26
right_child=1 2 -4 14 -6 6 7 8 -10 11 -12 -13 13 -15 -16 16 -18 -19 -20 20 -22 -23 23 24 25 -27 27 28 -30 -31
leaf_value=-0.0030275721579530327 -0.0004639688697281139 0.013545993359993567 0.13927690553264832 -0.089109979930143648 0.010965119477933861 -0.10105529059496182 -0.053296462583043915 0.12539238661017615 -0.059067882276409162 0.30923751284945111 -0.043204840721630555 0.037753052936836791 -0.040175338122694304 0.19027295846058034 -0.011371904899740971 -0.024013459905242274 0.027977950192121567 -0.020024732106495344 0.085428882885110566 -0.0030512140015143208 -0.10605440850912302 0.10817574764095428 0.002144094328577414 0.031320224109933952 -0.0049639073768641935 -0.013415668173868647 -0.063718104394129171 -0.011737093529387357 0.062605402195430288 0.023469063014007061
leaf_weight=1860.3808195739985 19269.658868207131 92.860767172649503 3.4168245904147616 7.5679048402234903 503.40644811093807 10.865794822806491 21.146576968021691 2.5994664346799281 10.355063894763587 1.448804365005343 12.84794697863981 10.14232754241675 1.5787761928513648 2.2688915990293026 728.78139459807426 4.3293469846248609 46.670502901077271 275.83516389876604 7.9108628779649726 63.978470042347908 5.521771788597106 7.0294076353311539 7769.5231058672071 186.16186341643333 125.15202820301056 182.04668271541595 35.991553962230682 140.32731817662716 12.844782575964926 176.3857879191637
leaf_count=8209 237384 895 30 567 2316 1869 1091 107 507 57 561 422 83 29 10088 23 252 1204 34 271 23 30 34480 854 563 833 173 605 62 807
internal_value=-4.38635e-05 -0.000893925 -0.00868124 -0.00929091 0.0014601 -0.000558716 -0.0254822 -0.01232 0.00869075 0.0314078 -0.0148336 0.077675 0.154122 0.0957153 -0.0121709 0.00102112 -0.00891455 -0.0136369 0.00621207 -0.00153813 -0.0112348 0.0577923 0.00141071 0.00236765 0.0103124 0.00222523 0.00169907 -0.0165793 -0.00550284 0.0116681
internal_weight=31579 20175.5 832.627 829.21 11403.5 19342.9 73.2536 62.3879 41.2413 30.8862 15.4474 15.4388 5.29647 3.84767 736.349 10900.1 411.276 364.605 88.7699 80.859 69.5002 11.3588 10488.8 8628.43 669.746 483.584 7958.69 189.164 153.172 301.538
internal_count=304429 253690 11580 11550 50739 242110 4726 2857 1766 1259 668 591 169 112 10655 48423 1837 1585 381 347 294 53 46586 38377 3057 2203 35320 840 667 1370
is_linear=0
shrinkage=0.1


Tree=57
num_leaves=31
num_cat=0
split_feature=4 4 2 4 2 0 2 2 3 2 2 3 0 2 0 4 2 1 2 0 2 3 4 2 0 0 0 2 2 2
split_gain=3.94179 5.92607 6.41043 3.96373 6.45188 8.80041 5.34536 6.19169 5.91121 5.30792 7.86216 7.60478 6.81105 5.29099 13.1971 5.31361 9.30994 8.3341 6.40027 15.7979 9.67352 5.61346 4.96244 7.75115 4.88236 5.45698 4.80016 4.76104 4.45753 6.18477
threshold=0.28540000000000004 1.0000000180025095e-35 3.9550000000000005 0.27790000000000009 6.7550000000000008 6.4800000000000013 4.1850000000000014 4.2250000000000005 0.15500000000000003 6.6450000000000005 6.6850000000000014 0.115 6.4800000000000013 6.5950000000000006 20.500000000000004 0.24945000000000003 6.5850000000000009 5.5000000000000009 4.3050000000000006 3.5000000000000004 4.6250000000000009 0.14500000000000005 0.27675000000000005 4.4650000000000007 18.500000000000004 4.5000000000000009 22.500000000000004 6.4650000000000007 6.705000000000001 6.9750000000000005
decision_type=2 2 2 2 2 2 2 2 2 2 2 2 2 2 2 2 2 2 2 2 2 2 2 2 2 2 2 2 2 2
left_child=1 -1 -3 9 6 -6 -5 8 -8 11 12 -4 -11 15 -15 16 -13 18 19 -17 22 -18 -20 -24 25 -9 -12 -22 -28 -30
right_child=-2 2 3 4 5 -7 7 24 -10 10 26 13 -14 14 -16 17 21 -19 20 -21 27 -23 23 -25 -26 -27 28 -29 29 -31
leaf_value=0.0039867029504532196 0.00060468254211383141 -0.015874945251189449 0.073351322620558046 -0.055537560089164828 -0.082592052289954504 -0.015273408384585203 0.20733734527753311 -0.022305140102010096 0.011648943923103 -0.021950941513250409 0.00018903703290341052 -0.0063326084540067011 0.052555655404019019 -0.04817122745825593 0.062098897460575377 0.094620994439462952 0.010799477146883773 -0.032198019425794526 -0.029057693926323375 0.0070973980106665766 0.0048417768866621524 0.13172685525628228 -0.025339312892167933 0.22488535618621214 -0.021232730848065488 0.0063541777508892838 0.13232057255978444 -0.016186546796573532 -0.0048784383762771688 0.047682998321619326
leaf_weight=1375.6626370800659 23675.845239235088 378.04898860305548 12.976195145398377 20.68654568027705 26.48297655954957 72.8054408878088 2.6805845256894818 83.312922767363489 3.6394619988277555 15.629217680543659 888.22298667952418 2477.9124196218327 57.075803693383932 63.597672823816538 13.086687356233595 25.383551301434636 7.6132324747741205 71.538393581286073 126.41762643493712 109.95764243137091 1363.895092215389 7.7425575517117977 3.2418912630528203 2.0027237236499786 137.23313724901527 328.02571146283299 3.6506182625889769 116.89766857773066 48.068718980997801 41.900725044310093
leaf_count=13963 223116 9160 96 335 192 556 35 746 53 108 6357 25060 418 482 100 304 53 2778 1593 1506 11262 58 48 28 1407 3133 27 808 361 286
internal_value=-4.02711e-05 -0.00197674 -0.00323696 -0.00245777 -0.00968751 -0.0332292 -0.00562653 -0.00376583 0.0946482 -0.00156363 0.00480869 -0.0030901 0.0365392 -0.00331609 -0.0293529 -0.00285312 -0.00585157 0.00125605 0.00262534 0.0235126 0.000872172 0.0717724 -0.0251034 0.0702122 -0.00489965 0.000549492 0.00245906 0.00318175 0.023996 0.0196006
internal_weight=31561.2 7885.39 6509.73 6131.68 674.867 99.2884 575.578 554.892 6.32005 5456.81 1054.55 4402.26 72.705 4389.29 76.6844 4312.6 2493.27 1819.33 1747.8 135.341 1612.46 15.3558 131.662 5.24461 548.572 411.339 981.843 1480.79 93.6201 89.9694
internal_count=304429 81313 67350 58190 6457 748 5709 5374 88 51733 7557 44176 526 44080 582 43498 25171 18327 15549 1810 13739 111 1669 76 5286 3879 7031 12070 674 647
is_linear=0
shrinkage=0.1


Tree=58
num_leaves=31
num_cat=0
split_feature=1 0 3 2 2 4 3 0 3 2 0 2 4 2 1 4 0 4 4 0 4 2 3 2 4 0 3 2 2 4
split_gain=3.41557 6.06017 4.76754 6.27547 9.32894 6.74495 6.12251 13.2393 5.57133 5.26088 12.1701 12.1279 16.575 6.21532 5.22345 12.7319 6.93599 4.70407 4.49753 6.78937 4.41596 4.41266 10.6932 3.97026 11.1677 3.7605 5.85055 4.7389 5.82168 6.68731
threshold=4.5000000000000009 1.5000000000000002 0.16500000000000004 4.1050000000000013 4.1250000000000009 0.59760000000000013 0.23500000000000001 13.500000000000002 1.4450000000000001 2.9150000000000005 6.4800000000000013 2.2850000000000006 0.34315000000000007 2.7350000000000008 5.5000000000000009 0.38595000000000007 6.4800000000000013 0.54585000000000006 0.48300000000000004 4.5000000000000009 0.16740000000000002 3.7850000000000006 0.18500000000000003 7.2650000000000006 0.35515000000000002 2.5000000000000004 3.4650000000000003 7.1050000000000013 6.1750000000000007 0.31830000000000008
decision_type=2 2 2 2 2 2 2 2 2 2 2 2 2 2 2 2 2 2 2 2 2 2 2 2 2 2 2 2 2 2
left_child=-1 20 9 5 14 8 7 -7 -4 10 11 -3 13 -13 -5 16 -16 18 -10 -20 21 22 -2 -22 -25 26 -6 28 29 -27
right_child=1 2 3 4 25 6 -8 -9 17 -11 -12 12 -14 -15 15 -17 -18 -19 19 -21 23 -23 -24 24 -26 27 -28 -29 -30 -31
leaf_value=0.00037959399912477668 0.52630548558777501 0.064621237322254596 -0.028660307413277655 0.062678884201855287 -0.033370682949295884 -0.015567660723902683 -0.014923847370508905 0.47786277663848176 0.0065129837457961652 -0.0013245001438477455 -0.013126166990550464 -0.10189058521503458 0.71164139180165797 0.41749031582807694 0.88261015547336674 -0.1014329093355399 0.31388469545185521 -0.10077361180223705 0.67120926840868678 0.13685968396875489 0.00610153377881571 0.050829578406398485 -0.10202315704117433 0.12442182569291711 -0.071607624186591251 -0.018374605847734388 0.22011161670755236 -0.038849324410541827 0.0099832985348035658 -0.00032002998790242148
leaf_weight=27181.007810660172 0.63586008828133234 2.9767017560079676 217.22081449069083 4.8259984757751218 62.305819995701313 1.1479648360982531 2.3317338668275625 1.0331442235037682 2.7950113657861939 2675.9038759758696 7.8892968129366636 0.57372342888265826 0.85843067150563002 0.38503167219460011 0.30491374712437369 0.58607197273522604 0.7226899266242981 1.4704454401507971 0.258985890541226 2.9042663616128266 205.80807657819241 13.144295657053588 0.47184256091713905 9.1620382964611036 4.2562162950634947 334.89083291683346 0.92404943704605003 39.078062444925308 251.07884166389704 529.55640995875001
leaf_count=202953 28 149 17083 174 1405 55 371 53 393 45819 536 36 32 23 25 44 61 211 29 237 3902 251 35 87 45 11229 23 643 3648 14849
internal_value=-3.78212e-05 -0.00263084 -0.00351442 -0.00812871 -0.00528584 -0.0233164 0.0977281 0.21816 -0.025748 -0.00101996 0.0632323 0.188895 0.392467 0.10669 0.114758 0.270509 0.482639 0.059409 0.0989407 0.180609 0.0130443 0.0669827 0.258659 0.00953775 0.0622421 -0.00592061 -0.0296663 -0.00462022 -0.00342114 -0.00731446
internal_weight=31556.5 4375.5 4142.02 1453.44 1224.27 229.162 4.51284 2.18111 224.65 2688.59 12.6832 4.79389 1.81719 0.958755 6.43967 1.61368 1.0276 7.42871 5.95826 3.16325 233.478 14.252 1.1077 219.226 13.4183 1217.83 63.2299 1154.6 1115.53 864.447
internal_count=304429 101476 97128 50533 32101 18432 479 108 17953 46595 776 240 91 59 304 130 86 870 659 266 4348 314 63 4034 132 31797 1428 30369 29726 26078
is_linear=0
shrinkage=0.1


Tree=59
num_leaves=31
num_cat=0
split_feature=3 3 4 4 3 2 0 4 0 0 4 2 4 3 4 3 4 2 2 4 0 1 2 0 4 3 2 2 2 2
split_gain=3.20171 5.11293 3.5527 6.6999 5.76599 5.84054 4.58791 5.42365 4.03518 3.94155 3.50959 4.92771 6.41292 8.23369 6.2555 9.02809 6.62338 5.88364 5.87162 5.53149 7.49463 8.50093 5.0493 4.93942 4.84471 7.66824 10.2683 8.0148 6.38817 7.49025
threshold=0.58500000000000008 1.2950000000000002 0.45475000000000004 0.49050000000000005 4.8500000000000005 1.0000000180025095e-35 10.500000000000002 0.65415000000000012 18.500000000000004 2.5000000000000004 0.49050000000000005 3.0550000000000002 0.59760000000000013 0.17500000000000002 0.56830000000000014 0.19500000000000003 0.49550000000000005 7.7950000000000008 2.9150000000000005 0.55585000000000007 4.5000000000000009 2.5000000000000004 4.0550000000000006 9.5000000000000018 0.47455000000000008 0.17500000000000002 5.5850000000000009 4.4250000000000007 4.9850000000000012 4.9250000000000007
decision_type=2 2 2 2 2 2 2 2 2 2 2 2 2 2 2 2 2 2 2 2 2 2 2 2 2 2 2 2 2 2
left_child=10 -2 -3 -4 5 6 9 -8 -6 -5 24 12 -12 -14 15 17 -17 19 -15 -13 -21 23 -16 -22 -1 27 -27 -26 29 -29
right_child=1 2 3 4 8 -7 7 -9 -10 -11 11 14 13 18 22 16 -18 -19 -20 20 21 -23 -24 -25 25 26 -28 28 -30 -31
leaf_value=-6.1933766727070592e-05 -0.10042021126581013 -0.041974056060905006 0.077386880451502701 -0.10326602261203555 0.065963100985875697 -0.053483134192355467 -0.10130798532651097 0.48295871071802482 -0.067100330785398551 0.16025083983497079 0.008429497890088837 0.003347928889075816 0.069945068635679702 0.17476602464644295 -0.049136267520209533 0.1816531807823332 0.039786888579564444 0.099948310100010707 0.56768192097815462 -0.026327999711435554 0.15561340648037814 0.0063084104459305741 -0.0038861650726189564 0.062297012668092303 -0.053650161007386371 -0.016806315278934888 -0.094522878686564532 0.018563839143772215 -0.0040776111723251724 0.14004702461544741
leaf_weight=29452.387071237434 7.0404275534674516 26.982167661190033 9.7915416993200761 0.681878044269978 11.715642994269727 29.377714911941439 2.1950727566145365 0.17127710208296765 2.8294006623327723 3.3871326935477555 16.132241133600477 994.83126749284565 8.4792355960234982 1.0809693234041322 26.442151656374335 3.5577107174322 43.890108545310795 6.6037006229162207 0.58678213134407986 16.631610365584493 7.629959441721442 24.079461090266705 365.86951440945268 22.107956491410732 30.03234987705946 66.479467676952481 22.842495080083609 24.957897966727618 315.39821495860815 6.3708783946931353
leaf_count=283082 1740 1077 345 68 102 817 338 20 28 230 521 7687 106 50 362 43 503 37 10 118 42 255 2759 123 408 888 173 238 2198 61
internal_value=-3.76499e-05 -0.0184488 -0.0118253 0.0016989 -0.0130177 -0.0345822 0.0517014 -0.0590186 0.0400787 0.116091 1.74683e-05 0.00467629 0.0476076 0.109895 0.00392995 0.00773835 0.0504242 0.00584883 0.31301 0.0052655 0.0323441 0.050476 -0.00693606 0.0862395 -0.000222013 -0.0103377 -0.0366809 -0.0040922 0.000200347 0.0432681
internal_weight=31550.6 94.1723 87.1318 60.1497 50.3581 35.8131 6.43536 2.36635 14.545 4.06901 31456.4 1537.92 26.2792 10.147 1511.64 1119.33 47.4478 1071.88 1.66775 1065.28 70.449 53.8174 392.312 29.7379 29918.5 466.081 89.322 376.759 346.727 31.3288
internal_count=304429 4765 3025 1948 1603 1473 656 358 130 298 299664 12616 687 166 11929 8808 546 8262 60 8225 538 420 3121 165 287048 3966 1061 2905 2497 299
is_linear=0
shrinkage=0.1


Tree=60
num_leaves=31
num_cat=0
split_feature=2 3 0 2 3 2 1 0 4 2 4 0 2 2 2 4 4 4 4 2 4 1 1 0 0 4 2 2 0 3
split_gain=3.19964 7.19039 11.6851 7.42596 5.31951 7.56437 8.16579 10.3005 15.9809 7.95749 15.7676 6.51952 7.52175 7.01683 6.92897 7.2724 6.54672 9.00797 17.1229 7.92931 6.42692 7.78993 6.38735 8.18078 11.7702 11.1011 10.2976 6.28987 9.53507 6.26458
threshold=6.3750000000000009 0.13500000000000004 22.500000000000004 6.6250000000000009 0.13500000000000004 6.245000000000001 1.5000000000000002 13.500000000000002 0.43735000000000007 6.0550000000000006 0.33044999999999997 9.5000000000000018 5.9350000000000014 5.9250000000000007 5.9750000000000005 0.36735000000000001 0.39140000000000003 0.26605000000000006 0.27075000000000005 4.8050000000000006 0.22184999999999991 3.5000000000000004 4.5000000000000009 14.500000000000002 22.500000000000004 0.30965000000000004 5.9750000000000005 6.1950000000000012 21.500000000000004 0.115
decision_type=2 2 2 2 2 2 2 2 2 2 2 2 2 2 2 2 2 2 2 2 2 2 2 2 2 2 2 2 2 2
left_child=4 2 -2 -4 5 9 -7 -8 -9 11 29 14 13 -13 16 -16 17 19 -19 -1 21 -21 -14 25 -25 -24 -27 28 -12 -11
right_child=1 -3 3 -5 -6 6 7 8 -10 10 27 12 22 -15 15 -17 -18 18 -20 20 -22 -23 23 24 -26 26 -28 -29 -30 -31
leaf_value=0.078321157200418337 -0.0054960565362475317 0.0030863594556226372 -0.026567563968503134 0.032071262996279978 -0.0010879437614031435 0.015299747793451579 -0.041357839610647013 -0.0044996139185306304 0.19197482525830356 0.10757458842715745 0.049936416465706186 -0.00046703781232767193 -0.04784102494336287 0.075792484740303812 0.017286669052678082 0.10326344520179392 -0.0147289345641025 0.20842198087227862 0.025222443876509033 -0.023432920614899006 -0.056556994610292247 0.081790560191565123 -0.10655125549335143 -0.10702314337936117 0.25765326947906969 0.48668484169020615 0.092108534949154303 0.01095922815413404 0.15973294547270692 -0.0064304796721648301
leaf_weight=8.7633529901504499 2042.4044687561691 7048.4518895074725 25.75401446595788 133.77874039486051 20871.603391173063 83.923524141311646 109.29465911909938 59.522729709744453 4.4493506699800482 5.0179588459432116 97.440387848764658 462.49758947640657 55.205690406262875 12.388905201107262 23.288053255528212 17.034541714936495 82.071153197437525 5.2719614375382653 158.11464216280729 24.756873808801174 30.398072468116879 9.8290493451058847 1.1482135429978355 4.5249060355126858 1.1002584584057329 1.1768540628254416 1.5101368427276609 36.992612950503826 8.6082055047154409 122.15524544939399
leaf_count=117 14365 49908 201 925 227004 388 879 547 35 37 686 4430 357 95 177 112 734 49 1397 152 246 135 22 80 22 18 28 261 62 960
internal_value=-3.55059e-05 0.00152806 -0.00346011 0.022605 -0.000684152 0.00522393 -0.0103031 -0.0227041 0.00916547 0.00863914 0.0236869 0.00411662 -0.00283455 0.00152243 0.0145484 0.0536081 0.00961432 0.0180394 0.0311337 -0.0109708 -0.0230122 0.00647077 -0.0348308 0.0410899 -0.035694 0.15371 0.264926 0.0464639 0.0588489 -0.0019321
internal_weight=31548.5 9250.39 2201.94 159.533 22298.1 1426.48 257.19 173.267 63.9721 1169.29 270.214 899.08 539.553 474.886 359.528 40.3226 319.205 237.134 163.387 73.7473 64.984 34.5859 64.6661 9.46037 5.62516 3.8352 2.68699 143.041 106.049 127.173
internal_count=304429 65399 15491 1126 239030 12026 1849 1461 582 10177 2006 8171 5052 4525 3119 289 2830 2096 1446 650 533 287 527 170 102 68 46 1009 748 997
is_linear=0
shrinkage=0.1


Tree=61
num_leaves=31
num_cat=0
split_feature=1 0 0 0 2 0 0 2 3 4 4 4 3 2 2 2 4 2 2 2 2 2 4 4 0 2 4 3 3 3
split_gain=3.05633 5.05327 5.0171 9.04402 10.8935 9.01343 23.3643 9.27925 8.01458 9.24721 8.81324 11.8953 9.38981 7.99157 16.5304 22.4823 15.7721 7.90177 7.12153 6.87746 9.54841 8.414 6.66957 7.01299 6.82794 13.662 11.4947 12.395 12.0039 10.4912
threshold=1.5000000000000002 4.5000000000000009 9.5000000000000018 11.500000000000002 4.6250000000000009 13.500000000000002 14.500000000000002 6.7350000000000012 0.13500000000000004 0.30535000000000007 0.27290000000000009 0.27425000000000005 0.12500000000000003 6.955000000000001 7.0650000000000004 7.0250000000000012 0.32505000000000006 5.1450000000000005 5.6450000000000005 6.955000000000001 7.3650000000000011 7.455000000000001 0.30440000000000006 0.30145000000000005 6.4800000000000013 7.7350000000000012 0.31040000000000006 0.16500000000000004 0.21500000000000002 0.16500000000000004
decision_type=2 2 2 2 2 2 2 2 2 2 2 2 2 2 2 2 2 2 2 2 2 2 2 2 2 2 2 2 2 2
left_child=-1 -2 8 4 -4 7 19 18 9 10 12 -12 -3 -9 15 -15 -17 -13 -5 -7 -21 -22 23 -10 25 -24 27 -26 -29 -27
right_child=1 2 3 5 -6 6 -8 13 22 -11 11 17 -14 14 -16 16 -18 -19 -20 20 21 -23 24 -25 26 29 -28 28 -30 -31
leaf_value=0.0012750807345263016 0.0025885408301866177 -0.035044871608967465 -0.012255628152467536 -0.012035656669164329 0.0099237344629044683 0.018018447206302468 -0.0020039213373202551 -0.041440800398883287 -0.010648708231993348 -0.0023897353773036402 0.25936498176144451 0.19540971351284273 0.02535110231671981 -0.0067460927473946847 -0.026091330553728947 0.35538678913333954 0.091691000703038358 0.036212711471563096 0.0030890481069310166 -0.03781789670407034 0.20299833729490585 0.017277089642716171 0.001690603463588292 -0.048951034840436891 0.068333934532476534 0.18101097564386676 -0.009400838224110402 -0.021951276096398357 0.2520540542909579 0.0014339220322297456
leaf_weight=11392.97921063751 3657.6499894086737 36.484076367691159 263.28027729317546 616.13889835821465 1393.692710634321 792.62814438994974 7931.0474955099635 138.8561221845448 1157.2588614521082 401.91670263558626 2.6425021290779105 3.2646361086517564 87.428474389016628 34.633084326982498 164.92358155176044 2.7159453555941608 13.758977502584456 69.341857885941863 629.25834100879729 51.412709578871727 2.7646086178720024 20.735987452790141 1041.084167310968 49.862433593720198 40.547733835875988 7.5654615610837919 1494.096485751681 37.83362934505567 1.6693898132070888 5.7076844573020935
leaf_count=50739 41045 353 6453 11036 14402 10011 106110 1190 16553 3385 21 55 814 290 1376 20 116 612 5927 423 21 160 12617 663 424 41 18861 586 56 69
internal_value=-3.4007e-05 -0.000774169 -0.00151994 -0.000461868 0.0063996 -0.00155519 -0.000299607 -0.00845853 -0.00439502 0.00634148 0.0239614 0.0509558 0.00756847 -0.0227233 -0.0106925 0.0389987 0.135162 0.0433708 -0.00439364 0.0152812 -0.0136805 0.0391253 -0.00607753 -0.0122309 -0.00325167 0.00297591 -0.00742287 0.0294946 -0.0103719 0.10379
internal_weight=31543.2 20150.2 16492.6 12055.8 1656.97 10398.9 8798.59 1600.28 4436.7 601.078 199.162 75.249 123.913 354.888 216.032 51.108 16.4749 72.6065 1245.4 867.541 74.9133 23.5006 3835.63 1207.12 2628.5 1054.36 1574.15 80.0508 39.503 13.2731
internal_count=304429 253690 212645 157535 20855 136680 116725 19955 55110 5240 1855 688 1167 2992 1802 426 136 667 16963 10615 604 181 49870 17216 32654 12727 19927 1066 642 110
is_linear=0
shrinkage=0.1


Tree=62
num_leaves=31
num_cat=0
split_feature=4 2 3 4 2 2 4 0 0 2 2 0 3 4 2 2 3 0 0 4 1 2 2 1 3 1 0 0 1 0
split_gain=2.9515 6.36884 10.6554 4.25514 10.1716 7.16993 6.945 5.52886 6.72192 5.11361 7.04176 11.3434 7.12436 7.52643 5.07888 12.5427 4.24721 5.3574 4.15646 7.41227 4.13642 4.11735 4.09674 11.4497 9.68768 9.02132 6.08509 4.91127 3.95013 9.97716
threshold=0.37195 2.2850000000000006 0.18500000000000003 0.37475000000000008 4.4250000000000007 4.4650000000000007 0.37285000000000007 20.500000000000004 15.500000000000002 5.245000000000001 6.9050000000000011 12.500000000000002 0.14500000000000005 0.37285000000000007 5.1650000000000009 5.8850000000000007 0.15500000000000003 21.500000000000004 17.500000000000004 0.37285000000000007 1.5000000000000002 7.1450000000000005 6.3850000000000007 3.5000000000000004 0.15500000000000003 2.5000000000000004 13.500000000000002 11.500000000000002 4.5000000000000009 23.500000000000004
decision_type=2 2 2 2 2 2 2 2 2 2 2 2 2 2 2 2 2 2 2 2 2 2 2 2 2 2 2 2 2 2
left_child=1 2 -1 4 -2 6 -6 8 9 -7 12 21 -11 20 -10 -16 17 -9 19 -17 -14 -12 23 26 -24 -26 27 -15 -18 -30
right_child=3 -3 -4 -5 5 7 -8 16 14 10 11 -13 13 22 15 18 28 -19 -20 -21 -22 -23 24 -25 25 -27 -28 -29 29 -31
leaf_value=0.026006648595510024 -0.032401656377371441 -0.00062346410924636294 -0.061404537793945585 0.00097337140617148902 0.0023772288024483494 -0.022522855676874651 0.23436807580968663 -0.1065170091407836 0.13857004805762135 0.066633908649667659 -0.10817884800709653 0.10495405508822808 -0.078984969754528511 0.062522874521059799 -0.043779220286257872 0.22246801530086355 0.0026005471556895458 -0.0082898570873035093 0.051007647159058325 0.05270984413078908 0.0012537861118826397 -0.019553208546349756 -0.061113650046441641 -0.053299269122457464 0.041854525132180187 0.25558752103898752 0.15444398186791955 -0.036428604061872566 0.30481044489011722 -0.10463582335796567
leaf_weight=20.845092334784567 43.545361993601546 20938.466284930706 42.132301822071895 10200.88581954781 2.2562105525284997 30.313443403691053 3.0145737808197737 8.5890875179320574 6.6116408519446841 40.969828652217984 8.979961879551416 5.4558560252189627 9.6709048599004763 19.524130031466491 11.613836500793694 4.7182477116584796 19.833627395331863 15.705691520124674 18.71375198289752 5.6547566391527653 19.140583023428917 12.593362621963022 2.9876281693577749 13.461508262902496 3.8928352296352386 4.0081178806722164 5.3129734471440306 6.7500500306487075 1.4515736903995267 1.0086824372410774
leaf_count=1051 722 203270 4354 92785 28 303 37 68 68 290 61 36 41 109 100 33 141 128 136 43 176 80 20 168 19 36 28 38 31 29
internal_value=-3.39644e-05 -0.000718969 -0.032472 0.00133267 0.0125831 0.0195238 0.135062 0.017325 0.0236788 0.0149948 0.0224403 -0.0238656 0.032396 0.0158444 0.057279 0.0440736 -0.0140934 -0.0430167 0.0791517 0.129926 -0.0256793 -0.0564439 0.0372319 0.023927 0.0922777 0.15028 0.0568385 0.0371014 0.0174258 0.136941
internal_weight=31528.1 21001.4 62.9774 10526.7 325.778 282.233 5.27078 276.962 230.373 183.061 152.748 27.0292 125.719 84.7487 47.3122 40.7006 46.5887 24.2948 29.0868 10.373 28.8115 21.5733 55.9372 45.0487 10.8886 7.90095 31.5872 26.2742 22.2939 2.46026
internal_count=304429 208675 5405 95754 2969 2247 65 2182 1785 1405 1102 177 925 635 380 312 397 196 212 76 217 141 418 343 75 55 175 147 201 60
is_linear=0
shrinkage=0.1


Tree=63
num_leaves=31
num_cat=0
split_feature=1 0 0 0 3 2 3 4 2 3 4 4 2 2 2 2 4 3 2 2 2 4 4 0 2 2 4 2 2 4
split_gain=2.9326 4.94737 5.76869 13.6961 8.38252 5.28516 5.35267 11.5891 5.06364 4.76278 5.75409 7.11415 8.57141 16.4813 6.87869 7.09971 6.55073 6.1392 4.63123 4.30906 8.02008 7.69671 3.93582 12.6903 5.87491 12.741 4.31667 6.07237 6.04791 11.7912
threshold=5.5000000000000009 21.500000000000004 13.500000000000002 10.500000000000002 0.18500000000000003 6.955000000000001 1.5350000000000004 0.5011500000000001 6.9750000000000005 0.14500000000000005 0.23445000000000002 0.20074999999999998 5.785000000000001 5.6350000000000007 6.6750000000000007 7.1650000000000009 0.26175000000000004 0.13500000000000004 7.9450000000000012 5.995000000000001 6.7250000000000005 0.21909999999999999 0.54585000000000006 3.5000000000000004 6.1250000000000009 5.0450000000000008 0.39915 7.455000000000001 7.1050000000000013 0.33644999999999997
decision_type=2 2 2 2 2 2 2 2 2 2 2 2 2 2 2 2 2 2 2 2 2 2 2 2 2 2 2 2 2 2
left_child=-1 2 3 9 -4 6 -3 -8 -7 10 11 12 13 -2 -14 17 -12 -16 22 -13 21 -21 26 -24 25 -25 28 -28 29 -18
right_child=1 5 4 -5 -6 8 7 -9 -10 -11 16 19 14 -15 15 -17 18 -19 -20 20 -22 -23 23 24 -26 -27 27 -29 -30 -31
leaf_value=0.00018625624133847125 0.025358400054255194 -0.028293708814744453 0.010501061285313812 -0.031095174632492159 -0.034864943595888508 0.18571893043733312 0.87912377592910029 -0.1009398252900021 0.0084682757229224085 -0.0062085913823532561 -0.074728698339347907 0.014346436863661006 -0.076242619505174913 0.60919197146822091 0.029078858672075936 -0.049057883572769939 -0.024251935665151783 0.26727197812472159 -0.11035650538375225 0.521609842076455 0.067886302536408025 0.15337282016735229 0.33599793517453813 -0.10246506787915687 -0.041470659696535059 0.52082323701816602 -0.028657979477455728 0.1055305314966295 0.059606245734808161 0.045959913779583035
leaf_weight=29988.46121441666 1.5609943643212383 152.96252804109827 450.21674598567188 186.97561927279457 44.781148314708844 1.70778910443187 0.20407308358698983 0.29516502562910318 28.647783510386944 460.03305526729673 9.5042884871363622 1.6911500897258509 6.8038584664463979 0.70050102844834317 2.2010082490742207 3.2688510343432426 53.585610017180443 2.1284704506397247 3.11759079247713 1.1145600453019144 2.2562258429825306 1.1566621996462343 1.5740348175168026 0.67566563189029671 4.320246085524559 0.63730479404330254 40.309430192224681 3.6801959201693526 28.34993639960885 43.202657117508352
leaf_count=253691 66 6128 12748 6133 4013 28 24 35 369 17428 201 54 139 18 36 39 1092 31 38 20 30 22 30 35 50 12 683 39 358 839
internal_value=-3.21396e-05 -0.00429143 -0.00220134 -0.00715696 0.00639692 -0.0196853 -0.0272268 0.29968 0.0184403 -0.000495178 0.0119121 0.0592727 0.0252105 0.206202 -0.00320948 0.0621874 0.00617689 0.14618 0.0104619 0.150548 0.201423 0.334078 0.0125979 0.08497 0.0148277 0.200074 0.00951384 -0.0174317 0.018986 0.007088
internal_weight=31526.1 1537.66 1353.85 858.848 494.998 183.817 153.462 0.499238 30.3556 671.872 211.839 22.8823 16.6637 2.2615 14.4022 7.59833 188.957 4.32948 179.453 6.2186 4.52745 2.27122 176.335 7.20725 5.63322 1.31297 169.128 43.9896 125.138 96.7883
internal_count=304429 50738 44154 27393 16761 6584 6187 59 397 21260 3832 455 329 84 245 106 3377 67 3176 126 72 42 3138 127 97 47 3011 722 2289 1931
is_linear=0
shrinkage=0.1


Tree=64
num_leaves=31
num_cat=0
split_feature=4 3 2 0 0 4 0 3 0 0 3 3 3 3 3 3 2 4 3 1 2 0 2 2 2 2 4 2 3 3
split_gain=2.68094 5.10863 4.06818 4.50454 5.18035 6.46855 3.97043 6.01803 3.96716 7.55968 4.63249 3.91072 3.83935 8.91416 4.03146 3.91951 6.04894 3.8039 11.9564 13.5115 10.5868 5.81728 6.01367 5.57994 7.25368 5.0664 4.98881 4.96481 7.71755 4.87013
threshold=0.45475000000000004 0.29500000000000004 7.1650000000000009 3.5000000000000004 6.4800000000000013 0.49050000000000005 6.4800000000000013 1.5750000000000004 20.500000000000004 21.500000000000004 4.8500000000000005 6.2000000000000011 0.25500000000000006 0.87000000000000011 0.22500000000000003 2.3850000000000002 4.1050000000000013 0.46925000000000006 0.12500000000000003 2.5000000000000004 6.4750000000000005 22.500000000000004 5.9750000000000005 5.1450000000000005 4.6450000000000005 3.4550000000000005 0.46175000000000005 3.7150000000000003 0.15500000000000003 0.17500000000000002
decision_type=2 2 2 2 2 2 2 2 2 2 2 2 2 2 2 2 2 2 2 2 2 2 2 2 2 2 2 2 2 2
left_child=1 -1 6 -4 5 -5 12 17 10 -10 -6 -12 14 -14 -2 -15 -17 18 19 -8 -21 25 23 24 -23 -20 -25 28 -19 -29
right_child=2 -3 3 4 8 -7 7 -9 9 -11 11 -13 13 15 -16 16 -18 27 21 20 -22 22 -24 26 -26 -27 -28 29 -30 -31
leaf_value=-0.00028080124272252574 0.007488413644121234 -0.042185802847655662 -0.027802581818434174 0.11163511845039234 0.0022857216267228278 0.01926951390116929 -0.0024938799882138016 -0.10983979461096097 0.11210462240110855 0.0078189243784808175 0.16027254808494101 0.029733014009238942 0.2130676257512974 -0.04063557528467332 -0.093887654021534275 0.37273174289409255 -0.10347755295737011 -0.0689468501216772 -0.06810455103060474 0.26895473932904629 0.045679478872073992 0.028034445151105064 -0.063155059854933041 0.15414825601586671 -0.10484112337588587 0.011629076761783281 0.0097772192918978516 -0.0010817859228685156 0.035995500255807195 -0.01569052619681743
leaf_weight=28638.020285857609 770.72708960156888 29.121546370442957 21.885508539155126 12.924219097942116 143.93492357246578 18.343073215335608 8.0879609733819979 5.0468323044478884 11.122191295027735 18.535092286765575 3.3389434069395048 7.3397497460246086 3.006232504732905 4.5718143060803413 3.9428229592740527 0.62742131249979116 0.46399733750149608 7.9430457642301908 8.1791706990916264 5.1426377380266768 3.6175163984298706 9.4154124860651844 24.041603747755289 3.8280182313173992 7.2887616027146569 310.47938820533454 6.3871878180652857 1087.1749406689778 59.512758921831846 288.82465338986367
leaf_count=276198 6162 1682 173 93 1110 128 44 367 72 131 35 52 40 554 73 33 17 219 342 47 29 139 174 37 73 2658 61 8293 2474 2919
internal_value=-3.23004e-05 -0.00032337 0.00288959 0.0154236 0.0198127 0.0574485 0.00175303 -0.000791273 0.0134267 0.0469286 0.00700048 0.0705493 0.00771306 0.0738914 0.00697244 1.20472e-05 0.17028 -0.000490523 0.00832085 0.0907053 0.176753 0.00456558 -0.0268053 0.00565857 -0.029945 0.00958251 0.0638784 -0.00284966 0.0236383 -0.00414819
internal_weight=31522.9 28667.1 2855.73 237.424 215.538 31.2673 2618.31 1834.97 184.271 29.6573 154.614 10.6787 783.339 8.66947 774.67 5.66323 1.09142 1829.92 386.468 16.8481 8.76015 369.62 50.961 26.9194 16.7042 318.659 10.2152 1443.46 67.4558 1376
internal_count=304429 277880 26549 1794 1621 221 24755 17876 1400 203 1197 87 6879 644 6235 604 50 17509 3604 120 76 3484 484 310 212 3000 98 13905 2693 11212
is_linear=0
shrinkage=0.1


Tree=65
num_leaves=31
num_cat=0
split_feature=3 3 4 4 3 2 4 4 1 0 3 3 4 4 2 2 2 3 0 0 4 2 2 4 4 4 0 0 2 4
split_gain=2.6405 4.64674 2.87055 4.21026 2.82006 3.92942 2.74834 6.10221 4.99939 4.25685 4.4197 4.2027 3.04595 2.96441 2.66048 2.60411 4.95197 6.51134 5.2762 6.66289 7.41987 5.24124 4.97206 4.922 4.69996 5.06562 4.46063 4.32244 19.9207 10.4708
threshold=0.58500000000000008 1.2950000000000002 0.34235000000000004 0.34945000000000004 4.8500000000000005 1.0000000180025095e-35 0.49550000000000005 0.46685000000000004 2.5000000000000004 14.500000000000002 4.205000000000001 3.7250000000000005 0.59760000000000013 0.42010000000000008 28.170000000000005 7.6550000000000011 7.8550000000000013 0.15500000000000003 6.4800000000000013 18.500000000000004 0.36945 8.3350000000000026 7.9450000000000012 0.32305 0.38365000000000005 0.39325000000000004 12.500000000000002 8.5000000000000018 7.7350000000000012 0.42735000000000001
decision_type=2 2 2 2 2 2 2 2 2 2 2 2 2 2 2 2 2 2 2 2 2 2 2 2 2 2 2 2 2 2
left_child=15 -2 -3 -4 5 -5 7 13 -9 11 -11 -10 -8 -7 -14 -1 27 21 -19 20 22 24 -20 -23 -18 26 -26 28 -17 -29
right_child=1 2 3 4 -6 6 12 8 9 10 -12 -13 14 -15 -16 16 17 18 19 -21 -22 23 -24 -25 25 -27 -28 29 -30 -31
leaf_value=-8.3361720374315785e-05 -0.10037412455927447 -0.077980957882531787 0.20022495345070743 0.037219660621324938 0.02248686540672553 0.037146932139200249 -0.067802669255159306 -0.031117472575656942 0.28028086780241174 -0.10433353713131682 0.21434645536338459 0.074680427257942023 -0.023810923335023097 -0.083134183573136344 0.17144254323335739 -0.014642496864329316 -0.040940881967341754 0.077544928038749142 -0.064538713788970428 0.066334313872515413 -0.11402748019065452 -0.0084214969552872491 0.046567501047621383 0.15976102121939059 0.14468559357612074 -0.017149712027662491 0.011192015716200121 0.020607282309631741 0.092753838827858967 -0.047436658564695505
leaf_weight=31037.856313249096 6.2226202248129985 5.936875545885413 0.97869385033845802 9.9385295449756068 21.453269982710481 2.6464508883655098 22.089953330811117 4.5018708854913694 1.8207055460661647 1.4480137666687372 0.62219033204019059 2.1901921220123768 2.3177561485208567 9.0763005428016168 0.99848423153161991 34.813428848981857 63.437364049255848 13.892188645899294 6.0831695199012819 12.002450034022329 6.7326644808053961 3.9530441612005225 11.920187860727308 3.1084574460983276 4.0137282311916334 35.536163449287415 6.6506005153059959 127.87802251428366 34.2760945931077 27.474044747650623
leaf_count=297075 1740 318 18 1131 201 113 664 31 56 75 12 37 95 262 12 218 462 73 38 77 44 29 75 21 27 233 44 865 197 186
internal_value=-3.06787e-05 -0.0169251 -0.0108884 -0.0059145 -0.00846492 -0.0199829 -0.0318984 -0.00628399 0.0487646 0.107902 -0.00855573 0.168011 -0.0543869 -0.0559803 0.0349778 1.89041e-05 0.00812085 -0.00489994 0.0250486 0.00519779 -0.024467 -0.0178933 0.00902573 0.0656121 -0.0232717 0.000989758 0.0614349 0.0178284 0.038638 0.0085737
internal_weight=31521.9 92.2419 86.0193 80.0824 79.1037 57.6504 47.7119 22.3057 10.583 6.0811 2.0702 4.0109 25.4062 11.7228 3.31624 31429.6 391.772 167.33 50.6307 36.7385 24.736 116.699 18.0034 7.0615 109.638 46.2005 10.6643 224.442 69.0895 155.352
internal_count=304429 4765 3025 2707 2689 2488 1357 586 211 180 87 93 771 375 107 299664 2589 1123 307 234 157 816 113 50 766 304 71 1466 415 1051
is_linear=0
shrinkage=0.1


Tree=66
num_leaves=31
num_cat=0
split_feature=1 0 0 0 0 2 4 2 2 2 4 4 2 2 0 2 2 2 0 2 3 1 1 1 2 4 2 3 3 2
split_gain=2.62498 5.22946 4.33877 7.87173 7.15641 8.38728 9.10104 6.99309 6.9051 12.1729 6.71019 9.51242 6.49704 5.54461 5.37933 13.8133 5.18795 4.81619 5.17524 5.94231 5.09828 6.86988 5.98331 5.60349 8.90476 4.91517 4.79931 5.42412 9.3016 4.73366
threshold=3.5000000000000004 1.5000000000000002 21.500000000000004 20.500000000000004 22.500000000000004 6.5850000000000009 0.34525000000000006 7.3250000000000011 6.705000000000001 6.6750000000000007 0.22605000000000003 0.31915000000000004 6.9850000000000012 6.7250000000000005 17.500000000000004 4.1450000000000005 7.3850000000000007 4.705000000000001 19.500000000000004 7.3650000000000011 0.115 4.5000000000000009 4.5000000000000009 5.5000000000000009 7.7350000000000012 0.11610000000000002 7.6050000000000013 0.14500000000000005 0.13500000000000004 5.2250000000000005
decision_type=2 2 2 2 2 2 2 2 2 2 2 2 2 2 2 2 2 2 2 2 2 2 2 2 2 2 2 2 2 2
left_child=-1 -2 3 14 16 -6 8 -5 9 10 -7 -12 -8 -10 -3 -16 -4 25 20 -20 21 -19 29 24 -24 -17 27 28 -9 -22
right_child=1 2 4 7 5 6 12 26 13 -11 11 -13 -14 -15 15 17 -18 18 19 -21 22 -23 23 -25 -26 -27 -28 -29 -30 -31
leaf_value=0.00054306391480319423 0.0087197401306272123 -0.00082151879035859262 -0.016459380764993214 0.010463409661942072 -0.0086719338839909184 0.20062519712419619 -0.031561030992128911 0.17572336850119974 -0.11171776474516258 0.23783242335095958 -0.075387409873777636 0.13188749042721459 0.023020249021328227 0.032553606730735769 -0.050827497324699378 0.10488992698732569 -0.069495016900883125 -0.034068677297646219 0.0068395583681470423 -0.056935330461770184 -0.034878252249169364 0.20045043164374532 -0.040456474861710584 -0.0076499800729013375 0.12428689352364726 0.0095683840125931202 0.00027096739868534309 0.19864849322438741 -0.079143048732236293 0.0017051376571605875
leaf_weight=22633.457933198661 475.29489538120106 6058.2412507829722 352.34684268990532 327.55391515675001 475.12721568183042 2.2234782241284874 45.673349369317293 2.9802435636520368 2.7767030000686637 4.5596273578703395 5.5616553612053377 3.6785293743014336 41.738218005746603 65.544968564063311 72.386340922676027 5.7249315921217194 19.463042810559273 2.4233554676175109 256.70196695066988 15.491914169862865 41.944932721555233 2.5777570009231567 157.22172874212265 109.11479836795479 3.3509317282587281 98.177503996528685 5.1565705705434075 4.6433511003851891 2.7563565373420715 225.62560440972447
leaf_count=152215 6522 100986 7105 6290 10736 22 509 23 33 49 69 40 350 651 3781 168 188 20 3805 152 587 33 2493 2658 40 2646 56 37 26 2139
internal_value=-2.87464e-05 -0.00148519 -0.00206187 -0.00121872 -0.00818012 -0.00182574 0.0171128 0.0135727 0.0405466 0.0996291 0.0446593 0.00712899 -0.00549897 0.0266902 -0.00193866 -0.00876981 -0.0192356 -0.00545475 -0.00804133 0.00320981 -0.013689 0.0868111 -0.0146245 -0.0251361 -0.0370185 0.0148205 0.0791261 0.1183 0.0532636 -0.00402975
internal_weight=31519.5 8886.06 8410.77 7392.07 1018.69 646.884 171.757 343.09 84.345 16.0233 11.4637 9.24018 87.4116 68.3217 7048.98 990.742 371.81 918.355 814.453 272.194 542.259 5.00111 537.258 269.687 160.573 103.902 15.5365 10.38 5.7366 267.571
internal_count=304429 152214 145692 125940 19752 12459 1723 6432 864 180 131 109 859 684 119508 18522 7293 14741 11927 3957 7970 53 7917 5191 2533 2814 142 86 49 2726
is_linear=0
shrinkage=0.1


Tree=67
num_leaves=31
num_cat=0
split_feature=4 4 2 4 3 1 0 1 4 0 2 2 2 0 1 0 4 0 1 2 2 2 0 3 2 2 2 2 2 3
split_gain=2.58316 4.93378 5.42924 4.58138 4.06954 6.696 7.93812 10.8612 4.0878 7.95825 3.83383 6.95241 3.96261 3.7885 3.41318 6.60881 3.39079 15.9249 7.81973 10.273 21.7438 4.29619 13.4877 4.30179 6.61543 4.27081 10.408 3.75887 7.11476 5.91317
threshold=0.28540000000000004 1.0000000180025095e-35 3.1750000000000003 0.10100000000000002 0.20500000000000004 4.5000000000000009 3.5000000000000004 1.5000000000000002 0.19520000000000001 12.500000000000002 4.1850000000000014 4.1250000000000009 5.205000000000001 17.500000000000004 2.5000000000000004 8.5000000000000018 0.28755000000000003 18.500000000000004 4.5000000000000009 4.6050000000000013 4.3650000000000011 4.5850000000000009 2.5000000000000004 0.15500000000000003 4.3650000000000011 6.8650000000000011 6.8450000000000006 6.3850000000000007 6.285000000000001 0.14500000000000005
decision_type=2 2 2 2 2 2 2 2 2 2 2 2 2 2 2 2 2 2 2 2 2 2 2 2 2 2 2 2 2 2
left_child=1 10 3 -3 -5 6 7 -6 9 -8 11 -1 -12 -13 -10 -16 17 21 -19 20 -20 22 -2 24 -24 26 27 28 -23 -29
right_child=16 2 -4 4 5 -7 8 -9 14 -11 12 13 -14 -15 15 -17 -18 18 19 -21 -22 25 23 -25 -26 -27 -28 29 -30 -31
leaf_value=0.010310419399127075 0.23045392202417744 0.25677885451730925 -0.0024529601924427294 -0.047102294645018694 0.51245351532403516 -0.10075147359548298 -0.10901467099531335 0.046483281030162624 -0.073052377356710871 0.2533238101491832 -0.0073408233333661218 0.09713539905292673 0.0054537145787556477 -0.0012467522001337725 0.33155721689585432 -0.019118679009329849 0.00035164576308849461 -0.039965941739626448 0.028834254281445072 0.01787894484917436 0.95613810736071658 0.032554664015806957 0.15271420792662868 -0.029846877190207621 -0.08091908666565667 -0.0085649110140356456 0.21667197264354346 -0.042609830979313028 0.11106786574050727 0.03418023845145747
leaf_weight=133.44268831796944 2.3084508795291176 0.55020885309204359 6412.9956670752726 51.243289503268898 0.7982703223824531 4.2114736500661811 0.96174423443153445 1.3397375978529451 5.2792652165517193 1.6394881946034727 332.82931519579142 15.594231368973853 887.64551171660423 5.2257803501561275 0.69181617116555605 2.4080055700615048 23327.534605031833 70.340937718749046 0.76603406574576982 9.612513833679257 0.37746837548911572 116.54597020242363 3.3088799538090816 36.84339836705476 1.9124395065009592 25.741395778954029 3.0995074585080138 15.740382287651299 12.810494549572466 27.631227415055037
leaf_count=2789 52 37 63926 2235 8 712 31 68 99 46 3967 174 6965 68 49 139 219802 556 55 202 14 1068 50 670 23 189 22 119 94 200
internal_value=-2.83984e-05 -0.00159939 -0.00275342 -0.0306294 -0.0329354 0.00895525 0.0441752 0.220463 0.00984972 0.119358 0.00384205 0.0186959 0.00196458 0.0724417 -0.0241463 0.0591449 0.000493407 0.0106052 -0.0278232 0.0515862 0.334936 0.0232766 -0.00489279 -0.0178083 0.0671401 0.0294777 0.0350472 0.0317881 0.04033 0.00631166
internal_weight=31511.4 7856.86 6482.12 69.1233 68.5731 17.3298 13.1183 2.13801 10.9803 2.60123 1374.74 154.263 1220.47 20.82 8.37909 3.09982 23654.6 327.039 81.097 10.756 1.1435 245.942 44.3732 42.0647 5.22132 201.569 175.828 172.728 129.356 43.3716
internal_count=304429 81313 67350 3424 3387 1152 440 76 364 77 13963 3031 10932 242 287 188 223116 3314 827 271 69 2487 795 743 73 1692 1503 1481 1162 319
is_linear=0
shrinkage=0.1


Tree=68
num_leaves=31
num_cat=0
split_feature=3 0 2 0 3 3 2 2 2 4 4 2 4 4 4 4 1 4 4 4 4 4 2 2 0 3 2 0 2 0
split_gain=2.40838 2.9134 2.2462 6.76966 8.32333 6.54868 5.77542 15.0806 9.34953 7.26583 20.6201 5.66044 6.024 5.40528 10.6699 6.01804 6.8865 5.16788 8.54623 5.26599 9.59789 6.54319 5.0124 16.2312 6.01774 4.94861 12.1632 11.3914 9.59829 5.71226
threshold=0.21500000000000002 20.500000000000004 6.9750000000000005 22.500000000000004 0.13500000000000004 0.14500000000000005 7.1250000000000009 7.205000000000001 7.1050000000000013 0.29925000000000007 0.27555000000000007 7.5650000000000004 0.21284999999999996 0.42300000000000004 0.42890000000000006 0.32585000000000003 1.5000000000000002 0.23445000000000002 0.20884999999999998 0.29735000000000006 0.32360000000000005 0.31435000000000007 7.5650000000000004 7.535000000000001 20.500000000000004 0.15500000000000003 7.0450000000000008 8.5000000000000018 7.1450000000000005 9.5000000000000018
decision_type=2 2 2 2 2 2 2 2 2 2 2 2 2 2 2 2 2 2 2 2 2 2 2 2 2 2 2 2 2 2
left_child=2 -2 -1 4 6 -5 8 -8 -4 10 -10 12 -7 15 -15 -9 -17 18 -6 -19 21 22 23 -21 -24 27 -27 -23 -29 -30
right_child=1 -3 3 5 17 11 7 13 9 -11 -12 -13 -14 14 -16 16 -18 19 -20 20 -22 25 24 -25 -26 26 -28 28 29 -31
leaf_value=-0.00021293721481251737 -0.004202540755035439 -0.028437895774412348 -0.0015269017703681519 0.032966998894771914 0.0080528333298292825 0.086199736049304754 -0.042628842260972563 0.0026588113537499365 0.032378581897149282 0.020960345485042092 0.32679610584336299 0.066333958379832955 -0.018806552292045742 0.16082183498318992 0.0099862759908807483 0.0088216138611042338 -0.034223517906410268 -0.0083062241549638951 0.056167170940726041 0.013265853391045149 0.0019922349258602347 0.083100521846220812 -0.039201283149508631 0.19710271994475037 0.10557927083803856 0.20872867717248764 0.046609946467061611 -0.091864905336565841 -0.092985066744166289 0.041862389196527044
leaf_weight=28042.363463746849 323.19966591359116 58.594957917230204 240.07815947383642 137.42254732549191 143.33227559924126 5.9032379537820807 128.58005335181952 208.15260435268283 7.9901098795235139 21.188227593898773 3.3872948959469795 10.755195729434488 73.307504840195179 4.9823608696460715 79.864288751035929 51.644255414605141 132.57698694989085 324.28632781282067 49.72390566021204 136.29282153397799 1200.8345793485641 23.652827143669128 28.170276571065191 4.9781271070241919 3.1966374814510337 5.7868357673287418 23.107105385512114 9.5867058746516687 3.6134143024683025 24.047909028828144
leaf_count=271520 9749 2018 1705 902 957 43 907 1438 56 146 23 65 507 31 506 273 1004 2332 341 975 8059 156 195 34 20 34 156 73 28 176
internal_value=-2.79422e-05 -0.007922 6.88784e-05 0.00262936 0.00130859 0.019236 -0.00679318 -0.0122328 0.00529335 0.0555732 0.120033 -0.00173809 -0.0109809 -0.00404301 0.0188436 -0.008992 -0.0221563 0.0049019 0.0204453 0.00322322 0.00577835 0.0231028 0.0117149 0.0197439 -0.0244465 0.0449969 0.0790788 0.028827 -0.00563714 0.0242472
internal_weight=31510.6 381.795 31128.8 3086.44 2859.05 227.388 878.444 605.801 272.644 32.5656 11.3774 89.9659 79.2107 477.22 84.8466 392.374 184.221 1980.61 193.056 1787.55 1463.27 262.433 172.638 141.271 31.3669 89.7948 28.8939 60.9009 37.248 27.6613
internal_count=304429 11767 292662 21142 19625 1517 6089 4159 1930 225 79 615 550 3252 537 2715 1277 13536 1298 12238 9906 1847 1224 1009 215 623 190 433 277 204
is_linear=0
shrinkage=0.1


Tree=69
num_leaves=31
num_cat=0
split_feature=1 4 4 2 4 4 0 4 4 3 2 2 2 2 0 2 2 2 2 3 2 2 0 4 2 0 0 3 2 2
split_gain=2.34471 3.84084 8.18343 15.6708 12.446 8.98366 16.9242 7.30381 6.99736 7.46364 8.68656 6.80926 7.09783 19.268 6.62885 8.7371 15.3995 6.33681 6.99387 6.27538 8.91954 17.4221 7.24509 6.60086 8.37543 6.09717 17.2109 5.84116 5.35061 5.23032
threshold=5.5000000000000009 0.30695000000000006 0.29825000000000007 1.7050000000000003 0.30020000000000008 0.29055000000000003 18.500000000000004 0.30965000000000004 0.23819999999999994 0.15500000000000003 7.6950000000000012 7.0850000000000009 6.5150000000000006 6.4750000000000005 8.5000000000000018 7.0050000000000008 7.2650000000000006 4.9250000000000007 4.8250000000000011 0.13500000000000004 5.8350000000000009 5.7350000000000012 21.500000000000004 0.19955000000000003 6.9850000000000012 22.500000000000004 23.500000000000004 0.12500000000000003 7.1850000000000014 5.9750000000000005
decision_type=2 2 2 2 2 2 2 2 2 2 2 2 2 2 2 2 2 2 2 2 2 2 2 2 2 2 2 2 2 2
left_child=-1 2 5 4 -4 8 -7 11 9 10 19 12 13 17 15 -10 28 18 -3 20 21 27 23 24 -21 -8 29 -2 -17 -27
right_child=1 7 3 -5 -6 6 25 -9 14 -11 -12 -13 -14 -15 -16 16 -18 -19 -20 22 -22 -23 -24 -25 -26 26 -28 -29 -30 -31
leaf_value=0.00016866785585480288 0.23481309754863466 0.12951865010325239 0.93606328827848007 -0.051114937444011521 -0.10053830037842422 0.00077393886535749275 0.098974601719835784 -0.0015077334968138555 -0.01379120592525856 -0.017765456264360546 0.22524352101911599 0.19113338566990398 -0.08144064311486815 0.67190409662518902 -0.037650258489147548 0.13578855097206541 -0.043486045994524193 0.004026155567545488 0.68349977190867495 -0.0017070125887370374 -0.047469399269324683 0.53994735644758085 -0.062512199302462865 0.090164484949570078 0.11566482534388436 0.35211876837576817 0.034770026657807811 -0.063387406686326281 0.35371284968488736 0.76469502754718777
leaf_weight=29975.167087250855 0.88751353416592182 2.166559808654712 0.28938367171212931 57.556541051249951 0.19312421092763543 37.800354454666376 9.3100201059132797 1014.5191609065514 55.392874122131616 95.659350874135271 2.0507513359189025 3.3371743671596041 3.9763618297874919 0.51430332660675127 131.89688549074344 3.2359045296907407 4.5184483882039785 8.3409139066934568 0.2546800710260867 31.867369764484465 23.158266562968493 0.77261439710855473 7.0224038679152718 20.947181731462479 7.5129932612180701 0.66053287871181876 1.4341534748673439 2.5276935743167996 1.7284622527658937 0.57453489303588867
leaf_count=253691 38 198 49 1882 38 1255 294 32133 2178 4914 21 47 70 10 4992 37 60 267 15 786 383 16 204 537 89 41 47 102 23 12
internal_value=-2.62415e-05 -0.00384456 -0.0110681 -0.0463573 0.521163 -0.00640213 0.0335982 -0.000369553 -0.0115186 0.00204163 0.0216261 0.0617448 0.0334358 0.0739441 -0.0247778 0.00139273 0.0900881 0.0453688 0.18779 0.0172165 -0.0231829 0.111119 0.0336199 0.0448101 0.0206852 0.137175 0.270414 0.0141063 0.211664 0.544043
internal_weight=31505.3 1530.11 496.997 58.039 0.482508 438.958 49.7796 1033.11 389.179 192.406 96.7468 18.59 15.2528 11.2765 196.773 64.8757 9.48282 10.7622 2.42124 94.696 27.3461 4.18782 67.3499 60.3275 39.3804 11.9792 2.66922 3.41521 4.96437 1.23507
internal_count=304429 50738 17998 1969 87 16029 1649 32740 14380 7090 2176 607 560 490 7290 2298 120 480 213 2155 539 156 1616 1412 875 394 100 140 60 53
is_linear=0
shrinkage=0.1


Tree=70
num_leaves=31
num_cat=0
split_feature=1 0 2 0 1 0 0 4 0 0 0 2 2 2 4 4 0 0 2 2 4 4 2 4 3 0 4 0 4 4
split_gain=2.18765 4.07564 4.2616 4.23145 13.8698 9.887 7.68499 8.10507 7.52822 10.0399 7.44142 8.17324 11.5983 9.16838 9.38327 11.2976 6.87808 10.8505 8.67034 8.00061 9.37457 10.5813 10.9182 10.4298 8.3397 8.1133 9.10903 11.3799 10.2235 8.70495
threshold=1.5000000000000002 23.500000000000004 2.7350000000000008 21.500000000000004 3.5000000000000004 22.500000000000004 17.500000000000004 0.39685000000000004 13.500000000000002 14.500000000000002 11.500000000000002 6.8050000000000006 6.9350000000000014 7.1250000000000009 0.32010000000000005 0.31830000000000008 9.5000000000000018 6.4800000000000013 4.6250000000000009 5.6250000000000009 0.42010000000000008 0.41195000000000009 7.3450000000000006 0.42300000000000004 0.16500000000000004 8.5000000000000018 0.37985000000000002 7.5000000000000009 0.38595000000000007 0.29925000000000007
decision_type=2 2 2 2 2 2 2 2 2 2 2 2 2 2 2 2 2 2 2 2 2 2 2 2 2 2 2 2 2 2
left_child=-1 3 -3 6 -5 -6 8 -8 10 -10 16 -12 -13 14 15 -14 17 -2 -18 -19 21 22 -21 -22 -23 26 27 -24 -28 -29
right_child=1 2 -4 4 5 -7 7 -9 9 -11 11 12 13 -15 -16 -17 18 19 -20 20 23 24 25 -25 -26 -27 28 29 -30 -31
leaf_value=0.0010798120446637383 0.0012654150740021891 -0.087147021268360686 -0.0068962493198446275 0.012475888448746607 -0.017479991393080114 0.007134999335454863 -0.0081335475573601455 0.0040924650382709203 0.013521125435257459 0.0010313673276284279 -0.0039074949408244167 -0.055410329133022962 0.040268334700292341 -0.026447942905090966 -0.0071724590264339461 0.24189205003137415 -0.010957643409169337 -0.013774814311549963 0.0089297900132335652 0.0028133642422550273 -0.086999546634210723 0.041040973756915872 -0.057264205715893052 -0.013223763392155523 0.21576690917361627 -0.055854435063454749 0.21517268387280264 -0.039456897062298796 -0.017567391134729528 0.090177968822415855
leaf_weight=11385.219305641949 5508.3426701223943 6.671283761272206 816.26342715555802 926.8471655389294 365.4822765274439 294.80133119737729 2377.0317145970184 702.47977429279126 877.66152472654358 2413.43783100578 1278.6685419629794 77.903414849191904 23.822069890797142 141.64201845228672 60.293101664632559 3.1461315974593154 259.83526115096174 968.70326775219291 1402.4271168624982 1164.7525136508048 20.595700727775693 30.898379109799862 30.669975966215134 275.33154900558293 2.996648244559764 57.845570791512728 3.7928530797362319 8.7103617712855357 3.756782278418541 12.779943592846392
leaf_count=50739 63490 573 11007 8536 7293 5511 33134 8456 10615 31600 17330 698 202 1213 494 18 6453 18400 14402 10697 164 244 259 2178 28 480 24 70 25 96
internal_value=-2.79131e-05 -0.000654812 -0.00754682 -0.000360862 0.00458565 -0.00648997 -0.000804219 -0.00534462 0.000151634 0.0043621 -0.00107066 -0.00742448 -0.0220821 -0.0107394 0.0147585 0.0637899 -3.76019e-05 -0.00124152 0.0058211 -0.00659214 -0.00227618 0.00133964 -0.000118102 -0.0183583 0.0564884 -0.0291634 -0.00330573 -0.0181653 0.0993586 0.0376349
internal_weight=31502.8 20117.6 822.935 19294.7 1587.13 660.284 17707.5 3079.51 14628 3291.1 11336.9 1585.48 306.807 228.903 87.2613 26.9682 9751.44 8089.18 1662.26 2580.83 1612.13 1316.2 1282.31 295.927 33.895 117.555 59.7099 52.1603 7.54964 21.4903
internal_count=304429 253690 11580 242110 21340 12804 220770 41590 179180 42215 136965 19955 2625 1927 714 220 117010 96155 20855 32665 14265 11923 11651 2342 272 954 474 425 49 166
is_linear=0
shrinkage=0.1


Tree=71
num_leaves=31
num_cat=0
split_feature=4 3 2 2 2 0 0 2 2 4 0 4 0 0 2 1 2 4 4 2 4 2 2 2 2 4 1 2 2 0
split_gain=2.11442 3.54934 3.3996 6.5054 4.51555 5.90227 4.94905 4.46085 8.75512 7.44144 6.59248 7.93576 4.5806 6.27794 7.09571 5.37287 14.5213 5.89719 4.59096 4.42708 5.36834 10.6087 8.01182 5.98145 5.29665 4.66047 4.97902 4.36953 4.62971 5.98711
threshold=0.45475000000000004 0.29500000000000004 6.785000000000001 6.6650000000000009 6.5850000000000009 1.5000000000000002 19.500000000000004 6.1750000000000007 6.1050000000000013 0.52330000000000021 1.5000000000000002 0.48300000000000004 4.5000000000000009 5.5000000000000009 5.1050000000000013 2.5000000000000004 5.0050000000000008 0.53145000000000009 0.46925000000000006 5.0250000000000012 0.51075000000000015 4.5450000000000008 4.6850000000000014 4.9250000000000007 2.7350000000000008 0.61920000000000008 1.5000000000000002 6.0950000000000006 5.995000000000001 17.500000000000004
decision_type=2 2 2 2 2 2 2 2 2 2 2 2 2 2 2 2 2 2 2 2 2 2 2 2 2 2 2 2 2 2
left_child=1 -1 3 4 6 -6 7 8 12 -10 11 -9 19 14 15 17 -17 -14 -16 20 -2 24 -23 -24 25 26 -22 28 -15 -30
right_child=2 -3 -4 -5 5 -7 -8 10 9 -11 -12 -13 13 27 18 16 -18 -19 -20 -21 21 22 23 -25 -26 -27 -28 -29 29 -31
leaf_value=-0.00025249466039705472 -0.0081774484643466518 -0.036387864076724785 0.0099475990532875824 -0.02308458719429346 0.15931382097888835 0.02003039088128028 -0.0081580943557446866 0.14867178830903152 0.020048171252722083 0.093675940098719351 -0.010025366654524118 0.011603522335103969 0.13535857304213025 0.0041045766318522471 -0.068661996482373644 -0.020374999597261554 0.21036653456203541 0.029966676615360694 0.02075071475312279 -0.017793450244703617 0.19456122484420832 0.18759126333076426 -0.0016945120519392136 0.17583743237153557 -0.017247190873139036 0.14025259666513298 -0.072906634455230171 -0.12735411400459271 0.046367485014537135 -0.071093830484042372
leaf_weight=28604.725230612792 95.26769676245749 27.207925600465387 512.10297596268356 107.42058844864368 3.1702184230089179 75.47666696831584 444.05063611827791 5.6361696049571064 46.42438430711627 19.489757601171732 325.96077816002071 16.857150182127953 14.282000295817854 861.5584198392462 7.1698994897305957 14.534555674297737 3.3574682008475056 8.4506915807723981 28.846071740612388 159.02801284193993 0.91425786912441109 6.2553891949355629 7.4780914802104217 2.5432469341903925 29.966751897707582 4.6045395820401609 2.9152136314660311 2.470012128353118 45.784740373492241 4.7937184497714034
leaf_count=276198 1184 1682 3592 702 19 497 4891 33 308 121 2163 101 90 9865 54 352 31 47 208 1099 5 55 70 20 356 120 198 17 317 34
internal_value=-2.79918e-05 -0.000286833 0.0025662 0.000954045 0.00210823 0.0256448 0.00125071 0.00368744 0.00626349 0.0418187 -0.00641213 0.0459488 0.00446103 0.0077748 0.0352667 0.0639165 0.022924 0.09618 0.00295083 -0.00617019 0.00615714 0.0311331 0.0987903 0.0433601 0.0024556 0.0724613 -0.00905067 0.00547108 0.00583076 0.0352348
internal_weight=31488.7 28631.9 2856.81 2344.71 2237.29 78.6469 2158.64 1714.59 1366.13 65.9141 348.454 22.4933 1300.22 991.248 76.6407 40.6247 17.892 22.7327 36.016 308.973 149.945 54.6775 16.2767 10.0213 38.4008 8.43401 3.82947 914.607 912.137 50.5785
internal_count=304429 277880 26549 22957 22255 516 21739 16848 14551 429 2297 134 14122 11015 782 520 383 137 262 3107 2008 824 145 90 679 323 203 10233 10216 351
is_linear=0
shrinkage=0.1


Tree=72
num_leaves=31
num_cat=0
split_feature=2 0 4 4 3 4 3 4 4 4 2 3 2 4 3 4 0 2 2 1 4 4 0 0 4 3 4 2 1 0
split_gain=2.01926 6.01718 6.88648 8.29154 6.73938 12.751 6.5352 5.20127 11.4508 10.6421 12.3168 12.5507 10.0149 8.03956 7.98565 8.92937 7.77728 8.78067 7.14817 8.15012 6.1846 6.30798 5.86424 6.64451 6.44158 6.52499 6.28601 5.44867 12.2222 5.73732
threshold=6.3750000000000009 20.500000000000004 0.49550000000000005 0.34675000000000006 0.16500000000000004 0.53145000000000009 0.13500000000000004 0.30145000000000005 0.23445000000000002 0.32305 6.455000000000001 0.14500000000000005 6.9850000000000012 0.32505000000000006 0.14500000000000005 0.1847 8.5000000000000018 6.4750000000000005 7.205000000000001 4.5000000000000009 0.10100000000000002 0.12590000000000004 5.5000000000000009 4.5000000000000009 0.30020000000000008 0.18500000000000003 0.24275000000000002 6.8950000000000005 1.5000000000000002 2.5000000000000004
decision_type=2 2 2 2 2 2 2 2 2 2 2 2 2 2 2 2 2 2 2 2 2 2 2 2 2 2 2 2 2 2
left_child=-1 6 3 -3 -4 -6 -2 8 14 10 11 -9 16 -11 20 -16 17 -12 19 -17 -8 -22 23 26 25 -25 -10 29 -29 -19
right_child=1 2 4 -5 5 -7 7 9 22 13 12 -13 -14 -15 15 18 -18 27 -20 -21 21 -23 -24 24 -26 -27 -28 28 -30 -31
leaf_value=-0.00054256246554598123 -0.0050833646984666039 0.012430012353104309 0.019624122887274029 -0.0030527680674553893 0.17538571657725135 0.01149532346760088 0.054043860645696974 0.18295375053667332 -0.092071118630515425 -0.031149975488044958 -0.076678247697969826 0.04197957821292287 0.030097938007657993 0.0022879726432116164 -0.010501970191836567 0.0210173560114994 -0.010870475787953963 -0.0046878254365713811 0.086339163707196812 -0.034931827266718923 -0.047693016677333576 0.022228906757229348 -0.0045785499302133719 -0.055616558076516422 0.099853782257635304 0.096181385711497758 -0.0079943092921689572 0.11007811246289362 -0.075671680854229345 0.048167203611655968
leaf_weight=22245.377467448125 1851.396591771394 754.68794528767467 69.664973720908165 638.55031635425985 8.7675801962614077 10.352548452094195 54.756094790995121 7.1265946105122557 9.2940849550068361 73.425139870494604 8.8183225654065591 55.47073133662343 182.26340621709824 3470.8787612374872 278.47859240695834 160.83868347853422 210.96280678361654 27.43113211914897 13.853834263980387 31.064800288528204 14.817664206027983 99.808376628905535 819.4067910425365 78.026391804218292 2.9694553315639487 2.9383441656827918 205.7873164229095 4.8793364018201855 12.927782475948332 81.714698240160942
leaf_count=239030 13065 5523 449 4592 51 74 368 52 63 528 61 403 1280 24000 1983 974 1562 173 90 444 103 706 6200 579 20 20 1345 22 101 568
internal_value=-2.64073e-05 0.00121606 0.00705472 0.00533393 0.0340578 0.0866477 0.00010088 0.00172549 -0.0028075 0.00366766 0.0160837 0.0580292 0.0111201 0.00159526 0.00770782 0.00117052 0.00114433 0.0198131 0.0169684 0.0119605 0.0263969 0.0131901 -0.00895277 -0.0209396 -0.0448022 -0.0501076 -0.0116274 0.0265155 -0.0247743 0.0348834
internal_weight=31486.7 9241.36 1482.02 1393.24 88.7851 19.1201 7759.34 5907.94 1772.04 4135.9 591.595 62.5973 528.997 3544.3 653.618 484.236 346.734 135.771 205.757 191.903 169.382 114.626 1118.42 299.016 83.9342 80.9647 215.081 126.953 17.8071 109.146
internal_count=304429 65399 10689 10115 574 125 54710 41645 12895 28750 4222 455 3767 24528 4668 3491 2487 925 1508 1418 1177 809 8227 2027 619 599 1408 864 123 741
is_linear=0
shrinkage=0.1


Tree=73
num_leaves=31
num_cat=0
split_feature=4 4 2 0 2 3 2 2 0 2 0 4 4 0 2 0 0 2 4 2 2 0 4 0 4 3 2 2 1 3
split_gain=1.91684 3.98051 4.79239 7.50158 3.40337 3.38849 3.23248 7.93457 12.0339 5.47162 6.64039 5.28972 8.5898 6.92835 9.35005 6.03162 8.06501 5.89209 5.88072 6.1578 15.7146 9.50838 4.77495 4.65096 8.22494 7.40744 5.80568 8.90703 5.5903 5.93271
threshold=0.28540000000000004 0.27790000000000009 6.7550000000000008 6.4800000000000013 3.3350000000000004 0.25500000000000006 6.6450000000000005 6.5950000000000006 20.500000000000004 6.6850000000000014 6.4800000000000013 0.16740000000000002 0.24494999999999997 17.500000000000004 6.4750000000000005 8.5000000000000018 1.5000000000000002 6.5850000000000009 0.24714999999999995 3.8450000000000002 3.4950000000000006 7.5000000000000009 0.26479999999999998 15.500000000000002 0.17685000000000003 0.115 5.6950000000000012 5.2250000000000005 4.5000000000000009 0.14500000000000005
decision_type=2 2 2 2 2 2 2 2 2 2 2 2 2 2 2 2 2 2 2 2 2 2 2 2 2 2 2 2 2 2
left_child=1 5 4 -4 -3 6 7 11 -9 10 22 15 17 14 18 16 -1 23 19 20 -14 -21 -8 24 -13 -25 27 -26 29 -29
right_child=-2 2 3 -5 -6 -7 9 8 -10 -11 -12 12 13 -15 -16 -17 -18 -19 -20 21 -22 -23 -24 25 26 -27 -28 28 -30 -31
leaf_value=0.023799873935069115 0.00042438095688553947 -0.061455018264206809 -0.075896502465816973 -0.012638889717513408 -0.0042619882642123937 -0.064581868589906763 -0.064195368462876559 -0.047663861960963255 0.050531813263846787 0.0021053957741742593 0.039379886919819307 -0.047405498782017205 -0.10959444009776607 -0.0076020291561613136 -0.028521763978799741 0.0076425106293899108 -0.0098751865862326139 0.065267275445482303 0.0056259072346580121 0.07169467104970309 0.35345680624912784 -0.014542543540240371 0.052793591789331434 0.20227745489183102 -0.012325657789333672 -0.0025360181972251105 -0.018731167830608676 0.046285003919549449 0.057984775964169413 -0.00099410362380781387
leaf_weight=83.338825532700866 23641.906184903579 10.586700836662201 25.360292941331863 71.887073636054993 604.68548008892685 8.2852239718195033 11.895352993160488 74.3079529479146 14.999314643442629 1191.4354840740561 77.909935295581818 62.815950851887465 1.1882443116046482 613.76605176925659 78.56741277128458 1156.7814431998413 485.0468057510443 10.935120444744824 1340.5108992047608 27.024166775867343 1.9125569500029085 24.266052658669651 4.936735648661851 1.7701533213257779 443.43915857374668 724.64996332651936 469.62259045056999 31.732876107096672 23.914450904354453 162.21252008527517
leaf_count=868 223116 448 192 556 6332 431 84 570 111 8442 555 681 71 7176 604 12614 5149 79 14741 264 38 275 34 12 6665 8526 3730 216 626 1223
internal_value=-2.49584e-05 -0.00138 -0.00850657 -0.0291353 -0.00524608 -0.000667551 -0.000593166 -0.00159379 -0.0311717 0.00394466 0.0270744 -0.00113387 -0.00312235 0.00132482 0.00504326 0.00349777 -0.00493762 -0.00792912 0.0069338 0.0391679 0.176013 0.0308948 -0.0298833 -0.00834597 -0.0121852 -0.00203693 -0.0102289 -0.004191 0.0123665 0.00674159
internal_weight=31481.7 7839.78 712.52 97.2474 615.272 7127.27 7118.98 5832.8 89.3073 1286.18 94.742 5743.5 4018.33 2087.24 1473.47 1725.17 568.386 1931.09 1394.9 54.391 3.1008 51.2902 16.8321 1920.16 1193.74 726.42 1130.92 661.299 217.86 193.945
internal_count=304429 81313 7528 748 6780 73785 73354 64239 681 9115 673 63558 44927 23169 15993 18631 6017 21758 15389 648 109 539 118 21679 13141 8538 12460 8730 2065 1439
is_linear=0
shrinkage=0.1


Tree=74
num_leaves=31
num_cat=0
split_feature=1 0 0 0 3 3 4 2 2 2 3 4 4 2 4 3 4 0 2 0 2 4 3 4 2 2 2 2 3 2
split_gain=1.82294 3.60411 4.92427 10.8965 6.54164 3.95668 3.80136 3.60765 3.56819 6.89159 4.07381 4.01229 19.5746 28.1514 4.36877 6.49585 8.92801 6.73669 7.46479 6.2432 5.25603 5.25443 5.84193 4.7846 4.74841 4.36685 6.5636 4.36501 10.6513 5.12061
threshold=5.5000000000000009 21.500000000000004 13.500000000000002 10.500000000000002 0.18500000000000003 0.12500000000000003 0.46175000000000005 2.9150000000000005 6.1650000000000009 6.1750000000000007 0.15500000000000003 0.31590000000000001 0.32150000000000001 7.0250000000000012 0.28135000000000004 0.14500000000000005 0.27215000000000006 6.4800000000000013 7.0050000000000008 3.5000000000000004 6.955000000000001 0.24494999999999997 0.13500000000000004 0.16740000000000002 6.9850000000000012 6.8350000000000009 6.3450000000000006 6.2550000000000008 0.15500000000000003 6.2250000000000005
decision_type=2 2 2 2 2 2 2 2 2 2 2 2 2 2 2 2 2 2 2 2 2 2 2 2 2 2 2 2 2 2
left_child=-1 2 3 8 -4 6 -3 -6 -2 10 -10 14 13 25 15 16 21 18 -17 -16 -18 22 -11 24 -24 26 -13 28 29 -14
right_child=1 5 4 -5 7 -7 -8 -9 9 11 -12 12 27 -15 19 17 20 -19 -20 -21 -22 -23 23 -25 -26 -27 -28 -29 -30 -31
leaf_value=0.00014753979755592777 -0.0079963288219609043 0.063002787737068605 0.0098216569924685394 -0.028090707306107091 -0.088981849413458464 -0.020682897335823458 -0.10746066727885931 -0.01651826418011447 0.047633580760051066 -0.014387306380012795 0.30138545750652179 -0.052186218456577407 0.068481539418682499 0.46389032061542201 0.023565277972282216 -0.014844754528243116 0.28403599677865132 -0.076941794427958482 0.14692787503378266 -0.05039680566561662 0.078350269111916004 -0.04401817152539983 -0.068493340204402509 0.16090987612882651 0.12419060811083789 -0.10748597853370899 0.18588530913063783 0.0040063515699385694 -0.046184689940966986 0.23852974789257719
leaf_weight=29957.95818841015 320.79102280549705 9.8408772004768235 452.48127183597535 180.02025496587157 8.6185092821251583 166.32959103467874 1.5087759392336 33.873190385755152 1.3016998134553426 8.5728282332420385 1.2309818919748066 1.8582916669547538 4.001654885709284 2.2669257745146751 15.884553182870148 15.398112569004299 2.0512389801442614 13.716865818947552 3.5008965656161299 40.539557909592986 3.1505451798439026 9.4448866881430131 2.5864997729659081 5.5388039983808994 2.52997175604105 1.338588375598192 3.0732134841382504 203.33811863139272 5.0170717425644398 3.1765283010900021
leaf_count=253691 15840 167 12748 6133 1782 6368 49 2231 25 140 29 36 71 29 236 308 39 273 44 691 37 158 44 76 26 21 51 2941 97 48
internal_value=-2.40351e-05 -0.00339902 -0.00163111 -0.00624703 0.00629873 -0.0167848 0.0403421 -0.0312159 -0.000380619 0.00660916 0.170967 0.00540949 0.0133738 0.161885 -0.00910931 0.00825788 0.0389279 -0.0235959 0.0151224 -0.029575 0.159459 0.0170614 0.0470639 0.0965052 0.0267842 0.052696 0.0961751 0.0074915 0.0656013 0.143732
internal_weight=31480.9 1522.98 1345.3 850.329 494.973 177.679 11.3497 42.4917 670.309 349.518 2.53268 346.985 224.07 8.53702 122.915 66.4906 33.8748 32.6159 18.899 56.4241 5.20178 28.673 19.2281 10.6553 5.11647 6.27009 4.93151 215.533 12.1953 7.17818
internal_count=304429 50738 44154 27393 16761 6584 216 4013 21260 5420 54 5366 3294 137 2072 1145 520 625 352 927 76 444 286 146 70 108 87 3157 216 119
is_linear=0
shrinkage=0.1


Tree=75
num_leaves=31
num_cat=0
split_feature=4 2 3 4 2 2 2 0 0 4 3 2 2 0 2 3 0 2 3 2 0 0 1 2 1 2 1 0 0 0
split_gain=1.77535 4.58586 8.84385 3.59037 5.00866 3.41782 3.23105 7.6781 5.55996 4.56798 6.25078 3.16538 6.32337 3.96749 4.7168 4.54325 3.94495 10.4433 10.1236 4.47659 8.71397 4.23619 3.75948 4.14327 3.71172 4.37995 5.42263 3.54234 3.93183 3.34483
threshold=0.37195 2.2850000000000006 0.18500000000000003 0.37365000000000004 4.285000000000001 3.9550000000000005 1.5450000000000002 5.5000000000000009 16.500000000000004 0.21284999999999996 0.17500000000000002 4.5850000000000009 4.6450000000000005 20.500000000000004 7.4750000000000005 0.17500000000000002 13.500000000000002 5.8850000000000007 0.16500000000000004 6.9050000000000011 12.500000000000002 17.500000000000004 1.5000000000000002 6.7150000000000007 3.5000000000000004 4.5050000000000008 1.5000000000000002 11.500000000000002 1.5000000000000002 12.500000000000002
decision_type=2 2 2 2 2 2 2 2 2 2 2 2 2 2 2 2 2 2 2 2 2 2 2 2 2 2 2 2 2 2
left_child=1 2 6 4 5 -2 7 -1 -9 10 -8 24 -13 16 15 -15 19 18 -18 27 -21 22 -19 -24 25 26 -6 28 -14 -28
right_child=3 -3 -4 -5 11 -7 9 8 -10 -11 -12 12 13 14 -16 -17 17 21 -20 20 -22 -23 23 -25 -26 -27 29 -29 -30 -31
leaf_value=-0.11224316555779185 0.0089519629650485853 -0.00047780894205733403 -0.056975433832301907 0.00075868081106395728 -0.025381699335472404 -0.0623324970253782 -0.019713805029474875 0.18599879193093588 -0.10091346325412108 -0.025619565321235799 0.33134316003332859 -0.12903726215982106 -0.035380475155098338 -0.045718963481835545 0.10205335565518425 0.051977140620138786 0.080506514959332615 0.050348124666983067 -0.077225467542451187 -0.074663326909680458 0.12053446764468696 0.048015657160858809 0.24179519314948289 0.10692172542572589 -0.023894978418023037 0.20126383009946014 0.22649015947455176 -0.019264801398339457 0.038883186934985131 0.044141901163906608
leaf_weight=1.5683441082946981 13.271917487028988 20894.580441263504 38.287439842009917 10293.438313188963 4.0853564292192441 13.637208661064504 1.1494260448962443 4.2890179557725787 0.80166241852566589 12.493516902439294 0.90776129951700557 2.9882431374862781 7.9484103284776202 23.848645789548758 3.1718416884541503 5.9470550604164591 6.8899153806269195 4.4309129416942623 9.9386162394657713 11.90066849440336 2.831058293581008 13.779984429478644 3.8513509146869165 5.5742300450801849 3.626671588048338 2.7786425352096549 2.076011598110199 16.94616711139679 69.173771245405078 1.9515762627124784
leaf_count=54 286 203270 4354 93641 17 187 58 131 99 679 30 35 62 209 18 50 60 22 90 85 19 99 31 38 85 20 25 137 513 25
internal_value=-2.45257e-05 -0.000556751 -0.0282801 0.00103517 0.0133742 -0.0271741 0.0235203 0.0812158 0.140817 -0.00288354 0.135195 0.0187297 0.0152771 0.0175927 -0.0138781 -0.0262194 0.0243621 0.0494581 -0.012647 0.0141058 -0.0371513 0.0872755 0.126319 0.162032 0.0637287 0.0929056 0.0557935 0.022133 0.0312294 0.138133
internal_weight=31478.2 20954.1 59.4972 10524.1 230.648 26.9091 21.2097 6.65902 5.09068 14.5507 2.05719 203.739 189.221 186.233 32.9675 29.7957 153.265 44.465 16.8285 108.8 14.7317 27.6365 13.8565 9.42558 14.5183 10.8916 8.11294 94.0683 77.1222 4.02759
internal_count=304429 208675 5405 95754 2113 473 1051 284 230 767 88 1640 1468 1433 277 259 1156 340 150 816 104 190 91 69 172 87 67 712 575 50
is_linear=0
shrinkage=0.1


Tree=76
num_leaves=31
num_cat=0
split_feature=1 0 4 4 0 2 2 4 0 0 0 0 4 2 2 2 2 3 4 4 2 2 2 4 4 2 4 4 2 2
split_gain=1.74904 3.82639 3.96107 4.80057 3.61569 4.8582 4.0214 5.20591 4.01715 20.3533 11.19 5.56268 8.00477 8.09439 7.52061 5.69156 5.63889 5.41847 7.11558 7.95857 5.00954 4.97799 5.70284 4.98951 4.87304 5.07615 4.92657 4.85062 10.051 5.37137
threshold=1.5000000000000002 23.500000000000004 0.53145000000000009 0.49550000000000005 22.500000000000004 7.1450000000000005 7.3050000000000006 0.37195 14.500000000000002 13.500000000000002 12.500000000000002 19.500000000000004 0.21284999999999996 4.6650000000000009 5.1250000000000009 3.4550000000000005 5.5850000000000009 0.17500000000000002 0.39325000000000004 0.39785000000000004 4.6850000000000014 3.8150000000000004 4.035000000000001 0.59760000000000013 0.31124999999999997 4.1650000000000009 0.29925000000000007 0.38085000000000008 7.0850000000000009 7.3050000000000006
decision_type=2 2 2 2 2 2 2 2 2 2 2 2 2 2 2 2 2 2 2 2 2 2 2 2 2 2 2 2 2 2
left_child=1 4 3 -3 8 -6 -7 -8 9 10 -1 12 13 -10 -15 -13 -16 21 -19 -20 24 -17 -23 -24 26 -26 -12 28 -11 -30
right_child=-2 2 -4 -5 5 6 7 -9 11 27 20 15 -14 14 16 17 -18 18 19 -21 -22 22 23 -25 25 -27 -28 -29 29 -31
leaf_value=-5.7830406713885884e-05 -0.00058441680196328293 0.0095515281188377418 0.059813110048623178 -0.05347514163672723 -0.011287698046822362 0.082040931266912392 -0.085657615992699387 0.048427865986320484 0.021993304543160432 -0.029625755840059605 0.0059601739256647246 0.050161408344947284 0.0086527825409007161 -0.061298870492580995 0.02599905807163734 -0.054576377270615851 -0.019447132377359573 -0.0057701266917841573 -0.16641496578242237 -0.032561700618348004 0.024291547445723927 0.061823634219688395 0.0017934854763314069 -0.079780190520843008 0.0065143652618516266 -0.062357612846641423 0.10693419394938244 -0.0025643839968186258 0.10670074035176103 -0.0075317193381411922
leaf_weight=5821.0120315402746 20097.281856113579 473.12818405777216 15.181966200470923 12.401700109243391 386.5671371743083 10.410823822021486 4.6638132780790311 7.6371556967496872 62.2968675121665 348.59392593801022 25.912811659276489 21.171604305505753 2074.9809136614203 35.101096466183662 33.960051074624062 15.722559481859205 139.26388767361641 264.36619453132153 4.7709301114082328 64.42556868493557 281.91795179247856 15.755289599299429 1071.0112763345242 7.551083877682685 22.086795076727867 20.760720878839493 5.9395320266485205 116.24869917333126 8.3403191864490527 8.1275797635316831
leaf_count=25786 253690 2187 72 57 1705 59 27 46 282 1535 125 128 9299 145 137 75 636 1133 20 273 1256 70 4835 36 110 88 29 508 40 40
internal_value=-2.35035e-05 0.00096714 0.00951444 0.00794166 0.000573731 -0.00864686 0.0363016 -0.00240956 0.000934193 -0.000547579 0.000995603 0.00352371 0.00654308 -0.00963299 -0.0190904 -0.00131133 -0.0105375 -0.00206622 -0.0132424 -0.0417906 0.0181906 0.00129219 0.00209488 0.00122238 -0.00483433 -0.0268559 0.0247889 -0.0203543 -0.0260193 0.0503224
internal_weight=31476.6 11379.3 500.712 485.53 10878.6 409.279 22.7118 12.301 10469.3 6658.94 6177.63 3810.38 2345.6 270.622 208.325 1464.77 173.224 1443.6 333.563 69.1965 356.618 1110.04 1094.32 1078.56 74.6999 42.8475 31.8523 481.311 365.062 16.4679
internal_count=304429 50739 2316 2244 48423 1837 132 73 46586 29517 27394 17069 10499 1200 918 6570 773 6442 1426 293 1608 5016 4941 4871 352 198 154 2123 1615 80
is_linear=0
shrinkage=0.1


Tree=77
num_leaves=31
num_cat=0
split_feature=3 3 1 3 3 0 0 0 2 3 2 1 4 4 4 4 4 2 2 3 1 0 3 0 0 4 2 4 3 4
split_gain=1.63902 4.23978 2.11273 4.28826 3.21626 2.70905 4.0615 5.86314 7.29276 6.83381 3.98478 2.5315 2.52826 2.46032 3.07427 2.44285 2.35597 2.0341 3.72391 4.93214 4.66855 6.42856 6.98598 4.24829 5.16169 6.24538 3.98472 3.91934 4.44518 8.62529
threshold=0.58500000000000008 1.2950000000000002 5.5000000000000009 4.1000000000000005 1.3150000000000002 6.4800000000000013 3.5000000000000004 4.5000000000000009 1.3750000000000002 1.5350000000000004 17.610000000000003 4.5000000000000009 0.54585000000000006 0.45475000000000004 0.57985000000000009 0.44470000000000004 0.41614999999999996 7.6550000000000011 7.8550000000000013 0.15500000000000003 3.5000000000000004 2.5000000000000004 0.115 6.4800000000000013 18.500000000000004 0.36945 7.9450000000000012 1.0000000180025095e-35 0.13500000000000004 0.42735000000000001
decision_type=2 2 2 2 2 2 2 2 2 2 2 2 2 2 2 2 2 2 2 2 2 2 2 2 2 2 2 2 2 2
left_child=17 -2 3 -3 15 6 10 8 9 -8 -6 -5 16 -9 -15 -4 -7 -1 27 20 21 -20 -23 -21 25 26 -25 -19 -29 -30
right_child=1 2 4 11 5 12 7 13 -10 -11 -12 -13 -14 14 -16 -17 -18 18 19 23 -22 22 -24 24 -26 -27 -28 28 29 -31
leaf_value=-7.2875387418086648e-05 -0.10032498183782818 -0.04390608316149297 -0.10108605061338821 0.015106396144254023 -0.10203531083535794 -0.1013536725344094 0.36128117399053084 0.35372283451192188 0.11877210737902842 1.2412692992483501 0.13135749337493571 -0.075725845682050208 -0.10178039784144954 -0.10201060523884396 0.29510058596829725 0.27980232056819765 0.038469476930595575 -0.085776892108747699 -0.10335086399063012 0.068722862957905043 -0.042315050068112779 -0.093891133933941551 0.018307279025516141 -0.059390260689606379 0.057156858485321593 -0.10729081114274447 0.040591071566993472 0.039558022681151474 0.017915829622913666 -0.048660998346777673
leaf_weight=30984.486783031374 5.297139794449321 30.234889012062922 0.21448444109410303 33.702628429979086 1.726387407863512 1.4879314675927142 0.21641325112432275 0.21979017136618484 0.45002094283699989 0.14901361521333456 1.2694176211953161 3.3756228424608699 2.6090649475809187 0.86334213800728299 0.25180748756974936 0.78342587361112237 6.3389055081643164 3.7509399726986876 5.6001076847314826 13.978122204542158 41.777063384652138 6.1017758399248114 61.313518926501274 5.9503529146313729 12.160386234521864 6.4169333837926379 12.076142348349093 63.824644114822149 134.11499166116118 22.76193742454052
leaf_count=297075 1740 1091 38 280 191 220 31 30 21 21 29 78 310 72 19 60 534 24 31 73 390 36 359 38 77 44 75 428 862 152
internal_value=-2.1042e-05 -0.0135579 -0.00807925 -0.0159552 0.0238962 0.0127503 0.0721272 0.176985 0.388255 0.720122 -0.00313938 0.00683698 -0.0165299 0.0479297 -0.0123405 0.197937 0.0118882 1.74402e-05 0.00719596 -0.00419058 -0.0156543 -0.000399846 0.00815217 0.0218256 0.00391659 -0.02257 0.00758831 0.0155855 0.0173082 0.00825592
internal_weight=31463.5 89.1903 83.8931 67.3131 16.58 15.5821 5.14619 2.15039 0.815448 0.365427 2.99581 37.0783 10.4359 1.33494 1.11515 0.99791 7.82684 31374.3 389.827 165.374 114.792 73.0154 67.4153 50.5819 36.6038 24.4434 18.0265 224.453 220.702 156.877
internal_count=304429 4765 3025 1449 1576 1478 414 194 73 52 220 358 1064 121 91 98 754 299664 2589 1123 816 426 395 307 234 157 113 1466 1442 1014
is_linear=0
shrinkage=0.1


Tree=78
num_leaves=31
num_cat=0
split_feature=4 4 0 3 0 2 0 2 2 1 1 2 0 0 0 2 2 1 1 0 1 3 1 3 0 1 3 3 1 2
split_gain=1.57469 3.43943 7.45403 3.83347 6.23895 7.00798 5.13965 4.5425 4.01292 3.71899 4.24748 5.78549 8.92616 15.5127 4.60479 4.01946 6.12774 5.71196 10.6392 5.05833 6.60821 4.98054 4.12084 4.40992 3.86479 3.51263 3.06386 3.66128 3.05295 3.01557
threshold=1.0000000180025095e-35 0.11610000000000002 9.5000000000000018 0.15500000000000003 8.5000000000000018 4.745000000000001 7.5000000000000009 5.9050000000000011 4.7650000000000006 5.5000000000000009 4.5000000000000009 4.6050000000000013 20.500000000000004 16.500000000000004 22.500000000000004 4.5850000000000009 6.5450000000000008 2.5000000000000004 1.5000000000000002 13.500000000000002 2.5000000000000004 0.16500000000000004 1.5000000000000002 0.14500000000000005 20.500000000000004 3.5000000000000004 0.15500000000000003 0.16500000000000004 1.5000000000000002 4.1850000000000014
decision_type=2 2 2 2 2 2 2 2 2 2 2 2 2 2 2 2 2 2 2 2 2 2 2 2 2 2 2 2 2 2
left_child=29 2 3 6 8 -6 -2 -8 28 10 15 -12 13 -13 -14 25 19 18 -18 20 21 -17 24 -24 -21 26 -4 -28 -5 -1
right_child=1 -3 9 4 5 -7 7 -9 -10 -11 11 12 14 -15 -16 16 17 -19 -20 22 -22 -23 23 -25 -26 -27 27 -29 -30 -31
leaf_value=0.016377965243738628 0.005143799502838638 -7.6289851034164094e-05 0.14512197116653711 0.034861244288490238 -0.058891783936109159 0.23513389962634626 -0.13910868492530243 -0.016127126772390969 -0.071688320502982503 -0.083622519803710632 -0.10310298820734656 0.072930841331527468 -0.10887876538066338 0.48656934776721816 0.087168360050831326 0.15887652304520411 0.015804178410302076 -0.019507958963789779 0.20688083282497083 -0.012228539627889128 -0.065992922231734849 0.0019125204488934261 0.059713976652609017 -0.031172662649220164 -0.097837609437817524 -0.065763544610879326 -0.050268221896473134 0.071112110571865547 -0.054770345425953729 0.0016137089601744696
leaf_weight=156.00841097987723 42.478247325867414 29845.905034694704 3.4514009580016198 7.3179049640893918 1.6337608569301656 1.6089446414262056 5.2139680087566358 7.0840676389634609 41.606386968865991 4.5646809577010563 1.6679405407048751 2.7632222101092321 1.9770597126334903 1.3494374901056287 3.0408001244068146 4.4996013045310956 8.3702730089426058 9.645832881331442 4.4703116565942755 8.2243005633354205 4.1994122937321654 3.6705659329891205 6.8335981741547611 24.403490852564573 14.696830525994299 2.5022431816905728 3.382254119962453 9.3682046774774772 7.9052623333409429 1221.490147084929
leaf_count=3031 330 288111 26 37 38 17 47 53 378 175 68 44 32 27 49 25 44 65 26 34 43 19 61 263 62 53 34 94 211 10932
internal_value=-2.03715e-05 -0.000171758 -0.0121473 -0.0304706 -0.0479165 0.086996 -0.011338 -0.0682673 -0.0556146 0.00495041 0.0083618 0.0681533 0.099438 0.208653 0.0099249 0.00236786 -0.00648692 0.0386427 0.0823255 -0.0217408 0.0359567 0.0883582 -0.0349187 -0.0112898 -0.0671203 0.0445085 0.061539 0.0389141 -0.0116837 0.00328583
internal_weight=31461.3 30083.8 237.93 114.849 60.0723 3.24271 54.7763 12.298 56.8296 123.081 118.517 10.7985 9.13052 4.11266 5.01786 107.718 89.0142 22.4864 12.8406 66.5278 12.3696 8.17017 54.1582 31.2371 22.9211 18.7041 16.2019 12.7505 15.2232 1377.5
internal_count=304429 290466 2355 1111 681 55 430 100 626 1244 1069 220 152 71 81 849 642 135 70 507 87 44 420 324 96 207 154 128 248 13963
is_linear=0
shrinkage=0.1


Tree=79
num_leaves=31
num_cat=0
split_feature=4 4 3 4 1 0 2 4 2 2 3 2 2 2 2 3 0 4 4 1 2 4 1 0 2 4 2 0 1 0
split_gain=1.51178 3.31348 7.49973 12.4335 10.3731 7.4397 6.09043 4.81903 7.23664 4.98308 5.39216 8.93048 6.51061 5.37224 5.42851 4.55225 5.44551 7.25141 9.63603 4.01073 3.92459 6.40555 7.71036 11.4343 8.99489 3.90185 5.44924 3.19291 3.3315 4.68695
threshold=0.45475000000000004 0.47455000000000008 0.12500000000000003 0.46925000000000006 4.5000000000000009 10.500000000000002 6.6150000000000011 0.49050000000000005 7.4150000000000009 7.3650000000000011 0.17500000000000002 5.5850000000000009 4.4250000000000007 4.9850000000000012 4.9250000000000007 0.16500000000000004 22.500000000000004 0.46025000000000005 0.47210000000000002 1.5000000000000002 5.8150000000000004 0.46175000000000005 2.5000000000000004 6.4800000000000013 6.535000000000001 0.46025000000000005 6.4050000000000011 16.500000000000004 3.5000000000000004 2.5000000000000004
decision_type=2 2 2 2 2 2 2 2 2 2 2 2 2 2 2 2 2 2 2 2 2 2 2 2 2 2 2 2 2 2
left_child=-1 2 3 4 25 -6 -5 8 9 10 12 27 -3 14 -14 16 19 -18 -19 -4 -17 -22 -23 -24 -25 -2 -27 28 -12 -30
right_child=1 7 15 6 5 -7 -8 -9 -10 -11 11 -13 13 -15 -16 20 17 18 -20 -21 21 22 23 24 -26 26 -28 -29 29 -31
leaf_value=-0.00023886108218642036 0.13332730869394602 -0.050351006774582367 0.017295682003528021 -0.1531955995627495 0.08708250440679674 0.32677383643999069 0.0051793182325292585 0.0026832645539290618 0.055556309227498546 -0.13320187399014741 -0.016716456694498828 -0.088071638982699735 0.016571568979663266 -0.0050774754069214086 0.11707791763909246 0.008654808864747579 0.037234214644901509 -0.085943936468877158 0.052182205841154017 -0.004152048234653519 -0.00094171962806097848 0.019153874913598268 0.0060171103941976077 0.22269982410105929 0.038086264134156306 0.1096027160621552 -0.0010660495060489949 -0.04529130508949919 0.18104118420325166 0.017456821973146595
leaf_weight=28604.474321039277 5.2821285724639955 28.966679455246776 126.30735106766224 3.1490445183590046 2.4795393534004679 2.7105130963027477 10.606694389134644 1593.2051356362645 16.822646245360374 3.3253714293241492 31.638550220057368 21.751639639958739 25.172472232952714 299.2205158546567 6.8326168339699498 232.49992925534025 10.431690678000448 25.685234650969509 6.2868646886199704 281.51882821787149 27.813470536842942 20.799550712108612 7.132060723379257 8.4678868073970062 3.8341712579131118 6.7450021952390697 13.071969166398047 22.321054659085348 2.0729876812547436 11.293347888858987
leaf_count=277880 32 408 596 39 39 28 70 15171 136 24 259 173 238 2100 61 2926 83 208 44 2444 208 106 68 81 38 36 73 400 57 403
internal_value=-1.97705e-05 0.00217344 0.00765909 0.0477638 0.0835691 0.212262 -0.0310768 5.9567e-05 -0.00884527 -0.011239 -0.0103363 -0.0323661 -0.0048882 -0.000912336 0.0380282 0.00530632 -0.00105573 -0.0351622 -0.0587834 0.0024905 0.0148369 0.0359595 0.0614692 0.106758 0.165161 0.0569577 0.0366017 -0.0143688 0.000967843 0.0428272
internal_weight=31461.9 2857.44 794.822 44.0449 30.2892 5.19005 13.7557 2062.62 469.418 452.595 449.27 89.0776 360.192 331.226 32.0051 750.777 450.23 42.4038 31.9721 407.826 300.547 68.0471 40.2337 19.4341 12.3021 25.0991 19.817 67.3259 45.0049 13.3663
internal_count=304429 26549 7119 317 208 67 109 19430 4259 4123 4099 1292 2807 2399 299 6802 3375 335 252 3040 3427 501 293 187 119 141 109 1119 719 460
is_linear=0
shrinkage=0.1


Tree=80
num_leaves=31
num_cat=0
split_feature=3 3 4 4 3 2 4 4 4 1 1 4 4 4 4 0 0 4 0 2 3 4 3 0 2 2 2 0 0 4
split_gain=1.56649 3.84713 1.94362 4.4162 2.11199 2.9272 2.60412 3.68989 3.41716 3.27099 3.1861 3.0711 2.57253 2.15047 7.47452 2.09821 1.90279 2.86419 2.51319 1.89435 1.83508 6.55522 6.03095 4.78043 6.77816 9.76553 5.67567 5.21823 5.93419 4.65778
threshold=0.58500000000000008 1.2950000000000002 0.34235000000000004 0.34734999999999999 4.8500000000000005 1.0000000180025095e-35 0.49550000000000005 0.46685000000000004 0.42010000000000008 2.5000000000000004 4.5000000000000009 0.48055000000000009 0.59760000000000013 0.43085000000000001 0.43405000000000005 20.500000000000004 11.500000000000002 0.65415000000000012 2.5000000000000004 28.170000000000005 0.24500000000000002 0.52330000000000021 0.23500000000000001 10.500000000000002 2.7350000000000008 3.4950000000000006 1.5450000000000002 6.4800000000000013 4.5000000000000009 0.37030000000000002
decision_type=2 2 2 2 2 2 2 2 2 2 2 2 2 2 2 2 2 2 2 2 2 2 2 2 2 2 2 2 2 2
left_child=20 -2 -3 -4 5 13 7 8 -7 -9 -11 -12 -8 -5 -15 -6 18 -18 -16 -14 22 23 -1 24 26 -26 -22 28 -27 -29
right_child=1 2 3 4 15 6 12 9 -10 10 11 -13 19 14 16 -17 17 -19 -20 -21 21 -23 -24 -25 25 27 -28 29 -30 -31
leaf_value=1.9224464077141513e-05 -0.10029475361063414 -0.069542391076881011 0.29117269474715152 -0.10188480650646821 0.035433525370854632 0.044453485004981301 -0.063437335399786396 -0.029709553621601232 -0.077860513164730374 0.15818685133434091 -0.10473694856804142 0.08271076041112313 -0.021413574823642957 0.52142055780272833 -0.10208386423176241 -0.04366307958823315 -0.064643228242681039 0.28221830422702004 0.088898187809475129 0.13850128123226416 -0.1005445220475463 0.17045763616814882 -0.061248476788790578 -0.018712715856297385 -0.091861637406497498 0.071566610343578627 0.29484804655016389 0.087038017283138008 -0.11756244546815459 0.31791977884252637
leaf_weight=31306.107771883253 4.8066011978080487 4.8814207110553971 0.50187213718891044 1.0791294341906894 17.437845529988412 3.1791591118089881 20.575025259517137 4.4521938785910589 8.1127754910849017 2.9819445298053324 1.2987433527596297 2.6728472537361085 2.2663356326520434 0.32095669955015083 0.79630559729412009 4.1523794513195744 2.7445329595357184 0.26067291758954514 5.1149081904441118 1.1004652604460718 0.45919317821972372 2.7110008392482987 16.074808098841459 25.440987508976832 5.1059263478964594 7.9725792631506902 1.7338640370871869 2.439579220488667 2.0949213458225131 1.361372325569391
leaf_count=297723 1740 318 8 174 157 123 664 31 262 41 58 81 95 26 108 44 482 20 321 12 90 36 776 573 118 127 110 50 41 20
internal_value=-1.93986e-05 -0.0132873 -0.00830438 -0.00452278 -0.00641213 -0.016508 -0.0271701 -0.00290169 -0.0434239 0.0372163 0.0800674 0.0214138 -0.0501774 0.0316942 0.0472992 0.0202211 0.0302327 -0.0345563 0.0631708 0.0308558 1.81303e-05 0.0192924 -1.22186e-05 0.0104998 0.0456101 0.0263719 0.212059 0.0699018 0.0322112 0.169732
internal_weight=31460.2 88.7361 83.9295 79.0481 78.5462 56.956 46.6395 22.6977 11.2919 11.4057 6.95354 3.97159 23.9418 10.3165 9.23738 21.5902 8.91642 3.00521 5.91121 3.3668 31371.5 49.3194 31322.2 46.6084 21.1674 18.9744 2.19306 13.8685 10.0675 3.80095
internal_count=304429 4765 3025 2707 2699 2498 1367 596 385 211 180 139 771 1131 957 201 931 502 429 107 299664 1165 298499 1129 556 356 200 238 168 70
is_linear=0
shrinkage=0.1


Tree=81
num_leaves=31
num_cat=0
split_feature=1 2 2 2 3 4 4 4 4 4 0 4 3 4 0 2 2 4 2 2 4 2 3 3 4 0 4 3 0 2
split_gain=1.47059 3.03738 4.86248 6.02398 5.06384 9.47252 12.0701 15.5141 12.8719 7.42174 12.5186 6.02878 7.47152 5.3282 4.66867 20.0889 19.904 10.8664 6.75516 16.9911 4.20355 4.08141 3.788 6.69726 4.62484 4.25881 5.33735 3.92001 5.05256 3.95845
threshold=5.5000000000000009 4.9450000000000012 4.7250000000000005 4.6650000000000009 0.16500000000000004 0.34154999999999996 0.38085000000000008 0.36660000000000009 0.35455000000000009 0.26330000000000003 14.500000000000002 0.24494999999999997 0.17500000000000002 0.46025000000000005 1.5000000000000002 4.5850000000000009 4.6050000000000013 0.33144999999999997 4.1450000000000005 4.205000000000001 0.29145000000000004 4.6850000000000014 1.5550000000000004 1.6250000000000002 0.12590000000000004 22.500000000000004 0.51075000000000015 0.17500000000000002 21.500000000000004 3.6750000000000003
decision_type=2 2 2 2 2 2 2 2 2 2 2 2 2 2 2 2 2 2 2 2 2 2 2 2 2 2 2 2 2 2
left_child=-1 2 3 14 9 11 7 8 -7 10 -5 12 -6 21 15 17 -17 18 -2 -20 -21 -8 27 25 -25 26 -24 28 29 -16
right_child=1 -3 -4 4 5 6 13 -9 -10 -11 -12 -13 -14 -15 22 16 -18 -19 19 20 -22 -23 23 24 -26 -27 -28 -29 -30 -31
leaf_value=0.00013490594109127123 0.036783854802386912 -0.0011039700911422913 -0.043785434302361717 -0.10161507545614322 0.44279776950234284 0.68743836412971993 0.2151652035119605 1.0550975503760283 -0.10174792138182437 -0.075840024851459326 0.66788625548025959 -0.10148415913348044 -0.10129920205180627 0.34090500945185387 0.04999398141823564 0.94623996877740169 0.071925156156770031 -0.083870884460187131 0.83053009940035494 -0.10164083034106615 0.29553345957719168 -0.10189604500255085 -0.10075174913902406 0.5307180119747098 -0.025755518148080622 0.65311185105037162 0.45046549577272849 -0.031136739144647565 -0.069573940988642863 -0.0051500675889372544
leaf_weight=29942.51319619664 2.8810478718951327 1274.4290340105072 43.06540682958439 0.46202224772423317 0.55116149596869968 0.3800474535673859 0.63100935425609384 0.34575171954929829 0.45303959865123034 3.8321557305753231 0.38977093063294888 2.1678928229957819 0.46556721907109022 0.67773088999092568 17.15958067914471 0.47599568404257186 0.57481179479509592 5.607665793504566 0.42865195125341404 0.56591341923922278 0.50360948499292135 1.1385547090321777 0.34198712045326773 0.15832394827157292 2.6351449899375439 0.26448907237499952 0.36118880589492619 92.733708977815695 9.4759768890216929 53.928076438605785
leaf_count=253691 222 29224 2517 30 38 21 37 20 27 210 23 153 37 43 1376 16 31 446 22 38 33 63 52 22 340 11 36 11140 833 3677
internal_value=-1.89909e-05 -0.00305643 -0.0133108 -0.00673528 0.0635416 0.118584 0.229105 0.49198 0.258272 -0.0164939 0.2505 -0.00725841 0.193652 0.10248 -0.01103 0.0520695 0.467973 0.0083087 0.126346 0.298578 0.0853778 0.0111649 -0.0149635 0.0843214 0.00578344 0.311046 0.182383 -0.0171183 -0.000982311 0.00816095
internal_weight=31459.6 1517.09 242.656 199.591 11.4947 6.81076 3.62613 1.17884 0.833087 4.68395 0.851793 3.18462 1.01673 2.44729 188.096 11.0377 1.05081 9.98689 4.37922 1.49817 1.06952 1.76956 177.058 3.76113 2.79347 0.967665 0.703176 173.297 80.5636 71.0877
internal_count=304429 50738 21514 18997 702 439 211 68 48 263 53 228 75 143 18295 808 47 761 315 93 71 100 17487 461 362 99 88 17026 5886 5053
is_linear=0
shrinkage=0.1


Tree=82
num_leaves=31
num_cat=0
split_feature=2 3 0 2 2 4 1 2 2 4 0 2 4 0 4 1 2 4 1 2 4 3 4 4 2 4 0 1 0 2
split_gain=1.45089 4.71025 6.58349 5.03513 5.23937 5.16134 6.17768 4.03999 17.7781 10.1635 13.1443 6.04372 8.10564 6.20597 5.848 7.30741 5.60704 5.50511 5.37459 4.90277 4.85064 4.50352 4.7427 10.726 6.99954 4.78348 5.74105 4.45041 4.34938 10.0546
threshold=6.3750000000000009 0.13500000000000004 22.500000000000004 6.6250000000000009 6.6350000000000007 0.30145000000000005 1.5000000000000002 6.8350000000000009 6.7750000000000012 0.31915000000000004 20.500000000000004 6.8450000000000006 0.34610000000000002 9.5000000000000018 0.31345000000000006 3.5000000000000004 7.6550000000000011 0.28955000000000003 3.5000000000000004 6.8050000000000006 0.27075000000000005 0.115 0.24035000000000004 0.28335000000000005 6.4750000000000005 0.21909999999999999 20.500000000000004 1.5000000000000002 17.500000000000004 7.7350000000000012
decision_type=2 2 2 2 2 2 2 2 2 2 2 2 2 2 2 2 2 2 2 2 2 2 2 2 2 2 2 2 2 2
left_child=-1 2 7 5 -5 6 -4 8 21 10 14 12 18 -13 17 -16 -15 20 -9 -11 -10 -2 25 24 -24 26 -23 -27 29 -18
right_child=1 -3 3 4 -6 -7 -8 11 9 19 -12 13 -14 16 15 -17 28 -19 -20 -21 -22 22 23 -25 -26 27 -28 -29 -30 -31
leaf_value=-0.00045922387737820945 0.018577176106128308 0.0022917669731331576 -0.085877281763713675 0.14976163274330412 0.020939005282913849 -0.061244545335077186 0.0828761021215908 0.048117420636835349 0.055101751993756644 0.041158003621361385 -0.064004116483788662 0.0010592191189571533 -0.12021627071028702 -0.016999584464857411 0.19809848700312571 0.026616189231906409 0.10852555996556515 0.0043188434563277258 -0.11192641606153153 -0.012217713528484475 0.14709331532212402 -0.024356042856527628 0.082347708300113093 -0.0097594641457663528 0.013061771421388344 -0.12054924316457363 0.072658405422984879 -0.033065604193623192 -0.014980253728898343 -0.0011724917464754417
leaf_weight=22223.451689015725 72.038497839123011 7043.4272562395781 3.1390886157751101 3.2337117195129386 133.33935488387942 15.261843562126158 7.0218035317957401 7.4062511622905749 13.863745104521515 30.546796835958958 6.4639185965061179 489.82133409380913 11.129337374120949 582.01668652147055 8.5330518633127195 3.50600891560316 12.712585136294363 9.9025082103908044 2.9277815222740173 39.41249193996191 9.7723212763667089 64.410016249865294 19.189230632036924 499.42187330499291 60.712567824870348 9.3681457787752169 6.7379496470093718 15.331393618136643 29.588172297924757 24.377767242491245
leaf_count=239030 508 49908 16 23 902 121 64 42 100 216 47 3268 80 4268 45 35 86 73 36 274 67 466 142 3539 460 44 49 137 210 173
internal_value=-2.14449e-05 0.00103209 -0.00301707 0.0163828 0.0239892 -0.0244797 0.0307417 -0.00456581 0.000588743 0.0359819 0.0694466 -0.00842829 -0.0609995 -0.00743722 0.0883729 0.14816 -0.0138528 0.0669118 0.00277468 0.0110881 0.0931356 -0.00519009 -0.00772598 -0.00431691 0.0297015 -0.0283311 -0.0151685 -0.0662468 0.0136149 0.0364261
internal_weight=31458.1 9234.61 2191.19 161.996 136.573 25.4227 10.1609 2029.19 869.211 122.001 52.0416 1159.98 21.4634 1138.52 45.5776 12.0391 648.695 33.5386 10.334 69.9593 23.6361 747.21 675.171 579.324 79.9018 95.8475 71.148 24.6995 66.6785 37.0904
internal_count=304429 65399 15491 1126 925 201 80 14365 6202 857 367 8163 158 8005 320 80 4737 240 78 490 167 5345 4837 4141 602 696 515 181 469 259
is_linear=0
shrinkage=0.1


Tree=83
num_leaves=31
num_cat=0
split_feature=3 3 4 4 3 2 4 4 4 1 4 4 0 4 4 4 0 1 4 3 2 3 4 2 2 4 4 0 0 2
split_gain=1.41538 3.43569 1.73991 2.75026 1.76084 2.20491 2.26355 2.98019 2.96038 2.45276 2.44695 3.43167 3.27425 2.21877 1.69513 2.04541 1.69093 1.54133 1.48389 4.59153 3.63102 7.38318 3.02002 4.07534 3.1041 5.37597 7.08115 10.2589 10.772 6.44001
threshold=0.58500000000000008 1.2950000000000002 0.34235000000000004 0.34734999999999999 4.8500000000000005 1.0000000180025095e-35 0.49550000000000005 0.46685000000000004 0.42010000000000008 2.5000000000000004 0.46925000000000006 0.48055000000000009 14.500000000000002 0.59760000000000013 0.43085000000000001 0.43235000000000001 20.500000000000004 2.5000000000000004 0.37195 0.24500000000000002 2.2850000000000006 0.18500000000000003 0.37365000000000004 4.285000000000001 3.0550000000000002 0.59760000000000013 0.41715000000000008 5.5000000000000009 9.5000000000000018 2.7350000000000008
decision_type=2 2 2 2 2 2 2 2 2 2 2 2 2 2 2 2 2 2 2 2 2 2 2 2 2 2 2 2 2 2
left_child=18 -2 -3 -4 5 14 7 8 -7 -9 -11 -12 -13 -8 -5 -16 -6 -18 20 22 21 -1 23 -20 25 26 27 -24 29 -29
right_child=1 2 3 4 16 6 13 9 -10 10 11 12 -14 -15 15 -17 17 -19 19 -21 -22 -23 24 -25 -26 -27 -28 28 -30 -31
leaf_value=0.01987017922128077 -0.10026195744147415 -0.067325218173798509 0.20128425908219028 -0.10171735459303191 0.031042902082296282 0.038779475031552754 -0.060231006200726134 -0.027340386124995786 -0.074732180436222734 0.19041797941694324 -0.10652248484338574 0.13432547266403502 -0.042236756439772309 0.027092998304517963 0.33224295945549942 0.030268106699798097 0.01541821173377245 -0.10842966616279126 -0.024767355676438597 0.055650613132830221 -0.0004019588881605681 -0.054651366287560448 -0.033877585967215386 0.016984914564201477 0.00047181101285237095 0.082917313214210434 -0.017309751194847199 0.095316149492283564 0.031035800262697651 0.26481199136963901
leaf_weight=21.655855601653457 4.2621182820294043 4.7019486452918491 0.64284726977348228 0.96273893839679558 17.762316528707746 3.2869991483166832 19.685807405272502 4.3964907452464086 7.6326559078879654 1.3189163692295549 1.2640153141692279 3.3191262297332287 1.5365266767330465 3.4143306417390695 0.22965987771749397 9.6189166291151178 2.2253965884447089 1.8322562351822851 26.39308656938374 15.344705781899391 20871.82608262822 34.434208756079897 14.487412425223736 204.62932291440666 10085.558587404899 11.254107246175407 48.163648283109069 6.3794265887700004 24.571512691210955 3.4560753256082535
leaf_count=1051 1740 318 8 174 157 123 664 31 262 16 57 67 40 107 9 948 14 30 456 275 203110 3917 522 1633 85471 166 1722 289 985 67
internal_value=-2.00003e-05 -0.0126778 -0.00822481 -0.00471299 -0.00640022 -0.0156948 -0.0252729 -0.00288705 -0.0405633 0.031875 0.0668736 0.0402472 0.078454 -0.047324 0.0249296 0.0373099 0.0177376 -0.040506 1.55472e-05 0.000989333 -0.000470242 -0.0258793 0.000908876 0.0122149 0.000652648 0.0174914 0.0099051 0.0367132 0.0664361 0.154875
internal_weight=31456.2 88.0931 83.8309 79.129 78.4862 56.6662 45.8549 22.7547 10.9197 11.8351 7.43858 6.11967 4.85565 23.1001 10.8113 9.84858 21.82 4.05765 31368.2 10440.2 20927.9 56.0901 10424.9 231.022 10193.9 108.312 97.0581 48.8944 34.407 9.8355
internal_count=304429 4765 3025 2707 2699 2498 1367 596 385 211 180 164 107 771 1131 957 201 44 299664 91586 208078 4968 91311 2089 89222 3751 3585 1863 1341 356
is_linear=0
shrinkage=0.1


Tree=84
num_leaves=31
num_cat=0
split_feature=1 0 0 0 4 4 2 4 0 2 2 3 2 2 3 4 2 2 0 2 4 4 2 2 2 2 2 4 4 2
split_gain=1.43747 3.45227 3.48076 8.01172 7.06685 5.98119 6.73125 5.32003 5.2004 6.28655 5.9166 5.91136 5.25975 5.16983 5.15884 5.14907 4.75589 4.5545 4.45824 3.96897 3.83696 4.12342 4.09449 3.76663 5.39804 8.40943 5.24546 7.98332 9.85699 5.26257
threshold=1.5000000000000002 4.5000000000000009 9.5000000000000018 11.500000000000002 0.46175000000000005 0.46925000000000006 4.3850000000000007 0.57985000000000009 8.5000000000000018 4.1250000000000009 7.0050000000000008 0.20500000000000004 5.955000000000001 4.1450000000000005 0.21500000000000002 0.53885000000000016 3.8750000000000004 3.9850000000000008 5.5000000000000009 4.7250000000000005 0.38365000000000005 0.32585000000000003 7.535000000000001 7.1850000000000014 7.3450000000000006 7.4150000000000009 6.8450000000000006 0.34790000000000004 0.32505000000000006 6.9050000000000011
decision_type=2 2 2 2 2 2 2 2 2 2 2 2 2 2 2 2 2 2 2 2 2 2 2 2 2 2 2 2 2 2
left_child=1 -1 4 7 8 -6 13 23 11 17 12 -3 -11 15 -13 16 -7 -10 -8 -20 21 22 -12 26 -25 -26 -4 28 29 -28
right_child=-2 2 3 -5 5 6 18 -9 9 10 20 14 -14 -15 -16 -17 -18 -19 19 -21 -22 -23 -24 24 25 -27 27 -29 -30 -31
leaf_value=-0.0030637187673983025 -0.00052806056638502201 0.0019194543196106055 -0.0066520460798324479 0.0018460897147296808 0.07323155114045693 0.11406126248039086 0.046275364002152458 -0.080675400027592714 -0.0071417447030136597 0.010782564165491039 -0.05965584244526087 -0.064254693791793258 0.035470183049656955 0.12940684062950122 0.0025632233579734711 -0.041838569116211116 -0.0085319613754993549 -0.092166031334153381 -0.068379316488508091 0.0050737928589834093 -0.065032754289426606 0.043837205315552193 0.053153620660142988 0.060529191929145437 -0.12081652302685225 0.019658480394898644 0.065479253551468969 -0.07574012007231197 0.12485123129618732 -0.049188749111882285
leaf_weight=1857.9540126845241 20083.767082787701 1801.6924605220556 833.02494887262583 6090.5741889923811 21.297734618186951 8.5606190860271507 25.508572861552238 9.9762594997882825 25.353484265506268 211.04433909058571 12.785378068685537 25.627786077558994 146.00118184089661 8.0920872390270215 21.042374283075333 6.1028624624013892 5.0201802700757971 8.3834424167871457 7.8804391473531714 110.59427651017904 12.547313779592512 12.777111038565634 4.2993554025888434 19.526406615972519 5.3465990126132992 20.999040648341179 4.945266053080565 28.37830862402916 5.0922234803438178 20.990528732538223
leaf_count=8209 253690 7948 3606 27336 99 39 118 44 136 878 66 120 665 33 120 27 21 38 32 530 65 65 23 99 26 111 23 136 24 102
internal_value=-1.9388e-05 0.00087901 0.00164901 0.000514866 0.00487502 0.023246 0.0170479 -0.00803527 0.00332053 0.0131823 0.0166833 0.00100927 0.0208777 0.0621204 -0.0341282 0.0344584 0.0687443 -0.0282698 0.008353 0.000188001 -0.0186297 0.000867885 -0.0312675 -0.00726294 0.020683 -0.0088496 -0.00869939 -0.0374083 -0.00234998 -0.0273246
internal_weight=31455.2 11371.4 9513.46 7038.85 2474.61 193.057 171.759 948.28 2281.55 433.192 399.455 1848.36 357.046 27.7757 46.6702 19.6837 13.5808 33.7369 143.983 118.475 42.4092 29.8618 17.0847 938.303 45.872 26.3456 892.431 59.4063 31.028 25.9358
internal_count=304429 50739 42530 31507 11023 899 800 4171 10124 1936 1762 8188 1543 120 240 87 60 174 680 562 219 154 89 4127 236 137 3891 285 149 125
is_linear=0
shrinkage=0.1


Tree=85
num_leaves=31
num_cat=0
split_feature=3 2 2 2 4 4 0 0 4 3 1 4 4 1 0 2 0 0 1 0 4 0 3 2 2 4 2 0 1 4
split_gain=1.36154 2.97634 8.78041 5.51911 4.82815 7.03298 4.44659 7.20021 9.74354 6.62426 7.11089 7.47346 11.6492 5.73284 5.52047 4.88551 4.66713 4.3046 4.23856 4.61957 7.80969 5.24386 5.68568 6.03796 5.46505 5.22519 12.5794 4.45381 4.553 8.06437
threshold=0.15500000000000003 6.2750000000000012 6.2550000000000008 6.3150000000000004 0.33555000000000001 0.27290000000000009 4.5000000000000009 16.500000000000004 0.20884999999999998 0.17500000000000002 1.5000000000000002 0.38175000000000003 0.37475000000000008 1.5000000000000002 10.500000000000002 6.285000000000001 7.5000000000000009 17.500000000000004 5.5000000000000009 12.500000000000002 0.28540000000000004 2.5000000000000004 0.18500000000000003 4.8450000000000006 4.9250000000000007 0.28755000000000003 5.8050000000000006 1.5000000000000002 3.5000000000000004 0.41195000000000009
decision_type=2 2 2 2 2 2 2 2 2 2 2 2 2 2 2 2 2 2 2 2 2 2 2 2 2 2 2 2 2 2
left_child=-1 2 18 6 5 -4 -3 9 -9 10 14 12 -12 15 16 -10 -8 -6 27 21 -21 -20 -23 -24 -25 26 -22 28 -2 -30
right_child=1 3 4 -5 17 -7 7 8 13 -11 11 -13 -14 -15 -16 -17 -18 -19 19 20 25 22 23 24 -26 -27 -28 -29 29 -31
leaf_value=0.00076554229871083745 -0.013877193293195283 -0.026655898731213698 0.005195384239792598 0.0010851287714051738 0.014702288522152974 -0.078356527455539657 0.017941629690799311 0.14488083988516837 -0.035029926568905738 -0.0075149624218708716 0.090492548299650408 0.029897156022066152 0.3038666231263889 -0.026664344718385004 0.056434477346306633 0.052262689206239922 -0.11264183939133594 -0.051648726814677706 0.0099965941534507774 -0.030778100265520577 0.0016898694621845069 -0.034988522070784525 -0.022141068142835393 0.32106072563061128 0.03808406546181934 0.0082199552196062144 0.45512452708624757 -0.00028719726458458015 -0.0064278016035914575 0.044318419867356365
leaf_weight=13023.023817844689 474.75946278590709 19.826237436383963 14.290959201753138 3280.305714763701 28.788512110710144 34.146652396768332 6.3172388970851916 4.5495817363262168 8.9180081337690371 20.468202779069543 25.942434344440702 18.369229506701231 2.8386405482888213 49.779575733467937 13.512287035584448 22.810873806476593 4.8293327391147614 14.806649766862391 50.40524117986206 61.777104799519293 1.9330966575071209 163.81135511165485 33.926379000418819 0.70987140201032417 17.690026113763452 180.51888584403787 0.89514945074915875 13680.202301975572 142.99623472895473 40.096844868268818
leaf_count=102815 3653 130 119 23510 205 266 27 34 39 162 234 138 25 476 58 104 21 101 2601 4284 146 7813 4019 48 748 10793 28 139217 2139 476
internal_value=-1.70624e-05 -0.000570361 -0.00118368 0.00206415 -0.0319761 -0.0537055 0.0182706 0.0232653 0.00245843 0.0426697 0.0569742 0.0797313 0.111537 -0.0054912 0.0134603 0.0277274 -0.0386346 -0.00783315 -0.00099284 -0.00993622 -2.79598e-05 -0.0190483 -0.0258218 0.0028753 0.0490014 0.010333 0.145203 -0.000673687 -0.00871084 0.00468547
internal_weight=31443.2 18420.2 14941.8 3478.47 92.0328 48.4376 198.162 178.335 86.058 92.2774 71.8092 47.1503 28.7811 81.5085 24.6589 31.7289 11.1466 43.5952 14849.7 511.667 245.124 266.543 216.138 52.3263 18.3999 183.347 2.82825 14338.1 657.853 183.093
internal_count=304429 201614 176656 24958 691 385 1448 1318 653 665 503 397 259 619 106 143 48 306 175965 30480 15251 15229 12628 4815 796 10967 174 145485 6268 2615
is_linear=0
shrinkage=0.1


Tree=86
num_leaves=31
num_cat=0
split_feature=4 4 0 0 3 0 0 2 2 1 1 2 0 0 0 2 2 3 0 3 1 0 4 0 0 0 4 3 0 4
split_gain=1.37843 2.83844 6.09752 3.56049 4.72699 3.40202 3.20747 9.64873 4.20861 3.13844 3.01917 4.36447 5.18204 6.69739 3.78465 3.19151 3.70064 4.21565 3.5444 2.98435 2.80068 2.65014 2.62126 4.79478 7.97997 8.03842 8.00126 5.85185 5.63542 5.00044
threshold=1.0000000180025095e-35 0.11610000000000002 9.5000000000000018 6.4800000000000013 0.13500000000000004 7.5000000000000009 2.5000000000000004 6.4050000000000011 4.3450000000000006 5.5000000000000009 4.5000000000000009 4.6050000000000013 20.500000000000004 15.500000000000002 22.500000000000004 7.1450000000000005 4.5850000000000009 0.15500000000000003 12.500000000000002 0.15500000000000003 3.5000000000000004 4.5000000000000009 0.15829999999999991 1.5000000000000002 7.5000000000000009 5.5000000000000009 0.14335000000000003 0.17500000000000002 19.500000000000004 0.14335000000000003
decision_type=2 2 2 2 2 2 2 2 2 2 2 2 2 2 2 2 2 2 2 2 2 2 2 2 2 2 2 2 2 2
left_child=-1 2 3 6 5 -5 19 8 -8 10 15 -12 13 -13 -14 16 20 18 -18 -2 -4 -10 23 27 25 26 -25 -3 -26 -30
right_child=1 22 9 4 -6 -7 7 -9 21 -11 11 12 14 -15 -16 -17 17 -19 -20 -21 -22 -23 -24 24 28 -27 -28 -29 29 -31
leaf_value=0.0030749910781527642 -0.0066485051054534852 0.025665040431151361 0.053557305660442339 0.076015374653630396 -0.058340633464070014 -0.060275822315155152 0.10235390444448873 0.18699790100221891 0.039146547049473152 -0.081131995976834237 -0.10280041439018567 0.043049593471209138 -0.10796155280958147 0.2755687929882078 0.072632122642982758 0.10945566680794755 0.11347538297896893 -0.031675219020828579 0.0044097779346748203 -0.06840621330428158 -0.062910700089464477 -0.044493242263207701 -0.00017378151114699967 -0.020242887621382346 0.027033565628302909 -0.05002270907186579 0.063756102589553901 0.16163504787199312 -0.024605606798769986 0.027166845262722575
leaf_weight=1378.4461355628446 19.33306230045855 11.99532570037991 16.706658868119124 4.943430818617343 46.648999359225854 2.9093481563031673 3.0912000210955801 2.9129138737916938 5.0926268231123712 4.159419181989505 1.5079386550933112 2.6398025490343553 1.7999071404337881 2.3340449631214142 3.2662429437041283 2.6968460679054251 3.2191864997148505 43.048398524522781 40.046667963266373 13.144805917516349 2.3558095321059218 14.790887413546441 29479.131772565423 33.00996438972652 154.10706302965991 43.696987666655332 17.274112962186337 4.2998542264103881 50.90423793415539 29.447938340483233
leaf_count=13963 143 111 154 38 498 21 51 19 48 175 68 40 32 31 49 15 24 341 262 140 53 153 284492 329 1520 469 174 63 588 365
internal_value=-1.71657e-05 -0.000158959 -0.0110676 -0.0278776 -0.0462576 0.0255213 -0.0107144 0.0155429 -0.00619548 0.00426025 0.00722947 0.0558307 0.079656 0.152162 0.00847061 0.00203631 -0.000712815 -0.00951954 0.0125248 -0.0316438 0.0391638 -0.0230712 -7.24e-05 0.00859697 0.00597007 -0.0186498 0.00861333 0.0615438 0.0158388 -0.00563173
internal_weight=31439 30060.5 236.648 112.867 54.5018 7.85278 58.3655 25.8876 22.9747 123.781 119.622 11.5479 10.04 4.97385 5.06615 108.074 105.377 86.3143 43.2659 32.4779 19.0625 19.8835 29823.9 344.735 328.44 93.9811 50.2841 16.2952 234.459 80.3522
internal_count=304429 290466 2355 1111 557 59 554 271 252 1244 1069 220 152 71 81 849 834 627 286 283 207 201 288111 3619 3445 972 503 174 2473 953
is_linear=0
shrinkage=0.1


Tree=87
num_leaves=31
num_cat=0
split_feature=4 4 0 2 0 2 2 2 1 3 2 0 1 2 2 0 3 4 0 1 2 2 2 0 3 2 1 0 0 2
split_gain=1.3657 3.18019 4.16189 4.559 3.51628 5.99667 5.93007 4.28045 6.34533 3.33944 6.01489 3.88687 7.90543 4.26503 4.05103 3.03196 2.98789 2.88364 13.3564 6.01302 4.86453 14.399 3.3182 9.43128 3.40453 4.89683 3.25497 3.13223 3.47995 3.09851
threshold=0.28540000000000004 0.27790000000000009 4.5000000000000009 6.7550000000000008 13.500000000000002 7.3850000000000007 4.2650000000000006 4.3050000000000006 1.5000000000000002 0.18500000000000003 4.4850000000000012 7.5000000000000009 3.5000000000000004 5.6350000000000007 6.535000000000001 10.500000000000002 0.19500000000000003 0.28755000000000003 18.500000000000004 4.5000000000000009 4.6050000000000013 4.3850000000000007 4.5850000000000009 2.5000000000000004 0.15500000000000003 4.3650000000000011 1.5000000000000002 13.500000000000002 5.5000000000000009 6.8650000000000011
decision_type=2 2 2 2 2 2 2 2 2 2 2 2 2 2 2 2 2 2 2 2 2 2 2 2 2 2 2 2 2 2
left_child=1 -1 3 -3 5 6 -4 8 -8 10 -9 14 13 15 -11 -13 -14 18 22 -20 21 -21 23 -2 25 -25 27 28 -26 -24
right_child=17 2 4 -5 -6 -7 7 9 -10 11 -12 12 16 -15 -16 -17 -18 -19 19 20 -22 -23 29 24 26 -27 -28 -29 -30 -31
leaf_value=-0.00052567892650688263 0.1776633718855912 -0.018015246949634991 -0.037050904161604239 -0.081098886817361854 -0.011401956372047214 -0.070522563301574054 0.2381524962624717 -0.093877446569866588 -0.009858426984093456 -0.031871018816820383 0.0090980843450773671 0.052889169330671282 0.34513017563070258 0.12615089448892766 0.11594405416495156 -0.095300003014756718 0.13046410309108147 0.00023158262108175472 -0.036739491517511179 -0.012107340293858694 0.014957036769315358 0.61569882589305314 0.031246556795657656 0.12463746167103602 0.040159596363076422 -0.076245003386262972 -0.054133792578162303 0.064296386489571505 -0.077474703114843391 -0.0061304324629349585
leaf_weight=7116.829199932632 2.6917196428403249 94.947043896652758 27.592106272000819 13.027995470911263 322.56138807209209 10.407127533107994 2.0421413332223883 5.83185183815658 2.0847092978656292 8.0127761503681558 207.33308337908238 3.1496536247432214 1.3278540838509791 3.7087816745042801 2.4122466444969168 2.4582721367478371 1.267134968191385 23285.829210880911 69.282232847064734 1.0730581870302547 9.831591089256106 0.55390512757003296 177.99571910500526 3.6549588823691002 4.4054494351148623 1.8165994165465233 19.624224351253361 5.9299221485853186 5.859852135181427 25.336095564067364
leaf_count=73785 52 997 595 94 3539 96 9 84 48 86 1829 28 32 23 18 21 29 219802 556 58 202 11 1503 50 22 23 593 27 28 189
internal_value=-1.66581e-05 -0.00116161 -0.00755249 -0.0256268 -0.0043009 0.00394945 0.00684983 0.0119048 0.112868 0.0101355 0.00628084 0.046922 0.0859469 0.0429524 0.00233192 -0.0120706 0.240309 0.000362747 0.00967295 -0.0256413 0.0414623 0.201631 0.021202 -0.00370309 -0.0155262 0.0579429 -0.0267489 0.0064342 -0.0269909 0.0265892
internal_weight=31438.9 7824.99 708.164 107.975 600.189 277.628 267.221 239.629 4.12685 235.502 213.165 22.3367 11.9117 9.31671 10.425 5.60793 2.59499 23613.9 328.055 80.7408 11.4586 1.62696 247.315 43.9827 41.291 5.47156 35.8194 16.1952 10.2653 203.332
internal_count=304429 81313 7528 1091 6437 2898 2802 2207 57 2150 1913 237 133 72 104 49 61 223116 3314 827 271 69 2487 795 743 73 670 77 50 1692
is_linear=0
shrinkage=0.1


Tree=88
num_leaves=31
num_cat=0
split_feature=3 0 1 0 2 1 4 3 4 2 2 4 4 4 4 4 4 3 1 0 0 0 1 0 1 2 2 0 2 0
split_gain=1.3031 2.19426 1.68389 3.81373 3.18947 2.64877 5.59624 4.45211 3.40758 4.72633 2.4844 2.12325 6.87643 2.55299 4.0852 1.61203 8.39126 2.99673 2.21784 3.47882 2.23676 1.88794 5.36669 1.79419 2.48441 1.59575 8.9562 7.70599 5.25313 5.50339
threshold=0.21500000000000002 20.500000000000004 2.5000000000000004 22.500000000000004 4.9050000000000011 1.5000000000000002 0.32010000000000005 0.24500000000000002 0.35905000000000004 3.7850000000000006 17.610000000000003 0.39245000000000008 0.41875000000000001 0.17685000000000003 0.14335000000000003 0.12590000000000004 0.20884999999999998 4.1850000000000014 1.5000000000000002 1.5000000000000002 17.500000000000004 9.5000000000000018 3.5000000000000004 6.4800000000000013 3.5000000000000004 4.3650000000000011 4.1450000000000005 7.5000000000000009 4.4450000000000012 11.500000000000002
decision_type=2 2 2 2 2 2 2 2 2 2 2 2 2 2 2 2 2 2 2 2 2 2 2 2 2 2 2 2 2 2
left_child=-1 15 4 -4 5 6 -3 8 -7 -10 -6 13 -13 14 -5 17 -17 18 -2 -20 21 23 -23 24 -21 26 -18 -27 29 -29
right_child=1 2 3 11 10 7 -8 -9 9 -11 -12 12 -14 -15 -16 16 25 -19 19 20 -22 22 -24 -25 -26 27 -28 28 -30 -31
leaf_value=5.4158197446209541e-05 0.088732602088147094 0.029814640544302523 -0.076744164937053924 -0.10150260216948591 0.096272158816334219 -0.10503388581883309 -0.096266829905798157 0.18534343094071248 -0.10475583647119563 0.14831134457207074 -0.015982434082505343 0.34236240897609732 0.0033505738266392578 -0.063416363294229269 0.65073026350109797 -0.097492859584690256 0.00023254440850282651 -0.11801019199031032 0.24618158588024702 -0.10817601260912693 -0.1047514673052479 0.24743256803807051 -0.038451909172974641 -0.10535355527595694 0.17668957178794725 -0.021491674713053716 -0.075037027800570921 0.23167863310146011 0.021132181251946221 0.034252128390828751
leaf_weight=31064.598911621608 5.9486397653818113 5.5050297379493776 14.54277917800937 0.15839375625364294 4.4179583117365828 2.4257559310644856 9.7650897204875928 1.3680210076272485 1.1856729164719584 1.9545678198337553 3.5605001449584961 0.67119188793003548 5.5108535224571824 4.9333974450128153 0.13266194518655539 9.355366093455812 154.23917686135974 1.2689318694174279 0.56978821312077332 0.53574268985539697 1.8715589886996893 1.132506092078984 1.5627084979787467 1.5965496527496723 0.7144204358337447 52.182619279250503 17.613533728756011 2.5213796785101286 63.246783443726599 3.2089078770950437
leaf_count=292662 32 32 1007 41 30 58 53 30 28 31 24 23 351 305 5 245 7040 20 31 9 83 27 157 99 48 705 293 29 877 54
internal_value=-1.64555e-05 -0.00588636 -0.0241126 -0.0427922 -0.00805289 -0.0275389 -0.0508132 0.0237158 -0.0160094 0.0527598 0.046177 0.000495072 0.0401575 -0.0464371 0.241362 -0.00266478 -0.00426226 0.0291114 0.0425114 0.00807019 -0.0102307 0.0216899 0.0816743 -0.0351023 0.0546138 -0.00128557 -0.00748199 0.00750342 0.0294388 0.121122
internal_weight=31438.3 373.7 56.1319 25.9493 30.1826 22.2041 15.2701 6.93402 5.566 3.14024 7.97846 11.4065 6.18205 5.22445 0.291056 317.569 302.368 15.2008 13.9319 7.98327 7.41349 5.54193 2.69521 2.84671 1.25016 293.012 171.853 121.16 68.9771 5.73029
internal_count=304429 11767 2018 1732 286 232 85 147 117 59 54 725 374 351 46 9749 9243 506 486 454 423 340 184 156 57 8998 7333 1665 960 83
is_linear=0
shrinkage=0.1


Tree=89
num_leaves=31
num_cat=0
split_feature=1 0 2 4 0 1 0 0 2 0 4 2 4 3 2 2 4 2 4 4 2 0 2 3 2 4 3 2 0 0
split_gain=1.18405 3.31514 3.62937 5.02446 3.47722 10.5271 7.55426 6.67607 6.93019 6.14446 6.48794 5.93232 5.44135 5.43044 5.42446 8.10284 7.59635 7.73534 7.4519 6.68121 6.31945 14.8279 5.34421 10.0081 5.7379 13.6494 8.79483 5.3423 5.30512 8.11454
threshold=1.5000000000000002 23.500000000000004 2.7350000000000008 0.12590000000000004 21.500000000000004 3.5000000000000004 22.500000000000004 22.500000000000004 6.7350000000000012 17.500000000000004 0.39685000000000004 6.5850000000000009 0.28435000000000005 0.12500000000000003 5.1050000000000013 5.205000000000001 0.55585000000000007 4.8850000000000007 0.40305000000000002 0.40040000000000003 6.8450000000000006 19.500000000000004 5.7150000000000007 0.18500000000000003 3.1750000000000003 0.32735000000000009 0.20500000000000004 5.7350000000000012 13.500000000000002 14.500000000000002
decision_type=2 2 2 2 2 2 2 2 2 2 2 2 2 2 2 2 2 2 2 2 2 2 2 2 2 2 2 2 2 2
left_child=-1 4 3 -3 9 7 -7 8 12 28 -11 13 -6 -8 16 -16 17 -12 -19 20 -17 -22 24 27 25 -9 -27 -24 -2 -30
right_child=1 2 -4 -5 5 6 11 22 -10 10 14 -13 -14 -15 15 19 -18 18 -20 -21 21 -23 23 -25 -26 26 -28 -29 29 -31
leaf_value=0.00079947268224339 -0.00079281664599101405 0.41711179827478867 -0.0061513521675568795 -0.10201221202602413 0.043446647231625855 -0.015256033444834397 0.1043481074868175 -0.10403561223037477 -0.0071994736241745979 -0.0072042280465334022 0.014117757658085385 0.02782200262291782 0.017384974554930842 -0.0054316111955531468 -0.08037962160146736 0.018923195427109858 -0.063446213140105873 -0.077599481252283942 0.088765077489514288 -0.0024145691877072275 -0.016222406730033858 0.26073310228113156 0.13723581892172348 0.12259991619297217 -0.014275413026403894 0.44854619111824445 0.022489355609664065 0.0057464455366870483 0.011944754647069511 0.00076085245460983742
leaf_weight=11363.933961577713 11303.337082285667 0.19276209827512403 810.54524585837498 5.6879160422831774 105.55603675264865 357.3327886929037 4.6088273460045448 1.6274302192032331 87.229357063770294 2357.9305406886851 148.21421070443466 89.652333173900843 332.36265332624316 201.95165673200972 12.71851586923003 21.400995500385765 10.713370280805973 3.012156248092654 25.365909122861922 474.40018520131707 3.8075184673070899 3.9268157258629799 3.1334635764360419 7.8266942091286174 172.48532214947045 1.2551806019619109 0.78908429387956847 222.34977308660746 886.7323351262603 2417.2620499209734
leaf_count=50739 136965 28 11007 545 1188 7293 74 48 526 33134 3212 815 3148 4622 161 207 319 40 310 4147 30 30 25 59 2040 28 23 1451 10615 31600
internal_value=-1.61874e-05 -0.000477948 -0.00671927 -0.0849959 -0.000213339 0.00426873 -0.00546737 0.0110769 0.0185399 -0.000616209 -0.00468961 0.00634107 0.0236669 -0.00298218 0.00373795 -0.00155102 0.0183155 0.0232757 0.0711065 0.000440062 0.046921 0.124391 0.00150547 0.0114324 -0.0116422 0.112058 0.284089 0.00757371 0.000237518 0.00376241
internal_weight=31437.3 20073.4 816.426 5.88068 19257 1588.16 653.546 934.615 525.148 17668.8 3061.49 296.213 437.919 206.56 703.56 516.254 187.306 176.592 28.3781 503.536 29.1353 7.73433 409.467 233.31 176.157 3.6717 2.04426 225.483 14607.3 3303.99
internal_count=304429 253690 11580 573 242110 21340 12804 8536 4862 220770 41590 5511 4336 4696 8456 4575 3881 3562 350 4414 267 60 3674 1535 2139 99 51 1476 179180 42215
is_linear=0
shrinkage=0.1


Tree=90
num_leaves=31
num_cat=0
split_feature=2 2 0 0 0 1 4 4 2 4 3 1 4 2 4 1 4 3 0 4 1 4 0 4 1 4 2 4 4 0
split_gain=1.20441 3.86776 6.31869 9.22931 5.78547 5.6655 5.36864 12.2754 5.00367 7.27538 5.1467 5.79788 8.79426 4.55465 13.4297 7.08053 5.5688 6.14093 4.27284 4.62416 4.47142 4.609 6.92196 4.24098 4.29127 3.79852 3.58169 5.48217 7.19499 3.9944
threshold=7.4150000000000009 7.4750000000000005 21.500000000000004 20.500000000000004 1.5000000000000002 5.5000000000000009 0.29735000000000006 0.27075000000000005 7.5050000000000008 0.37825000000000003 0.13500000000000004 1.5000000000000002 0.34475000000000006 7.4350000000000014 0.34075000000000005 2.5000000000000004 0.34525000000000006 0.15500000000000003 4.5000000000000009 0.34875 1.5000000000000002 0.36325000000000002 15.500000000000002 0.55585000000000007 4.5000000000000009 0.49550000000000005 7.3650000000000011 0.52330000000000021 0.5011500000000001 11.500000000000002
decision_type=2 2 2 2 2 2 2 2 2 2 2 2 2 2 2 2 2 2 2 2 2 2 2 2 2 2 2 2 2 2
left_child=26 2 3 4 -2 6 7 -6 9 10 -3 -12 -13 14 -8 -16 17 -15 -18 -20 -21 -22 -23 24 -11 -17 -1 28 29 -28
right_child=1 8 -4 -5 5 -7 13 -9 -10 23 11 12 -14 16 15 25 18 -19 19 20 21 22 -24 -25 -26 -27 27 -29 -30 -31
leaf_value=-5.4946408484540205e-05 0.11416140794575276 -0.041509633489088357 -0.023109910473384909 0.15165567573642574 0.031960637259773293 -0.050436601806536967 0.1919166690734225 -0.099636858963888381 0.0029161162438147842 -0.10596559139240969 0.10700923019145409 -0.056624453364771177 0.082730145029775881 -0.057676500530126587 -0.023884080105617964 0.13603529114293306 -0.060553381737746451 0.087107678189150523 0.13041056620614433 0.084160267525826421 -0.036216336549363091 0.08774146187782407 -0.058693942872806104 0.010615475735189416 -0.0031153621089428001 0.001649062261555651 -0.03580924619690537 -0.12759412147768737 0.11135212770239658 -0.00056770996339619627
leaf_weight=30310.500450677238 6.2917581945657721 16.722397163510323 32.962525747716427 5.5613040700554839 20.441116496920589 11.709519341588019 6.6642559245228794 10.851013168692587 724.77430641837418 17.920442417263992 7.0515255630016354 11.026101786643268 7.6846995986998072 14.193705141544344 11.492280632257463 6.487247094511984 4.0963138714432707 3.6913653984665862 5.6892414763569823 12.310087367892264 11.624831430613996 11.477064453065394 4.4912224411964408 6.1698004156351081 5.2437711134552947 3.1124467924237251 60.166942894458771 4.2808867283165446 4.5222357511520377 69.097586718387902
leaf_count=296452 37 117 223 35 131 148 38 78 5296 102 37 90 55 94 62 42 22 22 35 67 83 68 29 42 45 20 419 28 24 488
internal_value=-1.71014e-05 0.00343397 0.0165376 0.0252394 0.0203783 0.0161127 0.0222669 -0.0136728 0.000421272 -0.024756 0.00169113 0.0297329 0.000609772 0.0340642 0.0681694 0.02907 0.0200553 -0.027794 0.0372782 0.0460681 0.0340428 0.011684 0.0465552 -0.0630596 -0.082683 0.0924641 -0.000128146 -0.016198 -0.0126335 -0.0169711
internal_weight=31428.3 979.74 183.147 150.185 144.623 138.332 126.622 31.2921 796.593 71.8187 42.4847 25.7623 18.7108 95.3301 27.7562 21.092 67.5738 17.8851 49.6888 45.5924 39.9032 27.5931 15.9683 29.334 23.1642 9.59969 30448.6 138.068 133.787 129.265
internal_count=304429 7018 1234 1011 976 939 791 209 5784 488 299 182 145 582 162 124 420 116 304 282 247 180 97 189 147 62 297411 959 931 907
is_linear=0
shrinkage=0.1


Tree=91
num_leaves=31
num_cat=0
split_feature=3 4 2 1 2 4 4 4 4 4 0 2 4 2 0 2 4 2 2 2 0 0 3 0 4 4 4 2 2 4
split_gain=1.17701 4.99108 4.45486 6.98714 4.07101 5.29331 4.1906 4.94308 8.32143 4.39109 13.9808 6.1288 6.20768 6.81298 6.03585 5.52012 5.37214 5.20191 14.8107 8.60122 8.22861 5.28629 4.68641 6.61484 4.45748 4.3989 6.66599 6.2332 9.15955 6.6008
threshold=0.18500000000000003 0.65415000000000012 1.3750000000000002 5.5000000000000009 2.0750000000000006 0.38085000000000008 0.44690000000000002 0.47455000000000008 0.47795000000000004 0.41715000000000008 21.500000000000004 4.6850000000000014 0.43545000000000006 4.785000000000001 22.500000000000004 4.4450000000000012 0.42735000000000001 6.955000000000001 6.4650000000000007 7.0250000000000012 6.4800000000000013 2.5000000000000004 0.19500000000000003 1.5000000000000002 0.43235000000000001 0.41045000000000004 0.40545000000000003 4.8650000000000011 4.5650000000000004 0.40305000000000002
decision_type=2 2 2 2 2 2 2 2 2 2 2 2 2 2 2 2 2 2 2 2 2 2 2 2 2 2 2 2 2 2
left_child=-1 4 3 -3 5 -2 9 -8 -9 17 22 14 13 -13 16 -16 -12 18 25 -19 -21 -20 -11 -24 -18 26 27 28 -6 -30
right_child=1 2 -4 -5 6 -7 7 8 -10 10 11 12 -14 -15 15 -17 24 19 21 20 -22 -23 23 -25 -26 -27 -28 -29 29 -31
leaf_value=0.00020819071284570404 -0.060825925348644908 0.35547525431188687 -0.067398474924964646 -0.10102613604114592 -0.00053928367525027615 0.0027046681531306643 0.023592971758979054 -0.080988550850787322 0.0044287765795471539 -0.01267346288495756 -0.0071654035383828009 -0.12951222882439539 -0.11765758378194753 0.054316815839480163 -0.014945569409924007 0.14075128996281247 0.28860253647390532 0.2020686587464717 -0.11580140446213374 0.071243004483020608 -0.02388401728766866 -0.034775610555321794 0.0634516960865006 -0.050863790583986025 0.11823203182479172 0.024121520127056421 -0.037288435208744718 0.0051343196197645982 -0.020227966574026424 0.12759304434521376
leaf_weight=27704.85986559419 26.251397522864863 0.65508620603941625 17.07694464805536 0.68680705595761538 1287.0195513388608 26.207852656254545 143.60375634673983 12.073413617443292 206.09903215221129 115.0049109715037 1.7937175156548635 2.3626931365579429 3.6148773357272139 13.742922000586985 7.6142245340161008 3.2487054420635104 2.624121849425137 2.8581677116453639 9.0740507952868921 17.536344148218632 18.886695135384798 71.489385534077883 5.4045718582347027 79.823782153893262 3.702357373200357 71.148161062970757 49.877854780759662 1178.2018423266709 340.56697320006788 3.0478495443239799
leaf_count=247400 3978 63 209 130 23007 3785 1715 155 2790 1256 30 28 38 119 159 38 31 19 62 147 182 544 65 1173 51 807 594 11390 4432 32
internal_value=-1.61012e-05 -0.00168594 -0.0536124 0.121829 -0.00142765 -0.029087 -0.00103016 0.00918523 -0.000298121 -0.00215394 -0.0152086 0.039811 0.00076856 0.0273491 0.08037 0.0316177 0.145589 -0.00113114 -0.00160291 0.0350243 0.0219161 -0.0439017 -0.0258435 -0.0436147 0.188899 -0.000439803 -0.00105109 -0.000407605 -0.00441188 -0.0189168
internal_weight=31426.2 3721.3 18.4188 1.34189 3702.88 52.4593 3650.42 361.776 218.172 3288.64 238.937 38.7036 19.7205 16.1056 18.9831 10.8629 8.1202 3049.71 3010.43 39.2812 36.423 80.5634 200.233 85.2284 6.32648 2929.86 2858.71 2808.84 1630.63 343.615
internal_count=304429 57029 402 193 56627 7763 48864 4660 2945 44204 2988 494 185 147 309 197 112 41216 40868 348 329 606 2494 1238 82 40262 39455 38861 27471 4464
is_linear=0
shrinkage=0.1


Tree=92
num_leaves=31
num_cat=0
split_feature=3 3 4 4 3 1 3 3 3 0 0 3 3 3 3 0 3 3 1 3 4 2 4 1 1 0 4 4 3 2
split_gain=1.18254 3.14627 1.41039 1.69239 1.55931 2.15958 1.96273 2.23072 2.36572 2.00973 2.42069 1.81178 2.102 2.7439 2.21721 2.15955 1.75223 3.55752 2.69527 3.22591 2.0804 1.38702 1.52948 3.08785 1.37578 1.36147 1.32429 3.67604 4.77469 7.50982
threshold=0.58500000000000008 1.2950000000000002 0.34235000000000004 0.34734999999999999 1.3150000000000002 5.5000000000000009 4.1700000000000008 3.7100000000000004 3.6900000000000008 2.5000000000000004 14.500000000000002 1.405 1.4650000000000001 2.3850000000000002 3.5850000000000004 4.5000000000000009 1.6250000000000002 1.5550000000000004 5.5000000000000009 1.5850000000000002 0.65415000000000012 8.3350000000000026 0.32305 2.5000000000000004 4.5000000000000009 6.4800000000000013 0.49050000000000005 0.47455000000000008 0.17500000000000002 5.8350000000000009
decision_type=2 2 2 2 2 2 2 2 2 2 2 2 2 2 2 2 2 2 2 2 2 2 2 2 2 2 2 2 2 2
left_child=21 -2 25 -4 5 -5 7 8 9 -6 11 -11 -13 15 -15 -14 17 20 -19 -20 -12 26 23 -23 -8 -3 27 -1 -29 -30
right_child=1 2 3 4 6 -7 24 -9 -10 10 16 12 13 14 -16 -17 -18 18 19 -21 -22 22 -24 -25 -26 -27 -28 28 29 -31
leaf_value=-6.9111366842797549e-06 -0.10024484766980007 0.0092602376405132268 0.14134447654585872 -0.10271927999442783 -0.083795373069246504 0.16697758022343451 0.016165306773540274 -0.073125327901022205 0.16901626864606711 -0.10075620727408229 -0.10061842926286982 0.11629795139604127 0.052603571669377604 0.066000057610094157 -0.058993498300176389 -0.1034643219000649 -0.079217918885954974 -0.10131797072095244 0.48052581014387469 0.086097256992738222 0.1496121407966316 0.064595176167228499 0.071670232328883601 -0.054194509819950359 -0.036583726718861849 -0.10679300834915179 0.0028581317980668191 -0.0041365353633881002 -0.018988263828993528 -0.10773855263347316
leaf_weight=29318.324531479739 3.832940842723473 1.6176380373071868 0.78738000988960166 0.4058744804933655 3.8549814312718871 1.1058779642917216 32.270859912037849 7.4384720847010604 0.7045131977647533 1.219742871588102 2.0496345474384716 2.2027393165044478 1.2731528640724707 7.310344869270919 1.7610332444310186 2.9203179180622101 6.0518657546490431 0.31061184685677268 0.34282810427248478 0.52473763097077608 0.39652978163212527 4.3536592274904233 5.6386989988386622 4.3996105641126633 5.8391405735164872 2.6949139850912616 1543.2221951610409 374.91038239747286 74.959987419191748 10.923744447529314
leaf_count=282988 1740 70 8 31 230 84 261 147 13 192 438 91 69 184 38 349 304 33 24 42 20 24 36 34 149 248 12616 2905 972 89
internal_value=-1.62264e-05 -0.0116643 -0.00757779 -0.00452921 -0.00600207 0.0945695 -0.00799025 -0.0239583 -0.0121313 -0.0163546 -0.0064931 0.0165811 0.0258341 0.0108118 0.041735 -0.0560815 -0.0462863 0.00870236 0.151459 0.24196 -0.0600554 1.60811e-05 0.0310533 0.00488853 0.0080832 -0.0632614 1.82014e-06 -0.0001462 -0.00900858 -0.0302766
internal_weight=31423.6 86.9161 83.0832 78.7706 77.9833 1.51175 76.4715 38.3615 30.923 30.2185 26.3635 16.6873 15.4676 13.2648 9.07138 4.19347 9.67621 3.62434 1.17818 0.867566 2.44616 31336.7 14.392 8.75327 38.11 4.31255 31322.3 29779.1 460.794 85.8837
internal_count=304429 4765 3025 2707 2699 115 2584 2174 2027 2014 1784 923 731 640 222 418 861 557 99 66 458 299664 94 58 410 318 299570 286954 3966 1061
is_linear=0
shrinkage=0.1


Tree=93
num_leaves=31
num_cat=0
split_feature=0 2 0 3 2 4 4 2 4 4 1 1 2 4 1 2 4 2 4 2 1 4 3 4 4 4 4 1 2 3
split_gain=1.12167 3.80181 4.54338 5.13422 5.97822 5.96154 11.1678 7.40925 4.69095 4.436 8.89719 8.76272 4.37105 5.58841 5.16927 3.88065 5.81668 3.74366 3.69897 5.45007 13.7244 5.29798 3.71271 3.63493 3.52004 3.44816 4.48429 9.42062 5.3589 5.42847
threshold=3.5000000000000004 4.6450000000000005 1.5000000000000002 0.18500000000000003 4.285000000000001 0.33805000000000002 0.29145000000000004 4.3450000000000006 0.28855000000000003 0.14335000000000003 2.5000000000000004 3.5000000000000004 4.4850000000000012 0.44295000000000001 1.5000000000000002 3.7850000000000006 0.27075000000000005 3.0550000000000002 0.42300000000000004 4.3250000000000011 1.5000000000000002 0.46925000000000006 0.24500000000000002 0.33265000000000006 0.57985000000000009 0.38715000000000005 0.43235000000000001 1.5000000000000002 4.2250000000000005 0.17500000000000002
decision_type=2 2 2 2 2 2 2 2 2 2 2 2 2 2 2 2 2 2 2 2 2 2 2 2 2 2 2 2 2 2
left_child=1 2 3 4 8 6 -6 -8 15 10 -5 -12 13 -7 -14 17 -17 -1 22 -20 -21 -22 -11 -9 -3 -10 27 -27 29 -29
right_child=-2 24 -4 9 5 12 7 23 25 18 11 -13 14 -15 -16 16 -18 -19 19 20 21 -23 -24 -25 -26 26 -28 28 -30 -31
leaf_value=-0.035354379311297195 -0.00025233036234851447 0.00035189145148367836 0.012647280959918206 -0.043150675625600023 -0.0023288470736527208 0.010260353446362287 0.2884505134700121 0.060539876948087226 -0.044683611601344118 -0.043863718353971723 0.38232521216393134 0.055375087055346106 0.047562291953570181 0.14015250335227611 -0.059097051593679409 -0.038830291311059625 0.089875635948206509 0.097301924567312681 -0.039597682503499029 -0.10974963106337786 0.22373276901570321 0.02844380389478586 0.097257345398035905 0.17259412160013696 -0.031509761366713816 -0.054110585443086903 -0.043496003122448633 0.067747576343319807 -0.10847511793115963 0.23240757460946482
leaf_weight=2.7487802752293673 27154.236281984835 3405.1753535112366 563.67750520084519 4.7714209109544736 14.400657660327854 15.371769443154337 2.211038492619994 10.368381338194011 36.25976945925504 64.97578588523902 1.2241512564942243 2.4813478498253971 6.5014862269163158 4.2219789978116742 15.091348603367804 13.582945672795178 4.7355997320264569 9.4100950397551042 10.355729391565548 2.9534409046173078 3.8562382478266954 2.1713892836123705 1.9193311075214285 4.0163363646715871 35.03126907069236 7.1770024448633256 13.040925809182225 6.2612244673073274 1.150904532521962 2.9433909943327308
leaf_count=82 266245 25369 8500 43 183 196 27 124 580 1216 21 79 29 46 186 183 57 148 282 14 43 31 52 43 242 37 176 120 21 54
internal_value=-1.54601e-05 0.00149155 0.00757552 -0.00324511 0.00717536 0.0289812 0.0621083 0.118022 -0.00899972 -0.0218939 0.0471325 0.163387 0.00405016 0.038249 -0.0269825 0.0235133 -0.00555801 0.0673121 -0.0286794 0.00984276 0.0668507 0.153382 -0.0398147 0.0918264 2.74475e-05 -0.0238264 0.000910093 0.0339399 0.0949643 0.120401
internal_weight=31422.3 4268.09 827.88 264.202 169.494 72.183 30.9964 16.5958 97.3106 94.7088 8.47692 3.7055 41.1866 19.5937 21.5928 30.4774 18.3185 12.1589 86.2319 19.3368 8.98107 6.02763 66.8951 14.3847 3440.21 66.8332 30.5734 17.5325 10.3555 9.20462
internal_count=304429 38184 12573 4073 2292 834 377 194 1458 1781 143 100 457 242 215 470 240 230 1638 370 88 74 1268 167 25611 988 408 232 195 174
is_linear=0
shrinkage=0.1


Tree=94
num_leaves=31
num_cat=0
split_feature=4 4 2 0 3 0 2 2 2 0 2 4 2 1 0 2 3 0 4 3 3 4 2 1 2 2 2 2 2 2
split_gain=1.13633 2.56884 3.56065 5.90158 4.38867 3.06394 2.69469 2.87654 6.25321 5.40315 4.81719 3.99141 3.60283 10.4966 3.53438 3.91558 3.43886 3.17836 3.0983 5.53345 2.97273 4.56127 2.92333 3.31634 5.0642 4.34517 5.62247 3.33718 3.24289 3.07951
threshold=0.28540000000000004 0.27790000000000009 6.7550000000000008 6.4800000000000013 0.16500000000000004 8.5000000000000018 3.2650000000000001 3.7150000000000003 4.1850000000000014 20.500000000000004 4.2250000000000005 0.28035000000000004 3.5450000000000004 1.5000000000000002 18.500000000000004 6.3750000000000009 0.15500000000000003 3.5000000000000004 0.28135000000000004 0.18500000000000003 0.17500000000000002 0.28035000000000004 4.4650000000000007 2.5000000000000004 4.5050000000000008 6.705000000000001 6.5650000000000004 4.8850000000000007 4.7250000000000005 6.6350000000000007
decision_type=2 2 2 2 2 2 2 2 2 2 2 2 2 2 2 2 2 2 2 2 2 2 2 2 2 2 2 2 2 2
left_child=1 -1 6 4 -4 -5 -3 9 -9 -8 16 -11 -13 -14 15 17 -10 18 19 20 21 -12 -16 25 -25 26 27 28 -24 -26
right_child=-2 2 3 5 -6 -7 7 8 10 11 14 12 13 -15 22 -17 -18 -19 -20 -21 -22 -23 23 24 29 -27 -28 -29 -30 -31
leaf_value=-0.00049021704362463498 0.00033013338527289543 -0.060014858766586111 -0.08249298819883373 0.058007589934042508 0.056845119861972319 -0.016668790512424311 -0.0052374202531271516 -0.045201296568486315 0.16062665004534915 0.020306593355802417 0.0083922383546058809 0.039402497611277551 0.032582766270106471 0.44674503563781509 -0.10219013465700698 0.020773924706399285 0.015911255248083293 0.0011812389386636167 0.00016598726446987046 0.085082633131407265 -0.13073779875877239 -0.085971904217927345 -0.019978199946918837 0.14019618993032212 -0.031235045103879411 0.094953712296513226 -0.12259324455873231 0.010168325546360785 -0.14459722149974011 -0.11611331394037544
leaf_weight=7112.6576648096088 23606.42297563015 8.4730053762905282 21.404020085930828 6.0008125845342866 2.5273518711328498 65.094674754887819 11.609322216361763 35.366907346062362 3.0646122647449365 2.9127630824223152 8.9611820233985853 1.2620356152765455 1.1800254881381991 1.2711214357987044 3.9083168338984242 85.649390824139118 3.5374201694503427 268.00835577305406 25.284932495094836 2.8269940558820954 5.093599976040422 11.957501333206892 9.2702529691159707 1.6279668696224678 47.199098153039813 4.4453473389148703 3.9701247215270987 55.594400949776173 2.6952805966138831 4.7001946084201327
leaf_count=73785 223116 419 174 49 18 507 233 617 35 62 84 27 6 42 72 629 53 2719 262 32 55 98 70 42 792 24 22 318 21 46
internal_value=-1.59184e-05 -0.00106088 -0.00681907 -0.0248243 -0.0677777 -0.0103657 -0.00401359 -0.0032246 -0.00444757 0.0358859 -0.00181642 0.107938 0.176679 0.24736 -0.00285216 0.00177019 0.083087 -0.00328257 -0.0253862 -0.0477891 -0.0622295 -0.045548 -0.0169807 -0.0144092 -0.0334743 -0.000977149 -0.00693892 -0.000142556 -0.0480491 -0.0389219
internal_weight=31424 7817.55 704.897 95.0269 23.9314 71.0955 609.87 601.397 583.162 18.2353 547.795 6.62595 3.71318 2.45115 541.193 407.782 6.60203 322.133 54.1242 28.8393 26.0123 20.9187 133.411 129.503 53.5273 75.9754 71.5301 67.5599 11.9655 51.8993
internal_count=304429 81313 7528 748 192 556 6780 6361 5991 370 5374 137 75 48 5286 3879 88 3250 531 269 237 182 1407 1335 880 455 431 409 91 838
is_linear=0
shrinkage=0.1


Tree=95
num_leaves=31
num_cat=0
split_feature=4 4 2 3 4 1 0 1 2 2 3 2 4 2 2 0 0 4 2 3 4 2 2 3 2 0 4 2 2 2
split_gain=1.10723 2.57391 4.90526 5.44343 6.59145 4.71938 5.02506 3.90285 3.51222 5.04557 5.27787 4.11917 4.62483 4.24782 3.68 3.39408 7.10794 3.19689 4.01961 3.09948 2.82455 7.58842 13.2357 3.67593 3.21319 7.87211 6.24374 5.29467 11.1163 11.1138
threshold=1.0000000180025095e-35 0.26175000000000004 3.3350000000000004 0.20500000000000004 0.10100000000000002 4.5000000000000009 3.5000000000000004 1.5000000000000002 7.205000000000001 7.1650000000000009 0.13500000000000004 7.3450000000000006 0.25685000000000008 7.3850000000000007 7.1850000000000014 7.5000000000000009 2.5000000000000004 0.14335000000000003 7.2650000000000006 0.25500000000000006 0.26025000000000004 6.3550000000000013 6.3450000000000006 0.16500000000000004 6.285000000000001 3.5000000000000004 0.23670000000000005 4.8250000000000011 5.7950000000000008 4.4250000000000007
decision_type=2 2 2 2 2 2 2 2 2 2 2 2 2 2 2 2 2 2 2 2 2 2 2 2 2 2 2 2 2 2
left_child=-1 2 3 4 -2 6 7 -5 9 19 -11 12 15 -13 -12 16 -10 -17 -19 20 24 22 23 -22 25 26 -4 29 -29 -28
right_child=1 -3 8 5 -6 -7 -8 -9 11 10 14 13 -14 -15 -16 17 -18 18 -20 -21 21 -23 -24 -25 -26 -27 27 28 -30 -31
leaf_value=0.0027540736041727935 0.16764496411693791 0.00023029718448688079 0.00040322171691558012 0.37604874540878958 -0.053669596599617064 -0.10071197401577443 0.02797469757722662 0.048325292397165015 0.077503960307828745 -0.098562125950403007 0.041537543015074736 -0.067974952514031864 -0.039800123466464707 0.0055792556284411021 -0.05255363863156623 0.15405583379963761 -0.030120286982723888 0.083938756908257708 0.011162319994863253 -0.11059148830335803 -0.04003914649706565 -0.058082782331045336 0.22396936437117737 0.0098098174143843152 0.0029430742860219721 -0.0056470921012453388 0.042779883335588853 0.070545842181004167 -0.001243155017054738 -0.06129532205658237
leaf_weight=1380.063143981155 1.387458977755158 25844.507315797615 240.57776068709791 0.80467368662357219 44.754246262134984 2.3376431854558168 8.6886755633167905 0.66261803032830358 10.279351182281971 11.089824829250576 7.6439182385802278 8.5953545160591585 8.0766980387270433 90.721852738410234 9.1114924550056458 3.3630897104740134 15.226266786456108 16.951076500117782 13.741768620908259 2.642722060205414 23.264675899408758 33.013260461390018 2.5503659024834624 40.623766214586794 1032.6384073439986 2438.0461469758302 23.949685552157462 52.906737214885652 36.416599377989769 17.951003705151379
leaf_count=13963 30 246381 2490 6 1763 511 276 37 61 80 52 66 60 598 71 22 104 116 96 79 234 246 18 491 7639 27591 346 509 269 224
internal_value=-1.55252e-05 -0.000142752 -0.00243938 -0.0311602 -0.0470148 0.0273942 0.0568809 0.228051 -0.00203254 -0.00262971 -0.0450479 0.012176 0.0312096 -0.000786454 -0.00962868 0.0408387 0.0132548 0.0614972 0.0513554 -0.00233027 -0.00225769 -0.0188964 0.000575233 -0.00834245 -0.00182705 -0.0035801 0.00997396 0.0275203 0.0412779 -0.00180779
internal_weight=31422.6 30042.5 4198.02 58.6353 46.1417 12.4936 10.156 1.46729 4139.38 3972.43 27.8452 166.955 67.6383 99.3172 16.7554 59.5616 25.5056 34.0559 30.6928 3944.58 3941.94 99.4521 66.4388 63.8884 3842.49 2809.85 371.802 131.224 89.3233 41.9007
internal_count=304429 290466 44085 2623 1793 830 319 43 41462 40339 203 1123 459 664 123 399 165 234 212 40136 40057 989 743 725 39068 31429 3838 1348 778 570
is_linear=0
shrinkage=0.1


Tree=96
num_leaves=31
num_cat=0
split_feature=3 3 4 4 0 1 3 4 3 3 3 0 0 0 3 4 1 3 4 3 3 3 4 3 3 3 2 3 4 4
split_gain=0.991049 2.89081 1.2744 1.83105 1.87656 1.5402 2.06451 2.77447 2.65779 2.41215 2.2934 1.75363 2.00099 1.74115 2.43455 1.86742 2.64272 3.10309 1.5014 1.45129 2.14872 2.61503 2.51923 2.95302 2.09289 2.81967 1.24446 3.17471 1.84621 1.75726
threshold=0.58500000000000008 1.2950000000000002 0.59760000000000013 0.71190000000000009 2.5000000000000004 5.5000000000000009 3.4650000000000003 0.57985000000000009 3.5850000000000004 3.8950000000000005 2.6950000000000007 9.5000000000000018 5.5000000000000009 11.500000000000002 4.4700000000000015 0.49050000000000005 1.5000000000000002 5.2900000000000009 0.49050000000000005 1.3150000000000002 1.5550000000000004 1.6250000000000002 0.49550000000000005 5.0300000000000002 1.9000000000000001 2.0250000000000004 1.8750000000000002 2.3750000000000004 0.51735000000000009 0.52330000000000021
decision_type=2 2 2 2 2 2 2 2 2 2 2 2 2 2 2 2 2 2 2 2 2 2 2 2 2 2 2 2 2 2
left_child=-1 -2 5 4 -4 6 7 26 -8 -10 -9 12 18 -13 -15 16 -16 -18 -11 -7 -21 -22 24 -24 -23 -26 27 28 -3 -30
right_child=1 2 3 -5 -6 19 8 10 9 11 -12 13 -14 14 15 -17 17 -19 -20 20 21 22 23 -25 25 -27 -28 -29 29 -31
leaf_value=1.4162347500635422e-05 -0.10022115936874106 -0.10144229782039896 -0.10832946432470214 -0.079379746891043698 0.052761926596923928 0.11376029459984401 0.07235466065511649 -0.018409705232351317 -0.070916120538120436 0.038838034487464562 0.22991874851393665 0.086535114796791879 -0.083629328542131648 0.099143384348311908 0.1258229591533149 -0.046451103274272168 0.081466089433001571 -0.11094196237740724 -0.048122162946964121 -0.055519053402362684 0.14894256416862608 -0.10227337599445108 -0.10176660559053539 0.2313551369510902 0.29462402611896382 0.045363422940238832 -0.088922774945738345 0.34827871037202163 0.14682983375296396 -0.1005750556061603
leaf_weight=31334.648527956451 3.4650468043400897 2.0438023598398996 0.78608500910922607 1.4822849342599518 9.0295446065720153 1.3726455196738232 3.6953257564455262 1.0447928193025298 6.6986966636031857 4.2132792994380015 0.57744565606117237 2.8922633267939117 4.8459526300430298 2.1958271563053122 1.8864697366952876 7.6092776991426945 1.5590093228965998 1.8129057176411152 3.7548290714621544 4.0649146690266198 1.5743021937087167 0.82157276035286297 2.5938476002775137 0.2965312898159026 0.50249911728315044 4.6855285048950464 8.904919987311585 0.22108101472258557 0.76396512053906895 0.45992691442370415
leaf_count=299664 1740 327 37 28 244 98 46 45 116 42 14 18 67 29 8 71 23 25 39 652 103 78 251 6 29 219 291 12 16 91
internal_value=-1.52352e-05 -0.0107445 -0.00698144 0.0242166 0.0398609 -0.0119394 -0.0198435 -0.0529921 -0.00855667 -0.0165365 0.0699843 -0.00469791 -0.0329574 0.0154694 0.00182446 -0.0147827 0.0310438 -0.0219818 -0.00214041 0.0154705 0.00619101 0.0301398 0.00912495 -0.0675908 0.0460222 0.0695062 -0.0690887 -0.0184634 -0.0432759 0.0538574
internal_weight=31420.5 85.8546 82.3895 11.2979 9.81563 71.0916 55.1798 14.0159 41.1638 37.4685 1.62224 30.7698 12.8141 17.9558 15.0635 12.8677 5.25838 3.37192 7.96811 15.9118 14.5392 10.4743 8.89998 2.89038 6.0096 5.18803 12.3937 3.48878 3.26769 1.22389
internal_count=304429 4765 3025 309 281 2716 1280 796 484 438 59 322 148 174 156 127 56 48 81 1436 1338 686 583 257 326 248 737 446 434 107
is_linear=0
shrinkage=0.1


Tree=97
num_leaves=31
num_cat=0
split_feature=3 2 0 1 3 4 4 0 2 2 0 4 2 4 4 0 1 1 0 4 4 4 1 4 4 0 1 4 3 1
split_gain=0.962106 2.71906 3.85538 4.86124 5.50888 3.47188 4.47584 3.79357 3.83965 3.03567 9.3358 10.0292 6.51637 8.82953 6.03431 7.75593 4.89104 4.2634 4.22734 3.93072 3.70087 3.43679 3.3834 4.91269 4.55689 4.41439 3.66419 2.70311 2.64007 2.78107
threshold=0.15500000000000003 7.8550000000000013 2.5000000000000004 3.5000000000000004 0.115 0.35254999999999997 0.28605000000000008 7.5000000000000009 8.0550000000000015 7.6950000000000012 8.5000000000000018 0.43085000000000001 7.7950000000000008 0.39915 0.41614999999999996 13.500000000000002 1.5000000000000002 1.5000000000000002 17.500000000000004 0.30615000000000009 0.27555000000000007 0.34875 2.5000000000000004 0.32360000000000005 0.30785000000000001 18.500000000000004 3.5000000000000004 0.37105000000000005 0.13500000000000004 3.5000000000000004
decision_type=2 2 2 2 2 2 2 2 2 2 2 2 2 2 2 2 2 2 2 2 2 2 2 2 2 2 2 2 2 2
left_child=1 9 -3 4 -4 6 -6 -7 -9 -1 12 14 17 27 15 19 20 -11 -18 -12 -17 -22 23 -20 25 -24 -26 -14 -19 -30
right_child=-2 2 3 -5 5 7 -8 8 -10 10 11 -13 13 -15 -16 16 18 28 22 -21 21 -23 24 -25 26 -27 -28 -29 29 -31
leaf_value=0.00061893414256374859 -0.00048006015278709475 -0.079602803041568498 -0.084325581414522927 -0.038402727298901457 0.057106572920735267 0.10284421306438343 -0.035764549681515864 -0.010964123013531842 0.065013528846689081 0.09134359833713579 -0.1046083802624725 -0.074907793087935867 0.089901532411928983 0.18340530460131194 0.11923325351729158 -0.097157723991394995 0.1426583672565678 -0.04575933656441656 0.0003077347577820179 -0.015548823037901408 0.049331236577972629 -0.069811856538560771 -0.023001972672475227 0.14835550924873864 0.044949302518439836 0.10544433117160967 -0.067970814090600504 -0.031954874470030002 -0.010031010353176554 0.091308779431800685
leaf_weight=12770.500762836542 18397.451862322167 8.4874681606888753 6.0726212561130515 37.474667988717556 7.0309151113033321 6.898977778851985 19.812545984983444 16.358204126358032 11.209448158740999 7.0917882993817356 6.9446840845048454 15.54805266112089 3.6742098554968816 7.6422161906957626 4.9915578067302695 4.4361607879400244 4.0968465954065314 7.4755614623427418 3.8473725914955121 17.304020129144192 7.5105024278163892 3.572883278131485 4.1368484161794203 5.3695206940174103 4.5174732059240323 7.5750095322728157 7.8972794935107231 3.6079915538430214 6.7020632922649366 4.544106513261795
leaf_count=101100 201614 56 36 365 41 37 119 96 66 39 53 109 21 43 33 26 28 50 22 122 43 22 34 30 25 47 68 20 33 31
internal_value=-1.45003e-05 0.000643225 -0.0147777 -0.00953056 0.0065266 0.0155253 -0.0114395 0.0365261 0.0199296 0.000778625 0.0155045 -0.00125715 0.0557232 0.108322 0.0126738 0.00578467 0.0272311 0.0253124 0.0467968 -0.0410549 -0.0199706 0.0109238 0.0350185 0.0865565 0.0153299 0.0600747 -0.0268815 0.0295274 0.000299738 0.0309162
internal_weight=31419.8 13022.3 113.345 104.857 67.3827 61.3101 26.8435 34.4666 27.5677 12909 138.486 97.7482 40.7379 14.9244 82.2002 77.2086 52.9599 25.8135 37.4404 24.2487 15.5195 11.0834 33.3435 9.21689 24.1266 11.7119 12.4148 7.2822 18.7217 11.2462
internal_count=304429 102815 816 760 395 359 160 199 162 101999 899 662 237 84 553 520 345 153 254 175 91 65 226 52 174 81 93 41 114 64
is_linear=0
shrinkage=0.1


Tree=98
num_leaves=31
num_cat=0
split_feature=1 0 4 4 2 2 0 2 4 4 4 3 2 4 0 0 2 3 4 4 2 4 2 2 2 0 4 4 2 4
split_gain=0.969007 3.12729 3.18294 4.00897 3.26979 3.70601 2.91061 3.78037 3.70523 4.49169 3.62535 3.52352 3.74226 3.26047 3.22797 10.3778 4.83938 4.23193 6.12358 6.41211 4.12313 4.63362 5.07042 4.63355 3.87973 5.32822 4.88666 3.84756 4.10475 3.64824
threshold=1.5000000000000002 23.500000000000004 0.53145000000000009 0.49550000000000005 5.7350000000000012 6.4050000000000011 22.500000000000004 7.1450000000000005 0.26965000000000006 0.26175000000000004 0.31590000000000001 0.18500000000000003 4.705000000000001 0.27075000000000005 17.500000000000004 19.500000000000004 3.4550000000000005 0.17500000000000002 0.39325000000000004 0.39785000000000004 3.8150000000000004 0.61920000000000008 4.035000000000001 3.9250000000000003 5.535000000000001 20.500000000000004 0.44295000000000001 0.37525000000000003 4.7250000000000005 0.34475000000000006
decision_type=2 2 2 2 2 2 2 2 2 2 2 2 2 2 2 2 2 2 2 2 2 2 2 2 2 2 2 2 2 2
left_child=1 6 3 -3 -4 -6 14 8 9 11 -9 12 -8 -10 -1 -16 -17 20 27 -20 -18 22 23 -22 25 -21 -27 29 -29 -19
right_child=-2 2 4 -5 5 -7 7 10 13 -11 -12 -13 -14 -15 15 16 17 18 19 24 21 -23 -24 -25 -26 26 -28 28 -30 -31
leaf_value=-0.00026473152901995109 -0.0004314727894277182 0.0085457765529643719 0.10547231620932274 -0.048816815525341388 -0.055280385584765238 0.079747745781732438 0.065115648443195881 -0.03944247082991037 -0.1476173731184241 0.079207641183768149 0.055226836406076223 -0.061652128851004573 -0.0012381352625112374 -0.01496734078267066 0.012195620007961323 0.045716760902657763 -0.050460084400039601 -0.0027209405403019263 -0.15084942684998628 -0.069229151793153323 -0.0035157963900296994 -0.084812951710859313 0.0013252088603466401 0.10583885312589035 -0.065358470502207153 0.048377604521427316 -0.0309646937850598 0.10850599225139686 0.0053173102209974378 -0.035335365286621255
leaf_weight=8059.6203414127231 20059.564229079522 471.73270207643509 6.7490253299474707 12.506597742438315 4.1213788390159589 4.0106485486030579 9.6830002367496473 5.334656789898875 1.8649062514305104 7.879552334547042 16.734250098466873 8.2892962619662267 69.551857829093933 289.16324165463448 927.36627674847841 21.545525267720222 15.389424771070479 205.80714099109173 4.7273650020360938 12.124495983123778 6.8401036858558646 6.1612053364515296 1071.1738986670971 8.9375952482223493 21.066099807620049 15.617287531495096 15.433840513229368 5.889285176992419 11.160186871886252 41.15624712407589
leaf_count=35837 253690 2187 28 57 21 23 43 31 9 34 101 37 304 1278 4179 128 75 885 20 51 31 29 4843 38 91 65 66 25 47 176
internal_value=-1.35819e-05 0.000724486 0.00846416 0.00706426 0.054018 0.0113144 0.000368726 -0.00791201 -0.0102109 0.00689143 0.0323427 0.000381009 0.00687072 -0.0158174 0.000692427 0.00391965 -0.00132622 -0.00202936 -0.0119154 -0.0384479 0.000940299 0.00166394 0.00215412 0.0584303 -0.0301766 -0.0130107 0.00894083 -0.00498421 0.0409611 -0.00815611
internal_weight=31417.2 11357.6 499.12 484.239 14.8811 8.13203 10858.5 408.501 386.432 95.4037 22.0689 87.5242 79.2349 291.028 10450 2390.4 1463.03 1441.48 332.982 68.9691 1108.5 1093.11 1086.95 15.7777 64.2417 43.1756 31.0511 264.013 17.0495 246.963
internal_count=304429 50739 2316 2244 72 44 48423 1837 1705 418 132 384 347 1287 46586 10749 6570 6442 1426 293 5016 4941 4912 69 273 182 131 1133 72 1061
is_linear=0
shrinkage=0.1


Tree=99
num_leaves=31
num_cat=0
split_feature=4 0 4 1 4 3 2 0 0 2 2 2 2 0 2 0 1 0 2 0 2 3 2 2 2 2 0 1 1 4
split_gain=0.955059 2.69358 3.58961 3.88431 5.45172 3.97417 3.55911 5.44074 3.96242 7.62006 11.688 4.7607 3.28001 8.74792 6.78678 4.30173 5.08045 4.23961 4.32278 4.12952 6.91349 6.08666 8.41142 4.07917 7.32794 6.62009 3.97733 3.48162 11.6545 7.39248
threshold=0.45475000000000004 22.500000000000004 0.53145000000000009 3.5000000000000004 0.53885000000000016 0.15500000000000003 4.7650000000000006 23.500000000000004 23.500000000000004 5.7350000000000012 6.3850000000000007 5.3050000000000006 6.785000000000001 19.500000000000004 6.6650000000000009 6.4800000000000013 4.5000000000000009 1.5000000000000002 6.9850000000000012 21.500000000000004 6.9850000000000012 0.15500000000000003 7.0650000000000004 7.245000000000001 7.1050000000000013 6.9850000000000012 18.500000000000004 1.5000000000000002 2.5000000000000004 0.49550000000000005
decision_type=2 2 2 2 2 2 2 2 2 2 2 2 2 2 2 2 2 2 2 2 2 2 2 2 2 2 2 2 2 2
left_child=-1 12 -3 6 5 -5 7 -4 11 -10 -11 -8 14 17 -2 16 -16 18 -14 23 -21 22 -22 24 25 27 -17 -15 -29 -30
right_child=1 2 3 4 -6 -7 8 -9 9 10 -12 -13 13 19 15 26 -18 -19 -20 20 21 -23 -24 -25 -26 -27 -28 28 29 -31
leaf_value=-0.0001866306444489267 0.0022181708482483082 -0.015535922877564277 0.15577529218082345 0.1746463910633585 -0.051047606334408191 -0.040182327558444662 -0.11586884390408586 0.012657147570002872 0.12675840460434099 -0.074830117127903953 0.074101417177390896 0.0051077980910778469 0.10135065682700602 0.024946109628866335 -0.013701636594138681 -0.050073068058687803 0.094932793822184419 0.0023793491034123605 -0.0024397806845090531 -0.10166092245344825 0.21844704884349575 -0.077827443753463177 0.013980040418409688 0.025383135944382962 0.19921786636346087 -0.021076582682472454 0.028717030318523618 0.25266329567546392 -0.082427032276969847 0.11605760440841782
leaf_weight=28552.035450226685 2033.9939067476662 183.71684671367984 4.7413939163088781 2.0742742344737084 16.705976769910194 1.4723475384525953 4.427024774253371 6.0400254987180233 6.7919614017009762 9.8258155286312121 11.363612085580824 12.264708444476126 8.9063304290175456 5.4829687923193076 23.834213167428974 54.191158138215542 5.2538981586694709 384.78062746953219 7.3034122660756102 4.8338084518909481 3.0010552629828435 3.2621062509715548 6.1047283336520195 24.197602333500981 4.4351138770580283 7.2324408739805213 7.2659431435167781 4.3854852169752112 2.7624637484550458 5.8504688590764999
leaf_count=277880 20161 1712 35 22 348 46 28 52 40 56 66 65 50 29 127 365 51 2717 67 37 20 38 40 167 25 46 48 23 24 44
internal_value=-1.22132e-05 0.00173117 -0.00798479 0.0103394 -0.0271421 0.0854622 0.024028 0.0755969 0.0115824 0.0345848 0.00503991 -0.0269779 0.0027017 0.0102371 0.00102567 -0.0257624 0.00591993 0.00448981 0.0545872 0.0424479 -0.000254324 0.039379 0.0813676 0.055964 0.0805082 0.0600332 -0.0407579 0.0917745 0.119964 0.0523968
internal_weight=31408.5 2856.5 259.424 75.7071 20.2526 3.54662 55.4545 10.7814 44.6731 27.9814 21.1894 16.6917 2597.08 472.539 2124.54 90.5452 29.0881 400.99 16.2097 71.5482 17.2017 12.3679 9.10578 54.3465 30.1489 25.7138 61.4571 18.4814 12.9984 8.61293
internal_count=304429 26549 2470 758 416 68 342 87 255 162 122 93 24079 3327 20752 591 178 2834 117 493 135 98 60 358 191 166 413 120 91 68
is_linear=0
shrinkage=0.1


end of trees

feature_importances:
勝率=945
モーター=704
場=577
平均ST=422
枠番=352

parameters:
[boosting: gbdt]
[objective: binary]
[metric: binary_logloss]
[tree_learner: serial]
[device_type: cpu]
[data_sample_strategy: bagging]
[data: ]
[valid: ]
[num_iterations: 100]
[learning_rate: 0.1]
[num_leaves: 31]
[num_threads: 1]
[seed: 0]
[deterministic: 0]
[force_col_wise: 0]
[force_row_wise: 0]
[histogram_pool_size: -1]
[max_depth: -1]
[min_data_in_leaf: 20]
[min_sum_hessian_in_leaf: 0.001]
[bagging_fraction: 1]
[pos_bagging_fraction: 1]
[neg_bagging_fraction: 1]
[bagging_freq: 0]
[bagging_seed: 3]
[bagging_by_query: 0]
[feature_fraction: 1]
[feature_fraction_bynode: 1]
[feature_fraction_seed: 2]
[extra_trees: 0]
[extra_seed: 6]
[early_stopping_round: 0]
[early_stopping_min_delta: 0]
[first_metric_only: 0]
[max_delta_step: 0]
[lambda_l1: 0]
[lambda_l2: 0]
[linear_lambda: 0]
[min_gain_to_split: 0]
[drop_rate: 0.1]
[max_drop: 50]
[skip_drop: 0.5]
[xgboost_dart_mode: 0]
[uniform_drop: 0]
[drop_seed: 4]
[top_rate: 0.2]
[other_rate: 0.1]
[min_data_per_group: 100]
[max_cat_threshold: 32]
[cat_l2: 10]
[cat_smooth: 10]
[max_cat_to_onehot: 4]
[top_k: 20]
[monotone_constraints: ]
[monotone_constraints_method: basic]
[monotone_penalty: 0]
[feature_contri: ]
[forcedsplits_filename: ]
[refit_decay_rate: 0.9]
[cegb_tradeoff: 1]
[cegb_penalty_split: 0]
[cegb_penalty_feature_lazy: ]
[cegb_penalty_feature_coupled: ]
[path_smooth: 0]
[interaction_constraints: ]
[verbosity: 1]
[saved_feature_importance_type: 0]
[use_quantized_grad: 0]
[num_grad_quant_bins: 4]
[quant_train_renew_leaf: 0]
[stochastic_rounding: 1]
[linear_tree: 0]
[max_bin: 255]
[max_bin_by_feature: ]
[min_data_in_bin: 3]
[bin_construct_sample_cnt: 200000]
[data_random_seed: 1]
[is_enable_sparse: 1]
[enable_bundle: 1]
[use_missing: 1]
[zero_as_missing: 0]
[feature_pre_filter: 1]
[pre_partition: 0]
[two_round: 0]
[header: 0]
[label_column: ]
[weight_column: ]
[group_column: ]
[ignore_column: ]
[categorical_feature: ]
[forcedbins_filename: ]
[precise_float_parser: 0]
[parser_config_file: ]
[objective_seed: 5]
[num_class: 1]
[is_unbalance: 0]
[scale_pos_weight: 1]
[sigmoid: 1]
[boost_from_average: 1]
[reg_sqrt: 0]
[alpha: 0.9]
[fair_c: 1]
[poisson_max_delta_step: 0.7]
[tweedie_variance_power: 1.5]
[lambdarank_truncation_level: 30]
[lambdarank_norm: 1]
[label_gain: ]
[lambdarank_position_bias_regularization: 0]
[eval_at: ]
[multi_error_top_k: 1]
[auc_mu_weights: ]
[num_machines: 1]
[local_listen_port: 12400]
[time_out: 120]
[machine_list_filename: ]
[machines: ]
[gpu_platform_id: -1]
[gpu_device_id: -1]
[gpu_use_dp: 0]
[num_gpu: 1]

end of parameters

pandas_categorical:[]
