tree
version=v4
num_class=1
num_tree_per_iteration=1
label_index=0
max_feature_idx=3
objective=regression
feature_names=枠番 勝率 平均ST モーター
feature_infos=[1:6] [0:66.670000000000002] [0:7.5] [0:1]
tree_sizes=2870 3005 3009 3026 3007 3022 3019 3019 3033 3023 3041 3026 3019 3043 3044 3025 3023 3034 3006 3056 3032 3047 3055 3020 3013 3056 3038 3038 3028 3039 3018 3026 3067 3012 3000 3027 2993 3007 3026 2962 2977 2972 2953 2949 2943 2996 2949 2897 2947 2925 2933 2945 2933 2975 2961 2912 2944 2929 2930 2925 2897 2895 2912 2946 2911 2916 2919 2956 2971 2881 2884 2940 2891 2891 2919 2909 2893 2917 2851 2893 2896 2869 2873 2887 2899 2889 2844 2872 2905 2871 2936 2917 2883 2899 2863 2891 2876 2916 2885 2910

Tree=0
num_leaves=31
num_cat=0
split_feature=0 1 0 1 1 0 1 1 1 0 0 0 1 0 0 0 1 1 0 1 1 1 3 3 1 2 1 1 1 2
split_gain=3047.1 1049.15 506.809 370.253 232.706 191.595 81.0987 63.4275 36.3566 32.9633 32.0839 29.1043 26.2702 25.5946 23.8352 20.9842 19.399 14.5618 8.71883 8.32004 7.89789 7.83934 7.09374 6.26623 5.86796 5.81102 5.32494 5.00918 4.89643 4.81883
threshold=1.5000000000000002 4.8250000000000011 4.5000000000000009 2.9150000000000005 5.2550000000000008 4.5000000000000009 5.705000000000001 5.9450000000000012 3.9550000000000005 5.5000000000000009 3.5000000000000004 3.5000000000000004 1.8950000000000002 5.5000000000000009 5.5000000000000009 3.5000000000000004 4.0150000000000006 5.9750000000000005 4.5000000000000009 2.9150000000000005 4.7650000000000006 3.9550000000000005 0.33025000000000004 0.32885000000000003 5.6350000000000007 2.0500000000000003 4.1050000000000013 5.1350000000000007 6.5950000000000006 1.635
decision_type=2 2 2 2 2 2 2 2 2 2 2 2 2 2 2 2 2 2 2 2 2 2 2 2 2 2 2 2 2 2
left_child=4 3 6 12 8 11 15 9 19 24 25 16 -2 -9 21 27 -5 -6 -14 -1 -10 -7 -13 -18 -4 28 -16 -3 -8 -15
right_child=1 2 7 5 17 14 10 13 20 -11 -12 22 18 29 26 -17 23 -19 -20 -21 -22 -23 -24 -25 -26 -27 -28 -29 -30 -31
leaf_value=0.49150262112633747 0.46032261360271198 0.50053526203726117 0.48932414966766885 0.48923349355836498 0.5302734083746905 0.47769402060940697 0.50938246289292033 0.49853646065509083 0.51660446736340104 0.48255495209685356 0.5041522514869281 0.48437418674278798 0.47579713850740535 0.49168281805151431 0.47167687715583739 0.49661318925360726 0.49347528553841558 0.53583752889267222 0.46681974541545646 0.50787192906056178 0.52255584725046589 0.48374356341326508 0.48964420611538417 0.49770137586579549 0.49475895751566024 0.49159077554499309 0.4767714668337068 0.50425606873108131 0.51223345791980202 0.47573020068040156
leaf_weight=363 5177 5558 6839 6953 7311 3073 16607 9788 5345 9288 12563 5033 1963 10027 3404 7751 6694 13188 2410 2147 3826 7071 5186 7373 2800 165 5164 10367 9453 193
leaf_count=363 5177 5558 6839 6953 7311 3073 16607 9788 5345 9288 12563 5033 1963 10027 3404 7751 6694 13188 2410 2147 3826 7071 5186 7373 2800 165 5164 10367 9453 193
internal_value=0.499343 0.493725 0.499911 0.483184 0.527434 0.486633 0.505492 0.490956 0.516169 0.486806 0.508308 0.491426 0.465143 0.494882 0.478631 0.50088 0.493555 0.533853 0.47085 0.505505 0.519087 0.481911 0.487049 0.49569 0.490903 0.510298 0.474747 0.502957 0.510417 0.491382
internal_weight=193080 160900 101399 59501 32180 49951 62464 38935 11681 18927 38788 31239 9550 20008 18712 23676 21020 20499 4373 2510 9171 10144 10219 14067 9639 26225 8568 15925 26060 10220
internal_count=193080 160900 101399 59501 32180 49951 62464 38935 11681 18927 38788 31239 9550 20008 18712 23676 21020 20499 4373 2510 9171 10144 10219 14067 9639 26225 8568 15925 26060 10220
is_linear=0
shrinkage=1


Tree=1
num_leaves=31
num_cat=0
split_feature=0 1 0 1 1 0 1 1 1 0 0 0 1 0 0 1 0 1 1 0 1 1 3 3 2 3 2 2 3 1
split_gain=2468.15 850.551 403.195 306.088 188.492 162.634 60.8254 48.3261 29.5765 25.988 25.9507 24.9615 21.2789 20.7316 20.1861 17.0607 15.6152 11.9971 7.10546 7.06225 6.64546 6.40473 6.05614 5.7553 5.09681 4.99408 4.74035 4.70693 4.85814 4.47262
threshold=1.5000000000000002 4.8650000000000011 4.5000000000000009 2.9150000000000005 5.2550000000000008 4.5000000000000009 5.705000000000001 5.9450000000000012 3.9250000000000003 3.5000000000000004 5.5000000000000009 3.5000000000000004 1.8950000000000002 5.5000000000000009 5.5000000000000009 4.0150000000000006 3.5000000000000004 5.9050000000000011 4.5650000000000004 4.5000000000000009 3.9550000000000005 2.9150000000000005 0.32315000000000005 0.32885000000000003 0.21500000000000002 0.35455000000000009 1.635 2.0500000000000003 0.40795000000000003 4.1050000000000013
decision_type=2 2 2 2 2 2 2 2 2 2 2 2 2 2 2 2 2 2 2 2 2 2 2 2 2 2 2 2 2 2
left_child=4 3 6 12 8 11 16 10 21 27 25 15 -2 26 20 -5 -3 -6 -10 -14 -7 -1 -13 -17 -19 -4 -9 28 -8 -16
right_child=1 2 7 5 17 14 9 13 18 -11 -12 22 19 -15 29 23 -18 24 -20 -21 -22 -23 -24 -25 -26 -27 -28 -29 -30 -31
leaf_value=-0.0070565979260715245 -0.035118604762494419 0.0033747125325583448 -0.0092598743366958895 -0.0090988121314921795 0.027508126517262234 -0.019484338498914663 0.0093262946965781569 -0.00046589018677252382 0.014537022749661283 0.0043280701135114475 -0.014957752099488365 -0.01353611809949707 -0.021191532131791174 -0.0071655527226728941 -0.024899767379502995 -0.0051710788650536502 -0.0022275697897259387 0.032844275791392728 0.020107965035511131 -0.029271185334416347 -0.01395450675324493 0.0073783113245117814 -0.0087333682377074284 -0.0012205439903270063 0.006169381696316931 -0.0044969896603597988 -0.019335127036880565 -0.0069772588258439853 0.012880129234651289 -0.020281388844992518
leaf_weight=363 5177 15201 5702 6953 6499 3073 21369 9653 4057 12563 8991 4851 1963 10220 3404 7010 7396 13928 5255 2410 7422 2006 5723 7781 72 3586 135 165 4691 5461
leaf_count=363 5177 15201 5702 6953 6499 3073 21369 9653 4057 12563 8991 4851 1963 10220 3404 7010 7396 13928 5255 2410 7422 2006 5723 7781 72 3586 135 165 4691 5461
internal_value=-7.66937e-12 -0.0050563 0.000642205 -0.0143328 0.0252815 -0.0112933 0.00566524 -0.00741115 0.0151428 0.00806787 -0.0111281 -0.00695139 -0.0307803 -0.00401537 -0.0185414 -0.00501335 0.00154109 0.0310588 0.0176808 -0.0256443 -0.0155737 0.00516646 -0.0109367 -0.00309285 0.0327071 -0.00742097 -0.000726142 0.00985941 0.00996601 -0.0220548
internal_weight=193080 160900 99672 61228 32180 51678 61385 38287 11681 38788 18279 32318 9550 20008 19360 21744 22597 20499 9312 4373 10495 2369 10574 14791 14000 9288 9788 26225 26060 8865
internal_count=193080 160900 99672 61228 32180 51678 61385 38287 11681 38788 18279 32318 9550 20008 19360 21744 22597 20499 9312 4373 10495 2369 10574 14791 14000 9288 9788 26225 26060 8865
is_linear=0
shrinkage=0.1


Tree=2
num_leaves=31
num_cat=0
split_feature=0 1 0 0 1 1 1 1 0 1 0 1 0 0 1 1 0 1 1 1 1 1 1 1 3 1 2 3 2 2
split_gain=1999.2 691.24 307.154 267.084 152.679 101.449 67.1962 36.3336 33.1975 23.957 21.9794 19.3697 19.3559 17.6243 15.8595 14.4015 13.3368 10.7979 10.2106 6.69686 6.30999 5.75599 5.18783 4.79088 4.3413 4.20752 3.95929 3.87502 3.85229 3.76645
threshold=1.5000000000000002 5.0050000000000008 4.5000000000000009 4.5000000000000009 5.2550000000000008 2.9150000000000005 3.4950000000000006 5.8850000000000007 5.5000000000000009 3.9250000000000003 3.5000000000000004 5.8750000000000009 5.5000000000000009 3.5000000000000004 5.6450000000000005 2.4650000000000003 3.5000000000000004 4.4250000000000007 5.7250000000000005 4.1650000000000009 2.1050000000000004 4.4250000000000007 2.9150000000000005 4.3250000000000011 0.36854999999999999 4.1050000000000013 2.1800000000000002 0.36325000000000002 0.20500000000000004 1.635
decision_type=2 2 2 2 2 2 2 2 2 2 2 2 2 2 2 2 2 2 2 2 2 2 2 2 2 2 2 2 2 2
left_child=4 3 7 6 9 20 15 16 14 22 17 -10 19 26 -4 -2 -3 27 -6 -7 -5 -11 -1 -12 -19 -14 -9 -8 -13 -16
right_child=1 2 8 5 18 12 10 13 11 21 23 28 25 -15 29 -17 -18 24 -20 -21 -22 -23 -24 -25 -26 -27 -28 -29 -30 -31
leaf_value=-0.0063509385365756749 -0.024441147961520724 0.0042235744392225688 -0.0077195650093171662 -0.032328576766372297 0.023719379035676606 -0.016601622072511545 -0.0067636604962593638 0.0093892304191769034 -0.013267041382316267 0.012319724765138249 -0.011199646957870747 -0.006314194625745161 -0.022409790059820817 0.004363002367896952 -0.0010447900817087742 -0.013566188565011293 -0.00078262117883365779 -0.0023746275497968927 0.029129488959993951 -0.011678289787052182 -0.025539823814386617 0.017633107676569653 0.006640479737448907 -0.0069667224267321824 0.0020461213418040509 -0.018080436879457023 -0.0062527620444999881 -0.0029456020483767799 -0.019624115613935234 -0.017717301965194898
leaf_weight=363 1736 16364 5386 4797 4458 4475 7717 22360 7238 3015 4833 10620 3404 10804 12352 4079 7886 7380 16041 7221 1916 6297 2006 5985 3178 6592 163 4055 222 137
leaf_count=363 1736 16364 5386 4797 4458 4475 7717 22360 7238 3015 4833 10620 3404 10804 12352 4079 7886 7380 16041 7221 1916 6297 2006 5985 3178 6592 163 4055 222 137
internal_value=-5.15942e-11 -0.00455067 0.001012 -0.0122737 0.0227533 -0.0196481 -0.00689762 0.00554049 -0.00623975 0.0136285 -0.00515824 -0.00926107 -0.0163235 0.00768332 -0.00318378 -0.0168128 0.00259558 -0.00336595 0.0279529 -0.013562 -0.030391 0.0159128 0.00464981 -0.0088578 -0.00104396 -0.0195547 0.00927603 -0.00544849 -0.00658673 -0.00122768
internal_weight=193080 160900 93532 67368 32180 28405 38963 57577 35955 11681 33148 18080 21692 33327 17875 5815 24250 22330 20499 11696 6713 9312 2369 10818 10558 9996 22523 11772 10842 12489
internal_count=193080 160900 93532 67368 32180 28405 38963 57577 35955 11681 33148 18080 21692 33327 17875 5815 24250 22330 20499 11696 6713 9312 2369 10818 10558 9996 22523 11772 10842 12489
is_linear=0
shrinkage=0.1


Tree=3
num_leaves=31
num_cat=0
split_feature=0 1 0 1 1 0 1 1 1 0 0 1 0 0 0 0 1 1 3 1 1 1 1 2 0 0 3 3 3 3
split_gain=1619.36 561.243 269.599 197.214 123.67 103.554 44.5251 35.4913 19.4398 19.1566 17.0352 16.2178 12.8537 11.8952 11.2469 10.8681 10.6577 8.95347 5.68412 5.11135 4.84722 4.78233 4.55445 4.24919 4.01279 3.67263 3.59862 3.58384 3.56709 3.56569
threshold=1.5000000000000002 4.8250000000000011 4.5000000000000009 2.7350000000000008 5.2550000000000008 4.5000000000000009 5.6450000000000005 5.6450000000000005 3.9550000000000005 5.5000000000000009 3.5000000000000004 4.035000000000001 5.5000000000000009 5.5000000000000009 3.5000000000000004 3.5000000000000004 1.8950000000000002 6.285000000000001 0.36325000000000002 6.2550000000000008 4.7650000000000006 3.9550000000000005 3.4950000000000006 0.19500000000000003 2.5000000000000004 3.5000000000000004 0.38265000000000005 0.29640000000000005 0.38720000000000004 0.32885000000000003
decision_type=2 2 2 2 2 2 2 2 2 2 2 2 2 2 2 2 2 2 2 2 2 2 2 2 2 2 2 2 2 2
left_child=4 3 6 16 8 11 14 13 22 28 24 18 21 -4 27 29 -2 -6 25 -11 -10 -7 -1 -19 -8 -5 -12 -3 -9 -13
right_child=1 2 7 5 17 12 10 9 20 19 26 15 -14 -15 -16 -17 -18 23 -20 -21 -22 -23 -24 -25 -26 -27 -28 -29 -30 -31
leaf_value=-0.00075359661373516863 -0.028507044897865388 0.00023102433941587759 -0.0073411454881266783 -0.008932972538482355 0.023176140831449105 -0.016023124759157563 0.0091089766069652918 -0.0020947665972041243 0.01245481030693168 -0.008939582204303128 0.002502772628143469 -0.0043035359947223642 -0.018050001217263474 -0.013267739104532706 -0.0023326463130921853 -0.0075499175867012706 -0.021459605722125283 0.027585976237118299 -0.0056657823203354165 -0.0049054128408866533 0.017117198338557835 -0.011378852818638041 0.0079429687789994204 0.0078193652333522386 0.0066817114418074759 -0.01358126551481938 0.0062442367126600796 0.0035436605010847424 0.0017805544237918616 -0.0010837417130917517
leaf_weight=1003 5177 4833 6938 5086 10795 3230 13702 9299 5345 5416 9547 6557 8734 6616 7249 6596 3665 9594 3598 7476 3826 7071 1507 110 13543 2553 3518 10072 3190 7234
leaf_count=1003 5177 4833 6938 5086 10795 3230 13702 9299 5345 5416 9547 6557 8734 6616 7249 6596 3665 9594 3598 7476 3826 7071 1507 110 13543 2553 3518 10072 3190 7234
internal_value=5.666e-11 -0.0040956 0.00042861 -0.0118056 0.020478 -0.00940035 0.00449958 -0.00610251 0.0122657 -0.00389618 0.00647886 -0.00589264 -0.0152279 -0.010234 0.00089821 -0.00421138 -0.0255859 0.0251576 -0.00894292 -0.00660019 0.0143999 -0.0128351 0.00446781 0.0273619 0.00790243 -0.0104865 0.00351023 0.00246953 -0.00110491 -0.00261461
internal_weight=193080 160900 101399 59501 32180 50659 62464 38935 11681 25381 40310 31624 19035 13554 22154 20387 8842 20499 11237 12892 9171 10301 2510 9704 27245 7639 13065 14905 12489 13791
internal_count=193080 160900 101399 59501 32180 50659 62464 38935 11681 25381 40310 31624 19035 13554 22154 20387 8842 20499 11237 12892 9171 10301 2510 9704 27245 7639 13065 14905 12489 13791
is_linear=0
shrinkage=0.1


Tree=4
num_leaves=31
num_cat=0
split_feature=0 1 0 0 1 1 1 1 1 0 1 0 1 0 0 0 0 1 1 1 1 3 3 2 2 1 2 3 2 2
split_gain=1311.68 456.894 201.651 176.9 100.345 68.2095 43.9105 24.5324 21.7355 14.7152 13.4095 12.7465 12.7403 11.7505 11.5894 10.8282 8.6592 8.59005 7.11994 4.63535 4.15227 3.69996 3.69215 3.33676 3.2492 3.22928 3.209 3.22317 3.16288 3.159
threshold=1.5000000000000002 5.0050000000000008 4.5000000000000009 4.5000000000000009 5.0050000000000008 2.9150000000000005 3.4950000000000006 5.8850000000000007 5.9850000000000012 3.5000000000000004 5.7250000000000005 5.5000000000000009 3.7150000000000003 5.5000000000000009 3.5000000000000004 5.5000000000000009 3.5000000000000004 2.4650000000000003 4.4250000000000007 4.2650000000000006 1.5950000000000004 0.32815000000000005 0.40205000000000007 0.20500000000000004 1.635 4.1050000000000013 2.1800000000000002 0.38265000000000005 2.0500000000000003 1.5750000000000004
decision_type=2 2 2 2 2 2 2 2 2 2 2 2 2 2 2 2 2 2 2 2 2 2 2 2 2 2 2 2 2 2
left_child=4 3 7 6 12 20 17 16 13 18 -6 19 -1 22 26 24 -3 -2 -8 -7 29 -11 -4 -17 -10 -13 27 -9 -12 -5
right_child=1 2 8 5 10 11 9 14 15 21 28 25 -14 -15 -16 23 -18 -19 -20 -21 -22 -23 -24 -25 -26 -27 -28 -29 -30 -31
leaf_value=0.0017040429354545509 -0.019496264385407115 0.0033976152926260906 -0.0060625200868389189 -0.028300319330531582 0.018243397332909864 -0.013181147853520342 -0.0044081210067310264 0.0069307409814365938 -0.00010121905140514519 -0.0091325659571307553 0.023738001561919572 -0.01836381168058197 0.011526094167318439 -0.010367574422307235 0.003573952715599793 -0.0047946021154289175 -0.00063625268804416301 -0.011097393286548927 -0.00083155359421507576 -0.0091828919620265109 -0.022428430981175584 -0.0054310790575657414 -0.00070074865850487265 -0.017419549042933455 -0.015727562570461522 -0.014570989484929263 -0.0064222318720232492 0.0096368152711277678 0.00228178678755311 -0.016178217488501605
leaf_weight=1577 1736 16364 6881 2930 6439 5314 11772 16335 9280 5201 15972 3404 8123 8239 10804 9627 7886 4079 10558 6382 3551 5617 1579 214 135 6592 163 6025 69 232
leaf_count=1577 1736 16364 6881 2930 6439 5314 11772 16335 9280 5201 15972 3404 8123 8239 10804 9627 7886 4079 10558 6382 3551 5617 1579 214 135 6592 163 6025 69 232
internal_value=-6.87777e-11 -0.00368604 0.000836437 -0.00996493 0.0184302 -0.0159665 -0.00558963 0.00450567 -0.00503933 -0.00418356 0.0220983 -0.0132405 0.00992925 -0.00767957 0.00626644 -0.00274969 0.00208582 -0.0136048 -0.00271706 -0.0109995 -0.0247753 -0.00721065 -0.00506178 -0.00506914 -0.000325282 -0.0158626 0.00755799 0.0076599 0.0236457 -0.0274109
internal_weight=193080 160900 93532 67368 32180 28405 38963 57577 35955 33148 22480 21692 9700 16699 33327 19256 24250 5815 22330 11696 6713 10818 8460 9841 9415 9996 22523 22360 16041 3162
internal_count=193080 160900 93532 67368 32180 28405 38963 57577 35955 33148 22480 21692 9700 16699 33327 19256 24250 5815 22330 11696 6713 10818 8460 9841 9415 9996 22523 22360 16041 3162
is_linear=0
shrinkage=0.1


Tree=5
num_leaves=31
num_cat=0
split_feature=0 1 0 1 1 0 1 1 1 0 0 0 0 0 0 0 1 1 1 3 3 1 3 1 0 2 3 3 2 1
split_gain=1062.46 372.516 187.719 116.949 81.8736 56.7699 40.0723 29.7355 13.4596 12.6281 11.1525 9.3522 9.07973 8.80385 7.4171 7.06538 6.53822 6.45571 4.47704 3.8625 3.8156 3.76916 3.55777 3.51396 3.25034 2.96173 2.95575 2.90078 2.99411 2.89205
threshold=1.5000000000000002 4.6450000000000005 4.5000000000000009 2.7350000000000008 5.2550000000000008 4.5000000000000009 5.6450000000000005 5.6450000000000005 4.1450000000000005 5.5000000000000009 3.5000000000000004 3.5000000000000004 5.5000000000000009 3.5000000000000004 4.5000000000000009 5.5000000000000009 3.6750000000000003 6.285000000000001 2.9150000000000005 0.32815000000000005 0.35010000000000002 5.1750000000000007 0.31845000000000007 6.2550000000000008 2.5000000000000004 0.19500000000000003 0.37015000000000003 0.38265000000000005 2.0500000000000003 1.4150000000000003
decision_type=2 2 2 2 2 2 2 2 2 2 2 2 2 2 2 2 2 2 2 2 2 2 2 2 2 2 2 2 2 2
left_child=4 3 6 14 8 11 13 12 18 -9 24 16 22 21 -2 -7 -5 -6 -1 -13 -18 -3 -4 -11 -8 -19 -26 -12 -29 -16
right_child=1 2 7 5 17 15 10 9 -10 23 27 19 -14 -15 29 -17 20 25 -20 -21 -22 -23 -24 -25 26 -27 -28 28 -30 -31
leaf_value=-0.0058108886247167247 -0.0160800591526708 0.00017042519906521956 -0.0086767172206315916 -0.0079236157203014714 0.018712232653431218 -0.010886587387540329 0.0075143817400307213 -0.00084618099268881698 0.012119132889709717 -0.0072475592593388696 0.001970156962938729 -0.010140331378739105 -0.011013983442874128 -0.002316507092395296 -0.025135829924710876 -0.015075467683061644 -0.0044356215756399002 0.022453578132130354 0.0059224040817983485 -0.0059633208311866467 -0.001151579667518475 0.0030628328052868452 -0.0045311459682101122 -0.0039026501916903048 0.0043075921420324421 0.005951000885529952 0.0074648233158184701 0.0058073804006458932 -0.012473372491481512 -0.020799638488902036
leaf_weight=363 2452 9454 3613 3466 10795 8778 13702 12489 8195 5416 9547 4285 7911 8746 2579 7439 8657 9594 3123 4580 5983 8607 4848 7476 9158 110 4385 3426 92 3811
leaf_count=363 2452 9454 3613 3466 10795 8778 13702 12489 8195 5416 9547 4285 7911 8746 2579 7439 8657 9594 3123 4580 5983 8607 4848 7476 9158 110 4385 3426 92 3811
internal_value=-7.30737e-11 -0.00331744 8.91105e-06 -0.0102776 0.0165872 -0.00813246 0.00328404 -0.00525578 0.0099052 -0.00311244 0.00527665 -0.00532111 -0.00857852 0.000287717 -0.0207556 -0.0128081 -0.00401813 0.0203948 0.00470061 -0.00798233 -0.00309352 0.00154881 -0.00630138 -0.00530786 0.00642849 0.0222665 0.00532985 0.00287467 0.00532932 -0.0225497
internal_weight=193080 160900 108870 52030 32180 43188 67117 41753 11681 25381 40310 26971 16372 26807 8842 16217 18106 20499 3486 8865 14640 18061 8461 12892 27245 9704 13543 13065 3518 6390
internal_count=193080 160900 108870 52030 32180 43188 67117 41753 11681 25381 40310 26971 16372 26807 8842 16217 18106 20499 3486 8865 14640 18061 8461 12892 27245 9704 13543 13065 3518 6390
is_linear=0
shrinkage=0.1


Tree=6
num_leaves=31
num_cat=0
split_feature=0 1 0 0 1 1 1 0 0 0 1 1 1 0 1 1 1 1 1 1 3 1 1 3 3 2 2 3 1 3
split_gain=860.592 302.863 128.001 122.097 66.8282 47.1332 32.5316 13.8373 13.1869 9.69558 9.07587 9.07497 8.88188 8.36375 7.7182 6.68106 5.97979 5.74975 4.79081 4.63794 3.78014 3.53165 3.31795 3.2711 2.99868 2.81199 2.65021 2.63036 2.59597 2.59392
threshold=1.5000000000000002 5.1350000000000007 4.5000000000000009 4.5000000000000009 5.0050000000000008 3.2550000000000003 3.6750000000000003 5.5000000000000009 3.5000000000000004 3.5000000000000004 3.4950000000000006 5.7250000000000005 5.785000000000001 5.5000000000000009 2.4650000000000003 6.2550000000000008 6.3750000000000009 6.0950000000000006 2.1050000000000004 4.5250000000000012 0.31915000000000004 4.4250000000000007 4.4250000000000007 0.33025000000000004 0.34610000000000002 1.635 2.0500000000000003 0.36495000000000005 6.6550000000000011 0.35725000000000001
decision_type=2 2 2 2 2 2 2 2 2 2 2 2 2 2 2 2 2 2 2 2 2 2 2 2 2 2 2 2 2 2
left_child=4 2 6 8 10 18 14 16 12 19 -1 27 -3 20 -2 -9 -5 24 -4 -8 -7 -11 -12 -21 -10 -18 28 -6 -14 -16
right_child=1 3 5 7 11 13 9 15 17 21 22 -13 26 -15 29 -17 25 -19 -20 23 -22 -23 -24 -25 -26 -27 -28 -29 -30 -31
leaf_value=-0.00101623708309823 -0.015938632671124719 0.0027514707758005087 -0.021433231967183136 -0.0031516973461624149 0.013321673691133027 -0.010650391242434455 -0.0030526786317688326 -0.0074988320418665523 -0.0017894421192074595 -0.0072729335029020617 0.0070911309290043814 0.01919489830783902 0.0054013897159912484 -0.012495454798998809 -0.0098546025354760355 -0.0035123851208824519 0.0010761552065285662 0.003450744113083104 -0.01624056814486936 -0.0019826148885866285 -0.0071180236119569949 -0.0037104913494351781 0.010997670069680526 0.0014738974463397027 0.0019434578869166478 -0.013677789457142354 -0.0065593349888469245 0.017609345651676971 0.0075622967759449745 -0.0054562489562321017
leaf_weight=1003 1736 11978 4797 10615 4293 5373 12400 9606 4940 5026 4381 16041 15901 10545 3961 7476 6048 8856 2822 5396 6946 6235 4316 5558 3813 132 165 2146 8548 2027
leaf_count=1003 1736 11978 4797 10615 4293 5373 12400 9606 4940 5026 4381 16041 15901 10545 3961 7476 6048 8856 2822 5396 6946 6235 4316 5558 3813 132 165 2146 8548 2027
internal_value=-4.95633e-12 -0.00298569 -0.00775711 0.000959271 0.0149285 -0.0126981 -0.00419971 -0.00375017 0.00390279 -0.00289031 0.00799102 0.0179219 0.00498483 -0.0104282 -0.0100678 -0.00575415 -0.00171195 0.00165429 -0.0195099 -0.00172816 -0.00865869 -0.00530048 0.0090298 -0.000228799 -0.000163308 0.000761022 0.00607166 0.0147507 0.0061569 -0.00836571
internal_weight=193080 160900 72822 88078 32180 30483 42339 33877 54201 34615 9700 22480 36592 22864 7724 17082 16795 17609 7619 23354 12319 11261 8697 10954 8753 6180 24614 6439 24449 5988
internal_count=193080 160900 72822 88078 32180 30483 42339 33877 54201 34615 9700 22480 36592 22864 7724 17082 16795 17609 7619 23354 12319 11261 8697 10954 8753 6180 24614 6439 24449 5988
is_linear=0
shrinkage=0.1


Tree=7
num_leaves=31
num_cat=0
split_feature=0 1 0 1 1 0 1 1 1 0 0 1 3 0 0 2 3 0 0 1 1 2 3 0 3 1 0 2 2 1
split_gain=697.08 247.16 122.373 77.3417 54.1535 37.3311 27.0163 20.0158 9.05988 8.75492 8.75353 6.53272 6.478 5.90457 5.64669 4.64789 4.56388 4.5057 4.38564 4.14743 3.59698 3.31378 3.03287 2.98114 2.90935 2.58587 2.53502 3.3407 2.55501 2.52522
threshold=1.5000000000000002 4.6450000000000005 4.5000000000000009 2.9150000000000005 5.2550000000000008 4.5000000000000009 5.5150000000000006 5.535000000000001 3.9550000000000005 2.5000000000000004 5.5000000000000009 1.8950000000000002 0.35245000000000004 2.5000000000000004 5.5000000000000009 0.18500000000000003 0.37150000000000005 5.5000000000000009 3.5000000000000004 6.5650000000000004 6.285000000000001 2.0500000000000003 0.44865000000000005 5.5000000000000009 0.37974999999999998 2.9150000000000005 3.5000000000000004 0.17500000000000002 1.5750000000000004 4.5650000000000004
decision_type=2 2 2 2 2 2 2 2 2 2 2 2 2 2 2 2 2 2 2 2 2 2 2 2 2 2 2 2 2 2
left_child=4 3 6 11 8 12 13 14 25 -8 24 26 18 -3 -4 20 19 -7 -5 -11 -6 -18 -15 -13 -9 -1 27 -2 -28 -10
right_child=1 2 7 5 15 17 9 10 29 16 -12 23 -14 22 -16 -17 21 -19 -20 -21 -22 -23 -24 -25 -26 -27 28 -29 -30 -31
leaf_value=-0.0051281755867083213 0.018978546599024222 0.0021423745173171087 -0.0053276978372863585 -0.0043406383245488817 0.015566458699309858 -0.0088160109920337546 0.0060981082358842259 -0.0017311592093990664 0.0075360098362836584 0.001264384510094081 -0.0043954592801487584 -0.011920817138826086 -0.0022979067452038185 -0.0016375238445492585 -0.0092733959124390777 0.010295223145175683 0.005226638680141428 -0.012195588051212528 -0.0078523635855109949 0.0043479325816858632 0.018292722050209032 -0.0092930904822424061 0.0035721953113710008 -0.017602345696035422 0.0015434855231776072 0.0039976169988964125 -0.019921052208827936 -0.014193290175981081 -0.010763804760812982 0.010890682577487829
leaf_weight=363 38 7853 7541 10834 9925 8621 14890 9632 3916 13426 13815 3048 10458 14185 6988 1129 8929 7273 5294 6461 9445 160 1213 1325 3777 2147 4662 151 326 5255
leaf_count=363 38 7853 7541 10834 9925 8621 14890 9632 3916 13426 13815 3048 10458 14185 6988 1129 8929 7273 5294 6461 9445 160 1213 1325 3777 2147 4662 151 326 5255
internal_value=-1.67537e-11 -0.00268712 2.23419e-05 -0.00835653 0.0134356 -0.00652848 0.00266667 -0.00422836 0.00800128 0.00412735 -0.00262886 -0.016488 -0.00423638 -8.90773e-05 -0.00722546 0.0165323 0.00311463 -0.0103625 -0.00549336 0.00226618 0.0168958 0.00497104 -0.00122712 -0.0136423 -0.000808769 0.00267783 -0.0188918 -0.00752382 -0.0193226 0.00945824
internal_weight=193080 160900 108870 52030 32180 42480 67117 41753 11681 43866 27224 9550 26586 23251 14529 20499 28976 15894 16128 19887 19370 9089 15398 4373 13409 2510 5177 189 4988 9171
internal_count=193080 160900 108870 52030 32180 42480 67117 41753 11681 43866 27224 9550 26586 23251 14529 20499 28976 15894 16128 19887 19370 9089 15398 4373 13409 2510 5177 189 4988 9171
is_linear=0
shrinkage=0.1


Tree=8
num_leaves=31
num_cat=0
split_feature=0 1 0 1 1 1 0 1 0 1 0 1 0 3 0 0 1 3 0 1 0 2 2 1 2 3 2 3 1 2
split_gain=564.634 201.711 104.92 52.1554 44.2058 30.8931 25.4724 20.1396 7.7136 7.22271 6.73755 5.74906 5.48634 5.21921 4.75127 3.62693 3.52524 3.48359 3.15301 3.05672 2.81642 2.72219 2.47711 2.96459 2.33614 2.32556 2.43194 2.21324 2.18731 2.13903
threshold=1.5000000000000002 4.4250000000000007 4.5000000000000009 2.4650000000000003 4.9250000000000007 5.455000000000001 4.5000000000000009 5.6450000000000005 3.5000000000000004 5.6050000000000013 5.5000000000000009 3.4950000000000006 5.5000000000000009 0.34745000000000004 3.5000000000000004 5.5000000000000009 3.6750000000000003 0.31845000000000007 3.5000000000000004 6.5150000000000006 5.5000000000000009 0.18500000000000003 1.635 6.8150000000000004 0.16500000000000004 0.38720000000000004 2.0500000000000003 0.44010000000000005 6.0950000000000006 0.20500000000000004
decision_type=2 2 2 2 2 2 2 2 2 2 2 2 2 2 2 2 2 2 2 2 2 2 2 2 2 2 2 2 2 2
left_child=4 3 5 20 11 13 14 12 19 -6 25 -1 17 18 16 -8 -5 -4 -3 -7 -2 -11 23 -12 -16 -9 -27 -13 -10 -21
right_child=1 2 7 6 9 8 15 10 28 21 22 27 -14 -15 24 -17 -18 -19 -20 29 -22 -23 -24 -25 -26 26 -28 -29 -30 -31
leaf_value=-0.00098409948876110906 -0.014113423689550125 -0.00076479354970974067 -0.0069778068334678638 -0.0061435860406786162 0.011395074295831774 0.0038101155611451071 -0.0086400077439731156 -0.0013590836128918428 0.00025996676555468061 0.015697096140759797 -0.004479504085785093 0.0064986656984914173 -0.00818465110970743 0.0010276970936110086 -0.0033654564423060123 -0.011948277531910897 -0.0026078187923606333 -0.0032816454344866668 -0.0037309988466919818 0.0060737157138325629 -0.018021417938326591 0.0092639449026680337 -0.01503330574601351 -0.00084143118886661919 -0.0076864387672056795 0.0022893166786778561 -0.012909603522184794 0.012086025044842181 0.0027540371469756239 -0.0053317565716312319
leaf_weight=1003 3853 10908 4469 3855 5930 19743 7167 9299 5832 16544 9794 7232 9587 11746 1616 6164 10501 5938 5337 10700 3537 685 194 2904 5543 3081 109 786 8856 167
leaf_count=1003 3853 10908 4469 3855 5930 19743 7167 9299 5832 16544 9794 7232 9587 11746 1616 6164 10501 5938 5337 10700 3537 685 194 2904 5543 3081 109 786 8856 167
internal_value=-1.72145e-12 -0.00241841 -0.000306046 -0.0083532 0.0120921 0.00203365 -0.00673492 -0.00408508 0.00364756 0.0144053 -0.00221521 0.00615352 -0.00645876 -0.000578164 -0.00460668 -0.0101697 -0.00355727 -0.00486886 -0.00173929 0.0045515 -0.0159839 0.0154413 -0.00381882 -0.00364749 -0.00671106 -0.000559843 0.00176998 0.00704639 0.00176374 0.00589844
internal_weight=193080 160900 118664 42236 32180 73289 34846 45375 45298 23159 25381 9021 19994 27991 21515 13331 14356 10407 16245 30610 7390 17229 12892 12698 7159 12489 3190 8018 14688 10867
internal_count=193080 160900 118664 42236 32180 73289 34846 45375 45298 23159 25381 9021 19994 27991 21515 13331 14356 10407 16245 30610 7390 17229 12892 12698 7159 12489 3190 8018 14688 10867
is_linear=0
shrinkage=0.1


Tree=9
num_leaves=31
num_cat=0
split_feature=0 1 0 1 1 0 1 1 1 1 0 0 0 0 3 2 0 1 0 3 1 1 1 0 1 3 2 3 3 2
split_gain=457.354 165.586 70.3971 62.0962 35.9554 33.5917 9.29308 9.08799 7.43216 6.50592 6.30422 5.15627 4.69903 4.27159 4.17601 4.13736 3.9814 3.65005 2.91803 2.75567 2.66983 2.62409 2.58443 2.3126 2.27037 2.20198 2.11328 2.19001 2.11248 2.07613
threshold=1.5000000000000002 5.0050000000000008 4.5000000000000009 3.1650000000000005 5.3650000000000011 4.5000000000000009 5.9850000000000012 6.3450000000000006 4.3450000000000006 2.1050000000000004 3.5000000000000004 2.5000000000000004 5.5000000000000009 5.5000000000000009 0.36325000000000002 1.635 3.5000000000000004 3.9550000000000005 5.5000000000000009 0.34610000000000002 6.285000000000001 2.9150000000000005 3.8750000000000004 5.5000000000000009 4.0850000000000009 0.37315000000000004 2.1800000000000002 0.38265000000000005 0.31845000000000007 0.16500000000000004
decision_type=2 2 2 2 2 2 2 2 2 2 2 2 2 2 2 2 2 2 2 2 2 2 2 2 2 2 2 2 2 2
left_child=4 3 6 9 8 10 11 12 21 -2 14 -3 25 22 17 18 -8 -5 -9 -13 -6 29 -7 -11 -12 -4 27 -18 -24 -1
right_child=1 2 7 5 20 13 16 15 -10 23 24 19 -14 -15 -16 -17 26 -19 -20 -21 -22 -23 28 -25 -26 -27 -28 -29 -30 -31
leaf_value=0.017599914771945856 -0.015092528633264705 0.0033028242759471776 -0.003608954545176863 -0.0053900129072183738 0.01241722662668238 -0.0094820348913191074 0.004704324924556625 0.00098347611837769616 0.0086400454041333542 -0.0089095154429877695 -0.0067151313916612694 -0.00069701308379967468 -0.0055734739253365407 -0.0093212508582926745 6.4341056644467653e-05 -0.012135581899592927 0.0015014128727118621 -0.0018713122645599802 -0.0020332592913870971 0.0017995710524512161 0.014759905450775457 0.0043239857465472847 -0.007484017355017092 -0.013744784598214639 -0.0036981976443962472 -0.00058013939966250515 -0.012131197890727828 0.0048864270124922586 -0.0044039052012870396 -0.0071029196014771095
leaf_weight=38 5918 9140 8023 3919 9755 2272 20594 6295 7890 3693 3645 10189 11361 9689 7967 316 7132 11899 6535 7810 9704 4468 3871 1351 7902 3425 101 2611 5242 325
leaf_count=38 5918 9140 8023 3919 9755 2272 20594 6295 7890 3693 3645 10189 11361 9689 7967 316 7132 11899 6535 7810 9704 4468 3871 1351 7902 3425 101 2611 5242 325
internal_value=1.14411e-12 -0.00217657 0.000546013 -0.00595653 0.0108828 -0.00461813 0.00271398 -0.00292569 0.00674867 -0.0128434 -0.00273343 0.00136853 -0.00413266 -0.00777796 -0.00180272 -0.000831524 0.0039136 -0.00274309 -0.000553107 0.000386287 0.0135855 0.00365968 -0.00646457 -0.0102046 -0.00465054 -0.0027028 0.00225937 0.00240855 -0.00571227 -0.00451695
internal_weight=193080 160900 93532 67368 32180 56406 57577 35955 12721 10962 35332 27139 22809 21074 23785 13146 30438 15818 12830 17999 19459 4831 11385 5044 11547 11448 9844 9743 9113 363
internal_count=193080 160900 93532 67368 32180 56406 57577 35955 12721 10962 35332 27139 22809 21074 23785 13146 30438 15818 12830 17999 19459 4831 11385 5044 11547 11448 9844 9743 9113 363
is_linear=0
shrinkage=0.1


Tree=10
num_leaves=31
num_cat=0
split_feature=0 1 0 0 1 1 1 0 0 1 3 1 1 1 1 3 1 1 0 0 1 0 2 2 3 2 3 2 2 3
split_gain=370.457 135.159 56.1131 52.3471 29.5322 21.4783 14.59 6.72956 6.01056 4.79656 4.78744 4.2938 4.14802 3.90317 3.62175 3.2661 3.20718 2.80445 2.64223 2.38509 2.35493 2.3094 2.2192 2.16657 2.13892 2.01925 1.97837 2.52219 1.94461 2.04352
threshold=1.5000000000000002 5.1350000000000007 4.5000000000000009 4.5000000000000009 5.0050000000000008 3.8750000000000004 3.4950000000000006 3.5000000000000004 5.5000000000000009 2.1050000000000004 0.32815000000000005 3.7150000000000003 5.7250000000000005 5.785000000000001 5.8750000000000009 0.40040000000000003 6.3750000000000009 6.0950000000000006 2.5000000000000004 5.5000000000000009 4.6250000000000009 3.5000000000000004 0.17500000000000002 0.23500000000000001 0.36495000000000005 1.6150000000000004 0.43215000000000003 2.1800000000000002 0.19500000000000003 0.39005000000000006
decision_type=2 2 2 2 2 2 2 2 2 2 2 2 2 2 2 2 2 2 2 2 2 2 2 2 2 2 2 2 2 2
left_child=4 2 6 7 11 9 21 13 16 25 20 -1 24 -3 -10 19 -5 -9 -12 -7 -8 -2 -13 -11 -6 -4 27 -15 29 -16
right_child=1 3 5 8 12 15 10 17 14 23 18 22 -14 26 28 -17 -18 -19 -20 -21 -22 -23 -24 -25 -26 -27 -28 -29 -30 -31
leaf_value=0.00040774945531113661 -0.0056058863304718981 0.0018962665701570823 -0.01477452465163883 -0.0021182467515246518 0.0083518825350782696 -0.0058334298853053232 -0.0041209361390937794 -0.00027184075794328379 -0.0056472865947095365 -0.0096036590127025964 0.00071380504265577494 0.0075844380789809708 0.012645143311342786 0.0038002841014040121 -0.003176932191977796 -0.0036664080492906943 0.00074723541634127164 0.0022521879231639699 -0.0017871586109650527 -0.0083406379612567302 -0.001721611958772994 -0.0096047257365198622 0.0042571347667965005 -0.016581314658291154 0.012218324132159506 -0.0064296295409721725 0.0064564447632900236 -0.023066079999719349 -0.010788990077636416 9.9317481095512466e-05
leaf_weight=1577 3143 11978 4487 10615 4293 8231 11118 8753 6240 6268 6362 4523 16041 21473 8066 3669 6180 8856 12572 7039 6472 2672 3600 479 2146 310 3106 35 284 2492
leaf_count=1577 3143 11978 4487 10615 4293 8231 11118 8753 6240 6268 6362 4523 16041 21473 8066 3669 6180 8856 12572 7039 6472 2672 3600 479 2146 310 3106 35 284 2492
internal_value=-8.6193e-11 -0.00195891 -0.00514639 0.000676461 0.00979456 -0.00841785 -0.00279102 0.00260381 -0.00240718 -0.0118178 -0.00205032 0.0051828 0.0117845 0.00337679 -0.00372795 -0.00634547 -0.00106384 0.000997555 -0.000946812 -0.00698918 -0.00323814 -0.00744336 0.00610982 -0.010099 0.0096405 -0.0142352 0.00409726 0.00375656 -0.00262329 -0.00240364
internal_weight=193080 160900 72822 88078 32180 30483 42339 54201 33877 11544 36524 9700 22480 36592 17082 18939 16795 17609 18934 15270 17590 5815 8123 6747 6439 4797 24614 21508 10842 10558
internal_count=193080 160900 72822 88078 32180 30483 42339 54201 33877 11544 36524 9700 22480 36592 17082 18939 16795 17609 18934 15270 17590 5815 8123 6747 6439 4797 24614 21508 10842 10558
is_linear=0
shrinkage=0.1


Tree=11
num_leaves=31
num_cat=0
split_feature=0 1 0 1 1 1 0 1 0 1 0 3 0 0 1 3 3 1 2 0 3 3 2 3 2 3 1 2 3 3
split_gain=300.07 111.28 55.7668 27.8864 24.0734 16.6484 12.5555 11.4043 5.16778 3.93729 3.80127 3.6521 3.49885 3.38456 3.37851 3.27599 2.92307 2.66921 2.38729 2.34569 2.31462 2.07441 2.01076 2.37985 1.99823 1.94822 1.94777 1.94639 1.72575 1.68675
threshold=1.5000000000000002 4.4250000000000007 4.5000000000000009 2.9150000000000005 4.9250000000000007 5.3350000000000009 4.5000000000000009 5.535000000000001 2.5000000000000004 5.9750000000000005 5.5000000000000009 0.35505000000000003 2.5000000000000004 5.5000000000000009 3.4950000000000006 0.46015 0.36325000000000002 6.3150000000000004 0.18500000000000003 5.5000000000000009 0.48160000000000008 0.32735000000000009 1.3350000000000002 0.34875 0.21500000000000002 0.36565000000000009 3.9550000000000005 0.20500000000000004 0.37974999999999998 0.29225000000000007
decision_type=2 2 2 2 2 2 2 2 2 2 2 2 2 2 2 2 2 2 2 2 2 2 2 2 2 2 2 2 2 2
left_child=4 3 5 13 14 12 16 15 -7 21 28 17 29 27 -1 19 26 -10 -13 -4 -14 -6 23 -8 -11 -16 -5 -2 -9 -3
right_child=1 2 7 6 9 8 22 10 11 24 -12 18 20 -15 25 -17 -18 -19 -20 -21 -22 -23 -24 -25 -26 -27 -28 -29 -30 -31
leaf_value=-0.001038897310124556 -0.007675358143385401 -0.0010669627282398426 -0.0041182275284267532 -0.0054060532137827355 0.007484941958314683 0.0040168862045722653 -0.0083599998484384409 -0.001165678947498756 -1.7771032311259808e-05 0.011744515567296753 -0.0028188344735361782 0.0035158759794836057 -0.0017212310551652844 -0.013093444319409238 0.0040065188385369687 0.00026278459032578197 -0.0016084378210459325 0.0023523623389112617 -0.0021305259466357761 -0.0064702293945438074 0.0040707869357184357 0.010375593136925796 -0.018411941003771675 -0.0055215966793364041 -0.0054421293056186515 0.0073048635331517155 -0.002990784163282047 -0.011503265669619629 0.0013563783807783081 0.0020197042604740206
leaf_weight=1003 3148 2567 8883 6311 4667 16554 7001 9632 11261 13120 13815 11916 15545 4104 5318 1155 7013 8220 799 8113 722 5304 161 5110 68 2700 7090 2298 3777 5705
leaf_count=1003 3148 2567 8883 6311 4667 16554 7001 9632 11261 13120 13815 11916 15545 4104 5318 1155 7013 8220 799 8113 722 5304 161 5110 68 2700 7090 2298 3777 5705
internal_value=-2.30214e-11 -0.00176302 -0.000194059 -0.00617109 0.00881511 0.0015117 -0.00478218 -0.00294917 0.00258102 0.0105221 -0.00165468 0.00184275 -0.000612654 -0.0109248 0.00443274 -0.00489073 -0.00326258 0.000982306 0.00316106 -0.00524095 -0.00146416 0.0090226 -0.00730998 -0.00716239 0.0116559 0.00511721 -0.00412822 -0.00929059 -0.000455275 0.00106184
internal_weight=193080 160900 118664 42236 32180 73289 32686 45375 48750 23159 27224 32196 24539 9550 9021 18151 20414 19481 12715 16996 16267 9971 12272 12111 13188 8018 13401 5446 13409 8272
internal_count=193080 160900 118664 42236 32180 73289 32686 45375 48750 23159 27224 32196 24539 9550 9021 18151 20414 19481 12715 16996 16267 9971 12272 12111 13188 8018 13401 5446 13409 8272
is_linear=0
shrinkage=0.1


Tree=12
num_leaves=31
num_cat=0
split_feature=0 1 0 1 1 0 1 1 1 0 0 2 2 3 1 0 1 3 3 2 3 2 3 0 3 2 3 0 2 1
split_gain=243.057 90.1918 40.8852 30.2289 19.7185 16.1879 7.02282 6.94886 4.39655 4.3929 3.89118 3.31554 3.06967 3.18294 3.02922 2.91798 2.82294 2.79313 2.57249 2.55155 2.4385 2.42625 2.36032 2.19831 2.19592 2.1308 2.09233 2.07226 1.9974 1.95747
threshold=1.5000000000000002 4.8250000000000011 4.5000000000000009 2.9150000000000005 5.3650000000000011 3.5000000000000004 5.9850000000000012 5.9850000000000012 4.4250000000000007 5.5000000000000009 2.5000000000000004 1.635 2.1800000000000002 0.38265000000000005 1.5950000000000004 5.5000000000000009 7.5150000000000006 0.32315000000000005 0.44865000000000005 0.28000000000000008 0.38815000000000005 4.205000000000001 0.36325000000000002 3.5000000000000004 0.40205000000000007 0.18500000000000003 0.40795000000000003 3.5000000000000004 0.18500000000000003 3.7850000000000006
decision_type=2 2 2 2 2 2 2 2 2 2 2 2 2 2 2 2 2 2 2 2 2 2 2 2 2 2 2 2 2 2
left_child=4 3 7 14 8 22 15 10 -1 17 -3 16 13 27 23 24 20 -7 -12 -19 -8 -14 29 28 -4 -6 -10 -9 -2 -5
right_child=1 2 6 5 25 9 11 12 26 -11 18 -13 21 -15 -16 -17 -18 19 -20 -21 -22 -23 -24 -25 -26 -27 -28 -29 -30 -31
leaf_value=0.0027018199360351334 0.022629720980630205 0.0023313544425405354 -0.0031521140873805235 -0.0046696480552283325 0.010176671767373215 -0.0057015314496874359 -0.001696199795379311 0.0030349228414105881 0.0056908340853120453 -0.0071260202480836607 -0.00032884550134119488 -0.0109267980439543 -0.018106228340326287 0.004679721649945877 -0.0084463796770311624 -0.0048842107131809873 0.0051931582745115487 -0.0032356240024058272 0.0036946000838167753 -0.023418109314072701 0.0009956631931422003 0.0011117385158724818 -9.6011185589067903e-05 -0.012495675127084657 0.00066847524927916933 0.0054032154343454973 0.010150277641808904 0.00096249222542319618 -0.0091892931848130324 -0.0017339232615694847
leaf_weight=5384 34 10781 8168 2858 18474 9323 13710 14915 6064 8568 19515 328 123 8127 5948 9667 758 10977 1730 63 4460 141 7099 3521 1844 985 1273 7132 47 11063
leaf_count=5384 34 10781 8168 2858 18474 9323 13710 14915 6064 8568 19515 328 123 8127 5948 9667 758 10977 1730 63 4460 141 7099 3521 1844 985 1273 7132 47 11063
internal_value=2.95003e-11 -0.00158672 0.00022692 -0.00467744 0.0079336 -0.00369189 -0.00231646 0.00181226 0.00487203 -0.00522636 0.000784006 -0.000958757 0.00289415 0.00298808 -0.00983234 -0.00364498 -0.000786022 -0.00442706 -1.21261e-06 -0.0033508 -0.00103546 -0.00784209 -0.00157992 -0.012121 -0.00244844 0.00993504 0.00646457 0.00236451 0.00416684 -0.00233663
internal_weight=193080 160900 101399 59501 32180 49951 38935 62464 12721 28931 32026 19256 30438 30174 9550 19679 18928 20363 21245 11040 18170 264 21020 3602 10012 19459 7337 22047 81 13921
internal_count=193080 160900 101399 59501 32180 49951 38935 62464 12721 28931 32026 19256 30438 30174 9550 19679 18928 20363 21245 11040 18170 264 21020 3602 10012 19459 7337 22047 81 13921
is_linear=0
shrinkage=0.1


Tree=13
num_leaves=31
num_cat=0
split_feature=0 1 0 0 1 1 1 1 0 3 0 1 0 0 3 1 3 3 3 1 3 3 3 1 2 1 2 3 2 2
split_gain=196.876 74.6636 36.6086 18.9479 16.0053 11.1856 10.5436 7.74061 3.63257 3.33281 3.11108 3.08298 2.98358 2.66866 2.485 2.44935 2.16721 2.01367 1.98542 1.94238 1.82303 1.72692 1.70122 1.66256 1.62555 1.59595 1.78069 1.62932 1.54797 1.53711
threshold=1.5000000000000002 4.4250000000000007 4.5000000000000009 3.5000000000000004 4.8650000000000011 5.5150000000000006 2.6050000000000004 5.4050000000000011 2.5000000000000004 0.4042 5.5000000000000009 6.285000000000001 5.5000000000000009 3.5000000000000004 0.33115000000000006 3.4950000000000006 0.37150000000000005 0.41195000000000009 0.35725000000000001 6.6550000000000011 0.51105000000000012 0.29980000000000001 0.37150000000000005 3.6750000000000003 2.0500000000000003 1.4150000000000003 1.2350000000000001 0.34745000000000004 0.19500000000000003 0.16500000000000004
decision_type=2 2 2 2 2 2 2 2 2 2 2 2 2 2 2 2 2 2 2 2 2 2 2 2 2 2 2 2 2 2
left_child=4 3 5 20 15 9 25 14 -7 13 18 17 -9 21 -4 -1 19 -6 29 -10 23 -3 -17 -2 -18 26 -5 -27 -13 -8
right_child=1 2 7 6 11 8 10 12 16 -11 -12 28 -14 -15 -16 22 24 -19 -20 -21 -22 -23 -24 -25 -26 27 -28 -29 -30 -31
leaf_value=-0.0012051889028470751 -0.0040099992896920405 -0.0012569617232646229 -0.0053943086282591196 -0.013409746304550088 0.0070136736261083733 0.0035203932540209294 -0.0030923840406841957 -0.00038521829537204789 0.00039751772419020992 0.0020291227775628574 -0.0073239364448902319 0.0099869499331130904 -0.0024025213081405928 -0.0022662871939993124 -0.002905029638741027 0.0030433213120729503 0.0030568874622522529 0.010337721213947085 -0.0030426146806513039 0.0025984079670662622 0.0045483922111889492 0.00083379784983784186 0.0062789152390135888 -0.0016626558307578296 -0.0071125470707193023 -0.01033663709122808 -0.0079209833228282914 -0.0065262871491899594 -0.0019435845857316799 -0.0062301586246107533
leaf_weight=1003 4277 6731 7967 1930 11750 14890 2027 14443 14317 5195 5964 9594 14890 7933 8075 5203 8929 2157 5180 5570 393 9564 2363 10245 160 2599 852 1975 110 6794
leaf_count=1003 4277 6731 7967 1930 11750 14890 2027 14443 14317 5195 5964 9594 14890 7933 8075 5203 8929 2157 5180 5570 393 9564 2363 10245 160 2599 852 1975 110 6794
internal_value=2.16505e-12 -0.00142805 -0.000142884 -0.00503877 0.00714024 0.00123916 -0.00660373 -0.00237514 0.00225095 -0.00026929 -0.0054113 0.00848376 -0.00140924 -0.000762119 -0.00414129 0.00343829 0.00159861 0.00752924 -0.00459658 0.00101395 -0.00217212 -2.98353e-05 0.00405386 -0.00235399 0.00287787 -0.00984011 -0.0117288 -0.00869137 0.00985171 -0.00550912
internal_weight=193080 160900 118664 42236 32180 73289 27321 45375 43866 29423 19965 23611 29333 24228 16042 8569 28976 13907 14001 19887 14915 16295 7566 14522 9089 7356 2782 4574 9704 8821
internal_count=193080 160900 118664 42236 32180 73289 27321 45375 43866 29423 19965 23611 29333 24228 16042 8569 28976 13907 14001 19887 14915 16295 7566 14522 9089 7356 2782 4574 9704 8821
is_linear=0
shrinkage=0.1


Tree=14
num_leaves=31
num_cat=0
split_feature=0 1 0 1 0 1 1 1 3 1 3 0 2 1 1 0 2 2 3 3 0 3 2 3 3 3 1 3 1 2
split_gain=159.469 60.8087 30.9202 13.3954 13.3191 11.4917 7.52424 6.88369 3.54581 3.22906 3.0936 2.84296 2.67626 2.28922 2.21179 2.16517 2.09864 2.04128 2.05825 1.98174 1.77416 1.74635 1.6853 1.6807 1.61557 1.56899 1.53299 1.44633 1.44233 1.43312
threshold=1.5000000000000002 4.2650000000000006 4.5000000000000009 5.3850000000000007 3.5000000000000004 5.2950000000000008 5.9850000000000012 2.4650000000000003 0.31845000000000007 4.0650000000000004 0.39095000000000008 2.5000000000000004 1.635 7.5150000000000006 6.5150000000000006 5.5000000000000009 2.1800000000000002 0.30500000000000005 0.35725000000000001 0.39005000000000006 3.5000000000000004 0.5011500000000001 0.16500000000000004 0.44010000000000005 0.23819999999999994 0.23104999999999992 2.1050000000000004 0.46440000000000009 6.8150000000000004 2.0500000000000003
decision_type=2 2 2 2 2 2 2 2 2 2 2 2 2 2 2 2 2 2 2 2 2 2 2 2 2 2 2 2 2 2
left_child=3 4 5 9 21 11 8 -6 -4 23 14 -3 13 19 20 27 25 18 -9 24 -7 -2 -5 26 -8 -16 -1 -10 -21 -12
right_child=1 2 6 22 7 10 12 17 15 -11 29 -13 -14 -15 16 -17 -18 -19 -20 28 -22 -23 -24 -25 -26 -27 -28 -29 -30 -31
leaf_value=-0.014676906796756076 -0.0024379240708547524 0.00077061858404324675 -0.0045732360817318492 0.0086267136289558954 -0.0089953698141988902 0.0015099450680386441 0.0010112952753920448 -0.0059406141665626945 -0.0016599388913615171 0.0048127735056643249 0.0034629983899897468 -0.0013706499336734515 -0.0096768957930624139 0.0048182857785580343 0.005425661751975985 -0.0035181045264219856 -0.020572540488762735 -0.01472982010092052 -0.0036137682141077149 -0.00012965504611177814 -0.00024970403915062833 0.0047309159891945974 0.0064448953539850244 0.0077694503076152126 -0.0018626746262871534 0.0021822282474621675 0.00063998549761543901 0.0026220922026967586 0.0038418538953414894 -0.0045430382680997517
leaf_weight=67 11668 9359 12157 14586 6831 17685 2357 10494 7687 9875 11551 18373 328 758 1751 7870 39 223 5961 3002 8476 350 4675 335 11496 10062 2642 879 1315 228
leaf_count=67 11668 9359 12157 14586 6831 17685 2357 10494 7687 9875 11551 18373 328 758 1751 7870 39 223 5961 3002 8476 350 4675 335 11496 10062 2642 879 1315 228
internal_value=-3.65964e-11 -0.00128524 -0.000250381 0.00642621 -0.00493722 0.000983399 -0.00224933 -0.0063216 -0.00327841 0.00393501 0.00189203 -0.000648014 -0.000721263 -0.000566072 0.00145325 -0.00232067 0.00258653 -0.00522648 -0.00509769 -0.000790692 0.00093983 -0.00222915 0.00809715 0.00108747 -0.00137369 0.00266299 0.000261162 -0.00122054 0.00108011 0.00330803
internal_weight=193080 160900 125373 32180 35527 77524 47849 23509 28593 12919 49792 27732 19256 18928 38013 16436 11852 16678 16455 18170 26161 12018 19261 3044 13853 11813 2709 8566 4317 11779
internal_count=193080 160900 125373 32180 35527 77524 47849 23509 28593 12919 49792 27732 19256 18928 38013 16436 11852 16678 16455 18170 26161 12018 19261 3044 13853 11813 2709 8566 4317 11779
is_linear=0
shrinkage=0.1


Tree=15
num_leaves=31
num_cat=0
split_feature=0 1 0 0 1 1 1 0 1 2 3 2 3 3 3 3 3 2 2 3 1 2 2 1 2 1 3 1 0 0
split_gain=129.17 49.8758 21.0506 18.0081 10.9243 8.7489 5.7091 3.36544 2.91541 2.78166 2.37613 2.11421 2.7031 2.09309 2.07605 2.00419 2.00357 1.97428 1.96068 2.04335 1.90179 2.04637 1.82984 1.74494 1.70755 1.65721 2.05295 1.57658 1.43788 1.42967
threshold=1.5000000000000002 5.1350000000000007 4.5000000000000009 4.5000000000000009 4.7650000000000006 3.8750000000000004 4.035000000000001 3.5000000000000004 6.3450000000000006 0.17500000000000002 0.44010000000000005 0.29500000000000004 0.43405000000000005 0.32815000000000005 0.39095000000000008 0.31590000000000001 0.5011500000000001 0.21500000000000002 1.635 0.42890000000000006 7.6850000000000014 0.15500000000000003 0.14500000000000005 3.4450000000000007 1.9000000000000001 6.9750000000000005 0.36854999999999999 5.785000000000001 2.5000000000000004 5.5000000000000009
decision_type=2 2 2 2 2 2 2 2 2 2 2 2 2 2 2 2 2 2 2 2 2 2 2 2 2 2 2 2 2 2
left_child=4 2 6 7 10 17 11 14 15 25 23 12 -2 -8 27 -5 29 -4 19 20 -10 -22 -18 -1 -19 26 -6 -3 -15 -7
right_child=1 3 5 8 9 16 13 -9 18 -11 -12 -13 -14 28 -16 -17 22 24 -20 -21 21 -23 -24 -25 -26 -27 -28 -29 -30 -31
leaf_value=-0.0024556844480007698 -0.0036810842842300382 0.00063414740066405179 -0.0063706629624797565 -0.0032760771706971583 0.006189230488349416 -0.0031355568512398736 -0.0017468359291344636 0.00043871994320978281 -0.00074181861534428908 0.0042809946408767108 0.0077242646050059566 -0.013833554501019458 0.00083868902242537676 0.0013345681898979608 0.0034759551509268775 -0.001278929297451802 0.022773205572739246 -0.009740523644151889 -0.0079812345332598688 0.0032267464385271776 0.0022010700274122893 0.019300321299344936 0.00056039017583069724 0.0025176564679137959 -0.00098293647991822062 0.0095784835366690968 0.0084719763355586616 0.0022304385544626641 -0.00073267880328605904 -0.0049042341854724841
leaf_weight=795 12013 9245 7856 8556 12129 9903 13600 17609 10767 3639 795 189 1487 5078 8641 12175 40 3450 316 1695 274 94 509 6265 238 2722 5835 18706 9972 8487
leaf_count=795 12013 9245 7856 8556 12129 9903 13600 17609 10767 3639 795 189 1487 5078 8641 12175 40 3450 316 1695 274 94 509 6265 238 2722 5835 18706 9972 8487
internal_value=-1.33615e-11 -0.00115672 -0.003093 0.000444183 0.00578359 -0.00509675 -0.00165036 0.00157463 -0.00136446 0.0068306 0.00254127 -0.00333029 -0.00318324 -0.00084769 0.00212126 -0.00210318 -0.00377409 -0.00726669 -0.000199496 -7.83339e-06 -0.00050021 0.00656881 0.00217881 0.00195763 -0.00917536 0.00727912 0.0069307 0.00170245 -3.51718e-05 -0.0039518
internal_weight=193080 160900 72822 88078 32180 30483 42339 54201 33877 24325 7855 13689 13500 28650 36592 20731 18939 11544 13146 12830 11135 368 549 7060 3688 20686 17964 27951 15050 18390
internal_count=193080 160900 72822 88078 32180 30483 42339 54201 33877 24325 7855 13689 13500 28650 36592 20731 18939 11544 13146 12830 11135 368 549 7060 3688 20686 17964 27951 15050 18390
is_linear=0
shrinkage=0.1


Tree=16
num_leaves=31
num_cat=0
split_feature=0 1 0 1 1 0 1 1 0 0 1 3 0 0 3 2 3 1 2 3 3 3 2 1 3 1 2 2 3 1
split_gain=104.628 40.6203 18.5937 12.4749 9.15355 5.81709 4.36694 3.91455 2.53851 2.38752 2.21272 2.20365 2.10711 2.03875 1.59912 1.53779 1.64808 1.58184 1.65756 1.48633 1.57653 1.42318 1.33353 1.33192 1.32252 1.21861 1.21754 1.21477 1.20305 1.19486
threshold=1.5000000000000002 4.6450000000000005 4.5000000000000009 3.2550000000000003 5.3850000000000007 3.5000000000000004 5.6450000000000005 6.2550000000000008 5.5000000000000009 5.5000000000000009 4.1450000000000005 0.34875 2.5000000000000004 2.5000000000000004 0.35505000000000003 1.635 0.42890000000000006 7.6850000000000014 0.15500000000000003 0.29980000000000001 0.10100000000000002 0.48160000000000008 1.4950000000000003 7.8850000000000007 0.31590000000000001 2.3050000000000002 0.18500000000000003 1.9000000000000001 0.37974999999999998 3.9550000000000005
decision_type=2 2 2 2 2 2 2 2 2 2 2 2 2 2 2 2 2 2 2 2 2 2 2 2 2 2 2 2 2 2
left_child=4 3 6 8 10 19 13 9 -2 -4 25 29 -8 -3 -14 16 17 -9 23 20 -5 -15 -13 -19 -11 -1 -6 -10 -12 -7
right_child=1 2 7 5 26 11 12 15 27 24 28 22 14 21 -16 -17 -18 18 -20 -21 -22 -23 -24 -25 -26 -27 -28 -29 -30 -31
leaf_value=-0.009221892734676336 -0.0050393654342364147 0.0013214787824114213 -0.0013882466834680121 0.00098901242536768622 0.0067679929518686226 -0.0056977469036301413 0.0027534321664061208 -0.00074335972355968891 -0.0083560595063220718 -0.0044360793453997113 0.0032472646168889953 -0.0022759876634284538 0.00060049701445369461 -0.00071453226354058457 0.0021862334991007907 -0.0071831111032869439 0.0026317361281806635 0.0076046640973493271 0.017370289659246484 -0.00043050736392428399 -0.003184520395277831 0.0036619987103853145 -0.015160910840387698 -0.006662874544660251 -0.0024178148503873238 0.0013352841436211323 0.0031036341711253991 0.0010407925770342561 0.0057786041321351714 -0.0037011328157120307
leaf_weight=113 7117 9041 13773 1117 18307 4467 13702 12092 4411 5599 6846 9606 16094 16989 10514 316 1877 166 94 11208 4771 777 81 108 7728 3373 954 142 2587 9110
leaf_count=113 7117 9041 13773 1117 18307 4467 13702 12092 4411 5599 6846 9606 16094 16989 10514 316 1877 166 94 11208 4771 777 81 108 7728 3373 954 142 2587 9110
internal_value=2.74532e-12 -0.00104105 5.73679e-05 -0.00333942 0.00520523 -0.00250679 0.00108812 -0.00159955 -0.00621902 -0.00231154 0.0031459 -0.00353595 0.00174592 9.89918e-05 0.00122709 -0.000282755 -0.000130665 -0.000546799 0.00591193 -0.00110633 -0.00239277 -0.000523124 -0.00238373 0.00198096 -0.00326574 0.000993069 0.0065865 -0.00806299 0.00394148 -0.00435804
internal_weight=193080 160900 108870 52030 32180 40360 67117 41753 11670 27100 12919 23264 40310 26807 26608 14653 14337 12460 368 17096 5888 17766 9687 274 13327 3486 19261 4553 9433 13577
internal_count=193080 160900 108870 52030 32180 40360 67117 41753 11670 27100 12919 23264 40310 26807 26608 14653 14337 12460 368 17096 5888 17766 9687 274 13327 3486 19261 4553 9433 13577
is_linear=0
shrinkage=0.1


Tree=17
num_leaves=31
num_cat=0
split_feature=0 1 0 0 1 1 0 1 2 1 1 3 3 3 2 3 0 3 3 2 2 3 0 3 3 2 1 2 2 1
split_gain=84.7486 33.4278 14.4592 11.8629 7.50722 5.70878 4.57741 3.88126 2.25614 2.23469 2.226 1.99309 1.97052 1.8295 1.69795 1.61528 1.61431 1.58989 1.55529 1.47711 1.4733 1.36233 1.35113 1.47938 1.31069 1.30339 1.29297 1.22945 1.14563 1.10326
threshold=1.5000000000000002 5.1350000000000007 4.5000000000000009 3.5000000000000004 5.6050000000000013 3.8750000000000004 5.5000000000000009 3.4950000000000006 0.17500000000000002 4.4250000000000007 6.3850000000000007 0.45275000000000004 0.34745000000000004 0.36495000000000005 1.635 0.40795000000000003 2.5000000000000004 0.5011500000000001 0.34215000000000007 0.14500000000000005 0.21500000000000002 0.16025000000000003 3.5000000000000004 0.29145000000000004 0.62605000000000011 2.1800000000000002 6.5950000000000006 1.9000000000000001 0.16500000000000004 7.5150000000000006
decision_type=2 2 2 2 2 2 2 2 2 2 2 2 2 2 2 2 2 2 2 2 2 2 2 2 2 2 2 2 2 2
left_child=4 2 7 15 9 20 10 18 11 -1 12 16 21 -11 29 25 -9 -7 -2 -19 -4 -5 23 -10 -24 26 -3 -22 -6 -12
right_child=1 3 5 6 28 17 -8 8 22 13 14 -13 -14 -15 -16 -17 -18 19 -20 -21 27 -23 24 -25 -26 -27 -28 -29 -30 -31
leaf_value=0.0014153913612458713 -0.0051926592735644737 0.0010772146606125752 -0.0051615901487035865 0.0014058229305112784 0.0065363241807795229 -0.0032726712205438779 -0.0019428574485827411 0.00079837021818073635 -0.0028977970574547616 0.002980269525235273 0.0010511723963118967 0.0032966670919327788 0.00055035505951177407 0.0059096505402552214 -0.0073967892798599199 0.0031698882841258778 -0.0011770437041587806 0.020691782776266338 -0.0019023805850543166 0.00073440878657525326 -0.0080640048149920856 -0.0017510592531401377 -0.0029900010852352862 -0.00040711701106465161 -0.022980865520058257 -0.019750542713907259 0.0025867203272852066 -0.000632900486801978 0.0045567892707990623 0.0050258011607232922
leaf_weight=5384 3223 22387 7856 1560 13497 18390 17082 6231 3461 6360 11387 1483 9435 3207 229 6575 12309 40 2592 509 3450 11049 5338 7669 33 29 7601 238 3732 744
leaf_count=5384 3223 22387 7856 1560 13497 18390 17082 6231 3461 6360 11387 1483 9435 3207 229 6575 12309 40 2592 509 3450 11049 5338 7669 33 29 7601 238 3732 744
internal_value=-3.27233e-11 -0.000936942 -0.00252212 0.000373668 0.00468471 -0.00418279 -0.00060472 -0.00132648 -0.00094445 0.0030451 5.96809e-05 -0.000230966 -0.000542632 0.00396224 0.0011339 0.00175029 -0.000513138 -0.00311436 -0.00372604 0.0021885 -0.00593563 -0.00136049 -0.00181022 -0.00118162 -0.00311283 0.00143933 0.00145983 -0.00758445 0.00610753 0.00129494
internal_weight=193080 160900 72822 88078 32180 30483 51486 42339 36524 14951 34404 20023 22044 9567 12360 36592 18540 18939 5815 549 11544 12609 16501 11130 5371 30017 29988 3688 17229 12131
internal_count=193080 160900 72822 88078 32180 30483 51486 42339 36524 14951 34404 20023 22044 9567 12360 36592 18540 18939 5815 549 11544 12609 16501 11130 5371 30017 29988 3688 17229 12131
is_linear=0
shrinkage=0.1


Tree=18
num_leaves=31
num_cat=0
split_feature=0 1 0 0 1 1 1 0 1 3 3 1 0 3 2 0 3 3 2 3 2 1 3 0 2 2 1 3 3 3
split_gain=68.6464 27.3915 13.0842 7.49452 6.08085 5.01133 3.17653 2.91253 2.87348 2.77528 1.84872 2.13878 1.6962 1.64255 1.54947 1.5278 1.52292 1.50553 1.38655 1.30967 1.2601 1.21386 1.09914 1.09284 1.07194 1.46717 1.07515 1.07004 1.21703 1.05844
threshold=1.5000000000000002 4.4250000000000007 3.5000000000000004 5.5000000000000009 5.6050000000000013 5.6450000000000005 2.4650000000000003 5.5000000000000009 5.785000000000001 0.46015 0.36565000000000009 2.9150000000000005 5.5000000000000009 0.28605000000000008 1.635 3.5000000000000004 0.12600000000000003 0.38265000000000005 0.15500000000000003 0.19520000000000001 0.16500000000000004 3.4450000000000007 0.5011500000000001 3.5000000000000004 2.0500000000000003 4.7450000000000001 7.1050000000000013 0.30565000000000003 0.21630000000000002 0.32010000000000005
decision_type=2 2 2 2 2 2 2 2 2 2 2 2 2 2 2 2 2 2 2 2 2 2 2 2 2 2 2 2 2 2
left_child=4 3 8 6 10 9 18 14 13 12 11 20 -4 16 17 22 -3 19 23 -7 -1 -5 -8 -2 26 -26 -6 28 -10 -17
right_child=1 2 5 21 24 7 15 -9 27 -11 -12 -13 -14 -15 -16 29 -18 -19 -20 -21 -22 -23 -24 -25 25 -27 -28 -29 -30 -31
leaf_value=0.015075021852617679 0.024374867013345163 0.0017223601456085381 -0.0016367853934647202 -0.0065728700929619608 0.0052634613704714596 0.0024289013972138146 -0.0013601407816009408 -0.0014164789451428584 0.0029082260679363409 0.0017005763656459283 0.0043048520753312617 0.002184941024763634 -0.0032941687118544782 0.00093238955884286125 -0.0075869000622044054 -0.0036405237272868485 -0.0016986220691071864 0.0017847222199194744 -0.0053560713829406466 -0.00025592661550695271 -0.0094988502330250208 -0.0043354472485021417 0.003943578723762462 0.00078383518977918551 -0.017591491474045647 0.013024851866066457 0.0077581060436980017 0.0024223021725225911 0.00027146590951912888 -0.0019090164762204963
leaf_weight=23 24 1718 19802 4918 15211 2041 13954 12892 2465 1998 5019 9684 8973 17748 239 6307 5365 6727 3721 16547 225 4783 402 108 45 24 1949 16110 6039 8019
leaf_count=23 24 1718 19802 4918 15211 2041 13954 12892 2465 1998 5019 9684 8973 17748 239 6307 5365 6727 3721 16547 225 4783 402 108 45 24 1949 16110 6039 8019
internal_value=-1.1796e-12 -0.000843248 -6.48315e-05 -0.00303024 0.00421624 -0.000952319 -0.00230286 -0.000191076 0.00117758 -0.00190337 0.00274059 0.00195011 -0.00215361 0.000418588 0.00042714 -0.0019407 -0.000868854 0.000502801 -0.00499878 3.88729e-05 -0.00721982 -0.00546973 -0.00121162 0.00507311 0.00549678 -0.00694233 0.0055468 0.00194326 0.00103577 -0.00267131
internal_weight=193080 160900 118664 42236 32180 69219 32535 38446 49445 30773 14951 9932 28775 24831 25554 28682 7083 25315 3853 18588 248 9701 14356 132 17229 69 17160 24614 8504 14326
internal_count=193080 160900 118664 42236 32180 69219 32535 38446 49445 30773 14951 9932 28775 24831 25554 28682 7083 25315 3853 18588 248 9701 14356 132 17229 69 17160 24614 8504 14326
is_linear=0
shrinkage=0.1


Tree=19
num_leaves=31
num_cat=0
split_feature=0 1 0 0 1 1 0 3 3 3 0 2 1 2 2 3 3 2 3 3 1 2 3 1 3 1 1 2 0 2
split_gain=55.6036 22.6375 10.8941 7.24632 5.76839 5.27554 2.03215 1.88751 1.80997 1.67949 1.64185 1.58797 1.4981 1.70244 1.52781 1.42553 1.33077 1.29603 1.22119 1.18663 1.18334 1.47325 1.13261 1.12499 1.07416 1.03921 1.00184 0.987971 0.908477 0.907072
threshold=1.5000000000000002 5.2950000000000008 3.5000000000000004 4.5000000000000009 3.2550000000000003 4.7650000000000006 5.5000000000000009 0.45755000000000007 0.29980000000000001 0.44010000000000005 5.5000000000000009 0.17500000000000002 6.5150000000000006 0.19500000000000003 5.9750000000000005 0.10100000000000002 0.33185000000000003 0.23500000000000001 0.40205000000000007 0.16740000000000002 1.4150000000000003 1.2350000000000001 0.45755000000000007 4.5250000000000012 0.34745000000000004 7.5150000000000006 6.9750000000000005 0.19500000000000003 3.5000000000000004 0.17500000000000002
decision_type=2 2 2 2 2 2 2 2 2 2 2 2 2 2 2 2 2 2 2 2 2 2 2 2 2 2 2 2 2 2
left_child=5 2 8 12 20 9 7 -6 15 17 18 22 16 -14 -15 -2 19 -1 25 -3 21 29 26 -10 -22 -5 -7 -20 -21 -4
right_child=1 3 4 10 6 11 -8 -9 23 -11 -12 -13 13 14 -16 -17 -18 -19 27 28 24 -23 -24 -25 -26 -27 -28 -29 -30 -31
leaf_value=0.0011958202062667359 0.0008685228260450358 0.0021665706151302844 -0.0032988167938387751 -0.00062499729711184627 -0.0020987427627780979 0.0043714618753610823 -0.0034402461179663352 0.0011322978294430873 -0.0006053108192081492 0.0058989113090126399 -0.0014893686197990639 0.0025958230394325429 0.0021043665477171298 -0.0079035921141260516 0.014283744565078192 -0.0021014893649422797 0.0014045618276507434 -0.011604984409641476 0.0021821173940024413 0.00034763326672403736 -0.0054552780980408437 -0.0033397686788528072 0.0074430563850678691 0.00089367502609164471 -0.0029443039011882235 0.0053823092327279567 0.0065371613927489641 -0.0057970961305971562 -0.0013718613967601291 -0.0092659927996636901
leaf_weight=6980 1993 2474 302 12080 25674 16666 11773 1945 10999 795 15854 3639 15800 274 35 8545 17169 80 2884 9498 3912 852 1570 9190 3018 295 2450 164 4542 1628
leaf_count=6980 1993 2474 302 12080 25674 16666 11773 1945 10999 795 15854 3639 15800 274 35 8545 17169 80 2884 9498 3912 852 1570 9190 3018 295 2450 164 4542 1628
internal_value=-1.30305e-11 -0.000758923 -0.00195423 0.000418126 -0.00287831 0.00379461 -0.00234014 -0.0018712 -0.000477469 0.00154145 -0.000774759 0.0045222 0.00116744 0.0019606 -0.00539046 -0.00153979 0.000788108 0.00105077 -4.01792e-05 0.000147204 -0.00506113 -0.00680329 0.00486109 7.70251e-05 -0.00436175 -0.000481793 0.00464903 0.00175279 -0.000208631 -0.00833227
internal_weight=193080 160900 79831 81069 49104 32180 39392 27619 30727 7855 31277 24325 49792 16109 309 10538 33683 7060 15423 16514 9712 2782 20686 20189 6930 12375 19116 3048 14040 1930
internal_count=193080 160900 79831 81069 49104 32180 39392 27619 30727 7855 31277 24325 49792 16109 309 10538 33683 7060 15423 16514 9712 2782 20686 20189 6930 12375 19116 3048 14040 1930
is_linear=0
shrinkage=0.1


Tree=20
num_leaves=31
num_cat=0
split_feature=0 1 0 1 1 0 1 2 0 3 2 3 2 3 3 3 0 1 3 2 3 1 1 3 3 2 1 3 3 2
split_gain=46.1241 16.1246 9.7268 5.89485 4.27919 3.8408 3.47751 2.36644 2.23427 2.2065 1.76319 1.61375 1.70894 1.50694 1.39056 1.37521 1.27033 1.04593 1.0045 1.0047 0.995949 1.33388 0.94784 0.937425 0.911939 0.909101 0.900465 0.923494 1.47093 0.909751
threshold=2.5000000000000004 3.9550000000000005 1.5000000000000002 5.2950000000000008 4.5450000000000008 5.5000000000000009 4.705000000000001 0.21500000000000002 5.5000000000000009 0.29735000000000006 0.17500000000000002 0.35505000000000003 0.18500000000000003 0.48160000000000008 0.40795000000000003 0.44010000000000005 5.5000000000000009 2.1050000000000004 0.29825000000000007 0.17500000000000002 0.36565000000000009 6.9750000000000005 6.3350000000000009 0.35575000000000007 0.36325000000000002 1.635 6.8150000000000004 0.31915000000000004 0.23655000000000001 0.16500000000000004
decision_type=2 2 2 2 2 2 2 2 2 2 2 2 2 2 2 2 2 2 2 2 2 2 2 2 2 2 2 2 2 2
left_child=2 7 4 8 15 11 24 9 13 -2 20 22 23 -3 -8 17 18 -1 19 -11 21 -6 -5 -13 -4 -24 27 28 -7 -28
right_child=1 3 6 5 10 26 14 -9 -10 16 -12 12 -14 -15 -16 -17 -18 -19 -20 -21 -22 -23 25 -25 -26 -27 29 -29 -30 -31
leaf_value=-0.01184654264891548 -0.0046676957329263571 -0.0012606735281316609 -0.0012806303244545045 -0.0004868933224405265 0.0034996048019272676 -0.00034916814603988674 0.001284722507032703 -0.0056000162075642602 -0.002845375611950507 -0.00055058479471051182 0.0021142217157114028 0.0087243377046402667 -0.0023350178583149014 0.0019607402160794376 0.0033539471792564078 0.0054410595675697193 -0.0039857768532076841 0.0007227383296911006 -0.0016235867453249968 0.030095424503087997 0.0052873623217034454 0.0064656293759311452 0.00072650460870542341 0.0013484009574528497 0.00074062753658133708 -0.014190060347205075 0.00088785166302934686 -0.00097605800358084105 -0.0038439831349651246 -0.0040412733459486332
leaf_weight=67 5582 32515 6588 17313 12529 1794 18266 4731 9583 23 4224 174 1300 1520 3950 647 2926 5571 7655 20 7417 1725 11778 17705 3376 41 2652 7308 3664 436
leaf_count=67 5582 32515 6588 17313 12529 1794 18266 4731 9583 23 4224 174 1300 1520 3950 647 2926 5571 7655 20 7417 1725 11778 17705 3376 41 2652 7308 3664 436
internal_value=6.04057e-13 -0.0010929 0.0021858 -0.000599608 0.00341515 1.01323e-05 0.000956445 -0.00363235 -0.00149658 -0.00305793 0.00398326 0.000453341 0.00116565 -0.00111681 0.00165263 0.00107447 -0.00221213 0.000573369 -0.00153797 0.0137034 0.00434757 0.00385855 -1.5605e-05 0.00142018 -0.000595788 0.000674759 -0.00134043 -0.00171109 -0.00269527 0.0001919
internal_weight=193080 128720 64360 107783 32180 64165 32180 20937 43618 16206 25895 48311 19179 34035 22216 6285 10624 5638 7698 43 21671 14254 29132 17879 9964 11819 15854 12766 5458 3088
internal_count=193080 128720 64360 107783 32180 64165 32180 20937 43618 16206 25895 48311 19179 34035 22216 6285 10624 5638 7698 43 21671 14254 29132 17879 9964 11819 15854 12766 5458 3088
is_linear=0
shrinkage=0.1


Tree=21
num_leaves=31
num_cat=0
split_feature=0 1 0 1 1 0 1 2 0 3 3 1 3 2 1 2 0 2 3 2 2 2 3 2 1 2 3 3 3 1
split_gain=37.3605 13.0609 7.87871 4.77483 3.57033 3.11105 2.81678 1.94142 1.91225 1.43763 1.39163 1.18682 1.12635 1.12138 1.02192 1.47444 0.901513 0.88894 1.1354 0.992185 0.863159 0.844963 0.829137 0.993067 0.819445 0.815957 0.896656 1.47128 0.824194 0.893268
threshold=2.5000000000000004 3.9550000000000005 1.5000000000000002 5.2950000000000008 5.3850000000000007 5.5000000000000009 4.705000000000001 0.18500000000000003 4.5000000000000009 0.31525000000000009 0.39095000000000008 3.9250000000000003 0.40795000000000003 2.0500000000000003 1.5950000000000004 1.5300000000000002 5.5000000000000009 1.3150000000000002 0.34745000000000004 1.9000000000000001 5.9750000000000005 0.16500000000000004 0.28055000000000002 1.4950000000000003 6.2950000000000008 0.16500000000000004 0.23104999999999992 0.3695 0.37015000000000003 6.8150000000000004
decision_type=2 2 2 2 2 2 2 2 2 2 2 2 2 2 2 2 2 2 2 2 2 2 2 2 2 2 2 2 2 2
left_child=2 7 4 8 11 10 -4 9 21 -2 24 -1 -8 -12 15 -9 -11 18 -16 -19 -15 -3 -10 -24 -5 26 -7 -28 -29 -30
right_child=1 3 6 5 -6 25 12 14 22 16 13 -13 -14 20 17 -17 -18 19 -20 -21 -22 -23 23 -25 -26 -27 27 28 29 -31
leaf_value=-0.00023514692523780506 -0.0036489225959489275 9.92168413532556e-05 -0.00053620943972707339 -0.0002971578761348701 0.0039362912419310418 0.0015335871662186869 0.0011562503386094555 -0.0064347475046146255 -0.003103255231672505 -0.00042126609838595997 0.0015241226698558021 0.0022416888080908082 0.003018552516115523 -0.0072310360398514448 -0.0043366952269084233 0.0010948812171252193 -0.0032670672562466387 -0.011242688149855816 -0.0018555298793585633 -0.0016314829283527765 0.010058538412505931 -0.0011687166360888428 -0.0016335788740502073 -0.021991183174153172 0.00065605070416865972 -0.0023840494017342774 -0.0020255771138302215 0.015131568511653887 -0.00057730721464322203 0.0030207617394222095
leaf_weight=2369 4162 8146 9964 21158 19261 1475 18266 2771 5450 4086 11170 10550 3950 231 4515 287 1530 301 3118 167 33 14814 15184 24 15719 4291 6386 38 2742 922
leaf_count=2369 4162 8146 9964 21158 19261 1475 18266 2771 5450 4086 11170 10550 3950 231 4515 287 1530 301 3118 167 33 14814 15184 24 15719 4291 6386 38 2742 922
internal_value=-5.05338e-12 -0.00098361 0.00196722 -0.000539647 0.00307364 9.11903e-06 0.000860801 -0.00326911 -0.00134692 -0.00224041 0.000408007 0.0017875 0.00148737 0.00137187 -0.00417051 -0.00572808 -0.00119656 -0.00358255 -0.00332317 -0.00781305 -0.00506984 -0.000718865 -0.00204496 -0.00166571 0.000109152 -0.00120639 -0.000769362 -0.00110608 0.000480056 0.000328102
internal_weight=193080 128720 64360 107783 32180 64165 32180 20937 43618 9778 48311 12919 22216 11434 11159 3058 5616 8101 7633 468 264 22960 20658 15208 36877 15854 11563 10088 3702 3664
internal_count=193080 128720 64360 107783 32180 64165 32180 20937 43618 9778 48311 12919 22216 11434 11159 3058 5616 8101 7633 468 264 22960 20658 15208 36877 15854 11563 10088 3702 3664
is_linear=0
shrinkage=0.1


Tree=22
num_leaves=31
num_cat=0
split_feature=0 1 0 1 2 0 1 1 0 2 3 3 2 3 2 3 3 3 3 2 0 1 3 2 1 1 1 1 3 1
split_gain=30.262 10.5962 6.38175 4.10715 3.22426 2.51995 2.28159 2.2138 1.57602 1.53322 1.38414 1.21385 1.31469 1.12894 1.28138 0.933555 0.912347 0.888984 0.881976 1.1321 0.844724 0.879992 1.0456 0.812284 0.810939 1.10058 0.777046 0.82438 0.762801 0.751889
threshold=2.5000000000000004 3.8750000000000004 1.5000000000000002 5.2950000000000008 0.16500000000000004 5.5000000000000009 4.705000000000001 2.1050000000000004 5.5000000000000009 0.18500000000000003 0.48160000000000008 0.27595000000000008 0.21500000000000002 0.35505000000000003 0.18500000000000003 0.45475000000000004 0.40795000000000003 0.31525000000000009 1.0000000180025095e-35 0.15500000000000003 3.5000000000000004 5.2750000000000012 0.34215000000000007 0.17500000000000002 7.5150000000000006 7.5450000000000008 2.1050000000000004 3.0450000000000004 0.44010000000000005 3.6750000000000003
decision_type=2 2 2 2 2 2 2 2 2 2 2 2 2 2 2 2 2 2 2 2 2 2 2 2 2 2 2 2 2 2
left_child=2 9 4 8 15 13 23 -6 10 17 20 -9 -13 18 24 29 -8 -2 19 -5 -3 -22 -23 26 -15 -26 -4 -28 -27 -1
right_child=1 3 6 5 7 -7 16 11 -10 -11 -12 12 -14 14 -16 -17 -18 -19 -20 -21 21 22 -24 -25 25 28 27 -29 -30 -31
leaf_value=-0.002093845338946799 -0.0032624653088246464 -0.00036770253227523292 0.019684959912583941 0.0040133112720564757 -0.016988515749108046 -0.0010857498034284082 0.0010406252655390292 -7.2522593326698612e-05 -0.0023445696856640545 -0.0038717763932169763 0.0019818126485674713 0.0024144796442313182 -0.0036755024570637668 0.0010695096426755145 -0.0020682925251088681 0.0060031424843762443 0.0027166973114178716 -0.0011967387087071909 -0.00018569890152174418 -0.00043680117175462973 -0.0013372968632117922 -0.011830040262595338 -0.00099037789118786653 -0.0013182080128961227 0.017630940287434047 0.0058851838797313455 -0.0071227034672777705 0.00064424520737219612 -0.0036371923950419094 0.0034739406761068272
leaf_weight=246 3602 11689 21 1181 64 15854 18266 3104 9974 10502 1569 9649 368 17382 1300 1490 3950 4941 26843 1108 21922 176 180 5367 62 321 141 4435 114 17259
leaf_count=246 3602 11689 21 1181 64 15854 18266 3104 9974 10502 1569 9649 368 17382 1300 1490 3950 4941 26843 1108 21922 176 180 5367 62 321 141 4435 114 17259
internal_value=-4.29547e-12 -0.000885249 0.0017705 -0.000507165 0.00276627 8.20713e-06 0.00077472 0.00156484 -0.00123379 -0.00306253 -0.000922028 0.00165533 0.00219075 0.000367206 0.000962983 0.00360023 0.00133863 -0.00206771 -2.5023e-05 0.00185922 -0.00105616 -0.00141739 -0.00634931 -0.000482589 0.00118339 0.00516624 0.000492998 0.000404923 0.00338966 0.0033957
internal_weight=193080 128720 64360 109675 32180 64165 32180 13185 45510 19045 35536 13121 10017 48311 19179 18995 22216 8543 29132 2289 33967 22278 356 9964 17879 497 4597 4576 435 17505
internal_count=193080 128720 64360 109675 32180 64165 32180 13185 45510 19045 35536 13121 10017 48311 19179 18995 22216 8543 29132 2289 33967 22278 356 9964 17879 497 4597 4576 435 17505
is_linear=0
shrinkage=0.1


Tree=23
num_leaves=31
num_cat=0
split_feature=0 1 1 1 0 0 3 2 2 2 3 1 2 1 1 2 3 3 2 3 3 1 0 0 3 2 1 2 1 1
split_gain=24.5122 8.6133 5.2151 3.3927 2.3768 2.34394 2.12754 1.66937 1.54214 1.41471 1.3897 1.37728 1.38593 1.52062 1.36654 1.33412 1.32859 1.31867 1.12398 1.05338 1.01572 1.2348 1.00277 0.998628 1.08368 1.18615 1.06943 0.957294 0.937043 0.876495
threshold=2.5000000000000004 3.9550000000000005 5.6850000000000014 5.9850000000000012 4.5000000000000009 1.5000000000000002 0.36325000000000002 1.635 5.9750000000000005 0.21500000000000002 0.33644999999999997 7.6850000000000014 0.15500000000000003 7.8850000000000007 4.1050000000000013 0.16500000000000004 0.31590000000000001 0.44690000000000002 2.7800000000000002 0.5011500000000001 1.0000000180025095e-35 6.785000000000001 1.5000000000000002 5.5000000000000009 0.28455000000000003 0.12500000000000003 6.955000000000001 1.4950000000000003 7.5450000000000008 7.6250000000000009
decision_type=2 2 2 2 2 2 2 2 2 2 2 2 2 2 2 2 2 2 2 2 2 2 2 2 2 2 2 2 2 2
left_child=2 9 6 4 15 -4 14 11 18 10 -2 17 13 -13 -1 19 -6 20 -9 -3 21 -5 -16 24 -22 26 -26 -18 -28 -25
right_child=1 3 5 7 16 -7 -8 8 -10 -11 -12 12 -14 -15 22 -17 27 -19 -20 -21 23 -23 -24 29 25 -27 28 -29 -30 -31
leaf_value=-0.0012285727367941297 -0.0030741890770341479 0.00025145153663905538 0.0033605854869423143 0.00089014242301535963 -0.0022397617366504744 0.0015786663880991384 0.0018433862956098357 -0.019512148199248174 0.012493548999455843 -0.0041741142060074295 -0.0012179216624595077 0.0059970799414911357 0.011910315228650641 -0.0040644839557064773 0.001424417680226817 -0.00084047121100952948 -0.00091780455066394059 0.0021444559131863889 -0.0051417538415407769 0.0052305799187001194 -0.00089667264762278455 0.0069722813692108272 -9.4976883530520698e-05 -0.00091620325087783054 -0.0039590348828396175 0.00089334783112868807 0.0029502469274306008 -0.019760631342177037 -0.016239673402850274 -0.016775355935096742
leaf_weight=5230 8649 15337 16461 1301 13462 13384 11833 63 44 4731 7557 396 190 242 8146 20008 19190 3485 400 437 5829 449 9306 8074 982 17363 442 27 27 35
leaf_count=5230 8649 15337 16461 1301 13462 13384 11833 63 44 4731 7557 396 190 242 8146 20008 19190 3485 400 437 5829 449 9306 8074 982 17363 442 27 27 35
internal_value=-1.61793e-11 -0.000796724 0.00159345 -0.000436192 -0.000861392 0.00256148 0.00075639 0.000304097 -0.00539694 -0.00265273 -0.0022086 0.000378564 0.00441328 0.00218062 0.000189314 -0.000298303 -0.00147795 0.000290619 -0.00709712 0.000389392 0.000103366 0.00245065 0.000614225 -2.20537e-05 0.000294699 0.000663812 -0.00208286 -0.000944279 0.0018455 -0.000984654
internal_weight=193080 128720 64360 107783 68461 29845 34515 39322 507 20937 16206 38815 828 638 22682 35782 32679 37987 463 15774 34502 1750 17452 32752 24643 18814 1451 19217 469 8109
internal_count=193080 128720 64360 107783 68461 29845 34515 39322 507 20937 16206 38815 828 638 22682 35782 32679 37987 463 15774 34502 1750 17452 32752 24643 18814 1451 19217 469 8109
is_linear=0
shrinkage=0.1


Tree=24
num_leaves=31
num_cat=0
split_feature=0 0 1 1 2 1 3 2 2 1 1 1 3 3 0 2 1 2 3 3 2 2 1 1 2 1 1 3 3 2
split_gain=19.9764 7.43968 5.83004 2.71006 2.35262 2.09893 2.11557 1.82264 1.51664 1.32023 1.20166 1.08708 1.06787 1.01389 0.931019 0.894331 0.867833 1.52803 1.25805 0.866343 0.864464 1.19623 0.915506 0.928871 0.950469 0.963834 0.833299 0.920734 1.80947 0.967912
threshold=3.5000000000000004 1.5000000000000002 4.1050000000000013 4.9250000000000007 0.17500000000000002 6.3850000000000007 0.33115000000000006 1.4950000000000003 0.16500000000000004 2.1050000000000004 3.7150000000000003 1.0000000180025095e-35 0.45475000000000004 0.5011500000000001 5.5000000000000009 0.22500000000000003 1.4150000000000003 1.175 0.34745000000000004 0.51105000000000012 1.635 5.9750000000000005 7.5150000000000006 7.5450000000000008 0.15500000000000003 7.6850000000000014 6.6550000000000011 0.26990000000000008 0.25685000000000008 0.16500000000000004
decision_type=2 2 2 2 2 2 2 2 2 2 2 2 2 2 2 2 2 2 2 2 2 2 2 2 2 2 2 2 2 2
left_child=1 4 8 11 10 6 14 13 -2 -6 -1 -3 -12 -8 -4 -11 17 -10 -18 -13 22 -22 -7 -24 -25 -26 27 28 -5 -30
right_child=2 3 5 26 9 20 7 -9 16 15 12 19 -14 -15 -16 -17 18 -19 -20 -21 21 -23 23 24 25 -27 -28 -29 29 -31
leaf_value=-0.0017220402551593923 -0.0005475614935081224 0.015080953617062834 -0.0011441412181694263 0.00035723856562038496 -0.014172917351588385 0.00021797158085537429 -0.00043658562126545561 -0.021394152030712224 -0.0067131984166943189 0.0010343873297927347 0.0026530241387779313 -0.00057279732482503633 0.0051554241959096058 0.0021445954281052934 -0.0023733525478682226 -0.0053383258052400037 -0.003436328277967457 -0.0016634178252271051 -0.001535134970840018 0.0032819891438810125 -0.0058639465560200357 0.01346032273556505 0.010448045971562826 0.00057946818790239316 -0.0067775711304310596 0.012157644267226089 0.0017620924592346107 0.0009490552452360066 -0.0061441702007952945 -0.00012473017321832852
leaf_weight=590 3199 45 19436 6019 59 17202 27775 41 1467 7369 22087 23287 1848 1610 9022 227 8139 1013 6081 598 378 35 151 813 33 145 8709 24546 737 419
leaf_count=590 3199 45 19436 6019 59 17202 27775 41 1467 7369 22087 23287 1848 1610 9022 227 8139 1013 6081 598 378 35 151 813 33 145 8709 24546 737 419
internal_value=2.06341e-12 0.00101716 -0.00101716 0.000396424 0.00225864 -0.000621187 -0.000919087 -0.000324561 -0.00254226 0.000728204 0.00273633 -0.000447031 0.00284623 -0.000295163 -0.00153384 0.000843944 -0.00292436 -0.00465053 -0.00262331 -0.000476286 0.000298131 -0.0042263 0.000399995 0.00314182 0.00202856 0.00864718 0.000895654 0.000657773 -0.000338717 -0.00396238
internal_weight=193080 96540 96540 64360 32180 76641 57884 29426 19899 7655 24525 23930 23935 29385 28458 7596 16700 2480 14220 23885 18757 413 18344 1142 991 178 40430 31721 7175 1156
internal_count=193080 96540 96540 64360 32180 76641 57884 29426 19899 7655 24525 23930 23935 29385 28458 7596 16700 2480 14220 23885 18757 413 18344 1142 991 178 40430 31721 7175 1156
is_linear=0
shrinkage=0.1


Tree=25
num_leaves=31
num_cat=0
split_feature=0 1 2 1 0 0 0 3 3 3 1 2 3 3 3 2 1 1 1 3 3 2 1 2 1 1 2 3 2 1
split_gain=16.3413 5.93611 3.82245 2.69944 2.50052 1.60717 1.29375 1.24053 1.15325 1.07477 0.973342 0.878266 0.959755 0.866998 0.864976 0.811092 0.807974 0.807241 0.784341 0.758899 1.06215 0.755717 0.723108 0.77798 0.734932 0.70357 0.702896 0.674093 0.871157 0.674012
threshold=2.5000000000000004 5.2150000000000007 0.17500000000000002 3.4450000000000007 1.5000000000000002 4.5000000000000009 5.5000000000000009 0.27725000000000005 0.11564999999999996 0.38265000000000005 3.7150000000000003 1.3350000000000002 0.37525000000000003 0.25845000000000007 0.45475000000000004 0.18500000000000003 6.455000000000001 7.6250000000000009 1.8950000000000002 0.3695 0.37015000000000003 0.13500000000000004 4.6050000000000013 0.19500000000000003 4.5650000000000004 3.7550000000000003 0.12500000000000003 1.0000000180025095e-35 0.19500000000000003 6.8050000000000006
decision_type=2 2 2 2 2 2 2 2 2 2 2 2 2 2 2 2 2 2 2 2 2 2 2 2 2 2 2 2 2 2
left_child=2 3 4 13 10 -3 11 22 -6 25 -1 12 -5 -2 16 -15 -12 -11 -9 27 -21 -14 24 -24 -4 -10 -27 28 -7 -22
right_child=1 5 7 6 8 19 -8 18 9 17 14 -13 21 15 -16 -17 -18 -19 -20 20 29 -23 23 -25 -26 26 -28 -29 -30 -31
leaf_value=-0.0015498363244015787 -0.0044609311097473436 0.00047967033438058628 -0.0023943097763406674 -0.0010532807786002025 0.00377896488992934 0.0015117764715531095 -0.001993066859038994 -0.0088552372069673601 -0.0029641509192618251 0.0018255205663035127 0.0019844187858133648 -0.014565333610643511 0.0048955263819146794 -0.0010538834780325656 0.0046398818234860643 -0.0029352753386468339 0.0032947675923664247 0.011937769006472081 0.00056544430927695346 0.0097495627354668539 -0.00033483412134274163 -8.9870420418010577e-05 0.00090793302497632991 -0.0040030090080431079 -0.012467166438698768 -0.00270328301305745 0.00066930571518987773 -0.00099289059333948796 -0.014224729549864102 0.0016041032734580277
leaf_weight=590 2235 34343 2117 27657 1412 1542 10818 89 602 5969 15289 46 313 3502 1848 6629 6798 80 12629 115 8245 10646 1570 406 75 646 14240 20302 36 2291
leaf_count=590 2235 34343 2117 27657 1412 1542 10818 89 602 5969 15289 46 313 3502 1848 6629 6798 80 12629 115 8245 10646 1570 406 75 646 14240 20302 36 2291
internal_value=-2.91269e-12 -0.000650518 0.00130104 -0.00135667 0.00176065 2.54532e-06 -0.0010264 8.84295e-06 0.0010104 0.000828886 0.0024627 -0.000755912 -0.000739462 -0.00267822 0.00256161 -0.00228493 0.00238772 0.00195926 0.000499519 -0.000501156 0.000191108 5.25175e-05 -0.00148838 -0.000101097 -0.00273896 0.000387408 0.000522947 -0.000838144 0.00115277 8.6778e-05
internal_weight=193080 128720 64360 61846 47474 66874 49480 16886 22949 21537 24525 38662 38616 12366 23935 10131 22087 6049 12718 32531 10651 10959 4168 1976 2192 15488 14886 21880 1578 10536
internal_count=193080 128720 64360 61846 47474 66874 49480 16886 22949 21537 24525 38662 38616 12366 23935 10131 22087 6049 12718 32531 10651 10959 4168 1976 2192 15488 14886 21880 1578 10536
is_linear=0
shrinkage=0.1


Tree=26
num_leaves=31
num_cat=0
split_feature=0 0 1 1 2 2 3 1 1 3 3 1 2 2 2 3 2 1 3 1 3 2 1 1 3 2 2 3 3 3
split_gain=13.4312 4.92187 3.9505 1.88822 1.60536 1.52803 1.52063 1.37867 1.34511 1.25794 1.29924 1.12215 0.999559 1.06886 0.98938 0.904179 0.855003 0.853419 1.41515 0.823302 0.815423 0.866173 0.809804 0.798545 0.785503 0.759066 0.748562 0.731653 0.824614 0.710346
threshold=3.5000000000000004 1.5000000000000002 4.2650000000000006 5.785000000000001 0.16500000000000004 0.16500000000000004 0.40040000000000003 5.5150000000000006 2.1050000000000004 0.22870000000000004 0.31590000000000001 1.8950000000000002 1.4950000000000003 5.9750000000000005 0.20500000000000004 0.29980000000000001 0.12500000000000003 7.2250000000000005 0.40655000000000002 7.455000000000001 0.27595000000000008 0.21500000000000002 2.7350000000000008 3.6750000000000003 0.31215000000000004 0.15500000000000003 2.3550000000000004 0.43405000000000005 1.0000000180025095e-35 0.27595000000000008
decision_type=2 2 2 2 2 2 2 2 2 2 2 2 2 2 2 2 2 2 2 2 2 2 2 2 2 2 2 2 2 2
left_child=1 4 14 5 22 11 7 29 -6 25 24 -3 17 26 -2 -7 27 -8 19 -19 -10 -22 -1 -24 -11 -9 -14 28 -5 -4
right_child=2 3 6 16 8 15 12 9 20 10 -12 -13 13 -15 -16 -17 -18 18 -20 -21 21 -23 23 -25 -26 -27 -28 -29 -30 -31
leaf_value=0.018848987345894179 -0.0015848214766846223 0.01886588030439966 -0.0020490486683731909 0.0095631252137659967 -0.013466050701390488 -0.0013994573967754846 0.0004097909693240024 0.0023125560671130667 -0.00034956634321621168 -0.0011150482306071039 3.4435619925082363e-05 0.00067749369992805013 -0.019781471164645376 0.011998857073485851 -0.0030787259564740515 -0.00013666511479454792 0.0011748126289374895 0.0027039223661025364 0.0026134004163623457 0.027263073471541971 0.0016870389907586816 -0.003256137210511319 -0.0033374606058874396 0.0024796160350944144 -0.0043194855280649959 -0.00016090953426824495 -0.0047143193963829046 0.004247333315136128 -0.0025120803084635163 -0.00090062976318416854
leaf_weight=30 17581 34 7759 59 64 8607 13218 2729 3104 10849 16685 14488 37 35 5928 16617 22976 21 647 39 9649 368 239 18726 823 2275 303 215 1364 17611
leaf_count=30 17581 34 7759 59 64 8607 13218 2729 3104 10849 16685 14488 37 35 5928 16617 22976 21 647 39 9649 368 239 18726 823 2275 303 215 1364 17611
internal_value=9.06581e-12 0.000834043 -0.000834043 0.000329153 0.00184382 -9.70947e-05 -0.000471102 -0.000696263 0.000996064 -0.000273752 -0.000531704 0.000720078 0.000453646 -0.00464105 -0.00196152 -0.000567558 0.00101745 0.000590846 0.00397583 0.0186674 0.00106661 0.00150544 0.00243228 0.00240631 -0.001341 0.00118803 -0.00635398 -0.00118991 -0.00201142 -0.00125185
internal_weight=193080 96540 96540 64360 32180 39746 73031 58731 13185 33361 28357 14522 14300 375 23509 25224 24614 13925 707 60 13121 10017 18995 18965 11672 5004 340 1638 1423 25370
internal_count=193080 96540 96540 64360 32180 39746 73031 58731 13185 33361 28357 14522 14300 375 23509 25224 24614 13925 707 60 13121 10017 18995 18965 11672 5004 340 1638 1423 25370
is_linear=0
shrinkage=0.1


Tree=27
num_leaves=31
num_cat=0
split_feature=0 1 1 3 0 0 1 1 2 3 3 2 1 3 3 0 2 2 2 1 3 3 3 1 2 3 2 1 2 2
split_gain=10.8923 4.02213 2.81462 1.6229 1.57366 1.55938 1.30721 1.19607 0.985124 1.28583 0.889609 1.02486 0.881894 0.87768 0.867077 0.832662 0.815217 0.776164 0.757823 1.23955 0.808222 0.799591 0.755821 0.752108 0.747233 0.734629 0.709479 0.701887 0.659132 0.937235
threshold=2.5000000000000004 4.4250000000000007 4.705000000000001 0.31590000000000001 1.5000000000000002 5.5000000000000009 1.4150000000000003 6.3350000000000009 0.22500000000000003 0.5011500000000001 0.36325000000000002 0.12500000000000003 7.6850000000000014 0.23819999999999994 0.10100000000000002 5.5000000000000009 5.9750000000000005 0.16500000000000004 0.15500000000000003 7.8850000000000007 0.35245000000000004 0.42785000000000006 0.39445000000000002 2.9150000000000005 0.10500000000000002 0.5011500000000001 0.19500000000000003 1.5950000000000004 0.15500000000000003 0.14500000000000005
decision_type=2 2 2 2 2 2 2 2 2 2 2 2 2 2 2 2 2 2 2 2 2 2 2 2 2 2 2 2 2 2
left_child=2 5 6 7 26 17 -1 28 9 12 11 -8 15 -9 -13 -5 -10 25 19 21 -21 22 -14 -16 -6 -2 -4 -19 29 -3
right_child=1 3 4 8 24 -7 10 13 16 -11 -12 14 18 -15 23 -17 -18 27 -20 20 -22 -23 -24 -25 -26 -27 -28 -29 -30 -31
leaf_value=0.018751443403999549 -0.00013698059353914034 -0.0014248971752341922 0.0021055764645929952 0.00026951158903222952 -0.016425288966856896 -0.0025251568506422118 0.017574998880586317 0.0015842936752825207 -0.0051206272086452218 0.0023172702013749477 0.00092540924647505302 0.0020373370447149459 0.0059404652902920706 -0.00039799206569694811 -0.0044515384385699448 -0.00067367573586614221 0.0090573255740640565 -0.0035076075628099447 0.011815619802599452 -0.01306649652413196 0.00092067651993905496 -0.0026619495553595407 0.020003077861640538 -0.00071068413870394162 0.00087297115581356664 0.0073111721009755624 -0.0010758946413997241 -0.0011552526978143829 -0.0013725685198795658 0.00059608501897171883
leaf_weight=37 5038 4274 24036 39486 25 9701 31 3263 518 2720 5957 1099 116 7080 569 12268 44 1361 104 63 120 62 57 9693 22191 136 722 18646 18708 4955
leaf_count=37 5038 4274 24036 39486 25 9701 31 3263 518 2720 5957 1099 116 7080 569 12268 44 1361 104 63 120 62 57 9693 22191 136 722 18646 18708 4955
internal_value=3.82981e-12 -0.000531099 0.0010622 -0.000190286 0.00146452 -0.00144794 -2.48051e-05 -0.000691292 0.000154913 0.00019748 -6.4849e-05 -0.000582666 8.71839e-05 0.000227378 -0.000632211 4.59342e-05 -0.00401061 -0.00103294 0.00417691 0.00227636 -0.00389458 0.00708182 0.0105738 -0.000918104 0.000853505 5.87961e-05 0.0020128 -0.00131527 -0.00103141 -0.000339843
internal_weight=193080 128720 64360 93838 46974 34882 17386 38280 55558 54996 17349 11392 52276 10343 11361 51754 562 25181 522 418 183 235 173 10262 22216 5174 24758 20007 27937 9229
internal_count=193080 128720 64360 93838 46974 34882 17386 38280 55558 54996 17349 11392 52276 10343 11361 51754 562 25181 522 418 183 235 173 10262 22216 5174 24758 20007 27937 9229
is_linear=0
shrinkage=0.1


Tree=28
num_leaves=31
num_cat=0
split_feature=0 0 1 0 1 2 3 3 2 1 3 1 2 1 3 1 3 2 1 1 3 1 2 3 3 1 1 1 2 1
split_gain=9.15221 3.21353 2.67941 1.47433 1.37392 1.14965 0.937012 1.1252 0.907053 0.836327 0.772192 1.30775 0.878976 0.743019 0.735585 0.70443 0.710357 0.657039 0.652064 0.650055 0.647386 0.62597 0.756233 0.581858 0.59886 0.749046 0.605877 0.58317 0.581664 0.693855
threshold=3.5000000000000004 1.5000000000000002 5.4050000000000011 5.5000000000000009 5.2550000000000008 0.15500000000000003 0.16025000000000003 0.31590000000000001 0.16500000000000004 2.1050000000000004 0.37150000000000005 6.285000000000001 0.20500000000000004 6.2350000000000012 0.35910000000000003 6.2350000000000012 0.23819999999999994 2.1800000000000002 1.7450000000000003 1.0000000180025095e-35 0.37015000000000003 2.9150000000000005 0.18500000000000003 0.38265000000000005 0.37974999999999998 6.3450000000000006 5.4050000000000011 5.3350000000000009 0.29500000000000004 2.9150000000000005
decision_type=2 2 2 2 2 2 2 2 2 2 2 2 2 2 2 2 2 2 2 2 2 2 2 2 2 2 2 2 2 2
left_child=1 5 3 8 19 -1 17 15 -2 -7 11 13 23 20 18 -8 -17 -4 -10 -3 21 22 -11 24 26 -26 27 -12 -16 -30
right_child=2 4 6 -5 -6 9 7 -9 14 10 12 -13 -14 -15 28 16 -18 -19 -20 -21 -22 -23 -24 -25 25 -27 -28 -29 29 -31
leaf_value=0.0022196193741206446 -2.519641489231544e-05 0.011794831239514881 0.0017674641413342738 -0.0019299941573492681 0.00071120784805375791 -0.010147836370699442 -0.0016113393570687592 0.00014953155049315819 -0.0044772856656385409 -0.012337718145812259 0.0016218134633076955 0.0029496279169335549 -0.003211862023264558 -0.0066675751123768407 -0.00018372099664043883 0.0017714039421926502 -0.00071925831447118907 -0.014847984366739789 -0.001414186652583093 -0.00023322659311435226 -0.0078494944600100373 0.00046205165126137962 0.0001012531846113827 0.0018545822581202056 0.012433996833983418 -0.0073082065633074808 0.0066450603374523659 -0.014837487438774628 -0.0022026431568794784 -0.013424135617290934
leaf_weight=13233 10531 45 2848 17290 34437 67 7575 26697 730 85 336 2026 307 156 8307 1421 5898 24 14484 29878 97 10535 115 4724 152 22 302 23 675 60
leaf_count=13233 10531 45 2848 17290 34437 67 7575 26697 730 85 336 2026 307 156 8307 1421 5898 24 14484 29878 97 10535 115 4724 152 22 302 23 675 60
internal_value=-6.35293e-13 0.000688485 -0.000688485 -0.00117528 0.00028052 0.00150441 -0.000118334 -0.000238967 -0.000800162 0.0010049 0.00104448 0.000615111 0.00199705 0.000184666 -0.00113662 -0.000935337 -0.000235691 0.00162862 -0.00156116 -0.000215138 0.00028335 0.000356838 -0.00518531 0.00228471 0.00471816 0.00993786 0.00334414 0.000567318 -0.000422296 -0.00311868
internal_weight=193080 96540 96540 52077 64360 32180 44463 41591 34787 18947 18880 13014 5866 10988 24256 14894 7319 2872 15214 29923 10832 10735 200 5559 835 174 661 359 9042 735
internal_count=193080 96540 96540 52077 64360 32180 44463 41591 34787 18947 18880 13014 5866 10988 24256 14894 7319 2872 15214 29923 10832 10735 200 5559 835 174 661 359 9042 735
is_linear=0
shrinkage=0.1


Tree=29
num_leaves=31
num_cat=0
split_feature=0 0 1 1 3 2 2 1 2 1 3 1 3 3 3 3 3 1 3 2 2 2 2 3 1 2 3 3 1 3
split_gain=7.41329 2.60296 2.28231 1.17804 1.10386 1.09025 0.986518 0.890832 0.87715 0.865464 1.38049 0.834705 0.814174 0.965484 0.748458 0.78234 0.736768 0.736183 0.697277 0.679821 0.676657 0.669843 0.719886 0.659436 0.654191 0.680694 0.7477 0.660125 0.65323 0.647293
threshold=3.5000000000000004 1.5000000000000002 4.1050000000000013 5.785000000000001 0.40040000000000003 0.16500000000000004 0.18500000000000003 5.5150000000000006 0.16500000000000004 3.5450000000000004 0.4849 2.1050000000000004 0.23819999999999994 0.24035000000000004 0.24494999999999997 0.16740000000000002 0.25335000000000002 1.8950000000000002 0.31590000000000001 0.12500000000000003 0.19500000000000003 1.4950000000000003 5.9750000000000005 0.29980000000000001 3.6750000000000003 0.15500000000000003 0.41055000000000003 0.40525000000000005 5.7550000000000008 0.31215000000000004
decision_type=2 2 2 2 2 2 2 2 2 2 2 2 2 2 2 2 2 2 2 2 2 2 2 2 2 2 2 2 2 2
left_child=1 6 8 5 7 17 9 -4 -2 10 -1 -8 -9 -14 15 -13 -16 -3 29 -5 -21 -6 -23 -7 25 26 -19 -27 -26 -15
right_child=2 3 4 19 21 23 11 12 -10 -11 -12 14 13 18 16 -17 -18 24 -20 20 -22 22 -24 -25 28 27 -28 -29 -30 -31
leaf_value=-0.0034529404012837274 -5.6902862808587941e-05 0.015303578644114383 -0.00097297172661918127 -0.0011721508956786381 0.00050239177420341777 -0.0011920491778075217 -0.012671959765542013 0.00088848300885091081 -0.0018644398946114462 0.0016488357637341349 0.017027173840573857 0.00043929755883209904 -0.0088996764383654104 -0.00079211840154575939 0.0099876243997006186 -0.006314772964284128 0.00044985003380494974 -0.0042522595212449573 1.5853071249308383e-05 0.0010102326268529647 -0.0030550766619853679 -0.0051834183558821679 0.0098782853303211078 -0.00011362127627534386 0.00084250580124347468 -0.0015819966620559474 -0.020221147785019697 0.008563013162838853 -0.0034741844773654726 -0.0037085678731402522
leaf_weight=552 3199 34 28227 1638 14678 8607 52 5615 16700 27426 35 343 134 10104 83 343 3346 263 16685 22559 417 340 35 16617 13371 384 33 77 360 823
leaf_count=552 3199 34 28227 1638 14678 8607 52 5615 16700 27426 35 343 134 10104 83 343 3346 263 16685 22559 417 340 35 16617 13371 384 33 77 360 823
internal_value=-5.63562e-12 0.000619636 -0.000619636 0.000252468 -0.000371883 -8.42104e-05 0.00135397 -0.000559508 -0.00157386 0.00156752 -0.00223181 -8.16076e-05 -0.000209674 -0.00043191 7.74928e-05 -0.00293774 0.000680715 0.000606045 -0.000390816 0.000796128 0.00093645 0.000395767 -0.00377766 -0.000481605 0.000571553 -0.00229033 -0.00603257 0.000112506 0.000729331 -0.00101178
internal_weight=193080 96540 96540 64360 76641 39746 32180 61588 19899 28013 587 4167 33361 27746 4115 686 3429 14522 27612 24614 22976 15053 375 25224 14488 757 296 461 13731 10927
internal_count=193080 96540 96540 64360 76641 39746 32180 61588 19899 28013 587 4167 33361 27746 4115 686 3429 14522 27612 24614 22976 15053 375 25224 14488 757 296 461 13731 10927
is_linear=0
shrinkage=0.1


Tree=30
num_leaves=31
num_cat=0
split_feature=0 0 2 1 1 1 3 3 1 0 3 3 2 1 3 1 3 2 1 1 1 1 2 1 1 2 3 2 2 3
split_gain=6.00477 2.1084 1.85239 1.0346 1.01601 1.00044 0.889071 1.67704 0.888271 0.878835 0.76328 0.816853 0.758626 1.01953 0.745227 0.663723 0.910059 0.662315 0.604687 0.594746 0.5819 0.571038 0.56863 0.642105 0.555887 1.20256 0.638251 0.855697 0.74043 0.667984
threshold=3.5000000000000004 1.5000000000000002 0.17500000000000002 7.5150000000000006 4.8650000000000011 6.5150000000000006 0.26990000000000008 0.16740000000000002 6.0950000000000006 5.5000000000000009 0.35910000000000003 0.10100000000000002 0.15500000000000003 7.5450000000000008 0.40040000000000003 2.9150000000000005 0.27125000000000005 0.12500000000000003 5.8750000000000009 6.535000000000001 7.245000000000001 7.8850000000000007 1.8550000000000002 1.4150000000000003 1.5950000000000004 1.2350000000000001 0.34790000000000004 1.3250000000000004 2.2250000000000001 0.4849
decision_type=2 2 2 2 2 2 2 2 2 2 2 2 2 2 2 2 2 2 2 2 2 2 2 2 2 2 2 2 2 2
left_child=1 8 3 9 24 6 7 -3 10 14 11 -1 13 -5 -2 16 -13 -15 -11 -7 -16 -19 23 -8 25 -4 -26 -28 -29 -30
right_child=2 5 4 12 -6 19 22 -9 -10 18 -12 15 -14 17 20 -17 -18 21 -20 -21 -22 -23 -24 -25 26 -27 27 28 29 -31
leaf_value=0.00281081642589692 -0.00025179720573906034 0.00087297949792803243 -0.0040386838298473665 0.0093890434940313485 -0.00032264101405019691 0.0052823121190356858 0.0129442057129927 -0.0015653335704267975 0.0019060003768174537 -0.001327034710651113 0.001631549699564626 -0.016644077685972057 0.0089496593688853047 0.0065177448635511366 0.00065712636439656496 0.00020161400714920757 -0.0016304831183515491 0.00042051970872476144 -0.00024632092422280236 0.00097104434141477526 0.0056436119399215119 -0.0069167313377626926 -0.016585276787227484 0.00026815293689604514 -0.0018556952598186489 0.00024641487284286599 -0.00043418327768073679 -0.0077433422631552756 -0.0062055520389953421 0.0092498756465421803
leaf_weight=1227 34787 4382 2243 145 9465 330 40 7917 11866 11454 7345 54 168 141 8084 11528 160 540 9448 10537 241 132 20 41134 10811 925 7547 297 54 58
leaf_count=1227 34787 4382 2243 145 9465 330 40 7917 11866 11454 7345 54 168 141 8084 11528 160 540 9448 10537 241 132 20 41134 10811 925 7547 297 54 58
internal_value=-1.95984e-11 0.000557673 -0.000557673 -0.000253546 -0.00118859 0.000227221 4.95189e-05 -0.000696589 0.00121858 -0.000306402 0.00081703 0.000355727 0.00275136 0.00166439 -4.84076e-05 9.91781e-05 -0.00541896 0.000286684 -0.000838537 0.00110197 0.00080148 -0.00102073 0.000272279 0.000280468 -0.00156225 -0.00278751 -0.00135542 -0.000675611 -0.00513051 0.00179815
internal_weight=193080 96540 96540 65140 31400 64360 53493 12299 32180 64014 20314 12969 1126 958 43112 11742 214 813 20902 10867 8325 672 41194 41174 21935 3168 18767 7956 409 112
internal_count=193080 96540 96540 65140 31400 64360 53493 12299 32180 64014 20314 12969 1126 958 43112 11742 214 813 20902 10867 8325 672 41194 41174 21935 3168 18767 7956 409 112
is_linear=0
shrinkage=0.1


Tree=31
num_leaves=31
num_cat=0
split_feature=0 2 2 3 0 1 3 3 1 1 1 2 3 3 2 2 2 3 1 1 3 3 1 1 1 3 3 1 2 3
split_gain=4.91877 2.08521 1.66101 1.51065 1.34645 1.2726 1.2216 1.22961 1.25138 1.09214 0.737948 0.692625 0.689244 0.815521 0.653459 0.621246 1.71536 0.709556 0.653754 0.617209 0.61372 0.739819 0.638696 0.59858 0.593003 0.666838 0.577369 0.561405 0.549558 0.865589
threshold=2.5000000000000004 0.21500000000000002 0.17500000000000002 0.49485000000000001 5.5000000000000009 1.4150000000000003 1.0000000180025095e-35 0.36645000000000005 3.5450000000000004 6.0950000000000006 6.4450000000000012 0.16500000000000004 0.27595000000000008 0.26605000000000006 0.115 1.9350000000000003 4.205000000000001 0.51105000000000012 6.0950000000000006 7.3750000000000009 0.23445000000000002 0.30955000000000005 7.5450000000000008 6.8150000000000004 6.0550000000000006 0.35165000000000002 0.38905000000000006 7.6250000000000009 0.16500000000000004 0.47475000000000001
decision_type=2 2 2 2 2 2 2 2 2 2 2 2 2 2 2 2 2 2 2 2 2 2 2 2 2 2 2 2 2 2
left_child=2 3 5 4 9 -1 -7 8 -8 11 -10 -2 13 19 -5 18 -17 -18 24 -4 -12 22 -22 -6 -14 -26 -25 -9 29 -11
right_child=1 -3 12 14 23 6 7 27 10 28 20 -13 15 -15 -16 16 17 -19 -20 -21 21 -23 -24 26 25 -27 -28 -29 -30 -31
leaf_value=0.024533520395894098 2.291508155084507e-05 -0.0021429253012580259 -0.00066541699235845165 -0.0046835316423170584 -0.0010913618076879184 0.003154612070767668 -0.0043451432316636901 0.0015149653769664039 0.00026895531396758818 0.0002771903879510597 0.0036950191436518239 -0.00064283587133421422 0.00012224866615621923 -0.0052322405366652201 0.0016823437169744386 -0.0184296200510401 -0.007309541096420665 0.010818789221346379 0.0026143204087547833 -0.017858717856662615 -0.00043255869959943241 0.0019991035170386258 0.0056563914066455404 -0.0003411808239724293 -0.024989765421487394 -0.00049172671325504785 0.003072755688792771 0.0062633524151894417 0.0014337269771399518 -0.0050468632068124512
leaf_weight=23 26764 6221 3630 167 25461 2505 524 15715 20488 20447 1019 37554 11463 460 4684 65 38 50 1114 21 2938 3826 183 2114 20 25 647 253 4351 310
leaf_count=23 26764 6221 3630 167 25461 2505 524 15715 20488 20447 1019 37554 11463 460 4684 65 38 50 1114 21 2938 3826 183 2114 20 25 647 253 4351 310
internal_value=7.12111e-12 -0.000356898 0.000713797 -0.000266197 -0.000337505 0.00101678 0.00100538 0.000885593 0.000497328 -0.000147456 0.000586505 -0.000365804 -0.000138012 -0.00126425 0.00146319 0.000224411 -0.00610947 0.00299065 0.000301188 -0.00076431 0.00140322 0.00106706 -7.55328e-05 -0.000939705 7.72722e-05 -0.0113797 0.000458825 0.0015902 0.000411874 0.000197677
internal_weight=193080 128720 64360 122499 117648 47474 47451 44946 28978 89426 28454 64318 16886 4111 4851 12775 153 88 12622 3651 7966 6947 3121 28222 11508 45 2761 15968 25108 20757
internal_count=193080 128720 64360 122499 117648 47474 47451 44946 28978 89426 28454 64318 16886 4111 4851 12775 153 88 12622 3651 7966 6947 3121 28222 11508 45 2761 15968 25108 20757
is_linear=0
shrinkage=0.1


Tree=32
num_leaves=31
num_cat=0
split_feature=0 1 2 0 1 3 2 3 1 1 1 3 2 2 1 3 3 3 1 3 2 3 3 2 3 1 2 2 3 2
split_gain=4.05141 1.6284 1.3284 1.06349 0.921001 0.725506 0.816294 0.674436 0.736902 0.661486 0.711297 0.625072 0.643048 0.714943 0.722019 0.607756 0.915213 0.658618 0.606245 0.604623 0.620142 0.584789 0.627452 0.754621 0.579803 0.572447 0.553982 1.19436 0.550335 0.817674
threshold=3.5000000000000004 4.9250000000000007 0.16500000000000004 1.5000000000000002 4.0850000000000009 0.5011500000000001 0.12500000000000003 1.0000000180025095e-35 6.785000000000001 1.0000000180025095e-35 2.3050000000000002 0.34745000000000004 0.28000000000000008 1.6150000000000004 2.3050000000000002 0.28605000000000008 0.29915000000000008 0.31590000000000001 4.8650000000000011 0.44010000000000005 0.12500000000000003 0.46175000000000005 0.49485000000000001 0.20500000000000004 0.32010000000000005 4.3650000000000011 0.22500000000000003 4.7450000000000001 0.32885000000000003 0.14500000000000005
decision_type=2 2 2 2 2 2 2 2 2 2 2 2 2 2 2 2 2 2 2 2 2 2 2 2 2 2 2 2 2 2
left_child=1 9 5 26 11 7 -7 8 -2 -1 -11 -4 -13 -14 -15 18 -17 -18 -9 20 -12 -21 23 25 -6 -23 28 -28 29 -3
right_child=2 3 4 -5 24 6 -8 15 -10 10 19 12 13 14 -16 16 17 -19 -20 21 -22 22 -24 -25 -26 -27 27 -29 -30 -31
leaf_value=0.010124580225803786 0.00077619661686645358 0.0021153448317410397 -0.0020326963661078889 0.0004442006041922281 -0.0010132136017630409 -0.003370963711523383 0.0030665367003237854 -0.0024396544014028201 0.0058739161346711517 -0.0040154276064582051 0.0065710471776216778 -0.00024757658275022503 -0.0032398492007021228 0.0042273013276927594 -0.0043666048705376485 0.0017647372152144664 -0.0014043235942606026 -1.531139584061833e-05 -0.00053493027151935049 0.0032378995676401569 -0.00024742485650530575 0.0016904523159188313 0.0017487178458110318 -0.011227196961786453 -0.00014855753247454813 -0.0037578924128223328 -0.015368793925477398 0.011442143935710192 0.0017826777641734111 0.00022988410727483644
leaf_weight=63 2135 3308 8522 40430 13492 233 1274 2072 327 465 134 5738 1661 288 148 2597 3902 27277 8635 1004 29209 414 1224 77 18239 361 54 24 12224 7549
leaf_count=63 2135 3308 8522 40430 13492 233 1274 2072 327 465 134 5738 1661 288 148 2597 3902 27277 8635 1004 29209 414 1224 77 18239 361 54 24 12224 7549
internal_value=-1.145e-11 0.000458073 -0.000458073 0.000753717 -0.00083042 -8.85227e-05 0.00207122 -0.000157854 0.00145327 -0.000112464 -0.000132074 -0.00143996 -0.000795249 -0.00229384 0.0013101 -0.000247024 -3.89122e-05 -0.000189144 -0.000903529 -7.63802e-05 -0.000216287 0.00125651 0.000298258 -0.0017855 -0.000516209 -0.000847422 0.00129406 -0.00711927 0.00132249 0.000804362
internal_weight=193080 96540 96540 63589 48088 48452 1507 46945 2462 32951 32888 16357 7835 2097 436 44483 33776 31179 10707 32423 29343 3080 2076 852 31731 775 23159 78 23081 10857
internal_count=193080 96540 96540 63589 48088 48452 1507 46945 2462 32951 32888 16357 7835 2097 436 44483 33776 31179 10707 32423 29343 3080 2076 852 31731 775 23159 78 23081 10857
is_linear=0
shrinkage=0.1


Tree=33
num_leaves=31
num_cat=0
split_feature=0 2 1 2 1 0 3 2 1 1 1 2 1 3 2 3 1 1 2 2 2 2 3 3 1 3 3 1 1 1
split_gain=3.43882 1.78583 1.67112 1.50033 1.11728 1.10679 0.835959 0.827266 0.785557 0.67343 0.645228 0.637934 0.624932 0.74434 0.788314 1.16266 1.24405 0.924486 0.596489 0.568454 0.557036 0.537535 0.740964 0.761873 0.507036 0.504421 0.503949 0.545341 0.951429 0.901785
threshold=4.5000000000000009 0.91000000000000003 5.0050000000000008 4.205000000000001 1.0000000180025095e-35 1.5000000000000002 0.6009500000000001 0.17500000000000002 3.8750000000000004 1.5950000000000004 3.6750000000000003 0.10500000000000002 6.8050000000000006 1.0000000180025095e-35 0.15500000000000003 0.29735000000000006 6.9350000000000014 7.4050000000000011 0.14500000000000005 0.13500000000000004 1.9000000000000001 0.13500000000000004 0.40655000000000002 0.33805000000000002 6.9150000000000009 0.40040000000000003 0.39555000000000001 6.8150000000000004 6.9150000000000009 6.6550000000000011
decision_type=2 2 2 2 2 2 2 2 2 2 2 2 2 2 2 2 2 2 2 2 2 2 2 2 2 2 2 2 2 2
left_child=1 2 4 -3 -1 -4 -5 10 20 -9 19 -7 -13 18 -15 24 -17 -18 -14 -6 -2 22 23 -12 -16 26 -10 29 -29 -28
right_child=8 3 5 6 7 11 -8 9 25 -11 21 12 13 14 15 16 17 -19 -20 -21 -22 -23 -24 -25 -26 -27 27 28 -30 -31
leaf_value=0.012306368725674272 -0.0014448997644120358 -0.010107828632300329 0.001198795585356676 -0.0018545240535406977 -0.0083824060096118879 -0.0096872865237177374 0.015501502879402218 -0.0054000284895626503 -0.00052995695800878108 -0.00051841004149334052 0.0042773535441742033 0.00023752875490410364 0.0090372616726727712 0.00044334283928891012 -0.0060283074702449178 0.0085520596893274049 0.00076533662179896901 0.0083837249686794964 0.00073173457161098928 -0.00085867901321748776 0.0034436149760873353 0.0003456147528287594 0.0091583460284646156 -0.0028742976434296 0.00074741944043791577 0.00019203747358374955 -0.0026068636941663165 0.0220463073933902 -0.00076963370351978901 -0.014304528102068835
leaf_weight=72 11306 301 22411 151 104 63 34 286 41353 23739 380 48163 210 6744 162 445 832 197 147 2919 238 20611 157 245 347 10362 918 23 89 71
leaf_count=72 11306 301 22411 151 104 63 34 286 41353 23739 380 48163 210 6744 162 445 832 197 147 2919 238 20611 157 245 347 10362 918 23 89 71
internal_value=-1.34787e-12 0.000298415 0.000321346 -0.00575193 -0.000141418 0.000602954 0.00133523 -0.00015992 -0.000596831 -0.000576522 0.000250011 0.000369951 0.000381019 0.0011418 0.000958714 0.00271144 0.00413434 0.00222386 0.00561734 -0.00111752 -0.00134411 0.000443253 0.00301669 0.00147391 -0.0014091 -0.000433497 -0.000586175 -0.00269769 0.00391578 -0.00344664
internal_weight=193080 128720 128234 486 48513 79721 185 48441 64360 24025 24416 57310 57247 9084 8727 1983 1474 1029 357 3023 11544 21393 782 625 509 52816 42454 1101 112 989
internal_count=193080 128720 128234 486 48513 79721 185 48441 64360 24025 24416 57310 57247 9084 8727 1983 1474 1029 357 3023 11544 21393 782 625 509 52816 42454 1101 112 989
is_linear=0
shrinkage=0.1


Tree=34
num_leaves=31
num_cat=0
split_feature=0 2 3 2 2 1 1 3 3 2 3 1 0 1 3 2 3 1 2 1 0 1 1 3 3 1 3 0 0 1
split_gain=2.78545 1.4528 1.74052 1.19152 1.24826 1.05573 0.974329 0.970376 1.22311 1.01228 0.72152 0.717128 0.690552 0.686893 0.677126 0.629763 0.73244 0.76808 0.62959 0.628154 0.762166 0.593507 0.590762 0.576686 0.558219 0.960284 0.81821 0.51246 0.49918 0.639864
threshold=4.5000000000000009 0.17500000000000002 0.46440000000000009 1.0850000000000002 4.205000000000001 4.8650000000000011 1.5950000000000004 1.0000000180025095e-35 0.28335000000000005 0.14500000000000005 0.46950000000000008 5.4050000000000011 1.5000000000000002 3.9850000000000008 0.6009500000000001 0.12500000000000003 0.45275000000000004 5.0250000000000012 0.13500000000000004 3.3250000000000006 1.5000000000000002 6.8050000000000006 7.6850000000000014 0.25845000000000007 0.22870000000000004 6.455000000000001 0.1847 5.5000000000000009 2.5000000000000004 6.6950000000000012
decision_type=2 2 2 2 2 2 2 2 2 2 2 2 2 2 2 2 2 2 2 2 2 2 2 2 2 2 2 2 2 2
left_child=1 2 6 5 -5 -3 -1 9 19 21 13 23 -10 -4 -6 16 17 -14 -15 20 -9 -8 24 -2 25 -21 28 -25 29 -27
right_child=11 3 10 4 14 -7 7 8 12 -11 -12 -13 15 18 -16 -17 -18 -19 -20 22 -22 -23 -24 27 -26 26 -28 -29 -30 -31
leaf_value=0.013550994277466089 -0.0016687100846570048 -0.00061725995667371637 0.021961501970887184 -0.0092900140644067031 -0.0016690716820472963 0.00051331586945260082 0.0028993385866684807 -0.016867423330744109 0.001043535083157771 0.00088568986195719827 0.00180488635876751 -0.00017238228817004572 0.0054301785865285696 0.012779712663697346 0.013951352107174256 0.0003697498281683329 0.0092734159961823503 -0.0023053976546596289 0.0032131362385361601 -0.00032821401149611663 -0.0028393714671967915 0.0078926813980198917 0.0060567225708945335 -0.00022163172604669718 -0.000809859883652488 0.0073817497409933005 0.0042872483298933249 -0.0010739727482872695 -0.0035263561349247411 -0.0012475673371756619
leaf_weight=56 6808 22557 25 293 151 13031 921 45 16541 3658 5442 29333 138 84 34 43864 62 1837 380 5325 278 321 143 14258 11926 141 971 13961 276 220
leaf_count=56 6808 22557 25 293 151 13031 921 45 16541 3658 5442 29333 138 84 34 43864 62 1837 380 5325 278 321 143 14258 11926 141 971 13961 276 220
internal_value=-2.26013e-12 0.000268574 0.000478177 -0.000269899 -0.00522941 -0.000203285 0.000364831 0.000356311 0.000274398 0.0017232 0.00213551 -0.000537148 0.00048956 0.00581498 0.00120171 0.000289928 -0.00142891 -0.00176489 0.00494502 -0.000420822 -0.00479374 0.00418989 -0.00034649 -0.000842617 -0.000395043 0.000318515 0.0024602 -0.000643317 -0.000324823 0.00212289
internal_weight=193080 128720 92654 36066 478 35588 86723 86667 81767 4900 5931 64360 62442 489 185 45901 2037 1975 464 19325 323 1242 19002 35027 18859 6933 1608 28219 637 361
internal_count=193080 128720 92654 36066 478 35588 86723 86667 81767 4900 5931 64360 62442 489 185 45901 2037 1975 464 19325 323 1242 19002 35027 18859 6933 1608 28219 637 361
is_linear=0
shrinkage=0.1


Tree=35
num_leaves=31
num_cat=0
split_feature=0 2 3 1 2 3 3 0 3 2 1 3 3 1 1 3 2 1 3 3 3 2 3 3 3 3 1 1 1 2
split_gain=2.37262 1.1317 0.958413 0.872759 0.832245 0.863806 0.874393 0.779804 0.708024 0.741986 1.13153 0.627217 1.13135 0.609706 0.601637 0.570547 0.589018 0.632866 0.549546 0.529862 0.660623 0.522681 0.746277 1.13349 0.51655 0.59585 0.520909 0.481123 0.476102 0.954321
threshold=2.5000000000000004 0.21500000000000002 0.5011500000000001 7.6850000000000014 0.17500000000000002 1.0000000180025095e-35 0.42890000000000006 5.5000000000000009 0.46695000000000003 0.15500000000000003 7.8850000000000007 0.57105000000000017 0.55585000000000007 7.6250000000000009 6.495000000000001 0.26705000000000007 0.12500000000000003 4.785000000000001 0.38475000000000009 0.27595000000000008 0.26605000000000006 0.12500000000000003 0.31285000000000007 0.28735000000000005 0.28455000000000003 0.16025000000000003 7.245000000000001 3.3250000000000006 5.9850000000000012 0.16500000000000004
decision_type=2 2 2 2 2 2 2 2 2 2 2 2 2 2 2 2 2 2 2 2 2 2 2 2 2 2 2 2 2 2
left_child=4 2 3 7 5 -1 14 24 9 10 21 12 -8 -9 15 -7 17 -17 -11 20 -6 -5 23 -23 25 26 -2 -22 -26 -30
right_child=1 -3 -4 8 19 6 11 13 -10 18 -12 -13 -14 -15 -16 16 -18 -19 -20 -21 27 22 -24 -25 28 -27 -28 -29 29 -31
leaf_value=0.0025175220651288115 0.0001898136732170951 -0.0015636428708039459 0.001406997762733256 0.013577599734777497 -0.00064471335154781418 -0.00067741999378374861 0.0019014622423459183 -0.00069273951203280683 -0.013537862062454224 0.0069638906773417057 -0.0036135817622913423 -0.0015396052770199299 0.013600947171549447 -0.012609455171366073 0.001104596350682606 0.0081684284204361478 0.00051609329739057302 -0.0034327168485217699 0.022927014775574208 0.00021056447354787344 0.0054052386736107433 0.0096023389526817479 0.0069647127151805559 -0.012058463046846331 -0.00014442904343314722 -0.00079747564056694635 0.0072879863793163429 -0.0057045274794216734 0.00011922253199757654 0.0018955304353232691
leaf_weight=2505 6733 6221 3686 63 3651 5807 5159 28224 25 157 232 524 84 43 10118 51 22623 603 25 12775 43 40 212 61 44322 18031 105 417 16854 3686
leaf_count=2505 6733 6221 3686 63 3651 5807 5159 28224 25 157 232 524 84 43 10118 51 22623 603 25 12775 43 40 212 61 44322 18031 105 417 16854 3686
internal_value=-8.71257e-12 -0.000247874 -0.000181053 -0.00023032 0.000495747 0.00071021 0.000609534 -0.000252845 0.00303085 0.00355518 0.00187843 0.00175921 0.0020889 -0.000710867 0.000440405 0.000209341 0.000430564 -0.00252804 0.00915663 -0.000107204 -0.00109468 0.00526711 0.0035944 -0.00347993 -0.000108559 -0.00049604 0.000298809 -0.00466601 4.00067e-05 0.000437989
internal_weight=193080 128720 122499 118813 64360 47474 44969 117998 815 790 608 5767 5243 28267 39202 29084 23277 654 182 16886 4111 376 313 101 89731 24869 6838 460 64862 20540
internal_count=193080 128720 122499 118813 64360 47474 44969 117998 815 790 608 5767 5243 28267 39202 29084 23277 654 182 16886 4111 376 313 101 89731 24869 6838 460 64862 20540
is_linear=0
shrinkage=0.1


Tree=36
num_leaves=31
num_cat=0
split_feature=0 2 1 3 3 1 3 3 1 2 3 1 2 1 3 3 3 3 3 3 2 1 2 2 2 3 2 1 2 3
split_gain=2.06111 1.17299 1.13405 0.904714 0.81428 0.798102 0.741712 0.819481 0.848725 1.10794 1.0088 0.90673 0.885511 0.889788 2.01675 1.05803 0.893325 1.32571 0.865623 0.691614 0.68643 0.880781 1.18607 0.803156 0.679361 0.747003 0.637619 0.586882 0.79178 0.560983
threshold=1.5000000000000002 0.29500000000000004 6.8050000000000006 0.32010000000000005 0.16740000000000002 5.4050000000000011 0.43405000000000005 1.0000000180025095e-35 7.6850000000000014 0.14500000000000005 0.12600000000000003 7.8850000000000007 0.115 6.9350000000000014 0.30310000000000009 0.32585000000000003 0.28055000000000002 0.28335000000000005 0.32955000000000007 0.17694999999999997 6.2750000000000012 1.7450000000000003 1.5300000000000002 2.3550000000000004 2.4150000000000005 0.6009500000000001 0.25500000000000006 6.8450000000000006 0.16500000000000004 0.32225000000000004
decision_type=2 2 2 2 2 2 2 2 2 2 2 2 2 2 2 2 2 2 2 2 2 2 2 2 2 2 2 2 2 2
left_child=-1 2 3 4 5 -2 7 -4 10 11 -9 -10 -12 14 16 -15 19 -18 -17 -14 21 22 -3 -23 -25 -26 29 -19 -29 -5
right_child=1 20 6 26 -6 -7 -8 8 9 -11 12 -13 13 15 -16 18 17 27 -20 -21 -22 23 -24 24 25 -27 -28 28 -30 -31
leaf_value=0.0007305791469232898 -0.00037512521612045207 -0.0021294394388808586 0.0041008180814696661 0.0018867185833912076 -0.00065260957631334824 0.0013415032037320928 0.0025338412728160621 -0.0089677388295228404 0.0038807047947929858 0.0076772300094413316 -0.0055207909037428048 -0.0041970193949584051 -0.0094817435340673641 0.00095638224228976906 0.0034547371978164245 -0.0094245219502107121 -0.023661139038832567 -0.0096062573903928639 -0.0011062943760622307 0.0013169816584161157 0.01092483560787514 -0.0079984992678357215 0.0044026603168849628 0.013488601712295071 -0.0040725467649473717 0.0089373338395186391 0.010418142684167095 -0.0031632596427308662 0.014948144370906189 -1.8706082351257503e-05
leaf_weight=32180 7099 1633 586 1576 50911 4379 1960 123 332 345 270 239 66 3678 2120 129 38 115 4141 585 40 419 335 26 548 48 59 175 28 78897
leaf_count=32180 7099 1633 586 1576 50911 4379 1960 123 332 345 270 239 66 3678 2120 129 38 115 4141 585 40 419 335 26 548 48 59 175 28 78897
internal_value=-3.45874e-12 -0.000146116 -0.00010859 -0.000195222 -0.000481072 0.00027979 0.000720708 0.000446711 0.000273802 0.003203 3.98341e-05 0.000499661 0.000137492 0.000275437 0.00170445 -0.000286783 -0.00198036 -0.00600805 -0.00135759 0.00022218 -0.00208886 -0.00226185 -0.00101752 -0.00461425 -0.0023345 -0.00302477 2.62291e-05 -0.00389856 -0.000665135 1.86102e-05
internal_weight=193080 160900 157851 142921 62389 11478 14930 12970 12384 916 11468 571 11345 11075 3127 7948 1007 356 4270 651 3049 3009 1968 1041 622 596 80532 318 203 80473
internal_count=193080 160900 157851 142921 62389 11478 14930 12970 12384 916 11468 571 11345 11075 3127 7948 1007 356 4270 651 3049 3009 1968 1041 622 596 80532 318 203 80473
is_linear=0
shrinkage=0.1


Tree=37
num_leaves=31
num_cat=0
split_feature=0 2 1 2 3 3 1 3 3 1 3 2 1 2 1 1 2 3 3 2 0 3 3 1 2 2 1 1 2 3
split_gain=1.73005 1.05132 0.96675 0.951009 0.901823 0.644629 0.617226 0.725561 0.893718 0.820231 0.781084 0.535361 0.528363 0.510209 0.488139 0.572458 0.587161 0.567539 0.511379 0.493835 0.484837 0.483616 0.475936 0.441911 0.731775 0.431427 0.455513 0.594445 0.43125 0.431086
threshold=4.5000000000000009 1.0850000000000002 6.7750000000000012 4.205000000000001 0.48954999999999999 0.6009500000000001 4.0850000000000009 0.43405000000000005 0.4199 1.0000000180025095e-35 0.46695000000000003 0.12500000000000003 1.5950000000000004 0.18500000000000003 6.3450000000000006 6.3250000000000011 0.15500000000000003 0.26479999999999998 1.0000000180025095e-35 1.0000000180025095e-35 2.5000000000000004 0.6009500000000001 0.51105000000000012 4.0650000000000004 0.15500000000000003 0.19500000000000003 3.7550000000000003 4.0150000000000006 0.13500000000000004 0.4849
decision_type=2 2 2 2 2 2 2 2 2 2 2 2 2 2 2 2 2 2 2 2 2 2 2 2 2 2 2 2 2 2
left_child=1 2 4 -3 6 -6 7 8 9 20 -9 -11 -13 -7 15 16 18 -18 -2 -20 -1 -5 -21 24 -10 26 -26 -28 -14 -8
right_child=14 3 -4 21 5 13 29 10 23 11 -12 12 28 -15 -16 -17 17 -19 19 22 -22 -23 -24 -25 25 -27 27 -29 -30 -31
leaf_value=0.024463296672329309 0.002880023504703697 -0.0080137081405325921 0.0010085913092530699 -0.0012821419802895248 0.0020462608936015771 0.00013579426523836299 0.00018689738093070129 0.0035102459687503793 -0.017143017182373727 0.014052996411919594 -0.0020395582775017832 -0.0051425933436930289 -0.0061422175351806265 -0.006291726432740688 0.00012025091783757006 -0.0046049044772011804 -0.0014702305994039764 -0.00052899663789403198 -0.0044158750644917614 -8.627408625075233e-05 0.0039209597502593641 0.011918902509462308 0.0040664920842525135 0.0073519757982077345 0.0012520162187848916 -0.0087732452242601702 -0.012263957584703652 0.0036232447890298704 -0.00046444907616587729 -0.0040392362718539672
leaf_weight=20 614 293 14155 151 3824 699 92263 858 49 25 360 251 135 150 13146 348 8111 30479 257 11122 27 34 283 28 171 139 72 35 14739 242
leaf_count=20 614 293 14155 151 3824 699 92263 858 49 25 360 251 135 150 13146 348 8111 30479 257 11122 27 34 283 28 171 139 72 35 14739 242
internal_value=-4.21513e-12 0.000211663 0.000229111 -0.00446941 0.000132399 0.00149284 7.42957e-05 -0.000481237 -0.000663742 -0.000527673 0.00186991 -0.000568593 -0.000592761 -0.00099981 -0.000423326 -0.000562856 -0.000535202 -0.000726829 6.71824e-05 -8.09126e-05 0.0126624 0.001144 1.67713e-05 -0.00484966 -0.0055828 -0.00422441 -0.00194999 -0.00706721 -0.000515982 0.000175841
internal_weight=193080 128720 128242 478 114087 4673 109414 16909 15691 15197 1218 15150 15125 849 64360 51214 50866 38590 12276 11662 47 185 11405 494 466 417 278 107 14874 92505
internal_count=193080 128720 128242 478 114087 4673 109414 16909 15691 15197 1218 15150 15125 849 64360 51214 50866 38590 12276 11662 47 185 11405 494 466 417 278 107 14874 92505
is_linear=0
shrinkage=0.1


Tree=38
num_leaves=31
num_cat=0
split_feature=0 0 3 2 1 2 0 2 1 3 3 2 1 1 3 1 3 3 3 3 1 1 1 3 3 3 1 1 3 1
split_gain=1.53037 0.929784 0.67892 1.06621 0.614554 0.902966 0.663671 0.520358 1.14327 0.711036 0.678233 0.855779 1.20289 0.730453 0.751591 0.752681 0.677129 0.669102 1.2099 0.815584 0.98781 0.740547 0.636314 0.622416 1.10668 0.718204 0.644454 0.761129 0.600687 0.592902
threshold=1.5000000000000002 5.5000000000000009 0.44690000000000002 2.1800000000000002 7.6850000000000014 0.14500000000000005 4.5000000000000009 0.16500000000000004 6.0050000000000008 0.11564999999999996 0.28335000000000005 0.12500000000000003 1.5950000000000004 5.0250000000000012 0.28605000000000008 6.3450000000000006 0.29980000000000001 0.25845000000000007 0.26705000000000007 0.27595000000000008 7.4250000000000007 7.1050000000000013 5.1550000000000011 0.32010000000000005 0.37825000000000003 0.31525000000000009 6.3850000000000007 6.2750000000000012 0.37235000000000001 4.5050000000000008
decision_type=2 2 2 2 2 2 2 2 2 2 2 2 2 2 2 2 2 2 2 2 2 2 2 2 2 2 2 2 2 2
left_child=-1 2 3 4 7 -6 -7 9 -9 -2 17 13 -13 -12 15 -15 -14 21 -19 -20 -21 29 -16 25 28 -10 27 -27 -25 -11
right_child=1 -3 -4 -5 5 6 -8 8 23 10 11 12 16 14 22 -17 -18 18 19 20 -22 -23 -24 24 -26 26 -28 -29 -30 -31
leaf_value=0.00062952793615180631 0.0014123961645360575 -0.00060668183090197415 0.00071355588706274752 -0.008895751059966258 0.00013116500058402277 0.0045975274046129782 0.01611651848518075 -0.00046716500832301878 0.00024029576621238769 -0.0025478264976799472 0.0043205563439843581 0.020346962769205373 0.0015142741566046437 -0.001930673304013908 -0.015595622933610824 -0.027513969759456816 0.00017524068572959069 -0.0037246981393552025 0.0011714470570464038 -0.0016381583329173458 -0.020254295913639062 0.0041784416027720785 -0.0016074293009599285 0.0027285033043496503 -0.00057114947861052509 -0.0090434576816311712 -0.014977529339957982 0.013094584926962853 0.0085499848809857393 7.2012642977235014e-05
leaf_weight=32180 3959 32180 11909 137 483 217 65 49669 2814 989 194 30 4218 23 33 23 36079 1655 1641 1664 29 395 2235 1947 1165 41 60 25 195 6826
leaf_count=32180 3959 32180 11909 137 483 217 65 49669 2814 989 194 30 4218 23 33 23 36079 1655 1641 1664 29 395 2235 1947 1165 41 60 25 195 6826
internal_value=3.64414e-13 -0.000125906 -5.71153e-06 -7.90416e-05 -6.86889e-05 0.00275633 0.00725261 -8.7334e-05 -0.000306804 0.000117221 2.57124e-05 0.000218836 0.000330303 -0.00157348 -0.00206763 -0.0147223 0.000315401 -0.000601035 -0.00151439 -0.000417194 -0.00195704 -4.60119e-05 -0.00181096 0.000968205 0.00190936 -9.04342e-05 -0.00747674 -0.000657835 0.00325847 -0.000259532
internal_weight=193080 160900 128720 116811 116674 765 282 115909 55916 59993 56034 42835 40327 2508 2314 46 40297 13199 4989 3334 1693 8210 2268 6247 3307 2940 126 66 2142 7815
internal_count=193080 160900 128720 116811 116674 765 282 115909 55916 59993 56034 42835 40327 2508 2314 46 40297 13199 4989 3334 1693 8210 2268 6247 3307 2940 126 66 2142 7815
is_linear=0
shrinkage=0.1


Tree=39
num_leaves=31
num_cat=0
split_feature=0 2 3 1 1 1 1 3 1 3 2 3 3 2 1 3 3 3 1 3 3 3 3 2 2 2 3 3 3 2
split_gain=1.2396 0.805759 0.713701 0.70736 1.03319 0.601326 0.514861 0.510126 0.516084 0.531941 0.509449 0.886697 0.589994 0.506221 0.976707 0.738032 0.622648 0.652889 0.498207 0.547631 0.485993 1.02396 0.64068 0.521704 0.495124 0.725982 0.483085 1.01232 0.913196 0.477683
threshold=1.5000000000000002 0.21500000000000002 0.42890000000000006 6.8150000000000004 6.7550000000000008 7.4250000000000007 4.0850000000000009 0.44690000000000002 6.7950000000000008 0.46175000000000005 0.12500000000000003 0.42474999999999996 0.36095000000000005 0.15500000000000003 7.8850000000000007 0.33185000000000003 0.34685000000000005 0.39555000000000001 7.6850000000000014 0.30135000000000006 0.40040000000000003 0.40525000000000005 0.26845000000000002 0.12500000000000003 0.13500000000000004 0.14500000000000005 0.35245000000000004 0.34144999999999998 0.38605000000000006 0.22500000000000003
decision_type=2 2 2 2 2 2 2 2 2 2 2 2 2 2 2 2 2 2 2 2 2 2 2 2 2 2 2 2 2 2
left_child=29 2 5 4 -4 6 -2 -6 9 -9 11 12 -8 14 20 18 -17 -18 19 -15 22 -22 -7 -23 -25 -26 27 -16 -28 -1
right_child=1 -3 3 -5 7 13 10 8 -10 -11 -12 -13 -14 15 26 16 17 -19 -20 -21 21 23 -24 24 25 -27 28 -29 -30 -31
leaf_value=0.00059983226720119022 -0.00063594607955977888 -0.0011687663141434288 0.00039808653600019911 0.002257851435005581 -0.012214643521041707 0.0058572081309324923 -0.0018137025674652499 0.0022727635666364579 0.0047601648085450719 -0.012033285241259236 -4.9302440420732649e-05 -0.015018862149799648 0.00097717654049144474 0.00060086017174105491 -0.0027197411922257274 0.021661347797250048 0.0036800201420387453 0.022059970397664153 0.0037618592088620065 -0.020314011722803116 0.018431937028295719 0.013869714482376975 0.00015477064796621943 -0.012509660715503352 0.012509346192293777 -0.0056101250229403377 0.010199737302958966 -0.020601365944215411 -0.0072472864116231613 -0.0038968627405168974
leaf_weight=31942 20326 6922 16091 2074 87 236 2774 41 59 71 109115 46 1042 31 93 34 121 23 128 21 52 30 1193 28 41 48 50 48 75 238
leaf_count=31942 20326 6922 16091 2074 87 236 2774 41 59 71 109115 46 1042 31 93 34 121 23 128 21 52 30 1193 28 41 48 50 48 75 238
internal_value=2.25387e-12 -0.000113315 -6.58678e-05 0.000518124 0.000297425 -0.000145237 -0.000172612 -0.00598064 -0.00280895 -0.00679625 -8.92526e-05 -0.00121799 -0.00105162 0.0014752 0.000823369 0.00492374 0.00948959 0.00661571 0.000408613 -0.00784553 0.00174129 0.00637125 0.00109653 0.00210489 -0.000911738 0.00273705 -0.00479459 -0.0088071 -0.000268477 0.000566575
internal_weight=193080 160900 153978 18423 16349 135555 133303 258 171 112 112977 3862 3816 2252 1894 358 178 144 180 52 1628 199 1429 147 117 89 266 141 125 32180
internal_count=193080 160900 153978 18423 16349 135555 133303 258 171 112 112977 3862 3816 2252 1894 358 178 144 180 52 1628 199 1429 147 117 89 266 141 125 32180
is_linear=0
shrinkage=0.1


Tree=40
num_leaves=31
num_cat=0
split_feature=2 1 3 0 3 1 2 3 1 1 3 3 1 1 0 2 3 2 1 1 3 3 3 3 1 2 0 3 3 1
split_gain=1.08895 0.92116 0.878986 0.833181 0.723189 0.809577 0.69881 0.59476 0.861957 0.636057 0.636474 0.569701 0.559023 0.801277 0.594781 0.558682 0.777554 0.548669 0.513094 0.505544 0.485289 0.55252 1.18197 0.963201 1.04758 0.710048 0.773232 0.635491 0.542932 0.515418
threshold=0.16500000000000004 6.0050000000000008 1.0000000180025095e-35 5.5000000000000009 0.28335000000000005 7.6850000000000014 0.14500000000000005 0.23655000000000001 3.3250000000000006 7.0050000000000008 0.12600000000000003 0.25845000000000007 6.2550000000000008 6.6750000000000007 2.5000000000000004 0.21500000000000002 0.6009500000000001 0.12500000000000003 6.9850000000000012 8.2850000000000019 0.32010000000000005 0.19520000000000001 0.24035000000000004 0.23104999999999992 6.3950000000000005 0.18500000000000003 4.5000000000000009 0.23445000000000002 0.31525000000000009 6.3450000000000006
decision_type=2 2 2 2 2 2 2 2 2 2 2 2 2 2 2 2 2 2 2 2 2 2 2 2 2 2 2 2 2 2
left_child=2 11 6 15 5 7 -1 9 -9 18 -11 -2 -8 14 -14 20 19 -12 -4 -17 21 29 23 24 -23 26 27 -25 -24 -3
right_child=1 3 4 -5 -6 -7 12 8 -10 10 17 -13 13 -15 -16 16 -18 -19 -20 -21 -22 22 28 25 -26 -27 -28 -29 -30 -31
leaf_value=0.0030899646887129558 -0.00090933563369940355 -3.9037322543264286e-05 1.0953007038267326e-05 -0.0013521705927100997 0.000302882091029934 0.0059578431260526483 0.0013501096381092253 -0.008165659037185833 -0.0007769539114652603 -0.0040044975241741027 -0.004276627459859645 -0.00023851034524654342 0.00024712182470222019 0.0013229555733582506 -0.0080948963084542282 -0.016254061166076892 0.0079550378564153864 0.0053831399008908171 -0.010816947523165834 -0.0029744691666450324 0.0017396593484124588 -0.0084819741757957822 0.000865390524849736 -0.028441847276990301 0.0028619679181329 -0.028449679259210825 0.0090299590118229391 -0.0083800028227269657 -0.0051419881440233446 0.0052527064487542024
leaf_weight=1792 15767 351 8129 1868 75037 201 2638 160 11961 108 66 64241 134 416 236 31 63 539 44 381 5382 143 2519 20 189 22 20 75 160 387
leaf_count=1792 15767 351 8129 1868 75037 201 2638 160 11961 108 66 64241 134 416 236 31 63 539 44 381 5382 143 2519 20 189 22 20 75 160 387
internal_value=4.49796e-12 -0.000249915 0.000225673 0.000582436 0.000157152 -0.000358462 0.00149001 -0.000418898 -0.000874487 0.00020255 0.003067 -0.000370708 0.000652645 -0.00168821 -0.00507373 0.000953353 -0.00239154 0.00432935 -4.73399e-05 -0.00397366 0.00112478 0.0002732 -0.000304143 -0.00493527 -0.00202413 -0.01199 -0.0088412 -0.0126035 0.000506607 0.0027359
internal_weight=193080 91619 101461 11611 96245 21208 5216 21007 12121 8886 713 80008 3424 786 370 9743 475 605 8173 412 9268 3886 3148 469 332 137 115 95 2679 738
internal_count=193080 91619 101461 11611 96245 21208 5216 21007 12121 8886 713 80008 3424 786 370 9743 475 605 8173 412 9268 3886 3148 469 332 137 115 95 2679 738
is_linear=0
shrinkage=0.1


Tree=41
num_leaves=31
num_cat=0
split_feature=0 2 2 3 1 2 1 1 3 3 3 2 1 1 1 3 3 3 1 1 2 1 3 2 2 1 1 0 3 3
split_gain=1.03686 0.684661 0.781206 0.624422 0.582423 0.454204 0.661722 0.582907 0.461298 0.452806 0.65047 0.549988 0.4766 0.474711 0.471465 0.524931 0.390197 0.646345 0.56196 0.498538 0.728257 0.463166 0.386135 0.464431 0.576511 0.53124 0.60745 0.377524 0.688854 0.488309
threshold=4.5000000000000009 1.135 4.205000000000001 0.48954999999999999 6.7750000000000012 0.18500000000000003 3.0450000000000004 3.2550000000000003 0.66930000000000012 1.0000000180025095e-35 0.28145000000000003 0.25500000000000006 2.7350000000000008 4.1250000000000009 4.1850000000000014 0.27725000000000005 0.57105000000000017 0.55585000000000007 3.9850000000000008 3.9550000000000005 0.17500000000000002 5.4750000000000005 0.47230000000000005 0.17500000000000002 0.14500000000000005 5.8250000000000011 5.7150000000000007 1.5000000000000002 0.28055000000000002 0.26705000000000007
decision_type=2 2 2 2 2 2 2 2 2 2 2 2 2 2 2 2 2 2 2 2 2 2 2 2 2 2 2 2 2 2
left_child=1 3 -3 4 9 6 -5 -8 -7 -1 13 22 -13 27 15 -15 17 18 -9 20 -18 -19 -12 24 -24 26 -25 28 -11 -29
right_child=-2 2 -4 5 -6 8 7 16 -10 10 11 12 -14 14 -16 -17 19 21 -20 -21 -22 -23 23 25 -26 -27 -28 29 -30 -31
leaf_value=0.00087516024143917978 -0.00032772201564894331 -0.0070117530481402486 0.0013684362740683798 0.01146734335960181 0.00075244795796978699 -0.00028958321158664631 -0.011217814596602694 0.0068599576495239154 -0.0091073337397896328 -0.0030305415728353589 0.00016061104932462686 -0.0011703684937674553 0.010021608573634485 0.0049014963735477864 -0.00031746791281775518 -0.0077368549297790277 -0.014086422101328417 0.0026244223567614845 0.0014223215923858143 0.0005619285220691704 0.0052215606734777494 0.012668277291838118 -0.0056195182377221991 -0.0040759707346484158 0.00072774558023845897 -0.015629880185666922 0.012317937617384207 -0.0016493530186741858 -0.021864246755139902 0.0012862826686544273
leaf_weight=6345 64360 279 185 67 13455 680 36 203 65 670 77742 60 104 294 19350 37 56 88 2981 1073 30 96 171 388 877 37 24 2581 20 726
leaf_count=6345 64360 279 185 67 13455 680 36 203 65 670 77742 60 104 294 19350 37 56 88 2981 1073 30 96 171 388 877 37 24 2581 20 726
internal_value=-8.46603e-13 0.000163861 -0.00367051 0.000177733 0.000131585 0.00123273 0.00160148 0.00145661 -0.00105892 5.52444e-05 4.77565e-06 0.000141952 0.00592698 -0.000455238 -0.000253454 0.00348875 0.0015574 0.00210202 0.00176901 -2.52317e-05 -0.00735108 0.00786469 0.000129979 -0.00146083 -0.000307924 -0.00415179 -0.00312099 -0.00144881 -0.00357645 -0.00100488
internal_weight=193080 128720 464 128256 122881 5375 4630 4563 745 109426 103081 79403 164 23678 19681 331 4527 3368 3184 1159 86 184 79239 1497 1048 449 412 3997 690 3307
internal_count=193080 128720 464 128256 122881 5375 4630 4563 745 109426 103081 79403 164 23678 19681 331 4527 3368 3184 1159 86 184 79239 1497 1048 449 412 3997 690 3307
is_linear=0
shrinkage=0.1


Tree=42
num_leaves=31
num_cat=0
split_feature=0 3 3 2 2 1 2 2 3 3 3 3 2 0 1 3 2 3 1 1 2 2 2 2 1 1 1 0 3 2
split_gain=0.924179 0.508455 0.726052 0.471803 0.494058 1.05402 0.963066 0.481603 0.461255 0.440199 1.26913 0.501976 0.440376 0.444621 0.436601 0.417703 0.741583 0.551039 0.415373 0.414881 0.411063 0.420407 0.389025 0.73606 0.564497 0.680713 0.395195 0.426103 0.430226 0.367751
threshold=2.5000000000000004 1.0000000180025095e-35 0.27455000000000002 0.29500000000000004 1.175 1.7450000000000003 2.2250000000000001 1.7050000000000003 0.5011500000000001 0.51735000000000009 0.46695000000000003 0.58350000000000002 4.4900000000000011 5.5000000000000009 1.5950000000000004 0.54195000000000015 0.115 0.53245000000000009 7.4850000000000012 1.8950000000000002 0.24500000000000002 0.23500000000000001 5.6050000000000013 1.9350000000000003 1.4150000000000003 1.7450000000000003 17.610000000000003 1.5000000000000002 0.51735000000000009 0.23500000000000001
decision_type=2 2 2 2 2 2 2 2 2 2 2 2 2 2 2 2 2 2 2 2 2 2 2 2 2 2 2 2 2 2
left_child=1 -1 29 8 -5 7 -7 -6 19 10 12 -11 -8 -14 -9 16 -10 -18 -17 -2 21 -21 23 24 -4 -26 -25 -28 -29 -3
right_child=3 2 22 4 5 6 9 14 15 11 -12 -13 13 -15 -16 18 17 -19 -20 20 -22 -23 -24 26 25 -27 27 28 -30 -31
leaf_value=0.0014884260579353273 -0.0013514207581657005 -0.00043772363460709045 0.014135920840005083 -0.0034720237060897187 0.00051194828730057127 -0.0073136060837317596 -0.0064801316520852323 0.0037522686116489368 -0.0099372374204297863 -0.0082031807862222202 0.0081161767434052845 0.0012320445648234602 -0.0022722283469351089 0.015288555551142918 0.01606867973293577 -1.8878232939519859e-06 0.0016671682358640608 0.0064733664729589553 0.013221440790221096 -0.00013154677493691053 0.0034541462305940542 -0.004149385383836586 0.012193783585514342 -0.015457176079216879 -0.01136621268037279 0.00042614547416019966 -0.011277617754316644 -0.0052715038673745267 0.014079361399635674 -0.010560509016633864
leaf_weight=3461 2851 11572 30 831 959 341 154 162 48 131 162 99 46 21 35 2328 1108 304 24 118536 319 261 28 40 49 49059 38 27 20 36
leaf_count=3461 2851 11572 30 831 959 341 154 162 48 131 162 99 46 21 35 2328 1108 304 24 118536 319 261 28 40 49 49059 38 27 20 36
internal_value=6.61694e-13 0.000309403 0.000242397 -0.000154701 -0.00140673 -0.000593335 -0.00305363 0.00143705 -0.000125426 -0.000683894 0.00139274 -0.00414193 -0.00353576 0.0032319 0.00594046 0.00095778 0.0022864 0.00270193 0.000133044 -0.000159281 -0.000130748 -0.000140374 0.000409958 0.000403261 0.000422756 0.000414379 -0.00726064 -0.00340345 0.00296291 -0.000469118
internal_weight=193080 64360 60899 128720 2941 2110 954 1156 125779 613 383 230 221 67 197 3812 1460 1412 2352 121967 119116 118797 49291 49263 49138 49108 125 85 47 11608
internal_count=193080 64360 60899 128720 2941 2110 954 1156 125779 613 383 230 221 67 197 3812 1460 1412 2352 121967 119116 118797 49291 49263 49138 49108 125 85 47 11608
is_linear=0
shrinkage=0.1


Tree=43
num_leaves=31
num_cat=0
split_feature=0 3 2 1 1 3 1 2 2 2 1 3 3 3 1 1 3 3 3 1 2 0 3 3 3 3 1 3 1 1
split_gain=0.813205 0.538098 0.576615 0.826907 0.632417 0.607924 0.616567 1.21193 0.486723 0.790111 0.423755 0.413963 0.756015 0.477881 0.871518 0.511901 0.432647 0.936334 0.783648 0.853324 0.574835 0.627117 0.51282 0.473889 0.457859 0.443365 0.419918 0.395486 0.393525 0.558416
threshold=5.5000000000000009 0.43215000000000003 0.16500000000000004 6.0050000000000008 5.9450000000000012 1.0000000180025095e-35 1.5950000000000004 0.13500000000000004 1.635 4.1000000000000005 1.8950000000000002 0.37825000000000003 0.32010000000000005 0.39095000000000008 6.8050000000000006 7.0650000000000004 0.19520000000000001 0.24035000000000004 0.23104999999999992 6.1450000000000005 0.18500000000000003 4.5000000000000009 0.23445000000000002 0.22870000000000004 0.14335000000000003 0.31525000000000009 6.1750000000000007 0.37235000000000001 7.4050000000000011 7.0650000000000004
decision_type=2 2 2 2 2 2 2 2 2 2 2 2 2 2 2 2 2 2 2 2 2 2 2 2 2 2 2 2 2 2
left_child=1 2 5 4 10 -1 7 -7 11 -10 -4 12 16 14 26 -16 24 18 19 -18 21 22 -20 -21 -5 -19 -13 -14 29 -15
right_child=-2 -3 3 8 -6 6 -8 -9 9 -11 -12 13 27 28 15 -17 17 25 20 23 -22 -23 -24 -25 -26 -27 -28 -29 -30 -31
leaf_value=0.0013535070265302653 -0.00045889828003725696 0.00058873259085219011 -0.0019041496790763277 0.00071292632894610908 -0.0033812818756766942 -0.0087250771324919631 0.00013342512247981481 0.019713764449278283 -0.018299520750130926 0.00043975100519933873 -0.00024284269205628452 -0.017705800821487275 0.0020079771676180117 0.00048526524443223619 0.006530628853066954 -0.0066636792579016016 -0.016302722370407235 0.00077644168925540698 -0.025537452362477783 -0.0019301901451156786 -0.02556437770412727 0.0081728903576731692 -0.007515623624126117 0.0082858913129062531 0.0060534760481243859 -0.0046522222425846851 -0.0058909713396232558 0.0060698353385580991 0.010943226812078674 -0.012399539543049676
leaf_weight=4400 32180 19190 1579 502 669 23 71281 43 35 63 55575 36 2605 863 93 43 36 2519 20 240 22 20 75 56 236 160 183 264 34 35
leaf_count=4400 32180 19190 1579 502 669 23 71281 43 35 63 55575 36 2605 863 93 43 36 2519 20 240 22 20 75 56 236 160 183 264 34 35
internal_value=1.77266e-12 9.17797e-05 2.44836e-05 -0.000191676 -0.00032452 0.000212723 0.00014237 0.00980326 0.000751985 -0.00625285 -0.00028874 0.000837346 0.00115051 -0.000806353 -0.00392858 0.0023589 0.000241507 -0.000269381 -0.00439129 -0.00176546 -0.0107546 -0.00792142 -0.0113097 2.58202e-06 0.00242074 0.000452221 -0.00783314 0.00238174 0.000382907 -1.69265e-05
internal_weight=193080 160900 141710 65963 57823 75747 71347 66 8140 98 57154 8042 6755 1287 355 136 3886 3148 469 332 137 115 95 296 738 2679 219 2869 932 898
internal_count=193080 160900 141710 65963 57823 75747 71347 66 8140 98 57154 8042 6755 1287 355 136 3886 3148 469 332 137 115 95 296 738 2679 219 2869 932 898
is_linear=0
shrinkage=0.1


Tree=44
num_leaves=31
num_cat=0
split_feature=0 2 2 3 1 3 3 3 3 1 1 1 3 1 1 3 1 2 1 2 2 1 1 3 3 2 3 3 1 1
split_gain=0.736843 0.430704 0.547942 0.442678 0.615296 0.91867 0.737126 1.3202 0.554192 0.522047 0.597894 0.603128 0.51495 0.504281 0.50235 0.467427 0.442677 0.435269 0.498849 0.813938 0.636728 0.420173 0.434813 0.445676 0.397649 0.375422 0.862843 0.624485 1.12955 0.434923
threshold=1.5000000000000002 0.29500000000000004 0.25500000000000006 0.32010000000000005 7.1050000000000013 0.31525000000000009 0.23104999999999992 0.22589999999999996 0.32375000000000004 7.5450000000000008 6.5650000000000004 6.455000000000001 0.31445000000000006 8.2850000000000019 6.5950000000000006 1.0000000180025095e-35 6.6450000000000005 6.2750000000000012 2.3050000000000002 1.175 2.5050000000000003 4.9450000000000012 3.3850000000000002 0.28255000000000002 0.62605000000000011 0.15500000000000003 0.31040000000000006 0.29735000000000006 7.7250000000000005 7.1450000000000005
decision_type=2 2 2 2 2 2 2 2 2 2 2 2 2 2 2 2 2 2 2 2 2 2 2 2 2 2 2 2 2 2
left_child=-1 2 3 4 15 6 7 -6 9 10 11 -5 25 -10 -12 -2 -16 18 19 -3 -20 22 -4 -24 -22 27 29 -8 -29 -27
right_child=1 17 21 8 5 -7 12 -9 13 -11 14 -13 -14 -15 16 -17 -18 -19 20 -21 24 -23 23 -25 -26 26 -28 28 -30 -31
leaf_value=0.00043682139764108022 0.00037931492006252525 -0.0030475048034099266 0.0091261208670473867 0.0012384878349789041 0.0025418720213376089 0.0091344005639309722 -0.00081900770717337689 0.022204890521243217 2.596392644350688e-05 -0.014653403097763657 0.019141132811394831 -0.0081161222443587987 -0.011071140080863654 0.015906733330339193 -0.010256705215433613 -0.00042628153416746908 0.0050251004826014521 0.0090983195509761576 -0.0070857783917531812 0.00095975396745599925 -0.0019838012565986138 0.017560895788483324 -0.0099717852791634098 0.0039875415400743037 0.011172647293036183 -0.01253945756936446 -0.016394595010206105 0.0051505263965812252 -0.009775155982035294 0.00014083443455059421
leaf_weight=32180 8242 824 77 2355 663 139 951 36 86736 20 24 71 43 20 20 57103 363 40 307 1317 537 24 35 66 24 30 42 459 57 275
leaf_count=32180 8242 824 77 2355 663 139 951 36 86736 20 24 71 43 20 20 57103 363 40 307 1317 537 24 35 66 24 30 42 459 57 275
internal_value=-3.48168e-12 -8.73643e-05 -6.46255e-05 -7.12947e-05 -0.0002636 0.00121717 0.000786613 0.00355456 7.47228e-05 0.00144609 0.00155975 0.000964713 -0.00025528 2.96249e-05 0.00510655 -0.000324671 0.00422709 -0.00126458 -0.00140234 -0.000582507 -0.00342453 0.00514029 0.0034656 -0.000849849 -0.00142096 1.10482e-06 -0.00295685 0.000700771 0.00350176 -0.00110641
internal_weight=193080 160900 157851 157649 68040 2695 2556 699 89609 2853 2833 2426 1857 86756 407 65345 383 3049 3009 2141 868 202 178 101 561 1814 347 1467 516 305
internal_count=193080 160900 157851 157649 68040 2695 2556 699 89609 2853 2833 2426 1857 86756 407 65345 383 3049 3009 2141 868 202 178 101 561 1814 347 1467 516 305
is_linear=0
shrinkage=0.1


Tree=45
num_leaves=31
num_cat=0
split_feature=2 1 0 3 2 3 1 2 1 3 1 1 1 0 3 1 2 3 3 1 2 3 1 1 1 3 3 3 3 1
split_gain=0.625765 0.593338 0.562442 0.464863 0.557122 0.493732 0.603227 1.20045 0.558101 0.746857 0.459509 0.638297 0.584741 0.466573 0.452976 0.759047 0.571261 0.854545 0.496979 0.58034 0.479009 0.485578 0.450662 0.511681 0.449069 0.450933 0.814909 1.27558 0.641808 0.761521
threshold=0.16500000000000004 6.0050000000000008 5.5000000000000009 1.0000000180025095e-35 0.14500000000000005 0.38164999999999999 1.5950000000000004 0.13500000000000004 7.6850000000000014 0.38605000000000006 6.2550000000000008 6.6750000000000007 6.535000000000001 5.5000000000000009 0.22589999999999996 5.8750000000000009 0.19500000000000003 0.17694999999999997 0.19520000000000001 5.4150000000000009 0.21500000000000002 0.20074999999999998 7.2750000000000012 4.5050000000000008 2.4650000000000003 0.37475000000000008 0.3695 0.37015000000000003 0.36785000000000007 4.6050000000000013
decision_type=2 2 2 2 2 2 2 2 2 2 2 2 2 2 2 2 2 2 2 2 2 2 2 2 2 2 2 2 2 2
left_child=3 14 -3 4 22 6 7 -5 -7 -10 -6 12 -12 -13 15 16 -2 -18 -19 20 21 -20 23 -1 -8 26 28 -28 -26 -30
right_child=1 2 -4 5 10 8 24 -9 9 -11 11 13 -14 -15 -16 -17 17 18 19 -21 -22 -23 -24 -25 25 -27 27 -29 29 -31
leaf_value=0.0091466207552309102 -0.00037414118909541867 0.00078332310588871917 -0.0011109336982093546 -0.0054359255310816651 0.0009752111572680828 0.00042506940265220192 -0.0047518709698223987 0.017500302383506843 0.019308884243170423 0.0029320348503629762 -0.0020128235329813777 -0.00062404231379713205 -0.010469051946544274 0.0082283593352056213 -0.00019302978421576166 -0.0063048887475664747 -0.00078470738577618828 -0.010295019771895439 -0.0075538896191031189 -0.011578937627973011 -0.0060976440438342827 0.0020405911095534271 0.0076013011740719743 0.0015843388503589196 3.2144502559972212e-06 -0.0011948153728744992 0.0074590713264428669 0.00089349850447112151 0.006285441655955919 -0.0042732500323009763
leaf_weight=95 8183 9743 1868 39 2638 26844 201 55 30 388 248 344 122 72 69333 253 1485 140 67 81 218 248 159 1538 62571 3110 348 1977 77 605
leaf_count=95 8183 9743 1868 39 2638 26844 201 55 30 388 248 344 122 72 69333 253 1485 140 67 81 218 248 159 1538 62571 3110 348 1977 77 605
internal_value=2.87988e-13 -0.00018945 0.000478571 0.000171073 0.00109053 0.000121242 -2.11427e-05 0.00798421 0.00048153 0.00410741 0.000342866 -0.00177943 -0.00480109 0.000908104 -0.000286395 -0.000892792 -0.00076141 -0.00217678 -0.00491847 -0.00369255 -0.00249405 -1.39712e-07 0.00251911 0.00202428 -3.20661e-05 -1.82547e-05 3.7543e-05 0.00187622 -3.00414e-05 -0.00308114
internal_weight=193080 91619 11611 101461 5216 96245 68983 94 27262 418 3424 786 370 416 80008 10675 10422 2239 754 614 533 315 1792 1633 68889 68688 65578 2325 63253 682
internal_count=193080 91619 11611 101461 5216 96245 68983 94 27262 418 3424 786 370 416 80008 10675 10422 2239 754 614 533 315 1792 1633 68889 68688 65578 2325 63253 682
is_linear=0
shrinkage=0.1


Tree=46
num_leaves=31
num_cat=0
split_feature=0 3 1 3 2 1 3 1 2 1 3 3 3 1 1 2 1 1 2 3 1 1 3 2 0 1 2 3 2 1
split_gain=0.583038 0.389092 0.441156 0.825406 0.940017 0.396566 0.367093 0.856806 0.476437 0.442833 0.715492 0.350904 0.756494 0.504881 0.366636 0.84282 0.58861 0.505727 0.463289 0.342569 0.612608 0.49588 0.693599 0.516645 0.542189 0.397 0.368023 0.57124 0.402674 0.367947
threshold=5.5000000000000009 0.43215000000000003 4.3250000000000011 0.41864999999999997 0.19500000000000003 1.7450000000000003 0.42320000000000008 4.2250000000000005 0.18500000000000003 4.0650000000000004 0.42474999999999996 0.25845000000000007 0.12600000000000003 4.285000000000001 4.1850000000000014 0.15500000000000003 4.2650000000000006 3.4950000000000006 0.21500000000000002 0.27825000000000005 4.1450000000000005 3.7550000000000003 0.27725000000000005 0.13500000000000004 1.5000000000000002 3.7150000000000003 0.16500000000000004 0.26845000000000002 0.17500000000000002 4.0150000000000006
decision_type=2 2 2 2 2 2 2 2 2 2 2 2 2 2 2 2 2 2 2 2 2 2 2 2 2 2 2 2 2 2
left_child=1 2 3 11 6 -6 7 8 -5 -8 -11 12 14 -14 17 -16 -17 -1 -19 20 21 22 25 -23 29 -13 27 -26 -28 -25
right_child=-2 -3 -4 4 5 -7 9 -9 -10 10 -12 19 13 -15 15 16 -18 18 -20 -21 -22 23 -24 24 26 -27 28 -29 -30 -31
leaf_value=-0.0010926750497753308 -0.00038856606113461703 0.00050029530833192975 0.00011087409968502045 0.0014182718911584704 0.00025981178849327321 -0.0096121439844804035 -0.0022904407884033226 -0.017607700856538809 -0.0092841485152178899 0.013671172865455179 0.00042948600395880982 0.00047430665599677016 -0.001455532581391751 -0.0071997329159259049 0.013293728337157518 -0.0067549879948624924 0.0015010531428906557 0.0018363553835452355 0.012890027791787035 -0.00014946340110859522 0.0045770127856887364 0.012126741122454404 0.014039671416817744 -0.0048614918450624045 -0.017695377889322118 0.0082472187318166513 0.0055134879069074112 -0.0016028626841611009 -0.0018184304446252791 -0.018675940480804253
leaf_weight=736 32180 19190 112252 141 49 240 287 41 59 54 167 752 4064 159 32 228 139 1366 39 19765 430 25 44 51 32 72 102 71 282 31
leaf_count=736 32180 19190 112252 141 49 240 287 41 59 54 167 752 4064 159 32 228 139 1366 39 19765 430 25 44 51 32 72 102 71 282 31
internal_value=2.04601e-12 7.77132e-05 2.04882e-05 -0.000323934 -0.00309372 -0.00793835 -0.00122442 -0.00443861 -0.00173894 0.000300415 0.00366501 -0.000222772 -0.00085157 -0.00167181 0.000512154 -0.00227091 -0.00362804 0.00103081 0.00214318 -2.64119e-05 0.00125906 0.000283191 0.00180671 -0.0019431 -0.00256128 0.00115349 -0.00129461 -0.00660248 0.00012911 -0.010084
internal_weight=193080 160900 141710 29458 1038 289 749 241 200 508 221 28420 6763 4223 2540 399 367 2141 1405 21657 1892 1462 868 594 569 824 487 103 384 82
internal_count=193080 160900 141710 29458 1038 289 749 241 200 508 221 28420 6763 4223 2540 399 367 2141 1405 21657 1892 1462 868 594 569 824 487 103 384 82
is_linear=0
shrinkage=0.1


Tree=47
num_leaves=31
num_cat=0
split_feature=0 2 2 2 1 2 2 1 2 3 3 3 3 2 3 2 1 1 1 2 3 2 1 1 1 1 1 1 2 2
split_gain=0.551564 0.329873 0.464129 0.344675 0.422123 0.681297 0.566812 0.447966 0.455424 0.356296 0.353862 0.343442 0.513683 0.794337 0.51805 0.501624 0.431934 0.495026 0.420298 0.633093 0.369909 1.26356 1.18957 0.749694 0.683015 0.83302 0.680833 0.618547 0.847373 0.426907
threshold=1.5000000000000002 0.29500000000000004 0.25500000000000006 6.2750000000000012 1.8950000000000002 1.175 2.2250000000000001 3.6350000000000002 2.8400000000000003 0.4849 0.46440000000000009 0.5011500000000001 0.57105000000000017 0.115 0.55585000000000007 0.14500000000000005 7.1650000000000009 3.0450000000000004 5.1750000000000007 0.17500000000000002 0.54195000000000015 0.14500000000000005 5.2550000000000008 5.8450000000000006 6.8050000000000006 6.5950000000000006 6.6350000000000007 7.1450000000000005 0.13500000000000004 0.14500000000000005
decision_type=2 2 2 2 2 2 2 2 2 2 2 2 2 2 2 2 2 2 2 2 2 2 2 2 2 2 2 2 2 2
left_child=-1 2 11 4 5 -3 -6 9 10 -8 -9 -2 13 -13 18 -16 17 -14 -15 20 21 23 -23 -20 25 -25 -24 28 -26 -22
right_child=1 3 -4 -5 6 -7 7 8 -10 -11 -12 12 16 14 15 -17 -18 -19 19 -21 29 22 26 24 27 -27 -28 -29 -30 -31
leaf_value=0.00037793240570852676 -8.7924295759987187e-05 -0.0026667283672728755 0.0047346436785416467 0.0081157882278785117 -0.0063428030138981007 0.0010710361719555486 -0.0003727502738818144 -0.017054341296016268 -0.0010056516331919767 0.013632638896267644 -0.0037125604497268796 -0.0085063754090745191 0.003915833011344275 0.0029378250737992187 0.017195407234664475 0.0043595954984760824 0.0055530268476780406 -0.001536177857722365 -0.014697575849584407 -0.0049013367584958001 0.0028282996341092697 -0.011053950677430908 0.0044013153682167213 7.6922875800603676e-05 5.7601736827766424e-05 0.018550214389882361 0.012953277835931969 0.00051873182511013563 -0.023377904949150739 -0.0038858159832055061
leaf_weight=32180 152869 808 202 40 326 1230 39 33 489 34 50 76 187 1076 35 234 109 1522 45 199 151 43 441 131 27 30 118 66 36 254
leaf_count=32180 152869 808 202 40 326 1230 39 33 489 34 50 76 187 1076 35 234 109 1522 45 199 151 43 441 131 27 30 118 66 36 254
internal_value=5.7026e-12 -7.55865e-05 -5.56866e-05 -0.00110583 -0.00122842 -0.000410865 -0.00294435 -0.00122669 -0.00216816 0.00615031 -0.00901712 -6.18246e-05 0.000772869 0.00158502 0.00185077 0.00602968 -0.000550342 -0.000939615 0.00142122 0.000362256 0.00114277 0.00223429 0.00497367 -0.00268842 -0.00082493 0.00351915 0.00620656 -0.00624661 -0.0133341 -0.00138253
internal_weight=193080 160900 157851 3049 3009 2038 971 645 572 73 83 157649 4780 2962 2886 269 1818 1709 2617 1541 1342 937 602 335 290 161 559 129 63 405
internal_count=193080 160900 157851 3049 3009 2038 971 645 572 73 83 157649 4780 2962 2886 269 1818 1709 2617 1541 1342 937 602 335 290 161 559 129 63 405
is_linear=0
shrinkage=0.1


Tree=48
num_leaves=31
num_cat=0
split_feature=2 1 3 1 2 1 1 1 1 3 2 1 1 2 3 3 1 3 3 1 2 3 3 1 0 1 3 3 3 1
split_gain=0.484964 0.496816 0.457698 0.547864 0.520864 0.479842 0.444464 1.00727 0.585975 0.830913 1.41449 0.924558 0.604137 1.02713 0.519997 0.45998 0.698181 0.614181 0.457421 0.441553 0.493477 0.69364 1.15616 0.440012 0.635141 0.423807 0.417549 1.29408 0.408361 0.729061
threshold=0.21500000000000002 7.6850000000000014 0.42890000000000006 7.6250000000000009 0.15500000000000003 7.5850000000000009 6.8150000000000004 6.7550000000000008 7.3550000000000013 0.45275000000000004 0.13500000000000004 7.5850000000000009 7.245000000000001 0.14500000000000005 0.52460000000000007 0.47475000000000001 6.9750000000000005 0.46440000000000009 0.44690000000000002 7.8850000000000007 0.15500000000000003 0.35245000000000004 0.34144999999999998 7.1050000000000013 2.5000000000000004 7.0850000000000009 0.31285000000000007 0.28735000000000005 0.4199 7.3050000000000006
decision_type=2 2 2 2 2 2 2 2 2 2 2 2 2 2 2 2 2 2 2 2 2 2 2 2 2 2 2 2 2 2
left_child=1 2 3 5 -5 28 7 -4 12 10 -10 -11 13 15 18 17 -17 -8 -9 26 21 22 -21 25 -25 -18 27 -3 -1 -30
right_child=-2 19 6 4 -6 -7 8 14 9 11 -12 -13 -14 -15 -16 16 23 -19 -20 20 -22 -23 -24 24 -26 -27 -28 -29 29 -31
leaf_value=-1.4700170826465525e-05 -0.00079343048158720298 0.0053008853216414097 0.00037540546486272849 -0.0032570510605154073 -0.018348308530851051 0.0047092647033747936 -0.00011302404241954408 -0.0094665497310814414 -0.031688952153282511 -0.00080115256545728447 -0.0036403484120965004 0.013185202249071815 0.0069208720940536345 0.0042209799637779816 -0.019774009060600534 0.00099082307124408945 -0.0088868056530439551 0.0099609248327012651 -0.0012499450610862822 -0.0012255833093839667 0.0039492636907073721 0.0016615606182062163 -0.018618238759798962 0.0087695544352754951 -0.0092723289970308553 -0.025122177563607698 0.0051717160567860826 -0.0087204125598026906 -0.0011783884355166612 0.011093745084137333
leaf_weight=157663 7408 189 19312 190 26 213 410 105 21 336 125 55 266 868 23 187 82 71 191 116 190 203 57 32 50 20 509 101 4012 49
leaf_count=157663 7408 189 19312 190 26 213 410 105 21 336 125 55 266 868 23 187 82 71 191 116 190 203 57 32 50 20 509 101 4012 49
internal_value=-1.19852e-11 3.16565e-05 1.75792e-05 -4.0669e-05 -0.00507359 -3.39558e-05 0.000443918 0.000283343 0.00169333 -0.00123745 -0.00767474 0.00116624 0.00248579 0.0017999 -0.00529006 -0.000666646 -0.00331231 0.00137398 -0.00416462 0.00193242 -0.000204506 -0.00230349 -0.00695611 -0.00768561 -0.00223159 -0.0120702 0.00344619 0.000417606 -4.02029e-05 -0.00103031
internal_weight=193080 185672 184307 162153 216 161937 22154 19631 2523 537 146 391 1986 1720 319 852 371 481 296 1365 566 376 173 184 82 102 799 290 161724 4061
internal_count=193080 185672 184307 162153 216 161937 22154 19631 2523 537 146 391 1986 1720 319 852 371 481 296 1365 566 376 173 184 82 102 799 290 161724 4061
is_linear=0
shrinkage=0.1


Tree=49
num_leaves=31
num_cat=0
split_feature=0 2 3 1 1 0 3 3 0 3 3 3 1 2 1 1 3 3 1 3 2 3 1 1 1 1 2 1 3 3
split_gain=0.449217 0.401055 0.318795 0.316162 0.352257 0.350332 0.331941 0.354273 0.585057 0.561927 0.453469 0.288994 0.622597 0.457327 0.467163 0.461484 0.44608 0.344318 0.336741 0.350469 0.326725 0.304208 0.390277 0.312888 0.434121 0.304174 0.277076 0.486243 0.275318 0.510848
threshold=3.5000000000000004 0.21500000000000002 0.7320500000000002 1.0000000180025095e-35 2.3050000000000002 2.5000000000000004 0.16025000000000003 0.34685000000000005 1.5000000000000002 0.36010000000000003 0.32225000000000004 0.28335000000000005 7.2250000000000005 0.14500000000000005 7.7250000000000005 7.5150000000000006 0.16740000000000002 0.25685000000000008 7.245000000000001 0.27825000000000005 0.12500000000000003 0.1847 5.9850000000000012 5.705000000000001 5.5950000000000006 6.705000000000001 0.18500000000000003 4.3850000000000007 0.22254999999999997 0.12600000000000003
decision_type=2 2 2 2 2 2 2 2 2 2 2 2 2 2 2 2 2 2 2 2 2 2 2 2 2 2 2 2 2 2
left_child=1 3 -2 5 6 -1 -5 8 -8 -9 -10 12 16 15 18 17 -6 -14 -15 -20 -17 22 23 24 26 -24 -18 -28 29 -3
right_child=2 28 -4 4 11 -7 7 9 10 -11 -12 -13 13 14 -16 20 21 -19 19 -21 -22 -23 25 -25 -26 -27 27 -29 -30 -31
leaf_value=0.016140035167336465 -0.00014378758377279726 0.00023382340548831282 -0.0039291337525029354 0.0077733475863933565 0.00047470722904250571 -0.0012256857539926257 -0.020805181790326192 0.010653614588646276 -0.00028306935596078434 -0.0042727862906894679 -0.014690006860426716 0.00029290276671203327 0.0092826160474045998 0.0088125498118725703 0.01047357771425478 -0.0056771826056208003 -0.0026606999244721419 0.0017234063147128942 -0.0025776793251428357 -0.016424923231603491 0.0037754338286022713 -0.00037752426845759758 0.0037035599707502067 -0.0098405452130828058 0.0055314703193009617 -0.0039361573849441261 -0.014184795273467899 0.0026975971103335421 -0.00087060899601066949 -0.0097257855741614569
leaf_weight=26 96317 103 223 25 7180 21 28 33 74 107 31 69383 207 22 31 57 258 85 141 21 102 16397 143 80 52 82 59 24 1665 103
leaf_count=26 96317 103 223 25 7180 21 28 33 74 107 31 69383 207 22 31 57 258 85 141 21 102 16397 143 80 52 82 59 24 1665 103
internal_value=5.51128e-14 0.000152531 -0.000152531 0.000181185 0.000177112 0.00838088 -0.0032556 -0.00426557 -0.00796152 -0.00075442 -0.00453655 0.000187957 -0.000103989 0.00291241 -0.00088288 0.0047217 -0.000186746 0.00708216 -0.0027962 -0.00437269 0.00038676 -0.00046456 -0.00250915 -0.00414002 -0.0029796 0.000919307 -0.00427748 -0.00930314 -0.00129729 -0.00474598
internal_weight=193080 96540 96540 94669 94622 47 298 273 133 140 105 94324 24941 666 215 451 24275 292 184 162 159 17095 698 473 393 225 341 83 1871 206
internal_count=193080 96540 96540 94669 94622 47 298 273 133 140 105 94324 24941 666 215 451 24275 292 184 162 159 17095 698 473 393 225 341 83 1871 206
is_linear=0
shrinkage=0.1


Tree=50
num_leaves=31
num_cat=0
split_feature=2 1 1 1 1 3 3 3 0 3 3 3 3 2 2 3 1 3 3 3 3 1 1 1 0 3 1 0 3 1
split_gain=0.40551 0.459216 0.533491 1.0528 0.96987 0.878054 0.872321 0.792625 1.42641 0.717621 0.579453 0.577887 0.565741 0.433529 0.577651 0.41211 0.401785 0.387422 0.617682 0.643092 0.555136 0.493113 0.425135 0.558783 0.459585 0.402758 0.739295 0.430868 0.485086 0.657377
threshold=0.16500000000000004 6.2750000000000012 6.9850000000000012 6.8150000000000004 6.745000000000001 0.20074999999999998 0.25335000000000002 0.30135000000000006 2.5000000000000004 0.23445000000000002 0.24035000000000004 0.23104999999999992 0.28455000000000003 5.9750000000000005 5.1750000000000007 0.29145000000000004 6.3450000000000006 0.45055000000000001 0.37895000000000006 0.33185000000000003 0.38905000000000006 6.3650000000000011 6.6450000000000005 6.5150000000000006 3.5000000000000004 0.32885000000000003 6.3950000000000005 1.5000000000000002 0.32505000000000006 6.5950000000000006
decision_type=2 2 2 2 2 2 2 2 2 2 2 2 2 2 2 2 2 2 2 2 2 2 2 2 2 2 2 2 2 2
left_child=-1 -2 3 4 5 16 9 8 -6 -4 11 -7 -8 14 15 -14 -3 18 19 25 21 -20 23 -22 -24 27 -27 -12 -29 -30
right_child=1 2 6 -5 7 10 12 -9 -10 -11 17 -13 13 -15 -16 -17 -18 -19 20 -21 22 -23 24 -25 -26 26 -28 28 29 -31
leaf_value=0.00013771320350493971 -0.00022093135235578404 -0.0025012611531682553 -0.0053751493140589447 0.0044139279888702303 -0.029236005840357394 -0.0020876515625005074 0.0072346510375953382 -0.0017165919828930521 -0.0035718678025035326 -0.025090907964234549 0.003321105867429678 -0.015090062036179006 -0.010346735349815825 0.0067712773288856601 -0.015837399980174034 -0.00070464935595079131 0.0061360821441361095 0.0034785347900507264 0.00073839684741364587 0.0027052684802755418 -0.0020660630374711168 -0.016032328255474567 -0.00088559692615971857 0.0048236489653327441 -0.011827433404645751 -0.020992900895921943 -0.00058797086281369305 -0.0011796029722883432 1.5036437283963599e-05 0.019594122027909316
leaf_weight=101461 83792 62 80 786 32 235 90 345 67 24 335 40 46 69 27 1219 410 466 27 1341 373 50 85 172 70 26 56 1220 47 27
leaf_count=101461 83792 62 80 786 32 235 90 345 67 24 335 40 46 69 27 1219 410 466 27 1341 373 50 85 172 70 26 56 1220 47 27
internal_value=-1.94504e-12 -0.000152507 0.000580013 0.000991094 0.000500692 0.000895258 -0.00107806 -0.00397994 -0.0118673 -0.00992494 0.000471154 -0.00397891 -0.000443963 -0.000951733 -0.00136419 -0.00105527 0.00500152 0.000756082 0.000424752 0.0010656 -0.00209247 -0.0101517 -0.00120596 0.000108305 -0.00582707 -0.000219485 -0.00705783 0.000124741 -0.000702757 0.00715876
internal_weight=193080 91619 7827 6272 5486 5042 1555 444 99 104 4570 275 1451 1361 1292 1265 472 4295 3829 3052 777 77 700 545 155 1711 82 1629 1294 74
internal_count=193080 91619 7827 6272 5486 5042 1555 444 99 104 4570 275 1451 1361 1292 1265 472 4295 3829 3052 777 77 700 545 155 1711 82 1629 1294 74
is_linear=0
shrinkage=0.1


Tree=51
num_leaves=31
num_cat=0
split_feature=0 3 2 2 2 3 2 0 2 2 3 3 2 3 3 1 3 1 1 1 3 1 2 2 3 2 1 1 1 1
split_gain=0.382918 0.268534 0.280511 0.368901 0.346671 0.326899 0.247012 0.246119 0.266089 0.428268 0.344384 0.297692 0.550455 0.273862 0.603269 0.414922 0.25583 0.253538 0.310594 0.245217 0.252785 0.42498 0.497228 0.447069 0.717009 0.444939 0.289747 0.514491 0.500184 0.447874
threshold=5.5000000000000009 0.7320500000000002 4.9050000000000011 3.7750000000000004 3.3900000000000001 0.51735000000000009 4.4900000000000011 1.5000000000000002 0.23500000000000001 4.7450000000000001 0.39175000000000004 0.44224999999999998 3.6150000000000007 0.37150000000000005 0.37315000000000004 6.7950000000000008 0.37405000000000005 4.6050000000000013 4.9850000000000012 6.705000000000001 1.0000000180025095e-35 2.9150000000000005 0.16500000000000004 0.19500000000000003 0.29295000000000004 0.21500000000000002 3.7850000000000006 4.3250000000000011 4.1850000000000014 3.9250000000000003
decision_type=2 2 2 2 2 2 2 2 2 2 2 2 2 2 2 2 2 2 2 2 2 2 2 2 2 2 2 2 2 2
left_child=7 2 3 4 -2 6 -5 8 13 10 -10 -12 -13 15 17 19 -16 -15 -19 20 26 22 -22 24 -24 -25 -1 28 29 -28
right_child=1 -3 -4 5 -6 -7 -8 -9 9 -11 11 12 -14 14 16 -17 -18 18 -20 -21 21 -23 23 25 -26 -27 27 -29 -30 -31
leaf_value=0.0064358677847457003 -0.00030331673597034552 -0.0058630963038096492 0.010507186354273775 -0.0095696431625148532 0.0096544647429670609 -0.017070118524134158 0.0056258325651288039 1.1402594331495731e-06 -0.0012021917021264891 0.0086902775336056958 -0.021231549109797927 0.0053177611636263987 -0.016643656026571991 0.013291478343307973 -0.0045448303631038722 0.0012725340533972299 0.0006974614456321112 -0.0068290735848925326 0.0057982519157539015 -0.0020086772156851689 0.008822789445519447 -1.7253036366142596e-05 -0.020285145662703806 0.0070962612884334078 -0.0036488148132486952 -0.0072836676665853405 -0.011153148477120947 0.0016998320281929023 -0.0113619329377276 0.0027465163428774652
leaf_weight=102 31967 87 24 23 35 24 20 128720 77 24 20 21 25 38 94 2798 9630 22 170 607 25 16971 44 39 63 48 30 1169 61 102
leaf_count=102 31967 87 24 23 35 24 20 128720 77 24 20 21 25 38 94 2798 9630 22 170 607 25 16971 44 39 63 48 30 1169 61 102
internal_value=-2.34212e-12 -0.000314898 -0.000299857 -0.000307945 -0.000292426 -0.00772042 -0.00250198 6.29795e-05 0.000310337 -0.00367097 -0.00574558 -0.0110462 -0.00661779 0.000331106 0.000766514 0.00013463 0.000646785 0.00582843 0.00435137 -3.06707e-05 3.36935e-05 -7.37356e-05 -0.00445075 -0.00616126 -0.0104899 -0.000837493 0.00129511 0.000910114 -0.0038732 -0.000412498
internal_weight=193080 32180 32093 32069 32002 67 43 160900 32180 167 143 66 46 32013 9954 22059 9724 230 192 19261 18654 17190 219 194 107 87 1464 1362 193 132
internal_count=193080 32180 32093 32069 32002 67 43 160900 32180 167 143 66 46 32013 9954 22059 9724 230 192 19261 18654 17190 219 194 107 87 1464 1362 193 132
is_linear=0
shrinkage=0.1


Tree=52
num_leaves=31
num_cat=0
split_feature=1 1 3 3 3 3 1 3 2 0 3 2 2 3 3 2 1 2 3 3 0 3 3 3 3 2 0 3 3 3
split_gain=0.326657 0.608368 0.565863 0.676818 0.653904 0.456034 0.395955 0.709044 0.808251 0.74564 0.701721 0.546897 0.43875 0.435291 0.418289 0.443137 0.374263 0.679232 0.650361 0.715633 0.544288 0.696552 0.634791 0.52659 0.496726 0.467846 0.367879 0.386562 0.358855 1.1999
threshold=4.4250000000000007 4.4050000000000011 0.31845000000000007 0.36095000000000005 0.34945000000000004 0.30495000000000005 4.4650000000000007 0.35910000000000003 0.19500000000000003 1.5000000000000002 0.41435000000000005 0.16500000000000004 0.20500000000000004 0.43215000000000003 0.55585000000000007 0.17500000000000002 4.5050000000000008 0.19500000000000003 0.24275000000000002 0.40795000000000003 1.5000000000000002 0.35910000000000003 0.31445000000000006 0.25515000000000004 0.44470000000000004 0.17500000000000002 5.5000000000000009 0.40040000000000003 0.24945000000000003 0.24275000000000002
decision_type=2 2 2 2 2 2 2 2 2 2 2 2 2 2 2 2 2 2 2 2 2 2 2 2 2 2 2 2 2 2
left_child=1 -1 5 4 -4 -3 7 8 28 11 26 -9 -10 -12 15 -15 17 18 25 20 21 22 -20 -19 -21 -8 27 -11 29 -2
right_child=6 2 3 -5 -6 -7 16 9 12 10 13 -13 -14 14 -16 -17 -18 23 19 24 -22 -23 -24 -25 -26 -27 -28 -29 -30 -31
leaf_value=-0.00017436895533164425 -4.8346726034215828e-05 -0.0008572664670058605 -0.0052128024601873456 -0.0020871802226237741 -0.01686939856835774 0.0096018444203461225 -0.0038846020903316593 0.00068955875255844812 -0.012235770276628245 0.0027418643854433249 -0.0067633868270050527 0.016076303592750005 0.0007546113053999411 0.0076797505964835491 -0.0093855661460228515 -0.0014229025725924641 7.4409358224330311e-05 0.0067790348579486216 -0.0024085562807672164 -0.0080573927657678727 0.001937883836409898 0.005953823502820272 -0.016608538731932642 -0.0072160217051262139 -0.00054816452890862617 -0.017180473223561421 0.012818463452038218 0.013603215208767276 0.0019252462948818371 -0.020318843988934535
leaf_weight=46597 334 317 154 434 70 48 153 33 78 238 87 77 39 105 31 109 141184 30 85 160 1148 52 50 259 196 32 61 38 849 32
leaf_count=46597 334 317 154 434 70 48 153 33 78 238 87 77 39 105 31 109 141184 30 85 160 1148 52 50 259 196 32 61 38 849 32
internal_value=2.94519e-12 -0.000227329 -0.00263962 -0.00439129 -0.00885549 0.000518178 7.44218e-05 0.001434 3.24497e-05 0.00383049 0.00257597 0.0114603 -0.00790564 -0.000687017 0.00147071 0.00304335 5.44003e-05 -0.00125043 -0.000555228 6.06222e-05 0.00112295 -0.00387998 -0.00766781 -0.00576325 -0.0039231 -0.00618443 0.00579054 0.00423727 0.000796859 -0.00182063
internal_weight=193080 47620 1023 658 224 365 145460 2111 1332 779 669 110 117 332 245 214 143349 2165 1876 1691 1335 187 135 289 356 185 337 276 1215 366
internal_count=193080 47620 1023 658 224 365 145460 2111 1332 779 669 110 117 332 245 214 143349 2165 1876 1691 1335 187 135 289 356 185 337 276 1215 366
is_linear=0
shrinkage=0.1


Tree=53
num_leaves=31
num_cat=0
split_feature=2 3 1 3 1 2 1 1 3 1 1 1 1 2 3 2 3 1 3 3 1 3 0 1 1 2 1 3 1 1
split_gain=0.319477 0.500087 0.328693 0.665317 0.507235 0.317102 1.39484 0.360822 0.41216 0.819924 0.528087 0.642139 0.571417 0.60297 0.397495 0.372162 0.631733 0.564755 0.550311 0.379229 0.548122 0.443731 0.49356 0.434613 0.464144 0.455766 0.400043 0.398915 0.434184 0.390828
threshold=0.10500000000000002 0.62605000000000011 6.3650000000000011 0.46695000000000003 6.4850000000000012 0.16500000000000004 1.5950000000000004 6.1250000000000009 0.22589999999999996 5.8750000000000009 5.7750000000000012 5.6650000000000009 5.6250000000000009 0.18500000000000003 0.22870000000000004 0.19500000000000003 0.17694999999999997 5.4150000000000009 0.19520000000000001 0.20874999999999996 3.4450000000000007 0.1847 5.5000000000000009 4.3450000000000006 4.285000000000001 0.17500000000000002 3.6750000000000003 0.10100000000000002 3.5950000000000002 2.1050000000000004
decision_type=2 2 2 2 2 2 2 2 2 2 2 2 2 2 2 2 2 2 2 2 2 2 2 2 2 2 2 2 2 2
left_child=1 2 3 -1 -4 6 -2 8 9 10 11 12 15 -14 -10 19 -17 18 -18 21 -21 27 23 24 25 -23 -22 29 -29 -7
right_child=5 -3 4 -5 -6 7 -8 -9 14 -11 -12 -13 13 -15 -16 16 17 -19 -20 20 26 22 -24 -25 -26 -27 -28 28 -30 -31
leaf_value=0.0018058868355916016 0.015003226321959308 0.0089201042647747437 -0.023440571501851082 -0.007190875511976981 -0.0044263694858911662 -0.0071172103647970499 0.00011897814024254726 0.0004408756935614263 0.0032911081968232097 -0.0050149965003571445 0.0038305613579239146 -0.005966965339222456 0.0085572340755064383 -0.0098337388996567049 -0.00012635231730082186 -0.00062185117236807422 -0.008972195555356199 -0.013517771121114491 -0.0019271438064094718 -0.0081064404324130267 0.005986225317853193 0.0065030836280909306 -0.0030077014994379639 0.0044867347131313925 -0.012705990478682977 -0.00099681704924934559 -0.0017162709658055193 0.0024650062320642346 -0.0023322011964157174 0.0003270810975635517
leaf_weight=175 63 34 20 155 47 72 100967 9920 342 437 263 227 118 21 70498 1456 140 60 533 129 72 112 185 550 26 293 1062 217 1445 3441
leaf_count=175 63 34 20 155 47 72 100967 9920 342 437 263 227 118 21 70498 1456 140 60 533 129 72 112 185 550 26 293 1062 217 1445 3441
internal_value=-7.77312e-13 -0.00271954 -0.00371639 -0.00241987 -0.0101023 6.08424e-06 0.00012826 -0.000128641 -0.000197792 -0.000771471 -0.000593538 -0.000708071 -0.000587877 0.00577874 -0.000109854 -0.000678243 -0.00182721 -0.00422148 -0.00339268 -0.000347485 -0.00192985 -3.23097e-05 0.00173002 0.00262347 0.000245759 0.00107723 -0.00122722 -0.000429387 -0.00170585 0.000174508
internal_weight=193080 431 397 330 67 192649 101030 91619 81699 10859 10422 10159 9932 139 70840 9793 2189 733 673 7604 1263 6341 1166 981 431 405 1134 5175 1662 3513
internal_count=193080 431 397 330 67 192649 101030 91619 81699 10859 10422 10159 9932 139 70840 9793 2189 733 673 7604 1263 6341 1166 981 431 405 1134 5175 1662 3513
is_linear=0
shrinkage=0.1


Tree=54
num_leaves=31
num_cat=0
split_feature=0 3 3 3 3 1 1 1 1 2 1 1 2 2 2 2 1 1 3 3 2 1 1 2 1 3 2 1 3 1
split_gain=0.30249 0.26596 0.352207 0.338315 0.606649 0.38691 0.384373 0.844737 0.62554 0.352347 0.269166 0.603638 0.239067 0.444539 0.348383 0.322662 0.273753 0.689595 0.238498 0.451314 1.63071 0.450252 0.591459 0.556061 0.367683 0.3511 0.401125 1.16009 0.542135 0.450761
threshold=2.5000000000000004 1.0000000180025095e-35 0.27455000000000002 0.27825000000000005 0.27725000000000005 5.4050000000000011 5.7750000000000012 5.5150000000000006 5.705000000000001 0.16500000000000004 6.4650000000000007 7.0850000000000009 5.6050000000000013 1.9350000000000003 0.25500000000000006 3.4550000000000005 1.4150000000000003 1.7450000000000003 0.33115000000000006 0.32585000000000003 0.12500000000000003 6.8950000000000005 6.8350000000000009 0.17500000000000002 2.1050000000000004 0.31590000000000001 0.15500000000000003 7.035000000000001 0.20564999999999997 7.6850000000000014
decision_type=2 2 2 2 2 2 2 2 2 2 2 2 2 2 2 2 2 2 2 2 2 2 2 2 2 2 2 2 2 2
left_child=1 -1 -3 4 6 9 7 -4 -9 -6 -8 -12 13 14 16 -15 -5 -18 19 21 -21 22 24 -24 -2 26 -23 28 -28 -29
right_child=18 2 3 12 5 -7 10 8 -10 -11 11 -13 -14 15 -16 -17 17 -19 -20 20 -22 25 23 -25 -26 -27 27 29 -30 -31
leaf_value=0.0010297278985653981 -0.0015569074761669361 -0.00036701307331603718 0.00035314792967509737 0.01009797687875107 0.020952101610600949 0.0032877307526858433 0.0060810422287025353 -0.026768865863877264 -0.0031826429423349708 0.0075340039182740905 -0.0071855067389837478 0.0096502327798482258 0.0094506988035781055 -0.016741191900589251 0.0072728444639194234 -0.0033998754822640019 -0.012030730880645064 0.00021895404340376126 4.1780314936306847e-05 -0.01505328995963175 -0.0010144049505152245 0.0010961936464773875 -0.0041274664336274974 0.0092304194981062959 -0.00015777553887828222 0.0035198695542715632 -0.0053889549194047091 -0.005669413985063633 0.0059309099464972675 0.0012356624846942112
leaf_weight=3461 1949 11608 215 28 28 143 141 22 23 65 57 34 28 22 70 103 46 48266 67177 85 3111 2793 560 33 51752 439 52 420 227 122
leaf_count=3461 1949 11608 215 28 28 143 141 22 23 65 57 34 28 22 70 103 46 48266 67177 85 3111 2793 560 33 51752 439 52 420 227 122
internal_value=2.15674e-12 0.000177012 0.00012855 0.000245255 0.00238501 0.00655303 0.000385715 -0.00225457 -0.0147137 0.0115739 0.00334466 -0.00089523 0.000213179 0.000207849 0.000223228 -0.00574795 0.00021302 0.000207291 -8.85059e-05 -0.000230719 -0.00138778 -0.00016734 -0.000243238 -0.00338411 -0.000208555 0.00084939 0.000525002 -0.00141816 0.00382111 -0.00411513
internal_weight=193080 64360 60899 49291 728 236 492 260 45 93 232 91 48563 48535 48410 125 48340 48312 128720 61543 3196 58347 54294 593 53701 4053 3614 821 279 542
internal_count=193080 64360 60899 49291 728 236 492 260 45 93 232 91 48563 48535 48410 125 48340 48312 128720 61543 3196 58347 54294 593 53701 4053 3614 821 279 542
is_linear=0
shrinkage=0.1


Tree=55
num_leaves=31
num_cat=0
split_feature=0 2 3 3 2 3 3 3 2 1 1 1 1 3 1 1 1 3 1 1 2 1 1 2 3 2 1 1 1 1
split_gain=0.275122 0.225668 0.257911 0.296907 0.218199 0.325147 0.518783 0.36237 0.410893 0.477088 0.337861 0.316533 0.294968 0.587306 0.620249 0.899877 0.366998 0.376948 0.363932 0.332483 0.338307 0.468418 0.353884 0.319863 0.289731 0.393596 0.331483 0.280523 0.269298 0.251342
threshold=5.5000000000000009 0.115 0.46695000000000003 0.41864999999999997 0.15500000000000003 0.23819999999999994 0.25845000000000007 0.38905000000000006 0.12500000000000003 7.3550000000000013 7.1650000000000009 7.5450000000000008 6.4450000000000012 0.33025000000000004 7.1450000000000005 7.3350000000000009 6.4850000000000012 0.35245000000000004 7.455000000000001 7.5450000000000008 0.14500000000000005 7.0450000000000008 7.3050000000000006 0.14500000000000005 0.32505000000000006 0.13500000000000004 6.5950000000000006 6.7950000000000008 7.205000000000001 6.5150000000000006
decision_type=2 2 2 2 2 2 2 2 2 2 2 2 2 2 2 2 2 2 2 2 2 2 2 2 2 2 2 2 2 2
left_child=-1 2 3 -2 5 11 -7 12 9 10 -9 -3 -8 14 24 23 17 -15 -17 20 -18 -22 -23 28 26 -26 -14 -28 -16 -6
right_child=1 4 -4 -5 29 6 7 8 -10 -11 -12 -13 13 16 15 18 19 -19 -20 -21 21 22 -24 -25 25 -27 27 -29 -30 -31
leaf_value=5.3383736924019955e-05 -0.001799612512102224 0.0013266462651015684 -0.0059526528508679292 0.010179661878425143 -0.00052039672702327514 -0.0036339441471131919 0.00019608626173458598 0.0049557110489741049 0.00066931926328889658 0.018088263422250749 -0.0071948298038198404 0.013150424072923867 0.0022135180801935292 -0.018666317416676161 0.0074885105379881014 -0.0078575934205825145 -0.003344585201594719 -0.0013076755726201968 0.0023419567300800898 -0.0089106822156657783 0.0028324104724376186 -0.010494996547432883 0.0023230951226183346 0.0027428426049851086 -0.00224481819378626 0.012647737573300089 -0.0049026618516832899 -0.00069313860598832109 0.018481191297849784 0.00077765735155929357
leaf_weight=160900 206 1453 148 23 19685 395 3851 191 2238 25 26 23 181 29 39 48 645 22 129 75 246 56 35 37 36 35 294 343 52 1614
leaf_count=160900 206 1453 148 23 19685 395 3851 191 2238 25 26 23 181 29 39 48 645 22 129 75 246 56 35 37 36 35 294 343 52 1614
internal_value=1.23754e-12 -0.000266919 -0.00269915 -0.000596454 -0.000238086 0.000134902 -9.00608e-05 7.20884e-05 0.00109259 0.00500695 0.00349989 0.00151089 -0.000339229 -0.00123476 0.000303921 0.0041951 -0.00289286 -0.0111783 -0.000424023 -0.00249309 -0.00200295 0.000564871 -0.00556496 0.0105825 -0.00103107 0.00509658 -0.00156294 -0.002636 0.01377 -0.000422033
internal_weight=193080 32180 377 229 31803 10504 9028 8633 2480 242 217 1476 6153 2302 1194 305 1108 51 177 1057 982 337 91 128 889 71 818 637 91 21299
internal_count=193080 32180 377 229 31803 10504 9028 8633 2480 242 217 1476 6153 2302 1194 305 1108 51 177 1057 982 337 91 128 889 71 818 637 91 21299
is_linear=0
shrinkage=0.1


Tree=56
num_leaves=31
num_cat=0
split_feature=0 2 2 3 3 2 2 1 3 3 3 3 1 1 3 2 1 2 1 1 3 1 1 1 3 2 3 1 0 2
split_gain=0.241147 0.216097 0.319351 0.244663 0.239639 0.450714 0.210577 0.509206 0.467423 0.481779 0.210009 0.492389 0.349776 0.458756 0.381672 0.820097 0.358534 0.648475 0.47312 0.403904 0.398413 0.388128 0.631177 0.629546 0.699293 0.566163 0.451725 0.44387 0.397937 0.624043
threshold=1.5000000000000002 0.23500000000000001 4.7450000000000001 0.39175000000000004 0.44224999999999998 3.6150000000000007 0.10500000000000002 6.455000000000001 0.62605000000000011 0.46695000000000003 0.32010000000000005 0.32105000000000006 8.0050000000000008 7.4850000000000012 0.31215000000000004 0.15500000000000003 5.9450000000000012 0.18500000000000003 4.8850000000000007 4.0150000000000006 0.31445000000000006 6.495000000000001 6.5450000000000008 6.5650000000000004 0.31845000000000007 0.17500000000000002 0.31590000000000001 6.7950000000000008 4.5000000000000009 0.16500000000000004
decision_type=2 2 2 2 2 2 2 2 2 2 2 2 2 2 2 2 2 2 2 2 2 2 2 2 2 2 2 2 2 2
left_child=1 -1 3 -3 -5 -6 7 8 9 -2 12 -12 13 14 -8 -16 18 21 19 -17 -20 26 -23 -24 25 27 -18 -25 -28 -30
right_child=6 2 -4 4 5 -7 10 -9 -10 -11 11 -13 -14 -15 15 16 17 -19 20 -21 -22 22 23 24 -26 -27 28 -29 29 -31
leaf_value=0.00026861145825869752 0.0017186418097340861 -0.0012999558609656315 0.0073362971656024461 -0.018735631532035769 0.0051762127627929056 -0.014696170294657349 -0.00012064700372901388 -0.011676220167154338 0.012488964215541881 -0.0060008215327416702 0.0029144926897614548 3.5645917217893022e-05 -0.0063725778290613022 0.0023230049027054842 0.00071041691926815439 -0.00069962171394288137 -0.0079241814274976473 -0.01326932532070769 0.0034248145992682869 -0.0034110418587552332 -0.00078514813978919666 0.015997958859509748 -0.017461814498528839 0.0024814862012399186 0.018101263307908084 0.013855860852414654 0.0031265830541912891 -0.0081042079960987456 0.0041684342168823432 -0.016194991359268041
leaf_weight=32013 169 77 24 20 21 25 61486 51 24 155 598 91469 91 731 2005 989 211 66 298 1236 915 23 22 69 20 21 97 93 27 34
leaf_count=32013 169 77 24 20 21 25 61486 51 24 155 598 91469 91 731 2005 989 211 66 298 1236 915 23 22 69 20 21 97 93 27 34
internal_value=-4.43645e-12 0.000249895 -0.00333798 -0.00512946 -0.00959722 -0.005624 -4.9979e-05 -0.00234443 -0.000976844 -0.00197431 -4.4275e-05 5.43448e-05 -0.000176952 -0.000168703 -0.000195642 -0.000948361 -0.00175541 -0.00384811 -0.00133967 -0.00220583 0.000249121 -0.00284033 0.000219043 -0.00139391 0.000347436 -0.00159287 -0.00489649 -0.00359549 -0.000853186 -0.00718167
internal_weight=193080 32180 167 143 66 46 160900 399 348 324 160501 92067 68434 68343 67612 6126 4121 683 3438 2225 1213 617 248 225 203 183 369 162 158 61
internal_count=193080 32180 167 143 66 46 160900 399 348 324 160501 92067 68434 68343 67612 6126 4121 683 3438 2225 1213 617 248 225 203 183 369 162 158 61
is_linear=0
shrinkage=0.1


Tree=57
num_leaves=31
num_cat=0
split_feature=2 1 3 1 3 3 1 1 1 0 1 3 3 1 2 1 1 1 1 2 3 3 3 3 3 2 3 3 3 0
split_gain=0.224603 0.333299 0.328275 0.355415 0.360736 0.810812 0.684508 0.386768 0.518489 0.520845 0.368906 0.346756 0.472961 0.441937 0.739685 0.331476 0.355877 0.459045 0.325318 0.401445 0.562312 0.911598 0.394106 1.03245 0.407232 0.733039 0.394361 0.498925 0.489935 0.366913
threshold=0.21500000000000002 7.6850000000000014 0.48954999999999999 7.5150000000000006 0.57105000000000017 0.55585000000000007 3.0450000000000004 7.3750000000000009 7.1650000000000009 2.5000000000000004 3.8150000000000004 0.54195000000000015 0.53245000000000009 5.6250000000000009 0.13500000000000004 5.9450000000000012 7.0450000000000008 6.9850000000000012 7.8850000000000007 0.15500000000000003 0.35245000000000004 0.34144999999999998 0.31285000000000007 0.28735000000000005 0.42785000000000006 0.13500000000000004 0.39445000000000002 0.36095000000000005 0.37150000000000005 4.5000000000000009
decision_type=2 2 2 2 2 2 2 2 2 2 2 2 2 2 2 2 2 2 2 2 2 2 2 2 2 2 2 2 2 2
left_child=1 2 -1 4 5 11 -6 8 -8 -10 -7 12 -4 14 -13 -15 17 -17 22 20 21 -20 23 -3 26 -26 27 -24 -29 -28
right_child=-2 18 3 -5 6 10 7 -9 9 -11 -12 13 -14 15 -16 16 -18 -19 19 -21 -22 -23 24 -25 25 -27 29 28 -30 -31
leaf_value=-1.8036348440618953e-05 -0.00053996088903994174 0.0042971846653720135 0.00072609868351374853 0.010047029124107213 0.0061799360795805735 -0.0022240250504442622 -0.0011710179718751339 -0.010869405502214647 -0.0017401369661092757 0.013710449108233056 0.0071691098562523467 0.011795302103028487 0.0040309760107164515 -0.008388435516083979 -0.00028006278853176606 -0.0015780129599625764 -0.0075796884348771233 0.011106843443121761 -0.0012496128883052234 0.0034906408835683432 0.001421023885736109 -0.016693561514349361 0.0076154603175317016 -0.0082267566694702848 0.010122318487041274 -0.0069855328516236371 0.0074457644624635584 -0.0080248047993079115 0.0048005527405835247 0.020115593727678061
leaf_weight=176510 7408 189 3844 40 142 49 1828 39 40 48 285 57 488 97 461 263 84 32 116 190 203 57 167 101 39 70 80 53 68 32
leaf_count=176510 7408 189 3844 40 142 49 1828 39 40 48 285 57 488 97 461 263 84 32 116 190 203 57 167 101 39 70 80 53 68 32
internal_value=4.88514e-12 2.15435e-05 1.00133e-05 0.000645006 0.000596523 0.00101161 -0.000523834 -0.00101076 -0.000810086 0.00668746 0.00579108 0.000711884 0.00109839 -0.000972583 0.00104869 -0.00317221 -0.00183718 -0.000202029 0.0015784 -0.000255828 -0.00214899 -0.00633808 0.00287774 -6.46018e-05 0.00455412 -0.000864375 0.00603066 0.00407259 -0.000817166 0.0110657
internal_weight=193080 185672 184307 7797 7757 5660 2097 1955 1916 88 334 5326 4332 994 518 476 379 295 1365 566 376 173 799 290 509 109 400 288 121 112
internal_count=193080 185672 184307 7797 7757 5660 2097 1955 1916 88 334 5326 4332 994 518 476 379 295 1365 566 376 173 799 290 509 109 400 288 121 112
is_linear=0
shrinkage=0.1


Tree=58
num_leaves=31
num_cat=0
split_feature=2 0 3 3 3 2 0 1 1 3 3 3 1 3 3 2 0 3 3 3 2 1 1 3 1 3 1 3 3 3
split_gain=0.217911 0.211877 0.209496 0.167442 0.392245 0.923351 0.276736 0.257458 0.455142 0.724345 0.406087 0.649387 0.357698 0.413821 0.428713 0.493125 0.353723 0.451549 0.316691 0.663721 0.54235 0.312178 0.383908 0.728458 0.364768 0.612527 0.389605 1.09654 0.365007 0.283391
threshold=7.160000000000001 5.5000000000000009 0.7320500000000002 0.42890000000000006 0.42785000000000006 0.14500000000000005 4.5000000000000009 7.4250000000000007 7.0650000000000004 0.33644999999999997 0.42120000000000007 0.42625000000000002 7.0150000000000006 0.29425000000000007 0.41864999999999997 0.115 3.5000000000000004 0.30655000000000004 0.25984999999999997 0.26845000000000002 0.13500000000000004 7.4850000000000012 7.5150000000000006 0.34745000000000004 7.5450000000000008 0.25685000000000008 7.5850000000000009 0.30565000000000003 0.33400000000000002 0.27725000000000005
decision_type=2 2 2 2 2 2 2 2 2 2 2 2 2 2 2 2 2 2 2 2 2 2 2 2 2 2 2 2 2 2
left_child=1 3 -3 4 7 6 -6 8 12 -10 -11 -12 -1 18 15 -15 -17 -18 -14 -20 -21 29 23 -23 25 -24 27 -26 -29 -9
right_child=-2 2 -4 -5 5 -7 -8 21 9 10 11 -13 13 14 -16 16 17 -19 19 20 -22 22 24 -25 26 -27 -28 28 -30 -31
leaf_value=1.9388155038877578e-05 0.01043764265079517 -0.00022204440821742556 -0.005135824100981499 0.00031541828288893247 -0.007520792301901176 -0.00066179308554554736 -0.018641240856256978 0.011419878536608162 2.6592189436949528e-05 -0.0028168589020523471 0.019181652283507655 -0.0037769988644868139 0.0015385237679227579 0.018253987587311053 -0.010073898581458707 0.0013752990503577735 0.018194243008339848 0.0045681272028964401 -0.019446969598531726 0.010111347219596306 -0.0053929131554828575 0.0021629233390959945 -0.011514422359565894 -0.0091958390432145369 0.0034886055112307527 0.0064135903813559748 0.0010301833129332926 -0.022754220231233732 -0.00809634171712857 0.0026633403549591703
leaf_weight=131850 20 32090 87 20145 98 591 29 41 2776 1726 22 28 196 22 24 462 27 245 25 30 91 116 21 110 97 206 1442 23 65 375
leaf_count=131850 20 32090 87 20145 98 591 29 41 2776 1726 22 28 196 22 24 462 27 245 25 30 91 116 21 110 97 206 1442 23 65 375
internal_value=-3.42033e-13 -1.08129e-06 -0.00023533 4.57691e-05 7.17196e-06 -0.00232417 -0.0100601 1.91267e-05 8.58685e-07 -0.00098239 -0.00255949 0.00632481 3.4518e-05 0.00181248 0.00308415 0.00350187 0.00305971 0.00592072 -0.00108783 -0.00461362 -0.00154888 0.00102565 0.000525511 -0.00336568 0.000999842 0.00475505 0.000475913 -0.0038444 -0.0119274 0.00352636
internal_weight=193080 193060 32177 160883 140738 718 127 140020 137524 4552 1776 50 132972 1122 780 756 734 272 342 146 121 2496 2080 226 1854 227 1627 185 88 416
internal_count=193080 193060 32177 160883 140738 718 127 140020 137524 4552 1776 50 132972 1122 780 756 734 272 342 146 121 2496 2080 226 1854 227 1627 185 88 416
is_linear=0
shrinkage=0.1


Tree=59
num_leaves=31
num_cat=0
split_feature=2 1 3 3 1 2 1 0 3 3 3 2 1 1 1 1 2 3 3 1 1 1 2 1 1 3 1 1 1 3
split_gain=0.197068 0.361221 0.472592 0.428743 0.412201 0.196567 1.11578 0.349509 0.341406 0.37647 0.50543 0.638286 0.537492 0.467944 1.53427 0.527181 0.430266 0.421413 0.398426 0.706354 1.44642 1.00708 0.929893 0.655882 0.556099 0.422854 0.388216 0.387534 0.389729 0.350637
threshold=0.10500000000000002 6.3650000000000011 0.62605000000000011 0.46695000000000003 6.4850000000000012 0.16500000000000004 1.5950000000000004 4.5000000000000009 0.16740000000000002 0.28335000000000005 0.27825000000000005 0.12500000000000003 7.245000000000001 7.0150000000000006 6.7750000000000012 6.8850000000000007 0.13500000000000004 0.27725000000000005 0.29425000000000007 7.3350000000000009 7.1450000000000005 6.6850000000000014 0.13500000000000004 7.7250000000000005 6.7250000000000005 0.29055000000000003 6.6550000000000011 6.6250000000000009 6.7750000000000012 0.28055000000000002
decision_type=2 2 2 2 2 2 2 2 2 2 2 2 2 2 2 2 2 2 2 2 2 2 2 2 2 2 2 2 2 2
left_child=1 2 3 -1 -3 6 7 -2 -8 10 17 29 13 14 -13 -16 -15 -10 19 20 21 26 -21 -24 -23 -22 -11 -19 -29 -12
right_child=5 4 -4 -5 -6 -7 8 -9 9 18 11 12 -14 16 15 -17 -18 27 -20 22 25 24 23 -25 -26 -27 -28 28 -30 -31
leaf_value=0.0015624225371118105 0.0075620862918022351 -0.020737110886257144 0.01217327633729348 -0.0056597960956635022 -0.0039726876236752355 -0.00010129422494928593 0.00074023421101029148 0.022899826189192632 -0.00027172675363914568 0.0014061619940288115 -0.004313730976769123 -0.0018218468323304903 -0.011598894950152646 0.013911502424846678 -0.030114365750077095 -0.011082076679828556 -0.0012210138742202185 0.0047043751838286938 8.2357104159067897e-05 0.010665285761558242 0.0072121159938563191 -0.013240270248691864 -0.0051092667668126528 -0.021867044141580319 -0.0019998740472277308 0.018349955363997392 0.0084935587335708031 -0.0096081142844415685 0.0024236570364640406 0.0083832109245289676
leaf_weight=175 39 20 26 155 55 91619 7534 24 16629 3562 29 1460 62 34 22 43 42 316 70034 31 112 48 120 29 530 49 79 43 72 87
leaf_count=175 39 20 26 155 55 91619 7534 24 16629 3562 29 1460 62 34 22 43 42 316 70034 31 112 48 120 29 530 49 79 43 72 87
internal_value=-1.03488e-12 -0.00213591 -0.000807133 -0.00182983 -0.0084432 4.77853e-06 0.000100971 0.013405 9.26693e-05 4.04527e-05 -0.000358975 -0.00196297 -0.00246324 -0.00210945 -0.00249111 -0.0175238 0.0055488 -0.000191712 0.00014133 0.00104705 0.00129936 0.000944365 -0.0050924 -0.00837085 -0.00293333 0.0106019 0.00155994 0.00289545 -0.00207518 0.00520898
internal_weight=193080 431 356 330 75 192649 101030 63 100967 93433 18839 1779 1663 1601 1525 65 76 17060 74594 4560 4380 4219 180 149 578 161 3641 431 115 116
internal_count=193080 431 356 330 75 192649 101030 63 100967 93433 18839 1779 1663 1601 1525 65 76 17060 74594 4560 4380 4219 180 149 578 161 3641 431 115 116
is_linear=0
shrinkage=0.1


Tree=60
num_leaves=31
num_cat=0
split_feature=1 1 3 3 1 3 1 2 2 0 2 3 3 1 3 3 2 3 3 3 1 3 1 3 3 3 3 3 1 2
split_gain=0.189923 0.346114 0.821354 0.726368 0.728378 0.570377 0.701689 0.621269 0.528927 0.569478 0.704202 0.444809 0.833198 0.695004 0.444498 0.347215 0.345093 0.788326 0.965482 0.468135 0.53655 0.342029 0.335384 0.514368 0.333019 0.534397 0.560715 0.461175 0.470568 0.306898
threshold=6.8050000000000006 6.9350000000000014 0.30310000000000009 0.27595000000000008 6.8450000000000006 0.28335000000000005 6.8650000000000011 0.16500000000000004 0.115 1.5000000000000002 0.15500000000000003 0.27125000000000005 0.26845000000000002 6.8950000000000005 0.38815000000000005 0.48160000000000008 0.13500000000000004 0.16025000000000003 0.11564999999999996 1.0000000180025095e-35 6.8950000000000005 0.31135000000000002 6.8450000000000006 0.24945000000000003 0.23445000000000002 0.22589999999999996 0.22870000000000004 0.22184999999999991 7.1250000000000009 0.16500000000000004
decision_type=2 2 2 2 2 2 2 2 2 2 2 2 2 2 2 2 2 2 2 2 2 2 2 2 2 2 2 2 2 2
left_child=-1 2 3 11 -5 6 -6 -7 14 -10 21 12 16 -13 -4 -12 19 18 -18 20 -2 -11 23 -21 25 27 -27 29 -29 -3
right_child=1 24 8 4 5 7 -8 -9 9 10 15 13 -14 -15 -16 -17 17 -19 -20 22 -22 -23 -24 -25 -26 26 -28 28 -30 -31
leaf_value=-3.3486137251602015e-05 0.010061914014147112 0.0017512079796674325 -0.011803935031753546 -0.0097896096395523428 -0.025105908566287589 -0.0014732757437741384 -0.0022195883274606959 0.012276576547638368 -0.00035061632456242879 0.0086182470682641156 0.0048841463428603987 0.020130165560363695 -0.019653763249516489 -0.00042591231115358442 0.0029571962378480855 0.013042616854797594 -5.7281414419412614e-05 0.00378328947762205 -0.01844694495603845 -0.016086999695672063 -0.0079081566693882163 0.0015438384221267108 -0.0016956351208500565 -7.8939221224144985e-05 -0.00010943619900060727 0.019607502539486937 0.0039642698697976231 -0.017813371513737367 -0.0014011924893691623 -0.0042976635865246259
leaf_weight=173322 54 1233 51 153 21 243 37 38 742 71 615 29 21 38 34 57 125 493 37 49 24 1825 160 34 13274 30 97 25 58 90
leaf_count=173322 54 1233 51 153 21 243 37 38 742 71 615 29 21 38 34 57 125 493 37 49 24 1825 160 34 13274 30 97 25 58 90
internal_value=5.92559e-12 0.000293749 0.00101756 -0.000884981 -0.00406231 -0.00147742 -0.010506 0.000386135 0.00188953 0.00208955 0.00279462 0.000584234 5.41972e-05 0.00847149 -0.00589948 0.00557616 0.000478241 0.0017946 -0.00425739 -0.00220779 0.00453266 0.00180876 -0.00437139 -0.00952948 5.17289e-05 0.00144723 0.00765952 0.000886093 -0.00634462 0.00133972
internal_weight=193080 19758 4951 1556 492 339 58 281 3395 3310 2568 1064 997 67 85 672 976 655 162 321 78 1896 243 83 14807 1533 127 1406 83 1323
internal_count=193080 19758 4951 1556 492 339 58 281 3395 3310 2568 1064 997 67 85 672 976 655 162 321 78 1896 243 83 14807 1533 127 1406 83 1323
is_linear=0
shrinkage=0.1


Tree=61
num_leaves=31
num_cat=0
split_feature=0 1 1 2 2 3 1 3 3 1 3 3 3 3 2 1 2 1 2 2 1 2 3 2 1 1 2 3 3 0
split_gain=0.183911 0.209196 0.277031 0.61222 0.508958 0.484785 0.32394 0.283846 0.654414 0.706455 0.538637 0.612836 0.760707 0.788657 0.507895 0.451744 0.444576 0.416863 0.405439 0.833517 0.391906 0.369826 0.691205 0.389653 0.530056 0.520417 0.473659 1.10038 0.563512 0.394661
threshold=2.5000000000000004 4.1050000000000013 3.8450000000000002 0.16500000000000004 0.13500000000000004 0.43405000000000005 3.8750000000000004 0.31285000000000007 0.30135000000000006 3.6750000000000003 0.36565000000000009 0.40040000000000003 0.40294999999999997 0.4042 0.21500000000000002 3.2550000000000003 0.24500000000000002 3.4950000000000006 0.24500000000000002 0.22500000000000003 2.9150000000000005 0.15500000000000003 0.45275000000000004 0.20500000000000004 3.4450000000000007 3.2550000000000003 0.22500000000000003 0.46440000000000009 0.43405000000000005 1.5000000000000002
decision_type=2 2 2 2 2 2 2 2 2 2 2 2 2 2 2 2 2 2 2 2 2 2 2 2 2 2 2 2 2 2
left_child=1 2 4 5 -1 6 -4 8 16 15 18 14 -13 -14 -12 -10 20 -17 19 -9 -6 22 -15 24 25 29 27 -25 -28 -23
right_child=-2 -3 3 -5 7 -7 -8 10 9 -11 11 12 13 21 -16 17 -18 -19 -20 -21 -22 23 -24 26 -26 -27 28 -29 -30 -31
leaf_value=-0.0080150711644244831 -6.9011284835163194e-05 0.00020538863374281884 0.0094642308775046095 -0.0019526672209547371 -0.0022864147005271953 0.008041875770625968 -0.00019053856767323261 -0.0017406002399032391 0.0083023930217937716 0.013922192866792964 0.0020708995369701148 -0.01777349960069002 0.018729502463801988 -0.0197659662226215 0.010460726914518491 -0.010327112191432231 -0.010713084554299713 0.0027960573555901647 0.011230661736234375 -0.017612172219464008 0.0014096693614564142 0.0071563799541605553 0.0031106790937483315 -0.00088096629634189119 -0.0017659309828975643 0.010810205172577012 -0.0111362876936751 -0.022995597946768007 0.0085408777258423867 -0.0024579248773599315
leaf_weight=76 128720 56475 37 2181 359 96 572 1234 77 76 601 26 21 28 82 37 35 70 23 34 1428 69 25 60 343 82 22 36 43 112
leaf_count=76 128720 56475 37 2181 359 96 572 1234 77 76 601 26 21 28 82 37 35 70 23 34 1428 69 25 60 343 82 22 36 43 112
internal_value=-1.76266e-12 0.000138023 -0.000344476 -0.00112459 0.000105895 0.00143718 0.00039604 0.000231264 0.00111826 0.00581151 -0.000418763 0.000837873 -0.000926974 -0.000406154 0.00307817 0.00246144 0.000448533 -0.00174186 -0.00192751 -0.00216618 0.000667143 -0.000896213 -0.0089751 -0.00033796 0.000823804 0.00420129 -0.00471081 -0.00917395 0.00188091 0.0012072
internal_weight=193080 64360 7885 2886 4999 705 609 4923 2082 260 2841 1550 867 841 683 184 1822 107 1291 1268 1787 820 53 767 606 263 161 96 65 181
internal_count=193080 64360 7885 2886 4999 705 609 4923 2082 260 2841 1550 867 841 683 184 1822 107 1291 1268 1787 820 53 767 606 263 161 96 65 181
is_linear=0
shrinkage=0.1


Tree=62
num_leaves=31
num_cat=0
split_feature=2 2 1 2 2 2 1 3 3 3 2 0 2 1 3 0 2 1 1 3 0 3 1 2 3 3 3 0 3 3
split_gain=0.177148 0.191463 0.331494 0.669561 0.415938 0.379542 0.3616 0.356692 0.535085 0.472532 0.771724 0.335182 0.297881 0.510994 0.417445 0.477316 0.278534 0.253942 0.280659 0.549551 0.343139 0.303856 0.265392 0.330922 0.457696 0.738098 0.352341 0.331751 0.319178 0.779868
threshold=7.160000000000001 0.29500000000000004 1.7450000000000003 1.5300000000000002 2.3550000000000004 2.4150000000000005 4.5450000000000008 0.6009500000000001 0.5011500000000001 0.46695000000000003 4.5900000000000007 4.5000000000000009 0.25500000000000006 4.9450000000000012 0.29640000000000005 3.5000000000000004 4.785000000000001 7.6850000000000014 7.6250000000000009 0.28605000000000008 5.5000000000000009 0.30785000000000001 7.8850000000000007 0.15500000000000003 0.35245000000000004 0.34144999999999998 0.38605000000000006 3.5000000000000004 0.31285000000000007 0.28735000000000005
decision_type=2 2 2 2 2 2 2 2 2 2 2 2 2 2 2 2 2 2 2 2 2 2 2 2 2 2 2 2 2 2
left_child=1 12 3 -3 6 -6 -4 8 9 16 11 -11 17 14 15 -14 -7 18 -1 -20 21 -21 28 24 25 -24 -26 -28 29 -19
right_child=-2 2 4 -5 5 7 -8 -9 -10 10 -12 -13 13 -15 -16 -17 -18 22 19 20 -22 -23 23 -25 26 -27 27 -29 -30 -31
leaf_value=2.1918750289173809e-06 0.0094108767737634477 -0.00083337024018405564 -0.0033280134639395772 0.0040561273282451677 0.011202842051324506 -0.0040208709474432117 -0.011234114015393933 0.0054496669569178615 -0.0058315334868342386 0.015893862197218941 -0.0098422124016064195 0.0043657590619853286 -0.01340695558521416 0.016540993808734198 0.0056332013627494841 0.0023865982405841353 0.0036273676961187337 0.0036830307911495095 -0.015317429571102062 0.011503529983262222 -0.010244057460927013 -0.0012189135314517861 -0.0012097466548358828 0.0031112847670201997 0.0071473820249675149 -0.015106507570466452 0.0027418187099198504 -0.0071888878506409836 0.004048677783483212 -0.0072017099212689124
leaf_weight=188089 20 1634 358 338 26 195 69 74 221 43 27 61 31 27 120 50 63 189 33 21 38 177 116 190 67 57 75 61 509 101
leaf_count=188089 20 1634 358 338 26 195 69 74 221 43 27 61 31 27 120 50 63 189 33 21 38 177 116 190 67 57 75 61 509 101
internal_value=-1.6199e-12 -9.74919e-07 -0.000779381 4.68766e-06 -0.00213926 -0.000655997 -0.00460558 -0.00110677 -0.00190214 0.000330236 0.00522143 0.00913219 1.17656e-05 0.00362415 0.00188905 -0.00365785 -0.00215328 7.42437e-06 -2.4244e-06 -0.0032302 -0.00154003 0.000130437 0.00136647 -0.000290227 -0.00200908 -0.00578845 0.00121177 -0.0017124 0.00254005 -0.000107862
internal_weight=193080 193060 3109 1972 1137 710 427 684 610 389 131 104 189951 228 201 81 258 189723 188358 269 236 198 1365 566 376 173 203 136 799 290
internal_count=193080 193060 3109 1972 1137 710 427 684 610 389 131 104 189951 228 201 81 258 189723 188358 269 236 198 1365 566 376 173 203 136 799 290
is_linear=0
shrinkage=0.1


Tree=63
num_leaves=31
num_cat=0
split_feature=3 2 3 1 1 1 1 1 1 3 3 1 3 3 0 1 3 3 3 3 1 1 3 0 1 1 2 1 1 3
split_gain=0.171741 0.365195 0.528613 0.636357 0.789376 0.778204 0.400364 0.659628 0.77603 1.89525 0.684886 0.636091 0.565681 0.51484 0.407464 0.391883 0.386032 0.462744 0.37747 0.352732 0.443228 1.03927 0.655981 0.76249 0.523097 0.36461 0.363541 0.674091 1.24265 0.413311
threshold=0.33115000000000006 0.15500000000000003 0.16740000000000002 4.6650000000000009 4.5650000000000004 5.2150000000000007 7.0450000000000008 6.3150000000000004 6.2550000000000008 0.32585000000000003 0.29735000000000006 7.1650000000000009 0.30020000000000008 0.14335000000000003 2.5000000000000004 8.0050000000000008 0.32955000000000007 0.32735000000000009 0.25335000000000002 0.33735000000000004 4.3050000000000006 4.3450000000000006 0.33644999999999997 4.5000000000000009 3.9550000000000005 1.4150000000000003 0.19500000000000003 3.9250000000000003 4.1850000000000014 0.33185000000000003
decision_type=2 2 2 2 2 2 2 2 2 2 2 2 2 2 2 2 2 2 2 2 2 2 2 2 2 2 2 2 2 2
left_child=1 2 3 4 -1 -5 7 8 -3 10 13 -8 -12 -10 18 -4 17 -9 -13 20 22 -22 25 24 -24 -2 -27 29 -29 -28
right_child=19 6 15 5 -6 -7 11 16 9 -11 12 14 -14 -15 -16 -17 -18 -19 -20 -21 21 -23 23 -25 -26 26 27 28 -30 -31
leaf_value=0.0033330324525826377 0.0062046984854069627 -0.00027229955719428544 1.2803371085185677e-05 -0.0025436945724387414 0.01783508374923613 0.0012698322330923712 -0.0065439706974927958 0.00089310487317998408 -0.0098871098228052942 -0.024787759257014843 -0.019281751623687646 -0.0034805124898751581 -0.0046593719964611027 0.0016028407611459923 -0.002578685101158502 -0.010891106036124809 0.0069854545370113142 -0.0052671361993998286 0.004970350531684287 4.0810310847163138e-05 0.012579240102933931 0.0010239678103877233 0.014719852066686932 -0.0039864902793053996 -0.0022697214502841235 -0.0035425919693446275 0.0069201200737435825 0.015908734251458483 -0.0042265081328564684 -0.0042458559053515955
leaf_weight=444 55 53359 27421 620 41 3908 256 4981 44 40 30 75 224 343 429 33 101 125 179 93809 79 5271 74 57 24 675 39 65 58 221
leaf_count=444 55 53359 27421 620 41 3908 256 4981 44 40 30 75 224 343 429 33 101 125 179 93809 79 5271 74 57 24 675 39 65 58 221
internal_value=4.46152e-12 -9.81892e-05 0.000172119 0.0011164 0.00455898 0.000747662 -0.000244006 -0.000211536 -0.00031511 -0.00366949 -0.00235165 -0.00229271 -0.00638642 0.00029649 -0.00069927 -3.03244e-07 0.000863394 0.000742296 0.00247502 9.05884e-05 0.000796185 0.0011946 -0.000884814 0.0052101 0.0105591 -0.00173361 -0.00214628 0.000314571 0.00641407 -0.00257096
internal_weight=193080 92653 32467 5013 485 4528 60186 59247 54040 681 641 939 254 387 683 27454 5207 5106 254 100427 6618 5350 1268 155 98 1113 1058 383 123 260
internal_count=193080 92653 32467 5013 485 4528 60186 59247 54040 681 641 939 254 387 683 27454 5207 5106 254 100427 6618 5350 1268 155 98 1113 1058 383 123 260
is_linear=0
shrinkage=0.1


Tree=64
num_leaves=31
num_cat=0
split_feature=2 1 3 3 1 3 3 2 1 1 1 1 1 1 0 1 1 1 3 1 1 3 2 1 1 2 1 3 2 2
split_gain=0.155805 0.283941 0.388872 0.345694 0.342243 0.158124 0.358975 0.440083 0.728397 0.934332 0.571025 0.459173 0.478499 0.352885 0.441864 0.331456 0.456357 0.317123 0.304668 0.316304 0.445678 0.27487 0.480678 0.64794 0.450748 0.73206 0.6107 0.452215 0.752703 0.433831
threshold=0.10500000000000002 6.3650000000000011 0.62605000000000011 0.46695000000000003 6.4850000000000012 0.42890000000000006 0.4199 0.17500000000000002 4.5050000000000008 4.6250000000000009 5.495000000000001 4.205000000000001 4.285000000000001 4.0150000000000006 2.5000000000000004 3.9050000000000007 3.6350000000000002 5.9150000000000009 0.42785000000000006 3.8150000000000004 3.4950000000000006 0.41195000000000009 0.13500000000000004 5.0650000000000004 4.245000000000001 0.16500000000000004 4.1450000000000005 0.41435000000000005 0.19500000000000003 0.20500000000000004
decision_type=2 2 2 2 2 2 2 2 2 2 2 2 2 2 2 2 2 2 2 2 2 2 2 2 2 2 2 2 2 2
left_child=1 2 3 -1 -3 6 21 11 18 -10 -11 13 -13 14 -8 16 -16 -12 19 20 -9 -2 23 -23 25 26 -24 28 -26 -27
right_child=5 4 -4 -5 -6 -7 7 8 9 10 17 12 -14 -15 15 -17 -18 -19 -20 -21 -22 22 24 -25 27 29 -28 -29 -30 -31
leaf_value=0.0013972512778959105 -2.6982989050637739e-05 -0.018693398507311939 0.011053583713678214 -0.0050878668792786142 -0.003417693527351896 0.00023911207075579907 -0.0096795516334740178 -0.0050811306141107238 0.012450553226316798 0.0015269405970533567 -0.01270031351968646 -0.015036580116366563 -0.00055251570855974533 0.0071818675611132719 0.00052385131402456382 -0.0068695965067793923 0.016475703764771081 -0.0027475988293547979 -0.0013902064459196805 -0.0081277794073043082 0.0060459703542725292 0.011618090526511273 -0.0032935515092029962 -0.0036815403305727719 0.0027631979183801877 0.0023101334790296209 -0.019001026155034961 0.0008329716469584541 0.014250035422327396 -0.0050947495437455633
leaf_weight=175 159636 20 26 155 55 24953 35 221 58 277 50 23 2742 138 47 24 29 89 231 272 43 30 71 358 880 312 38 1925 61 106
leaf_count=175 159636 20 26 155 55 24953 35 221 58 277 50 23 2742 138 47 24 29 89 231 272 43 30 71 358 880 312 38 1925 61 106
internal_value=-1.35326e-12 -0.00189918 -0.000721088 -0.00164879 -0.00749121 4.24891e-06 -3.06985e-05 -0.000934864 -0.0025216 0.000560217 -0.00109757 -0.000286695 -0.000672998 0.00362586 -9.17187e-06 0.00337546 0.00661074 -0.00632771 -0.00442614 -0.00573453 -0.00326876 -7.02333e-06 0.000835685 -0.00249858 0.00121697 -0.0014709 -0.00876955 0.00171121 0.00350783 0.00043234
internal_weight=193080 431 356 330 75 192649 167696 4279 1241 474 416 3038 2765 273 135 100 76 139 767 536 264 163417 3781 388 3393 527 109 2866 941 418
internal_count=193080 431 356 330 75 192649 167696 4279 1241 474 416 3038 2765 273 135 100 76 139 767 536 264 163417 3781 388 3393 527 109 2866 941 418
is_linear=0
shrinkage=0.1


Tree=65
num_leaves=31
num_cat=0
split_feature=0 2 3 1 3 1 1 3 3 2 3 1 1 1 1 1 1 3 2 1 3 1 1 3 1 3 3 1 2 2
split_gain=0.146368 0.178985 0.466609 0.485415 0.324848 0.362139 0.342469 0.298087 0.417416 0.32681 0.291272 0.74225 1.11277 1.29927 0.531413 0.530707 0.353418 0.648465 0.393417 0.350732 0.470601 0.578752 0.617422 0.547151 0.520412 0.464953 0.581756 0.532379 0.431444 0.39706
threshold=1.5000000000000002 0.14500000000000005 0.24714999999999995 5.6250000000000009 0.42474999999999996 4.9850000000000012 3.5450000000000004 0.27595000000000008 0.27825000000000005 0.18500000000000003 0.26845000000000002 4.8450000000000006 4.3650000000000011 4.6450000000000005 5.2350000000000012 5.7550000000000008 3.4450000000000007 0.14335000000000003 0.19500000000000003 4.7250000000000005 0.23445000000000002 4.3450000000000006 4.3850000000000007 0.23819999999999994 3.6350000000000002 0.22870000000000004 0.20074999999999998 4.5650000000000004 0.20500000000000004 0.15500000000000003
decision_type=2 2 2 2 2 2 2 2 2 2 2 2 2 2 2 2 2 2 2 2 2 2 2 2 2 2 2 2 2 2
left_child=1 2 -1 4 5 6 -4 10 9 -9 16 12 -12 -14 -13 -16 17 -3 -19 20 21 24 -23 -22 -18 26 29 -28 -25 -24
right_child=-2 7 3 -5 -6 -7 -8 8 -10 -11 11 14 13 -15 15 -17 19 18 -20 -21 23 22 25 28 -26 -27 27 -29 -30 -31
leaf_value=0.0025001340029450758 -3.8937674387524201e-05 0.003617345024623088 -0.011180567598113648 0.00068568787180329301 0.0024026967862266161 -0.0041104766476100342 0.00069588929825850675 0.0032530960973161157 0.0002118618799505154 0.015169053911058992 -0.0033074973090724265 0.0082294967770576485 -0.040969760529696947 -0.0061196316033601764 -0.0087545947155312585 0.00063681415411037884 0.0065645512415184867 -0.012374350938692012 -0.0011196476970023164 -0.00068355907627878031 0.014538022143722969 0.015924906204728521 0.012934437698938631 0.0016789817820406624 -0.0030540589167448208 -0.01263574610153834 0.017837595318754517 0.00056067435972152215 0.012993594488078679 -0.0012302060937745317
leaf_weight=1125 160900 67 26 5293 168 521 367 156 18641 27 108 60 20 23 85 206 63 88 48 3758 43 34 22 378 525 21 42 31 37 197
leaf_count=1125 160900 67 26 5293 168 521 367 156 18641 27 108 60 20 23 85 206 63 88 48 3758 43 34 22 378 525 21 42 31 37 197
internal_value=2.80724e-12 0.000194688 0.000622505 0.000291159 -0.00163883 -0.00238169 -8.98305e-05 6.46793e-05 0.000258519 0.00501119 -0.000558415 -0.00286164 -0.00872421 -0.022329 -0.000339564 -0.00210638 -0.000342461 -0.00443509 -0.0084021 -0.000181171 0.00117416 -0.000112247 0.00312641 0.00380033 -0.00202349 0.00173615 0.00276975 0.0105008 0.00268775 0.000192726
internal_weight=193080 32180 7500 6375 1082 914 393 24680 18824 183 5856 502 151 43 351 291 5354 203 136 5151 1393 935 347 458 588 313 292 73 415 219
internal_count=193080 32180 7500 6375 1082 914 393 24680 18824 183 5856 502 151 43 351 291 5354 203 136 5151 1393 935 347 458 588 313 292 73 415 219
is_linear=0
shrinkage=0.1


Tree=66
num_leaves=31
num_cat=0
split_feature=2 1 3 3 3 3 3 2 1 1 3 3 3 0 1 3 3 3 2 3 3 0 3 0 2 3 3 3 0 1
split_gain=0.143726 0.212652 0.323148 0.248839 0.236763 0.36039 0.312142 0.206168 0.202764 0.231978 0.438326 0.298766 0.363685 0.24123 0.204013 0.258154 0.631275 0.31472 0.578814 0.323792 0.402749 0.425107 0.354069 0.307796 0.256968 0.35066 0.624747 0.283032 0.267669 0.302502
threshold=0.21500000000000002 2.1050000000000004 0.62605000000000011 0.30565000000000003 0.46175000000000005 0.45475000000000004 0.49485000000000001 0.14500000000000005 7.6850000000000014 7.6250000000000009 0.28605000000000008 0.45275000000000004 0.31215000000000004 5.5000000000000009 7.8850000000000007 0.31285000000000007 0.28735000000000005 0.42785000000000006 0.13500000000000004 0.39445000000000002 0.36095000000000005 4.5000000000000009 0.37150000000000005 3.5000000000000004 0.15500000000000003 0.35245000000000004 0.34144999999999998 0.38605000000000006 3.5000000000000004 8.0050000000000008
decision_type=2 2 2 2 2 2 2 2 2 2 2 2 2 2 2 2 2 2 2 2 2 2 2 2 2 2 2 2 2 2
left_child=1 2 3 -1 5 -5 -6 -8 9 -3 -11 12 -12 -14 15 16 -10 19 -19 20 -17 22 -22 -21 25 26 -16 -27 -29 -30
right_child=-2 8 -4 4 6 -7 7 -9 14 10 11 -13 13 -15 24 17 -18 18 -20 23 21 -23 -24 -25 -26 27 -28 28 29 -31
leaf_value=-0.0022431937122202573 -0.00043193770007407106 2.5886259003055937e-05 0.0084496769676538751 1.3995673840728479e-05 -0.006527918880948654 0.010738269712601323 -0.0031957393621697147 0.0034514906106863259 0.0033031632104967403 -0.013707883898733239 0.0066798927657531967 0.0069829156001408894 -0.0031395131975711721 -0.013463029691397592 -0.00081789078479953888 0.0063375378127243313 -0.0064898588107944943 0.0086299627822322336 -0.0065720673198146479 0.0049510503769852228 -0.0049111816113711236 -0.010346675016141187 0.0081506474589814939 0.015544322008887926 0.0027897805674001576 0.0064167688906526382 -0.013603124809206316 0.0024770240758856137 -0.01652583015151322 -0.0015247634112289766
leaf_weight=983 7408 181159 37 1509 130 32 102 86 189 33 33 36 140 27 116 167 101 39 70 64 36 36 49 48 190 67 57 75 20 41
leaf_count=983 7408 181159 37 1509 130 32 102 86 189 33 33 36 140 27 116 167 101 39 70 64 36 36 49 48 190 67 57 75 20 41
internal_value=-2.18479e-12 1.72336e-05 -0.000835514 -0.000956398 -0.000275967 0.000236693 -0.00276027 -0.000154985 3.06644e-05 2.1529e-05 -0.00291291 -0.00140344 -0.00291299 -0.00480858 0.00124489 0.00227385 -0.00010751 0.00363062 -0.00113281 0.00492866 0.0031544 -0.00123885 0.00261858 0.00949102 -0.000207644 -0.0017223 -0.00503037 0.00109689 -0.00152393 -0.00644315
internal_weight=193080 185672 2879 2842 1859 1541 318 188 182793 181428 269 236 200 167 1365 799 290 509 109 400 288 121 85 112 566 376 173 203 136 61
internal_count=193080 185672 2879 2842 1859 1541 318 188 182793 181428 269 236 200 167 1365 799 290 509 109 400 288 121 85 112 566 376 173 203 136 61
is_linear=0
shrinkage=0.1


Tree=67
num_leaves=31
num_cat=0
split_feature=2 2 3 2 1 1 3 1 1 2 1 3 1 1 1 1 1 3 1 3 1 2 2 1 1 3 3 2 2 2
split_gain=0.144015 0.394314 0.135979 0.434442 0.34414 0.307937 0.307571 0.382338 0.479609 0.334444 0.287455 0.285198 0.509992 0.675587 0.685419 0.586259 0.946523 1.22756 0.676653 0.4973 0.760617 0.490415 0.581473 0.435219 0.554984 0.393295 0.573771 0.774883 0.613024 0.391536
threshold=5.9750000000000005 5.1750000000000007 1.0000000180025095e-35 0.14500000000000005 4.5050000000000008 5.8750000000000009 0.28335000000000005 7.6850000000000014 7.6250000000000009 0.12500000000000003 5.9750000000000005 0.29825000000000007 6.6750000000000007 6.8450000000000006 6.8150000000000004 6.4450000000000012 6.5650000000000004 0.29735000000000006 6.4250000000000007 0.28605000000000008 6.6650000000000009 0.12500000000000003 0.15500000000000003 3.1650000000000005 2.7350000000000008 0.28855000000000003 0.29225000000000007 0.14500000000000005 0.15500000000000003 0.18500000000000003
decision_type=2 2 2 2 2 2 2 2 2 2 2 2 2 2 2 2 2 2 2 2 2 2 2 2 2 2 2 2 2 2
left_child=1 2 3 4 -1 -6 7 8 -4 -9 -7 12 15 14 21 18 -17 19 23 20 -18 -14 -23 24 29 -21 27 -27 -29 -8
right_child=-2 -3 6 -5 5 10 11 9 -10 -11 -12 -13 13 -15 -16 16 17 -19 -20 25 -22 22 -24 -25 -26 26 -28 28 -30 -31
leaf_value=0.007625406602593629 0.0045677369119653454 -0.010931804939796029 -0.00027657879354800176 5.7509180965019568e-05 -0.00096550039265787713 0.0092685658603229304 0.0044971938086929945 -0.0021578373843728895 -0.012337095558530454 0.0065996621922292074 0.001880166155761206 6.7201791157635792e-06 -0.017324283340183849 0.00024793457605514819 -0.013974085498616222 0.0077579650609431415 -0.01890946323034802 -0.021994395926594735 -0.014676046718297335 0.008283849037537698 0.0064658960504900848 0.0001919809040315803 -0.0081391309402278518 0.0007953125196390828 -0.0095805385033600043 0.0032953983098268514 0.0059541326884010974 -0.022072277521753374 -0.0020200682180603188 -0.0023392224356336574
leaf_weight=95 69 33 39923 8642 405 55 109 62 33 147 1237 130658 22 1148 62 306 27 23 29 102 21 316 114 8739 84 75 121 30 31 362
leaf_count=95 69 33 39923 8642 405 55 109 62 33 147 1237 130658 22 1148 62 306 27 23 29 102 21 316 114 8739 84 75 121 30 31 362
internal_value=3.27896e-12 -1.63293e-06 2.36174e-07 0.000351343 0.00176837 0.00144049 -1.98327e-05 -0.000264225 -0.00028654 0.00400174 0.00219469 4.91103e-05 0.000521647 -0.00110114 -0.00411425 0.000789773 0.00350688 0.000481684 0.000575272 0.00175183 -0.00780774 -0.00276179 -0.00201673 0.000622861 -0.00209256 0.00302999 0.000944803 -0.00351203 -0.0118818 -0.000757122
internal_weight=193080 193011 192978 10434 1792 1697 182544 40165 39956 209 1292 142379 11721 1662 514 10059 736 430 9323 407 48 452 430 9294 555 359 257 136 61 471
internal_count=193080 193011 192978 10434 1792 1697 182544 40165 39956 209 1292 142379 11721 1662 514 10059 736 430 9323 407 48 452 430 9294 555 359 257 136 61 471
is_linear=0
shrinkage=0.1


Tree=68
num_leaves=31
num_cat=0
split_feature=3 3 2 0 1 1 2 3 1 1 1 0 3 3 1 1 1 1 1 2 0 1 3 3 3 3 3 1 2 2
split_gain=0.130058 0.480301 0.362845 0.323554 0.561831 0.318372 0.271467 0.500632 0.375552 0.42235 0.366994 0.53371 0.411108 0.605572 0.358635 1.0075 0.863256 0.646966 0.406287 0.574483 0.40616 0.476002 0.397927 0.381597 0.356208 0.510718 0.453095 0.441757 0.373155 0.447959
threshold=0.31915000000000004 0.32225000000000004 0.19500000000000003 3.5000000000000004 3.5450000000000004 3.8450000000000002 0.15500000000000003 0.31215000000000004 7.1050000000000013 8.0050000000000008 6.5450000000000008 4.5000000000000009 0.1847 0.20074999999999998 5.8750000000000009 5.6450000000000005 5.495000000000001 4.6650000000000009 4.1450000000000005 0.14500000000000005 4.5000000000000009 4.3050000000000006 0.16025000000000003 1.0000000180025095e-35 0.29735000000000006 0.29980000000000001 0.29525000000000007 7.8050000000000006 0.13500000000000004 0.14500000000000005
decision_type=2 2 2 2 2 2 2 2 2 2 2 2 2 2 2 2 2 2 2 2 2 2 2 2 2 2 2 2 2 2
left_child=6 2 3 4 -2 -6 8 -8 10 24 12 -12 14 -14 15 16 17 18 19 -1 21 -20 23 -19 26 -26 -10 28 -27 -30
right_child=1 -3 -4 -5 5 -7 7 -9 9 -11 11 -13 13 -15 -16 -17 -18 22 20 -21 -22 -23 -24 -25 25 27 -28 -29 29 -31
leaf_value=0.0068669939472575693 0.016335484907031059 3.6785590704877313e-05 -0.002267372461251054 0.00055712047096383155 -0.0056773142484219177 0.0027945586036454682 -0.00013689709640844414 -0.0012448371169755743 0.00093838661832869547 -0.012239559934191083 -1.2154360684227423e-05 -0.0019787813259016158 -0.0032881990870834094 0.00013920681569773097 0.0022976040329889618 -0.0039449572322385251 0.0069416303047718708 -0.00029118099877288985 0.01981609346694313 -0.0036329763954771419 0.00073661680150892319 0.0064123753310096543 0.0042664423634703385 -0.0047498855458353272 0.011861347136718612 0.00017547053868992855 -0.0071442119182190955 -0.0099079663432868476 0.0072032282330418158 0.00030997054806600015
leaf_weight=83 30 108793 251 1240 46 1243 48476 4453 1889 23 4476 1995 534 14886 1637 439 243 641 32 140 97 154 131 274 62 295 72 28 273 144
leaf_count=83 30 108793 251 1240 46 1243 48476 4453 1889 23 4476 1995 534 14886 1637 439 243 641 32 140 97 154 131 274 62 295 72 28 273 144
internal_value=2.26589e-12 7.01261e-05 0.00136095 0.00171683 0.00280708 0.00249223 -9.60551e-05 -0.00023011 0.000152487 0.00125541 3.32127e-05 -0.000618463 0.000251812 2.05145e-05 0.00117318 0.000349232 0.00139945 0.000531704 0.00346723 0.000275084 0.00598259 0.00871839 -0.000888348 -0.00162636 0.00136775 0.00314322 0.000641626 0.00241278 0.0028973 0.00482282
internal_weight=193080 111603 2810 2559 1319 1289 81477 52929 28548 2786 25762 6471 19291 15420 3871 2234 1795 1552 506 223 283 186 1046 915 2763 802 1961 740 712 417
internal_count=193080 111603 2810 2559 1319 1289 81477 52929 28548 2786 25762 6471 19291 15420 3871 2234 1795 1552 506 223 283 186 1046 915 2763 802 1961 740 712 417
is_linear=0
shrinkage=0.1


Tree=69
num_leaves=31
num_cat=0
split_feature=2 2 1 2 2 2 1 3 3 3 2 0 2 1 1 3 2 2 3 3 3 2 1 1 3 1 1 3 0 0
split_gain=0.128804 0.130319 0.264016 0.541811 0.330576 0.305052 0.287559 0.267271 0.445476 0.378454 0.598683 0.271253 0.255096 0.413108 0.34056 0.409741 0.237466 0.231796 0.230184 0.414042 0.243309 0.233883 0.400767 0.188804 0.173098 0.215152 0.160405 0.376714 0.156654 0.235467
threshold=7.160000000000001 0.29500000000000004 1.7450000000000003 1.5750000000000004 2.3550000000000004 2.4150000000000005 4.5450000000000008 0.6009500000000001 0.5011500000000001 0.46695000000000003 4.5900000000000007 4.5000000000000009 0.25500000000000006 4.9450000000000012 3.3850000000000002 0.28055000000000002 1.175 4.785000000000001 0.32105000000000006 0.43065000000000003 0.44470000000000004 1.7050000000000003 1.0000000180025095e-35 17.610000000000003 0.34790000000000004 2.7350000000000008 1.8950000000000002 0.62605000000000011 4.5000000000000009 5.5000000000000009
decision_type=2 2 2 2 2 2 2 2 2 2 2 2 2 2 2 2 2 2 2 2 2 2 2 2 2 2 2 2 2 2
left_child=1 12 3 16 6 -6 -4 8 9 17 11 -11 26 14 24 -16 -3 -7 -5 -20 -21 -22 -23 -13 25 -14 27 -1 -18 -30
right_child=-2 2 4 18 5 7 -8 -9 -10 10 -12 23 13 -15 15 -17 28 -19 19 20 21 22 -24 -25 -26 -27 -28 -29 29 -31
leaf_value=-0.00081654913549180112 0.0080246705305762594 -0.001876291754564595 -0.0029160742256426199 0.012279811091721058 0.010097302492851248 -0.003516321641106445 -0.0099664296532232001 0.0047369743790162885 -0.005212224158036999 0.014314554655534585 -0.0084804859840207636 0.0099836682368602079 0.0034878300070496542 0.01496654960361344 -0.011613198195493991 0.0018605122393199121 -0.0047586405333483002 0.0034607840701937676 -0.0052699154737044359 0.015409248229116202 -0.00062494405822173971 0.0016161847808589674 0.012979099750346333 -0.0011807005739573277 0.00035593591320017974 0.015777260668832681 1.7648506650135445e-05 0.0094715390457875206 0.0032777541608952766 -0.0003458488127732189
leaf_weight=3134 20 809 358 30 26 195 69 74 221 43 27 28 28 27 31 83 53 63 49 20 74 73 54 33 30 29 186553 36 268 542
leaf_count=3134 20 809 358 30 26 195 69 74 221 43 27 28 28 27 31 83 53 63 49 20 74 73 54 33 30 29 186553 36 268 542
internal_value=-2.49718e-12 -8.31316e-07 -0.000643028 5.67041e-05 -0.00185664 -0.000534305 -0.00405536 -0.00093843 -0.00162692 0.000409972 0.00478727 0.00823178 9.67976e-06 0.00335258 0.00179249 -0.00180339 -0.000645419 -0.00181261 0.00396987 0.00304654 0.00489046 0.00384382 0.00644766 0.00394393 0.00650434 0.00974035 5.66243e-06 -0.000699713 0.000508436 0.000853072
internal_weight=193080 193060 3109 1972 1137 710 427 684 610 389 131 104 189951 228 201 114 1672 258 300 270 221 201 127 61 87 57 189723 3170 863 810
internal_count=193080 193060 3109 1972 1137 710 427 684 610 389 131 104 189951 228 201 114 1672 258 300 270 221 201 127 61 87 57 189723 3170 863 810
is_linear=0
shrinkage=0.1


Tree=70
num_leaves=31
num_cat=0
split_feature=2 1 3 3 1 0 3 1 3 3 3 1 2 3 3 2 1 1 2 1 1 2 1 1 2 0 1 1 0 1
split_gain=0.125674 0.24425 0.219088 0.203816 0.181023 0.169469 0.199579 0.387166 0.134586 0.127987 1.12341 0.785178 0.760979 0.545076 0.546822 0.722357 0.718773 0.585478 0.556582 0.49626 1.55083 0.675863 0.486576 0.847438 0.78196 1.02084 0.55396 0.529191 0.481098 0.443393
threshold=0.10500000000000002 6.455000000000001 0.62605000000000011 0.46695000000000003 6.7550000000000008 2.5000000000000004 0.42785000000000006 6.3150000000000004 0.40294999999999997 0.3695 0.37015000000000003 3.0450000000000004 0.16500000000000004 0.36785000000000007 0.36645000000000005 0.12500000000000003 3.9250000000000003 3.8450000000000002 0.19500000000000003 6.2350000000000012 6.3250000000000011 0.14500000000000005 4.9250000000000007 3.9250000000000003 0.15500000000000003 2.5000000000000004 2.4650000000000003 4.8250000000000011 5.5000000000000009 6.3950000000000005
decision_type=2 2 2 2 2 2 2 2 2 2 2 2 2 2 2 2 2 2 2 2 2 2 2 2 2 2 2 2 2 2
left_child=1 2 3 5 -3 -1 7 8 -7 13 11 -11 28 14 -2 -16 17 -17 -18 21 -21 -15 23 26 25 -24 -23 -25 -13 -22
right_child=9 4 -4 -5 -6 6 -8 -9 -10 10 -12 12 -14 19 15 16 18 -19 -20 20 29 22 24 27 -26 -27 -28 -29 -30 -31
leaf_value=-0.0053158959425571896 -5.2444524252484497e-05 -0.011255436308038909 0.0081368654106672 -0.0040643691295577638 -5.795097147876567e-05 -0.00031853198401025825 0.010109723720665056 0.011194424648527747 -0.0092271042818372895 0.02097333430967949 7.8036993560905542e-05 0.0051259478507407735 -0.00046593162794911382 0.0088681612724306452 0.01419926963231348 0.0055730740463391685 0.00015653291259525305 0.023650388756678218 0.010482814283194869 -0.026634970959275962 0.009573747394606473 0.0093579353764653202 -0.02925641904405963 0.0019478416733036284 -0.0020848466764890601 -0.0048269580993801353 -0.0086624703504514476 0.014623183142897246 0.015815821523084399 -0.0042929776546369721
leaf_weight=36 127230 42 26 155 22 74 27 27 22 27 62155 299 267 66 47 122 1024 21 55 31 25 20 26 300 385 50 116 37 49 297
leaf_count=36 127230 42 26 155 22 74 27 27 22 27 62155 299 267 66 47 122 1024 21 55 31 25 20 26 300 385 50 116 37 49 297
internal_value=7.59659e-12 -0.00170568 -0.000711571 -0.00138623 -0.0074063 0.000845549 0.0023243 0.000615299 -0.00236008 3.81601e-06 0.000121023 0.00428273 0.00354997 -5.28659e-05 -3.18425e-05 0.00203371 0.00156581 0.00822778 0.000682896 -0.00204953 -0.00527296 -0.00091166 -0.00160274 0.000650576 -0.00391471 -0.0131844 -0.00601241 0.0033395 0.00663113 -0.00321637
internal_weight=193080 431 367 341 64 186 150 123 96 192649 62797 642 615 129852 128499 1269 1222 143 1079 1353 353 1000 934 473 461 76 136 337 348 322
internal_count=193080 431 367 341 64 186 150 123 96 192649 62797 642 615 129852 128499 1269 1222 143 1079 1353 353 1000 934 473 461 76 136 337 348 322
is_linear=0
shrinkage=0.1


Tree=71
num_leaves=31
num_cat=0
split_feature=1 1 1 1 3 3 0 3 2 2 2 0 1 2 1 3 3 3 3 3 3 1 3 2 1 3 3 2 3 3
split_gain=0.118399 0.316778 0.409745 0.422084 0.340282 0.648655 0.529785 0.475638 0.833547 0.40621 0.675546 0.524141 0.504652 0.500086 0.482212 0.603846 0.524896 1.24256 0.787422 0.498436 0.709048 0.446337 0.440304 0.669641 0.420372 0.413132 0.518123 0.390318 0.714454 0.753499
threshold=6.8050000000000006 7.0650000000000004 7.2250000000000005 7.2750000000000012 0.29145000000000004 0.28145000000000003 1.5000000000000002 0.28335000000000005 0.15500000000000003 0.14500000000000005 0.13500000000000004 1.5000000000000002 7.0050000000000008 0.12500000000000003 6.9150000000000009 0.29735000000000006 0.43065000000000003 0.41575000000000006 0.49485000000000001 0.31525000000000009 0.31845000000000007 7.0150000000000006 0.32585000000000003 0.15500000000000003 6.955000000000001 0.35815000000000002 0.40795000000000003 0.13500000000000004 0.27125000000000005 0.25845000000000007
decision_type=2 2 2 2 2 2 2 2 2 2 2 2 2 2 2 2 2 2 2 2 2 2 2 2 2 2 2 2 2 2
left_child=-1 4 -3 -4 5 27 -7 8 -8 10 13 24 -12 -6 15 -13 17 19 -18 -16 -21 -20 23 -22 -11 -14 -27 28 29 -2
right_child=1 2 3 -5 9 6 7 -9 -10 11 12 14 25 -15 16 -17 18 -19 21 20 22 -23 -24 -25 -26 26 -28 -29 -30 -31
leaf_value=-2.6439315902166712e-05 -0.0012737413853390694 -0.0010302359326747265 0.0024613774819521326 1.8255583363383645e-05 -0.00050456804166195367 0.0038994186868270241 -0.0046508144743925449 -0.0042588305704896632 -0.029299799271899726 -0.0023127852561506067 -0.0022593929864230433 -0.0081308125756771824 -0.0027467561558957888 0.0026400789788749539 0.0059755550237641959 0.004198793727364333 0.0091878478456887281 -0.016331113832579416 -0.0066264325735215669 -0.017442266858542218 0.00065079167524867876 0.0095502924248095332 -0.00035733259178570283 0.020651574816124944 0.0025608992084328618 0.011659791793480709 0.000132701093260246 0.0012258068132258862 0.006745572027866728 -0.010634489716400575
leaf_weight=173322 438 3486 798 6211 836 60 34 203 23 481 1193 41 88 1280 159 1274 168 44 66 23 47 23 758 26 280 77 79 1370 85 107
leaf_count=173322 438 3486 798 6211 836 60 34 203 23 481 1193 41 88 1280 159 1274 168 44 66 23 47 23 758 26 280 77 79 1370 85 107
internal_value=1.42895e-12 0.000231932 -0.000144244 0.000296414 0.00065814 -0.000390371 -0.00457063 -0.00652525 -0.0145969 0.0010085 0.000261356 0.00179157 -0.00141189 0.00139768 0.00246056 0.00381437 0.00110572 0.000120191 0.00515903 0.000834759 -0.000122368 -0.00244593 0.000357004 0.00777436 -0.000519577 0.00273186 0.00582235 0.00027847 -0.00178161 -0.00311154
internal_weight=193080 19758 10495 7009 9263 2320 320 260 57 6943 3553 3390 1437 2116 2629 1315 1314 1057 257 1013 854 89 831 73 761 244 156 2000 630 545
internal_count=193080 19758 10495 7009 9263 2320 320 260 57 6943 3553 3390 1437 2116 2629 1315 1314 1057 257 1013 854 89 831 73 761 244 156 2000 630 545
is_linear=0
shrinkage=0.1


Tree=72
num_leaves=31
num_cat=0
split_feature=0 3 2 2 2 3 3 1 1 2 1 1 2 2 1 3 3 3 1 3 3 1 1 2 3 2 3 1 3 3
split_gain=0.109699 0.172953 0.199102 0.248341 0.334051 0.322899 0.177547 0.218237 0.710282 0.506244 0.441207 0.416636 0.241495 0.274149 0.39008 0.212764 0.203947 0.217279 0.186435 0.210503 0.186381 0.444377 0.79442 0.405043 0.342825 0.84108 0.291679 0.252726 0.201116 0.200799
threshold=5.5000000000000009 0.7320500000000002 4.9050000000000011 3.7100000000000004 3.3900000000000001 0.48954999999999999 0.51105000000000012 4.5650000000000004 5.4750000000000005 1.7250000000000003 4.4050000000000011 1.7450000000000003 0.19500000000000003 0.13500000000000004 6.3750000000000009 0.6009500000000001 0.54195000000000015 0.52460000000000007 6.6550000000000011 0.54195000000000015 0.46695000000000003 6.1750000000000007 6.455000000000001 0.14500000000000005 0.45755000000000007 0.13500000000000004 0.4849 6.0750000000000011 0.46175000000000005 0.48160000000000008
decision_type=2 2 2 2 2 2 2 2 2 2 2 2 2 2 2 2 2 2 2 2 2 2 2 2 2 2 2 2 2 2
left_child=-1 2 3 4 6 -5 20 9 -9 10 -8 -11 13 15 16 -10 17 -15 -16 -20 24 27 29 -24 -2 -26 -25 -22 -27 -23
right_child=1 -3 -4 5 -6 -7 7 8 12 11 -12 -13 -14 14 18 -17 -18 -19 19 -21 21 22 23 26 25 28 -28 -29 -30 -31
leaf_value=3.3709122403024455e-05 -0.00019937071103736815 -0.0046211702235299966 0.0089483136010433863 -0.00053005996051915861 0.01039723222454389 -0.014184260137122255 -0.00039042751688479836 0.0080931805929867554 -0.00071940005988741689 0.013019140949016253 -0.012743477821350097 -0.00034443969123585283 -0.0072430914220137478 -0.0034988286594549813 0.010957228786383685 -0.01175519621372223 -0.0046074346415226975 0.0078855919847755068 -0.002638268853936877 0.007214338469662164 -0.0019970987792658503 0.018163356885313991 0.0039920869900519585 -0.0096588197888599504 0.016710218051687264 0.0037788658178445089 0.0010996904711992968 -0.010758840873399202 -0.00099150427277126005 0.007291081596939069
leaf_weight=160900 28741 87 24 43 30 29 798 160 58 51 30 43 39 30 52 25 79 38 35 57 1037 25 83 63 39 166 42 34 189 53
leaf_count=160900 28741 87 24 43 30 29 798 160 58 51 30 43 39 30 52 25 79 38 35 57 1037 25 83 63 39 166 42 34 189 53
internal_value=-2.29686e-12 -0.000168546 -0.000156475 -0.000163289 -0.000150088 -0.00602967 -0.000159987 0.000903998 0.00243661 -4.84818e-05 -0.000838002 0.00690601 0.000245202 0.00102607 0.00247201 -0.00404344 -0.0011517 0.00286305 0.00617121 0.00346606 -0.000212187 -0.00136668 0.00229149 -0.00122859 -0.000159208 0.00277055 -0.00535542 -0.00227525 0.00123915 0.0107758
internal_weight=193080 32180 32093 32069 31997 72 31967 1495 573 922 828 94 413 374 291 83 147 68 144 92 30472 1337 266 188 29135 394 105 1071 355 78
internal_count=193080 32180 32093 32069 31997 72 31967 1495 573 922 828 94 413 374 291 83 147 68 144 92 30472 1337 266 188 29135 394 105 1071 355 78
is_linear=0
shrinkage=0.1


Tree=73
num_leaves=31
num_cat=0
split_feature=3 3 2 1 3 2 1 1 1 1 0 1 1 1 1 1 1 1 0 1 1 1 2 3 1 2 1 2 1 0
split_gain=0.105709 0.36539 0.840915 0.210142 0.196987 0.461895 0.40259 0.50627 0.399492 0.448943 0.317697 0.297684 0.539634 1.05651 0.458004 0.384046 0.333842 0.281222 0.282895 0.270481 0.569881 0.517148 0.394359 0.24535 0.240727 0.297561 0.23827 0.242185 0.252626 0.331594
threshold=0.42890000000000006 0.42785000000000006 0.14500000000000005 1.8950000000000002 0.43555000000000005 2.3250000000000006 5.3150000000000004 5.1550000000000011 5.4350000000000014 5.5750000000000011 5.5000000000000009 6.1250000000000009 6.4850000000000012 6.5650000000000004 5.8550000000000013 6.455000000000001 6.4250000000000007 7.1250000000000009 1.5000000000000002 2.3050000000000002 3.6350000000000002 1.5950000000000004 1.6150000000000004 0.43215000000000003 5.7750000000000012 0.15500000000000003 6.6250000000000009 0.15500000000000003 6.7750000000000012 3.5000000000000004
decision_type=2 2 2 2 2 2 2 2 2 2 2 2 2 2 2 2 2 2 2 2 2 2 2 2 2 2 2 2 2 2
left_child=1 3 -3 -1 5 6 7 19 10 -10 -8 14 15 -14 24 16 -13 18 -15 21 -21 22 -2 -16 -11 -26 -20 28 29 -28
right_child=4 2 -4 -5 -6 -7 8 -9 9 11 -12 12 13 17 23 -17 -18 -19 26 20 -22 -23 -24 -25 25 -27 27 -29 -30 -31
leaf_value=-0.00082474124560254929 -0.002213416340237018 -0.0088061219862710961 -0.00063060601944407051 -2.4575718952065204e-06 0.0001007959693053584 -0.011068963224909479 0.0095872596972900598 -0.0063613756726949647 -0.0078269361032416006 0.0048148048614316125 -0.0037708137539171037 -0.0025794383115005062 0.013446478766423684 0.0055790732949972154 0.0045533728078249597 -0.013013441069051624 0.0110430146753788 0.004497451649681814 0.0043885783695087246 -0.0063685771485806012 0.00099918831731128188 0.018261492863530293 0.013873777651460842 0.012413668845462182 0.0034862157690394011 -0.0086441483836443653 -0.010920632127672435 0.0013398086043949031 -0.011040048068389298 0.0063546358942985536
leaf_weight=3168 64 153 708 163892 22783 31 117 117 46 85 21 179 81 50 77 32 20 138 37 121 793 24 20 82 39 42 20 49 66 25
leaf_count=3168 64 153 708 163892 22783 31 117 117 46 85 21 179 81 50 77 32 20 138 37 121 793 24 20 82 39 42 20 49 66 25
internal_value=3.14423e-12 -2.86406e-05 -0.0020834 -1.80507e-05 0.000191159 0.00105763 0.00121794 -0.000130316 0.00249129 0.00183705 0.00755451 0.00227203 0.00110662 0.00306568 0.00477138 -0.00284541 -0.00121035 0.000881663 -0.00113849 0.000583025 2.38058e-05 0.00531567 0.00161687 0.00860711 0.00109739 -0.0028036 -0.00284346 -0.00451587 -0.00710081 -0.00132326
internal_weight=193080 167921 861 167060 25159 2376 2345 1139 1206 1068 138 1022 697 466 325 231 199 385 247 1022 914 108 84 159 166 81 197 160 111 45
internal_count=193080 167921 861 167060 25159 2376 2345 1139 1206 1068 138 1022 697 466 325 231 199 385 247 1022 914 108 84 159 166 81 197 160 111 45
is_linear=0
shrinkage=0.1


Tree=74
num_leaves=31
num_cat=0
split_feature=3 2 1 1 1 1 2 1 3 2 3 1 1 1 1 1 3 1 3 1 2 2 3 3 1 1 3 3 2 2
split_gain=0.105529 0.322419 0.247942 0.381938 0.306538 0.260596 0.213839 0.212251 0.204545 0.301214 0.268248 0.379086 0.542745 0.521838 0.482363 0.755063 0.997903 0.550073 0.401959 0.617674 0.394983 0.473413 0.346814 0.422424 0.331255 0.458669 0.31792 0.466064 0.628256 0.493349
threshold=1.0000000180025095e-35 0.13500000000000004 4.5050000000000008 5.2950000000000008 6.3650000000000011 7.245000000000001 0.12500000000000003 4.745000000000001 0.28335000000000005 2.8400000000000003 0.29825000000000007 6.6750000000000007 6.8450000000000006 6.8150000000000004 6.4450000000000012 6.5650000000000004 0.29735000000000006 6.4250000000000007 0.28605000000000008 6.6650000000000009 0.12500000000000003 0.15500000000000003 0.29225000000000007 0.28605000000000008 3.1650000000000005 2.7350000000000008 0.28855000000000003 0.29225000000000007 0.14500000000000005 0.15500000000000003
decision_type=2 2 2 2 2 2 2 2 2 2 2 2 2 2 2 2 2 2 2 2 2 2 2 2 2 2 2 2 2 2
left_child=1 2 -1 7 -5 -6 -7 -4 9 -2 11 14 13 20 17 -16 18 24 19 -17 -13 -22 23 -23 25 -10 -20 28 -28 -30
right_child=8 -3 3 4 5 6 -8 -9 10 -11 -12 12 -14 -15 15 16 -18 -19 26 -21 21 22 -24 -25 -26 -27 27 -29 29 -31
leaf_value=0.0092535419470590099 -0.00022310350844841729 0.00013656457524769349 0.00092320652264687758 0.0049733935237209256 -0.00018518192016265611 0.00076580235487496372 0.010016204221356734 -0.010805824792219533 -0.0005786455381461943 0.012052151598036291 -2.5687781852062337e-06 -0.015491892583668232 0.00030689526113838881 -0.012206153735338201 0.0069894596788989613 -0.016962989299834051 -0.019774214817089557 -0.01321760842512394 0.0075085930307121837 0.0059039887750432611 0.0002387106858298501 -0.011784584777227505 -0.016507956155886253 0.00246305957704823 0.00072676477375921238 -0.008599969623554941 0.0030230013256271684 0.0054249193126812952 -0.019784841469178596 -0.0017961101172629919
leaf_weight=46 40145 9521 27 281 429 49 51 36 471 20 130754 22 1148 62 306 27 23 29 102 21 316 38 30 46 8739 84 75 121 30 31
leaf_count=46 40145 9521 27 281 429 49 51 36 471 20 130754 22 1148 62 306 27 23 29 102 21 316 38 30 46 8739 84 75 121 30 31
internal_value=1.16315e-12 0.000309219 0.00209794 0.0017209 0.00230424 0.000886404 0.00548351 -0.0057791 -1.76754e-05 -0.000216991 3.85135e-05 0.000496808 -0.000902291 -0.00360296 0.000727974 0.00319259 0.000490624 0.000533406 0.00163581 -0.00695869 -0.00242288 -0.00175423 -0.00727853 -0.0039823 0.000576314 -0.00179268 0.00278494 0.000910178 -0.00310661 -0.010643
internal_weight=193080 10440 919 873 810 529 100 63 182640 40165 142475 11721 1662 514 10059 736 430 9323 407 48 452 430 114 84 9294 555 359 257 136 61
internal_count=193080 10440 919 873 810 529 100 63 182640 40165 142475 11721 1662 514 10059 736 430 9323 407 48 452 430 114 84 9294 555 359 257 136 61
is_linear=0
shrinkage=0.1


Tree=75
num_leaves=31
num_cat=0
split_feature=2 2 2 2 2 0 3 3 0 3 1 2 2 3 2 1 3 0 0 3 3 1 1 3 3 2 3 3 3 3
split_gain=0.0998575 0.104784 0.506208 0.282605 0.236876 0.489355 0.215971 0.438399 0.494209 0.182025 0.175658 0.154696 0.194525 0.264713 0.229611 0.173394 0.172652 0.142184 0.199691 0.138209 0.225135 0.133256 0.263017 0.454529 0.443864 0.840231 0.376875 0.250411 0.236406 1.5937
threshold=7.160000000000001 3.5600000000000005 3.3900000000000001 3.1950000000000007 4.1000000000000005 3.5000000000000004 0.48954999999999999 0.51735000000000009 3.5000000000000004 0.46695000000000003 29.060000000000006 2.8400000000000003 2.4450000000000007 0.41055000000000003 2.3850000000000002 3.7150000000000003 0.53245000000000009 1.5000000000000002 2.5000000000000004 0.48954999999999999 0.51735000000000009 7.4250000000000007 7.3550000000000013 0.52460000000000007 0.44419999999999998 0.14500000000000005 0.57105000000000017 0.43065000000000003 0.44010000000000005 0.45275000000000004
decision_type=2 2 2 2 2 2 2 2 2 2 2 2 2 2 2 2 2 2 2 2 2 2 2 2 2 2 2 2 2 2
left_child=1 2 3 11 5 -3 9 -8 17 -6 -10 12 14 -14 21 -15 -13 -9 -19 -7 -21 22 -1 24 27 -26 -25 -24 -23 -30
right_child=-2 4 -4 -5 6 19 7 8 10 -11 -12 16 13 15 -16 -17 -18 18 -20 20 -22 28 23 26 25 -27 -28 -29 29 -31
leaf_value=-1.0445139679780106e-06 0.007065661051310599 -0.01380039750663347 0.011543551078265362 -0.011332602900537579 0.00078489911664898207 -0.0061741152192865099 -0.014420275033738179 -0.0004143418582237285 -0.012690230272710323 0.0088076539136267996 -0.0024576406866567684 0.012486230032075019 -0.013504363014362752 0.0025334877918636346 0.0084729728783713657 -0.0065947237090241339 7.0358428638428455e-05 0.015725135762730373 0.0022376333851189842 0.0088586623852069564 -0.0030367712694697267 0.00093779539229104378 -0.0015703434190063503 -0.01699628698749139 0.012055178971566036 -0.0055506868895305247 -0.0011713337981038624 -0.011542212733855615 -0.012019435555563061 0.0019700080930741262
leaf_weight=187934 20 43 38 22 120 35 26 23 25 37 51 21 24 46 32 38 24 23 21 26 41 2979 801 34 66 46 27 26 109 322
leaf_count=187934 20 43 38 22 120 35 26 23 25 37 51 21 24 46 32 38 24 23 21 26 41 2979 801 34 66 46 27 26 109 322
internal_value=-9.71171e-14 -7.31965e-07 2.91135e-06 6.33797e-07 -0.00149046 -0.00485306 5.17505e-06 -0.00247565 -0.000303894 0.00267561 -0.00582362 1.92883e-06 5.5826e-07 -0.00424226 2.94018e-06 -0.00159594 0.00586443 0.00595729 0.00928792 -0.00108114 0.00157937 1.53103e-06 -9.65116e-06 -0.00162713 -0.00108374 0.0048242 -0.0099918 -0.00188385 0.00062109 -0.00156793
internal_weight=193080 193060 192589 192551 471 145 326 169 143 157 76 192529 192484 108 192376 84 45 67 44 102 67 192344 188934 1000 939 112 61 827 3410 431
internal_count=193080 193060 192589 192551 471 145 326 169 143 157 76 192529 192484 108 192376 84 45 67 44 102 67 192344 188934 1000 939 112 61 827 3410 431
is_linear=0
shrinkage=0.1


Tree=76
num_leaves=31
num_cat=0
split_feature=3 3 3 3 2 1 1 1 1 1 0 1 1 1 0 3 1 3 1 1 1 1 1 1 1 2 2 2 2 1
split_gain=0.0990897 0.257479 0.314197 0.267542 0.835505 0.465424 0.817573 0.272422 0.529437 0.248671 0.290656 0.372123 0.350281 0.364698 0.225533 0.184331 0.487969 0.443268 0.370592 0.433034 0.337661 0.308959 0.422627 0.429213 0.470895 0.290722 0.251358 0.239844 0.308663 0.184869
threshold=0.49485000000000001 0.54195000000000015 0.53245000000000009 0.54975000000000007 0.13500000000000004 7.1250000000000009 6.8450000000000006 5.0650000000000004 4.705000000000001 2.4650000000000003 4.5000000000000009 5.7250000000000005 4.705000000000001 4.285000000000001 3.5000000000000004 0.57105000000000017 3.6750000000000003 0.55585000000000007 3.3850000000000002 3.8750000000000004 3.7150000000000003 5.6350000000000007 7.455000000000001 7.0450000000000008 5.9450000000000012 0.14500000000000005 0.17500000000000002 0.20500000000000004 0.22500000000000003 3.0450000000000004
decision_type=2 2 2 2 2 2 2 2 2 2 2 2 2 2 2 2 2 2 2 2 2 2 2 2 2 2 2 2 2 2
left_child=-1 2 -2 4 -3 6 7 8 -6 -4 11 12 13 -11 -14 16 29 21 27 20 26 -18 23 24 -23 -19 -20 -17 -29 -5
right_child=1 3 9 15 5 -7 -8 -9 -10 10 -12 -13 14 -15 -16 18 17 25 19 -21 -22 22 -24 -25 -26 -27 -28 28 -30 -31
leaf_value=-1.5905732898583488e-05 0.00053738187725544393 0.010170029117337739 -0.0036920018456876279 -0.00086671339813619856 -0.0041678646750793868 -0.015137500028041276 0.012064535806284232 -0.006873591782610303 0.0084232960317638661 0.0052677672881728567 0.0070996654211659231 -0.0016538245222999964 0.0055078123526817024 -0.0096909024353538237 0.015053717306617535 0.0049673885748382999 0.0032588138619133867 0.012417014798491586 -0.0083368751389736491 -0.0006758082272250108 -0.014494655186382051 -0.011510358111479798 0.0080810499879030075 -0.012466485718855771 0.00092534137223738923 0.0040348700710740367 0.0027659869605773375 -0.0089211306098150086 0.0012144967584257448 -0.0065276921085723047
leaf_weight=184009 4015 48 50 230 163 33 34 186 42 39 169 153 99 28 33 165 239 49 44 2019 39 37 39 41 172 266 38 32 492 77
leaf_count=184009 4015 48 50 230 163 33 34 186 42 39 169 153 99 28 33 165 239 49 44 2019 39 37 39 41 172 266 38 32 492 77
internal_value=2.63126e-12 0.000322654 0.000849529 -0.000216085 -0.00238192 -0.00369741 -0.00280912 -0.00410248 -0.00158821 0.0030444 0.00369089 0.00205429 0.00490524 -0.000983617 0.00789429 5.93395e-05 0.00112687 0.00236996 -0.000374616 -0.00102405 -0.00683476 0.000598801 -0.001601 -0.0031114 -0.00127619 0.00533876 -0.00319165 0.00164249 0.000595527 -0.00228657
internal_weight=193080 9071 4586 4485 506 458 425 391 205 571 521 352 199 67 132 3979 1150 843 2829 2140 121 528 289 250 209 315 82 689 524 307
internal_count=193080 9071 4586 4485 506 458 425 391 205 571 521 352 199 67 132 3979 1150 843 2829 2140 121 528 289 250 209 315 82 689 524 307
is_linear=0
shrinkage=0.1


Tree=77
num_leaves=31
num_cat=0
split_feature=2 1 3 3 1 0 3 1 3 1 1 3 2 3 3 3 3 3 1 1 3 3 1 0 2 3 2 3 3 1
split_gain=0.10514 0.19223 0.157911 0.172446 0.146186 0.13112 0.176872 0.316815 0.102806 0.100307 0.293741 0.522693 0.485302 0.569778 0.519401 0.444696 0.424277 0.469676 0.383651 0.389656 0.38151 0.630924 0.556764 0.352305 0.668478 0.877688 0.365347 0.381671 0.845626 0.760531
threshold=0.10500000000000002 6.455000000000001 0.62605000000000011 0.46695000000000003 6.7550000000000008 2.5000000000000004 0.42785000000000006 6.3150000000000004 0.40294999999999997 6.8050000000000006 6.9350000000000014 0.30310000000000009 0.16500000000000004 0.27595000000000008 0.28335000000000005 0.31765000000000004 0.31445000000000006 0.31285000000000007 6.8450000000000006 6.8250000000000011 0.27125000000000005 0.26845000000000002 6.8950000000000005 1.5000000000000002 0.14500000000000005 0.32105000000000006 0.13500000000000004 0.39960000000000007 0.39175000000000004 6.8250000000000011
decision_type=2 2 2 2 2 2 2 2 2 2 2 2 2 2 2 2 2 2 2 2 2 2 2 2 2 2 2 2 2 2
left_child=1 2 3 5 -3 -1 7 8 -7 -2 11 12 13 20 -15 16 17 -13 19 -16 21 -11 -22 -17 25 -25 -27 28 29 -28
right_child=9 4 -4 -5 -6 6 -8 -9 -10 10 -12 15 -14 14 18 23 -18 -19 -20 -21 22 -23 -24 24 -26 26 27 -29 -30 -31
leaf_value=-0.0046177879079348514 -2.0892424808571952e-05 -0.010076380232792526 0.00683393870623639 -0.0037144095811151691 -1.3847632164304907e-05 -0.00041344825279068304 0.0094317641988810579 0.010063587342975317 -0.0081995053047483613 -0.00014507711524201688 -5.674186328220266e-06 0.0058701942581097667 0.0038643170120149779 -0.016351940858123058 -0.0041503849280574781 -0.00074335469509200229 0.012280096573179917 -0.0051585255592477086 -0.0011716037660016996 -0.016637063503416406 0.017700852447285736 -0.017686464531081064 -0.00069764171065272475 -0.018087656634788101 0.0034132214782571558 0.0019684289825237056 -0.019206549253846919 -0.0051167141244207563 0.018659366092955074 0.00071942053154247618
leaf_weight=36 172906 42 26 155 22 74 27 27 22 869 14807 159 208 34 77 695 68 51 243 37 29 21 38 26 1252 676 21 190 24 218
leaf_count=36 172906 42 26 155 22 74 27 27 22 869 14807 159 208 34 77 695 68 51 243 37 29 21 38 26 1252 676 21 190 24 218
internal_value=-3.79639e-12 -0.00156012 -0.000678205 -0.00125098 -0.00661738 0.000801881 0.0021026 0.000493761 -0.00219775 3.49035e-06 0.000217031 0.000885101 -0.000631563 -0.00132529 -0.00454173 0.0015833 0.00541483 0.00319179 -0.00341695 -0.00820308 -1.1153e-05 -0.000558975 0.00726589 0.00123992 0.00181258 7.75101e-05 0.00049584 -0.00170167 0.000765479 -0.0010314
internal_weight=193080 431 367 341 64 186 150 123 96 192649 19743 4936 1556 1348 391 3380 278 210 357 114 957 890 67 3102 2407 1155 1129 453 263 239
internal_count=193080 431 367 341 64 186 150 123 96 192649 19743 4936 1556 1348 391 3380 278 210 357 114 957 890 67 3102 2407 1155 1129 453 263 239
is_linear=0
shrinkage=0.1


Tree=78
num_leaves=31
num_cat=0
split_feature=0 2 1 3 3 2 1 3 3 1 2 3 3 3 3 2 1 1 1 1 1 1 1 3 1 1 2 1 1 1
split_gain=0.0972079 0.176382 0.246465 0.294098 0.29209 0.160861 0.239395 0.870775 0.439175 0.169318 0.267993 0.168664 0.474024 0.23631 0.221661 0.593597 0.482665 0.285001 0.21312 0.208 0.245582 0.245502 0.184669 0.30575 0.179789 0.167677 0.226142 0.163969 0.257781 0.159174
threshold=1.5000000000000002 0.115 6.4250000000000007 0.4199 0.25335000000000002 0.23500000000000001 4.0650000000000004 0.48160000000000008 0.54975000000000007 3.6350000000000002 0.24500000000000002 0.37150000000000005 0.37315000000000004 0.37405000000000005 0.37015000000000003 0.16500000000000004 6.0250000000000012 4.2650000000000006 5.9050000000000011 4.6050000000000013 5.1350000000000007 5.6050000000000013 6.9750000000000005 0.32505000000000006 4.9250000000000007 7.7250000000000005 0.14500000000000005 4.5450000000000008 5.6450000000000005 1.8950000000000002
decision_type=2 2 2 2 2 2 2 2 2 2 2 2 2 2 2 2 2 2 2 2 2 2 2 2 2 2 2 2 2 2
left_child=1 2 -1 4 -4 11 9 -8 -9 10 -7 14 19 27 22 18 17 -17 24 -13 -21 -22 29 -24 -16 -25 -27 -14 -29 -3
right_child=-2 5 3 -5 -6 6 7 8 -10 -11 -12 12 13 -15 15 16 -18 -19 -20 20 21 -23 23 25 -26 26 -28 28 -30 -31
leaf_value=0.0091978837488865661 -3.1731985702989885e-05 -0.0069942346322491317 -0.0081225986636820294 -0.0084234580121658464 0.0045366457434020185 -0.011823009877749112 0.01342572526949825 -0.017201599051865437 0.0026004363560960409 -0.012618143102154138 0.0019958520411617227 0.011758404818216437 -0.011758685337069134 0.00043993034301214944 -0.0017209929553791881 -0.0056362347110458051 0.0025772754426883616 -0.019739908499545173 -0.0022882240392812867 -0.0053755206270859794 0.011012616689906133 0.0025597718771061175 4.875520607723119e-05 0.0033554644029078298 0.01022780301025384 0.0039121418470336551 -0.0081666910600277694 0.0061921893648104742 -0.0066917233253744523 -4.336839657490663e-05
leaf_weight=49 160900 33 21 27 138 23 33 24 21 30 36 38 24 9559 20 23 23 38 82 26 49 115 1153 556 34 31 31 24 44 19875
leaf_count=49 160900 33 21 27 138 23 33 24 21 30 36 38 24 9559 20 23 23 38 82 26 49 115 1153 556 34 31 31 24 44 19875
internal_value=-5.30753e-13 0.00015866 0.00288828 0.00122607 0.00286467 0.00013858 -0.0029569 0.00108743 -0.00796065 -0.00650138 -0.00339116 0.000154847 0.000497855 0.000391386 1.10681e-07 -0.0031581 -0.00976753 -0.0144221 0.000924199 0.0050046 0.00365383 0.00508532 3.21604e-05 0.00101071 0.00580232 0.00280542 -0.00212727 -0.00465252 -0.00214446 -5.48903e-05
internal_weight=193080 32180 235 186 159 31945 167 78 45 89 59 31778 9879 9651 21899 220 84 61 136 228 190 164 21679 1771 54 618 62 92 68 19908
internal_count=193080 32180 235 186 159 31945 167 78 45 89 59 31778 9879 9651 21899 220 84 61 136 228 190 164 21679 1771 54 618 62 92 68 19908
is_linear=0
shrinkage=0.1


Tree=79
num_leaves=31
num_cat=0
split_feature=3 2 1 1 0 1 1 1 1 1 1 1 0 2 0 1 1 1 2 1 1 1 1 1 2 0 1 1 1 1
split_gain=0.089385 0.267193 0.201803 0.3443 0.442891 0.287743 0.280835 0.24858 0.213125 0.188667 0.425858 0.889538 0.438345 0.310557 0.237062 0.470508 0.210764 0.637145 0.505356 0.217785 0.194779 0.962558 0.61799 0.558448 0.535459 0.467711 0.276725 0.238714 0.205412 2.01287
threshold=1.0000000180025095e-35 0.14500000000000005 7.2750000000000012 7.035000000000001 1.5000000000000002 6.8050000000000006 6.7350000000000012 6.8350000000000009 4.5050000000000008 6.3650000000000011 6.6650000000000009 6.6250000000000009 5.5000000000000009 0.15500000000000003 4.5000000000000009 6.7350000000000012 6.8950000000000005 6.7950000000000008 0.15500000000000003 6.7250000000000005 5.4050000000000011 5.4150000000000009 5.3150000000000004 5.3650000000000011 0.16500000000000004 4.5000000000000009 5.3350000000000009 5.1550000000000011 4.6850000000000014 4.7650000000000006
decision_type=2 2 2 2 2 2 2 2 2 2 2 2 2 2 2 2 2 2 2 2 2 2 2 2 2 2 2 2 2 2
left_child=1 2 3 5 -5 6 8 -7 -1 20 11 12 -11 -13 15 -12 17 19 -18 -16 22 -22 27 26 -25 -26 -24 28 -3 -30
right_child=-2 9 -4 4 -6 7 -8 -9 -10 10 14 13 -14 -15 16 -17 18 -19 -20 -21 21 -23 23 24 25 -27 -28 -29 29 -31
leaf_value=0.0057473658064478329 -1.6267314780979272e-05 0.00032552860045758497 0.0047968036334071337 0.0075456380533675364 -0.0078783128634992861 0.01416771702754956 -0.0072182652063486055 0.0036475938970618178 0.00082682690280686238 3.228311236871749e-05 0.0062223141118884088 -0.024754534492438491 -0.0095691483530957813 -0.0095923049535070158 -0.0019171558844391257 -0.0025236531550652547 0.014645042634287545 -0.015758495070040228 -0.00051496875575847098 0.0089780609708192734 0.019126220407157109 0.00078246020649820429 -0.0039113656364174352 -0.0089809846971184021 0.010439925191923978 -0.006095823975136647 -0.013934830030505087 0.0024211850581881827 -0.010927411209977134 0.0004320402795892701
leaf_weight=95 182640 3589 159 24 83 26 41 165 1199 245 75 22 59 35 32 342 43 20 45 43 29 2103 45 45 50 26 71 419 181 1129
leaf_count=95 182640 3589 159 24 83 26 41 165 1199 245 75 22 59 35 32 342 43 20 45 43 29 2103 45 45 50 26 71 419 181 1129
internal_value=6.65247e-13 0.000284585 0.00139594 0.0010648 -0.00441874 0.0014493 0.0009299 0.00507965 0.00118807 5.42953e-05 -0.00126672 -0.00398061 -0.00183115 -0.0154444 0.000366142 -0.000950637 0.00336667 0.000100397 0.00689276 0.00432944 0.000219443 0.00103198 -9.24056e-05 -0.00508871 -0.000335863 0.00478296 -0.0100464 0.000130258 -6.56799e-05 -0.00113747
internal_weight=193080 10440 1792 1633 107 1526 1335 191 1294 8648 961 361 304 57 600 417 183 95 88 75 7687 2132 5555 237 121 76 116 5318 4899 1310
internal_count=193080 10440 1792 1633 107 1526 1335 191 1294 8648 961 361 304 57 600 417 183 95 88 75 7687 2132 5555 237 121 76 116 5318 4899 1310
is_linear=0
shrinkage=0.1


Tree=80
num_leaves=31
num_cat=0
split_feature=2 1 1 3 3 3 3 1 3 3 3 3 2 1 1 1 1 1 1 2 3 0 3 1 1 3 0 2 0 1
split_gain=0.0922674 0.156407 0.310899 0.12484 0.151615 0.261829 0.65229 0.124414 0.0902698 0.2322 0.263679 0.202321 0.826537 0.369216 0.651262 0.220999 0.201528 1.09801 0.503686 0.442387 0.343693 0.336842 0.332261 0.26895 0.695577 0.297806 0.25706 0.268532 0.486366 0.237417
threshold=0.10500000000000002 6.3650000000000011 6.4850000000000012 0.62605000000000011 0.40294999999999997 0.45475000000000004 0.46950000000000008 6.3150000000000004 0.49485000000000001 0.54195000000000015 0.53245000000000009 0.54975000000000007 0.13500000000000004 7.1250000000000009 6.8450000000000006 5.9050000000000011 4.9050000000000011 5.2550000000000008 4.7250000000000005 0.16500000000000004 0.51105000000000012 1.5000000000000002 0.51105000000000012 4.3650000000000011 4.5450000000000008 0.52460000000000007 1.5000000000000002 0.17500000000000002 3.5000000000000004 4.035000000000001
decision_type=2 2 2 2 2 2 2 2 2 2 2 2 2 2 2 2 2 2 2 2 2 2 2 2 2 2 2 2 2 2
left_child=1 3 -3 4 7 -6 -7 -1 -2 10 16 12 -11 14 15 -14 18 19 22 -18 -21 -20 -10 26 25 -25 -24 28 -28 -29
right_child=8 2 -4 -5 5 6 -8 -9 9 11 -12 -13 13 -15 -16 -17 17 -19 21 20 -22 -23 23 24 -26 -27 27 29 -30 -31
leaf_value=-0.00043835774529725317 -1.182635459881241e-05 -0.016288747135549782 -0.0017293321747671475 0.0060843475861474877 -0.0098824866002470979 0.014684603796542987 -0.0034091088420792714 0.0065742859113458035 -0.00038549902373319843 0.011328169181277711 0.0028408232659058478 3.8691127331747779e-05 -0.0022237911816298068 -0.013518610850653865 0.010736806274336928 -0.0075409318139362663 -0.0093722211586534047 0.00074844060778306797 -0.0040739039956991163 -0.0063056114608688015 0.0039628855853539998 0.0077582129413447179 -0.0045976902725118575 -0.0027019185246899727 0.011268682922754023 -0.016982401081401369 0.019058227019779612 0.0021572543166492831 0.0032194808823987845 0.01051808291902909
leaf_weight=80 183714 20 55 26 41 23 149 37 939 42 563 3896 283 33 34 108 159 2043 28 70 61 171 33 40 27 23 33 263 47 39
leaf_count=80 183714 20 55 26 41 23 149 37 939 42 563 3896 283 33 34 108 159 2043 28 70 61 171 33 40 27 23 33 263 47 39
internal_value=9.62675e-13 -0.0014615 -0.00561184 -0.000587136 -0.00111277 -0.00270138 -0.000989601 0.00177932 3.26972e-06 0.000313663 0.000815349 -0.000204343 -0.00209807 -0.00332929 -0.00253812 -0.00369246 0.000528542 -6.89138e-05 0.00137691 -0.00582703 -0.0015241 0.00609339 0.000726922 0.00279536 -0.00216019 -0.00791543 0.00387006 0.00460157 0.00975296 0.00323696
internal_weight=193080 431 75 356 330 213 172 117 192649 8935 4539 4396 500 458 425 391 3976 2333 1643 290 131 199 1444 505 90 63 415 382 80 302
internal_count=193080 431 75 356 330 213 172 117 192649 8935 4539 4396 500 458 425 391 3976 2333 1643 290 131 199 1444 505 90 63 415 382 80 302
is_linear=0
shrinkage=0.1


Tree=81
num_leaves=31
num_cat=0
split_feature=2 3 3 2 1 3 1 1 1 3 3 3 3 0 3 3 3 3 3 3 3 3 3 2 1 1 3 3 1 1
split_gain=0.0870886 0.464926 0.928554 0.50861 0.521701 0.904353 0.526076 0.489224 0.69045 0.458217 0.564682 0.435354 0.445121 0.375756 0.315839 0.398139 0.605933 0.311259 0.301241 0.264909 0.563092 1.79873 0.368526 0.428457 0.494829 1.1136 0.647652 0.795012 1.06975 0.44673
threshold=0.12500000000000003 0.40525000000000005 0.41055000000000003 0.115 6.0550000000000006 0.54195000000000015 6.9150000000000009 5.9150000000000009 5.6850000000000014 0.43215000000000003 0.46175000000000005 0.42785000000000006 0.47475000000000001 2.5000000000000004 0.49485000000000001 0.46950000000000008 0.46440000000000009 0.40920000000000001 0.40795000000000003 0.30495000000000005 0.33025000000000004 0.32735000000000009 0.37745000000000006 0.115 6.3450000000000006 6.3850000000000007 0.34075000000000005 0.37150000000000005 6.0950000000000006 4.9450000000000012
decision_type=2 2 2 2 2 2 2 2 2 2 2 2 2 2 2 2 2 2 2 2 2 2 2 2 2 2 2 2 2 2
left_child=1 19 17 9 7 6 14 8 -5 -4 -11 -8 13 -13 15 16 -6 18 -3 -1 21 -21 23 -22 26 -26 29 28 -28 -25
right_child=-2 2 3 4 5 -7 11 -9 -10 10 -12 12 -14 -15 -16 -17 -18 -19 -20 20 22 -23 -24 24 25 -27 27 -29 -30 -31
leaf_value=6.8587013994777695e-06 1.2520362756207048e-05 0.011126949488169563 -0.007974833538589467 0.0066471402644370965 -0.002805157723994325 -0.007628122688967641 -0.0012174238615176259 0.015142729183038077 -0.0081291111733298761 0.013904135449789466 -0.0017815245305454093 0.004215186891647486 0.00016295424647978508 0.014125411919949036 0.0051055329552683465 -0.012818402238190175 0.012357323733158411 0.018778317641200765 -0.00058316045706825607 -0.0020202401429980301 0.0039090509292687859 -0.017277119867635936 -0.0028253949337868852 -0.0053271989253434269 -0.022653913512252846 -0.001566949543051173 -0.0071482190124413023 0.0087834492168106324 0.0040688924963317259 0.010259521373414569
leaf_weight=2126 186595 59 112 151 217 119 85 45 40 25 280 65 64 93 72 32 30 28 35 634 255 88 563 22 26 681 198 79 149 112
leaf_count=2126 186595 59 112 151 217 119 85 45 40 25 280 65 64 93 72 32 30 28 35 634 255 88 563 22 26 681 198 79 149 112
internal_value=7.9409e-13 -0.000360252 0.0011493 0.000434849 0.00164486 0.000394159 0.001845 0.00576261 0.00355264 -0.00250457 -0.000495815 0.0048684 0.00719856 0.0100484 -0.000799402 -0.00232326 -0.000963561 0.00952354 0.0067668 -0.00083518 -0.00147293 -0.0038798 -0.000639475 0.000169114 -0.000583596 -0.00234242 0.00163693 -0.000270399 -0.00233165 0.00770051
internal_weight=193080 6485 1552 1430 1013 777 658 236 191 417 305 307 222 158 351 279 247 122 94 4933 2807 722 2085 1522 1267 707 560 426 347 134
internal_count=193080 6485 1552 1430 1013 777 658 236 191 417 305 307 222 158 351 279 247 122 94 4933 2807 722 2085 1522 1267 707 560 426 347 134
is_linear=0
shrinkage=0.1


Tree=82
num_leaves=31
num_cat=0
split_feature=2 2 1 2 2 0 0 2 3 3 3 2 0 2 1 2 1 3 0 1 1 1 3 0 3 3 2 2 3 2
split_gain=0.0858476 0.0973496 0.198407 0.362217 0.333456 0.246048 0.214609 0.205316 0.189662 0.286628 0.206584 0.392183 0.236208 0.179071 0.383305 0.26646 0.347999 0.225701 0.261603 0.256315 0.21035 0.175488 0.17138 0.238823 0.221019 0.150958 0.149176 0.193713 0.213248 0.138807
threshold=7.160000000000001 0.58500000000000008 2.3050000000000002 1.175 2.5050000000000003 4.5000000000000009 4.5000000000000009 1.5650000000000002 0.6009500000000001 0.5011500000000001 0.46695000000000003 4.5900000000000007 4.5000000000000009 0.24500000000000002 4.9450000000000012 0.23500000000000001 3.2550000000000003 0.24714999999999995 3.5000000000000004 1.5950000000000004 1.8950000000000002 4.745000000000001 0.40205000000000007 5.5000000000000009 0.43765000000000004 0.24945000000000003 1.7050000000000003 1.7350000000000001 0.6009500000000001 3.2650000000000006
decision_type=2 2 2 2 2 2 2 2 2 2 2 2 2 2 2 2 2 2 2 2 2 2 2 2 2 2 2 2 2 2
left_child=1 13 3 -3 6 -5 -4 -8 9 10 22 12 -12 15 17 -1 -17 18 -15 -19 -21 -9 25 24 -24 -6 -7 -28 -29 -11
right_child=-2 2 4 5 8 26 7 21 -10 29 11 -13 -14 14 -16 16 -18 19 -20 20 -22 -23 23 -25 -26 -27 27 28 -30 -31
leaf_value=8.7268745942754104e-06 0.0065512862522155053 -0.001795074083671278 -0.013252437000091261 -0.0041336290495978161 -0.0033871531805821833 0.00079424386840272238 -0.0085169389399129946 -0.00066189100674819202 0.0042566425437611096 0.0002051979950550249 0.012258174225991202 -0.0069444518018927847 0.0025806318663182809 -0.011049104595346557 0.013315979660385186 -0.0011717070795119544 -0.0084117290951932471 -0.002433869625087333 0.0010618132891111254 0.01128508767911366 0.002336649424999076 -0.0082215964941209866 -0.012453078161989754 0.0034538209657458702 -0.0023375552544301309 0.0047809642623178666 0.012508326100016183 0.0016100785759691563 0.011782904394456874 -0.0054600485875041307
leaf_weight=188875 20 735 26 88 35 989 67 160 74 59 43 27 61 31 27 446 78 113 42 28 425 38 36 34 54 64 22 198 23 162
leaf_count=188875 20 735 26 88 35 989 67 160 74 59 43 27 61 31 27 446 78 113 42 28 425 38 36 34 54 64 22 198 23 162
internal_value=-2.21899e-12 -6.78681e-07 -0.000566362 -1.58862e-05 -0.0017698 0.000974798 -0.00458255 -0.00373192 -0.000508609 -0.00112188 0.00064221 0.00379404 0.00658192 8.23523e-06 0.0016451 2.47938e-06 -0.00224942 0.00115196 -0.00408118 0.00182691 0.00288975 -0.00211274 -0.00120932 -0.00368636 -0.00638376 0.00189325 0.00133969 0.00355961 0.00266879 -0.00394761
internal_weight=193080 193060 2995 2055 940 1320 291 265 649 575 354 131 104 190065 666 189399 524 639 73 566 453 198 223 124 90 99 1232 243 221 221
internal_count=193080 193060 2995 2055 940 1320 291 265 649 575 354 131 104 190065 666 189399 524 639 73 566 453 198 223 124 90 99 1232 243 221 221
is_linear=0
shrinkage=0.1


Tree=83
num_leaves=31
num_cat=0
split_feature=0 3 1 1 1 1 2 3 3 3 2 1 1 3 3 3 1 3 1 0 3 2 3 2 2 1 1 3 1 3
split_gain=0.080068 0.162152 0.186915 0.207254 0.285651 0.258755 0.16064 0.2096 0.352181 0.357685 0.336141 0.311048 0.558388 0.325133 0.329666 0.360846 0.327014 0.662589 0.509141 0.297707 0.262359 0.198976 0.428575 0.582141 0.306139 0.286038 0.394548 0.588693 0.638189 0.452368
threshold=3.5000000000000004 0.7320500000000002 4.0650000000000004 4.4850000000000012 5.2750000000000012 6.495000000000001 0.21500000000000002 0.34075000000000005 0.22254999999999997 0.12600000000000003 0.22500000000000003 2.7350000000000008 2.6050000000000004 0.24714999999999995 0.29525000000000007 0.28855000000000003 4.0650000000000004 0.32585000000000003 3.9550000000000005 1.5000000000000002 0.34295000000000003 4.1700000000000008 0.46440000000000009 0.22500000000000003 3.6150000000000007 3.9050000000000007 4.2650000000000006 0.40655000000000002 4.8450000000000006 0.38265000000000005
decision_type=2 2 2 2 2 2 2 2 2 2 2 2 2 2 2 2 2 2 2 2 2 2 2 2 2 2 2 2 2 2
left_child=6 -2 -3 -4 -5 -6 -1 8 9 10 -8 12 -10 -13 15 19 17 -16 -19 -15 -9 22 25 -24 -25 -22 -27 29 -29 -28
right_child=1 2 3 4 5 -7 7 20 11 -11 -12 13 -14 14 16 -17 -18 18 -20 -21 21 -23 23 24 -26 26 27 28 -30 -31
leaf_value=8.2530815304479498e-05 -5.8160274129362512e-05 0.0019075458403676748 -0.012374038881223117 0.0069682177311430381 -0.0085043583920046892 0.0018552888120110665 0.0061190949380397798 -0.01124055084033773 7.9499235162363641e-05 -0.0075515784906422349 -0.005332792587432778 0.013141844138779023 -0.016016501195442217 0.0074697947424360901 0.010817337705378944 -0.010901349637060777 0.00011964916214346885 -0.011459213151628601 0.008463928322105305 -0.0017623303379343059 0.00091972672463660793 0.0019242726897810707 -0.016814085573694387 -8.2824415112116249e-05 -0.012341249470288557 -0.0074389418018341981 0.00050013474343965452 0.021869893726848423 0.00034207535180030396 -0.012369975191541017
leaf_weight=94669 96317 62 28 24 73 36 55 29 126 103 48 27 26 47 123 32 125 29 23 136 343 138 43 83 27 131 72 21 40 44
leaf_count=94669 96317 62 28 24 73 36 55 29 126 103 48 27 26 47 123 32 125 29 23 136 343 138 43 83 27 131 72 21 40 44
internal_value=2.45507e-12 -6.43963e-05 -0.00275783 -0.00455443 -0.0029082 -0.00508282 6.43963e-05 -0.000853175 0.000246204 -0.00338464 0.000782293 0.00132395 -0.00267376 0.00244508 0.00188428 -0.00110437 0.00402614 0.00681649 -0.00264705 0.000608762 -0.00187217 -0.00158376 -0.00218588 -0.00694833 -0.00309171 -0.0010666 -0.00327864 -0.000199539 0.00775329 -0.00438163
internal_weight=193080 96540 223 161 133 109 96540 1871 900 206 103 694 152 542 515 215 300 175 52 183 971 942 804 153 110 651 308 177 61 116
internal_count=193080 96540 223 161 133 109 96540 1871 900 206 103 694 152 542 515 215 300 175 52 183 971 942 804 153 110 651 308 177 61 116
is_linear=0
shrinkage=0.1


Tree=84
num_leaves=31
num_cat=0
split_feature=3 3 3 1 0 1 1 1 0 1 1 2 3 1 0 2 1 3 2 1 3 1 1 1 1 3 3 1 3 2
split_gain=0.0817087 0.158261 0.205296 0.188716 0.271492 0.309178 0.28078 0.300914 0.183951 0.181596 0.558559 0.478691 0.509434 0.387548 0.315173 0.295578 0.270033 0.255759 0.238661 0.502958 0.23275 0.362557 0.540944 0.186439 0.677016 0.551946 0.475059 0.40725 0.335565 0.230476
threshold=0.49485000000000001 0.54195000000000015 0.53245000000000009 3.3850000000000002 4.5000000000000009 5.7250000000000005 4.705000000000001 4.285000000000001 3.5000000000000004 5.5150000000000006 5.0050000000000008 0.13500000000000004 0.54975000000000007 5.7750000000000012 1.5000000000000002 2.1550000000000007 5.705000000000001 0.66930000000000012 0.16500000000000004 5.2750000000000012 0.54975000000000007 7.1250000000000009 6.8450000000000006 4.7250000000000005 4.5650000000000004 0.66930000000000012 0.58350000000000002 4.5050000000000008 0.54975000000000007 0.16500000000000004
decision_type=2 2 2 2 2 2 2 2 2 2 2 2 2 2 2 2 2 2 2 2 2 2 2 2 2 2 2 2 2 2
left_child=-1 2 -2 -4 5 6 7 -5 -8 10 15 -12 -13 14 -11 23 -16 -14 -19 -20 21 22 -15 24 27 26 -26 29 -25 -3
right_child=1 9 3 4 -6 -7 8 -9 -10 13 11 12 17 20 16 -17 -18 18 19 -21 -22 -23 -24 28 25 -27 -28 -29 -30 -31
leaf_value=-1.4443532661629016e-05 0.00045374459090288095 0.0025371783928624971 -0.0025485046363125249 0.0051831353281158957 0.0065421924967085949 -0.0017950493550183727 0.0046537380745502732 -0.0090121018899870769 0.013274843466581044 0.0040611834516032386 0.01316211569202373 -0.0077672357266154986 0.005197929237401179 -0.004433925368931029 -0.0050996895537190586 0.0084536228218655054 -0.015775602886622605 -0.0074245530016282023 0.011393275101565653 -0.0043880143779856358 -2.786873544420556e-05 -0.012430692112416422 0.0096581274260054625 0.0072825853973627099 0.0067266600278830073 0.016275388149446565 -0.0050746534257104584 -0.01129763828098981 -0.0051805839446261992 -0.00098245014216732473
leaf_weight=184009 4015 212 66 32 160 153 99 28 33 26 46 44 282 137 84 38 33 34 36 46 1463 38 34 25 103 38 51 36 159 1520
leaf_count=184009 4015 212 66 32 160 153 99 28 33 26 46 44 282 137 84 38 33 34 36 46 1463 38 34 25 103 38 51 36 159 1520
internal_value=1.34926e-13 0.000292993 0.000706063 0.00248024 0.00313746 0.00155846 0.00423079 -0.00144131 0.00680901 -0.000129379 0.000395253 0.00345367 0.00244329 -0.00090115 -0.00589775 -0.000288756 -0.00811084 0.00357209 -0.000380393 0.00254036 -0.00047381 -0.0035954 -0.001632 -0.000443704 -0.000157987 0.00548179 0.00281843 -0.000770451 -0.00348722 -0.000551641
internal_weight=193080 9071 4586 571 505 345 192 60 132 4485 2670 488 442 1815 143 2182 117 398 116 82 1672 209 171 2144 1960 192 154 1768 184 1732
internal_count=193080 9071 4586 571 505 345 192 60 132 4485 2670 488 442 1815 143 2182 117 398 116 82 1672 209 171 2144 1960 192 154 1768 184 1732
is_linear=0
shrinkage=0.1


Tree=85
num_leaves=31
num_cat=0
split_feature=1 1 3 1 3 3 0 3 3 2 2 0 3 2 1 2 3 1 3 1 2 3 2 0 0 0 3 3 3 3
split_gain=0.0794784 0.613762 0.540652 0.44281 0.772128 0.684194 0.314401 0.249847 0.298734 0.237199 0.213257 0.284101 0.205175 0.189974 0.20263 0.132245 0.353237 0.211582 0.631372 0.32481 0.322415 0.451693 0.30251 0.210216 0.195938 0.184417 0.174192 0.173674 0.494529 0.424655
threshold=7.5150000000000006 7.5450000000000008 0.25685000000000008 7.5850000000000009 0.30565000000000003 0.38085000000000008 2.5000000000000004 0.34465000000000007 0.31215000000000004 0.13500000000000004 0.14500000000000005 2.5000000000000004 0.43555000000000005 2.5850000000000004 6.1450000000000005 0.12500000000000003 0.28055000000000002 7.6250000000000009 0.37475000000000008 7.6850000000000014 0.14500000000000005 0.32010000000000005 0.15500000000000003 5.5000000000000009 3.5000000000000004 4.5000000000000009 0.22589999999999996 0.28335000000000005 0.31285000000000007 0.34144999999999998
decision_type=2 2 2 2 2 2 2 2 2 2 2 2 2 2 2 2 2 2 2 2 2 2 2 2 2 2 2 2 2 2
left_child=13 2 -2 4 9 -6 12 8 -8 -3 -7 -12 -4 -1 -15 16 24 18 20 22 21 26 25 -18 -5 -19 -17 -21 -29 -30
right_child=1 3 6 15 5 10 7 -9 -10 -11 11 -13 -14 14 -16 17 23 19 -20 27 -22 -23 -24 -25 -26 -27 -28 28 29 -31
leaf_value=-6.360306150280453e-06 -0.0093131557035331554 -0.0061032286164565729 0.0037166212392704826 -0.0073775423730307434 -0.015789711141218767 -0.0087659292330499738 0.0086520469728081188 0.011431773895660795 -0.0044962702250039141 0.0047404699741552276 -0.0072723951900289172 0.0078929087861130641 -0.0069041881540959534 -0.00055639730716073839 -0.011831718084535429 0.0021514977142214776 0.0033155879439643581 -0.00041476141090594949 -0.0043296314699396701 0.0030778236870695219 0.015972015075385572 -0.0035265321887674784 -0.013731468750092275 0.012479392593276913 0.0025882960954571473 -0.0065988645614457461 0.01344776836245559 -0.0050234508577638986 0.0050495757045404569 -8.933773792326049e-05
leaf_weight=189904 26 26 105 47 70 32 48 108 27 90 21 30 22 37 28 20 183 155 73 203 32 42 26 29 34 70 43 176 186 1187
leaf_count=189904 26 26 105 47 70 32 48 108 27 90 21 30 22 37 28 20 183 155 73 203 32 42 26 29 34 70 43 176 186 1187
internal_value=-5.24912e-13 0.000501357 0.00453792 1.26057e-05 -0.00384299 -0.00850799 0.00569962 0.00835263 0.00391865 0.00230999 -0.00236678 0.00164837 0.0018768 -8.2104e-06 -0.00541346 0.000426474 0.00242291 0.000162147 0.00318196 -0.000154458 0.00718448 0.00450638 -0.00351883 0.00456913 -0.00319435 -0.0023387 0.00986165 0.000327539 -3.28923e-05 0.00060683
internal_weight=193080 3111 336 2775 269 153 310 183 75 116 83 51 127 189969 65 2506 293 2213 210 2003 137 105 251 212 81 225 63 1752 1549 1373
internal_count=193080 3111 336 2775 269 153 310 183 75 116 83 51 127 189969 65 2506 293 2213 210 2003 137 105 251 212 81 225 63 1752 1549 1373
is_linear=0
shrinkage=0.1


Tree=86
num_leaves=31
num_cat=0
split_feature=2 3 3 2 1 3 3 1 1 1 1 1 3 3 0 3 0 1 3 1 3 3 3 3 1 2 1 1 1 0
split_gain=0.0774258 0.355159 0.753903 0.412376 0.419895 0.716931 0.46109 0.609078 0.409251 0.402588 0.551267 0.373446 0.365292 0.452469 0.304671 0.27674 0.259627 0.253269 0.308383 0.29306 0.24305 0.243965 0.242096 0.226162 0.212839 0.235562 0.207335 0.838995 0.249701 0.232733
threshold=0.12500000000000003 0.40525000000000005 0.41055000000000003 0.115 6.0550000000000006 0.53245000000000009 0.45275000000000004 7.0850000000000009 6.8650000000000011 5.9150000000000009 5.6850000000000014 6.5850000000000009 0.43215000000000003 0.46175000000000005 4.5000000000000009 0.44470000000000004 3.5000000000000004 7.5150000000000006 0.42890000000000006 7.0050000000000008 0.40920000000000001 0.40795000000000003 0.46695000000000003 0.40294999999999997 6.8450000000000006 0.10500000000000002 6.6350000000000007 6.2950000000000008 7.0850000000000009 4.5000000000000009
decision_type=2 2 2 2 2 2 2 2 2 2 2 2 2 2 2 2 2 2 2 2 2 2 2 2 2 2 2 2 2 2
left_child=1 23 20 12 9 6 11 8 -8 10 -5 -6 24 -14 -10 17 -11 18 19 -13 21 -3 -9 -1 25 -4 27 -7 -28 -30
right_child=-2 2 3 4 5 26 7 22 14 16 -12 15 13 -15 -16 -17 -18 -19 -20 -21 -22 -23 -24 -25 -26 -27 28 -29 29 -31
leaf_value=-0.00068625693553303396 1.1805361046548572e-05 0.010013170619258438 -0.0093689951550913978 0.0058799625932553553 -0.0056305131778312256 0.00094872958213090906 0.0043319686319187494 0.016137666769487701 -0.011009560908975178 0.0065236438686649013 -0.0073232338251546028 0.0022768635424922725 0.012372722566127778 -0.0016681921005614901 0.0027377061545848847 -0.008956989840320919 0.02174894026524964 0.0097457397542893894 0.0069458150905980301 -0.0082943891215583564 0.016703509306535125 -0.0005250559374690056 0.0063468116560086085 -0.0074460993995890028 -0.012138007069956892 0.0028621493312980858 0.004408557042134581 -0.025515938938959787 -0.0020383317692903801 -0.015586539553034873
leaf_weight=4883 186595 59 32 151 112 25 144 46 38 24 40 61 25 280 28 23 21 40 55 46 28 35 56 50 49 31 27 23 32 21
leaf_count=4883 186595 59 32 151 112 25 144 46 38 24 40 61 25 280 28 23 21 40 55 46 28 35 56 50 49 31 27 23 32 21
internal_value=-1.06349e-12 -0.000339679 0.000979688 0.000335928 0.00142547 0.000303419 0.00165242 0.0044226 0.00134331 0.00511966 0.0031149 -0.000912261 -0.00231084 -0.000517297 -0.00517739 0.00143638 0.0136288 0.00261978 0.000860288 -0.00226779 0.0085254 0.00608936 0.0107623 -0.000754773 -0.00719503 -0.0033505 -0.00653642 -0.0117323 -0.00341891 -0.00740649
internal_weight=193080 6485 1552 1430 1013 777 649 312 210 236 191 337 417 305 66 225 45 202 162 107 122 94 102 4933 112 63 128 48 80 53
internal_count=193080 6485 1552 1430 1013 777 649 312 210 236 191 337 417 305 66 225 45 202 162 107 122 94 102 4933 112 63 128 48 80 53
is_linear=0
shrinkage=0.1


Tree=87
num_leaves=31
num_cat=0
split_feature=1 1 2 3 3 3 0 2 3 3 0 3 2 3 3 1 3 3 1 2 3 3 2 3 3 3 3 1 2 0
split_gain=0.0773268 1.03912 0.425301 0.54324 0.577203 0.728146 0.33203 0.31302 0.903044 0.794034 0.880273 0.383565 0.454133 0.381216 0.356625 0.280281 0.504992 0.422799 0.390601 0.921111 0.487133 0.59775 0.433502 0.598151 0.916449 0.610897 0.938782 0.378621 0.360384 0.763514
threshold=6.5150000000000006 6.535000000000001 0.15500000000000003 0.42320000000000008 0.25845000000000007 0.27125000000000005 3.5000000000000004 0.14500000000000005 0.38815000000000005 0.32010000000000005 2.5000000000000004 0.39345000000000008 0.13500000000000004 0.34945000000000004 0.32455000000000006 6.4750000000000005 0.46015 0.58350000000000002 6.4850000000000012 0.14500000000000005 0.31525000000000009 0.28955000000000003 0.15500000000000003 0.38425000000000004 0.36175000000000007 0.33805000000000002 0.31215000000000004 6.5050000000000008 0.16500000000000004 3.5000000000000004
decision_type=2 2 2 2 2 2 2 2 2 2 2 2 2 2 2 2 2 2 2 2 2 2 2 2 2 2 2 2 2 2
left_child=15 2 3 4 -2 -6 -5 11 9 10 -9 13 -13 14 -7 -1 18 27 22 -20 21 -21 23 24 25 26 -17 -18 29 -23
right_child=1 -3 -4 6 5 7 -8 8 -10 -11 -12 12 -14 -15 -16 16 17 -19 19 20 -22 28 -24 -25 -26 -27 -28 -29 -30 -31
leaf_value=-1.3511828039510638e-05 0.008445832522494005 4.0953569162028067e-05 0.0057827983168448269 0.0046531825429863404 -0.013782119798736696 0.0026396485524909463 0.021652858308516446 0.014271727129817009 0.010867264301612459 -0.022207228593047589 -0.013633526326157153 -0.015649117480885859 0.0018341958713837159 0.0085122580353457194 -0.01149505994038745 -0.0040411796590584951 -0.0094894793335031855 0.0065924393634001419 0.0035360350328280457 -0.00091016356481940421 -0.0034508196998524403 0.0022595872246061583 0.0012676299581806617 0.0025833620689809326 -0.026566550593175323 0.00097184103362305072 -0.021415671898538005 0.003158370651570814 -0.00077294478049645069 0.026303077772259716
leaf_weight=157124 81 32783 412 27 39 119 20 20 29 31 26 24 39 104 21 96 153 24 519 299 599 28 152 76 23 87 46 28 26 25
leaf_count=157124 81 32783 412 27 39 119 20 20 29 31 26 24 39 104 21 96 153 24 519 299 599 28 152 76 23 87 46 28 26 25
internal_value=-2.75093e-12 0.00013744 0.00332607 0.00158094 0.00067214 -0.000720933 0.0118871 0.000512448 -0.00417274 -0.00983716 -0.00150081 0.00213014 -0.00482611 0.00392622 0.000519442 -2.91393e-05 -0.00115498 -0.00587921 -0.000664862 0.000131531 -0.001677 0.00113389 -0.00314696 -0.00519274 -0.00753792 -0.00562674 -0.00966954 -0.00753291 0.00887024 0.0136009
internal_weight=193080 33775 992 580 533 452 47 413 106 77 46 307 63 244 140 159305 2181 205 1976 1496 977 378 480 328 252 229 142 181 79 53
internal_count=193080 33775 992 580 533 452 47 413 106 77 46 307 63 244 140 159305 2181 205 1976 1496 977 378 480 328 252 229 142 181 79 53
is_linear=0
shrinkage=0.1


Tree=88
num_leaves=31
num_cat=0
split_feature=3 3 2 2 1 1 3 3 0 3 0 2 0 1 1 2 3 1 2 2 1 1 0 1 1 1 1 0 0 1
split_gain=0.0772389 0.41544 0.292507 0.263365 0.23646 0.591256 0.521548 0.28133 0.263784 0.25506 0.32598 0.249366 0.211689 0.252197 0.209358 0.206339 0.425026 0.606981 0.534971 0.505327 0.466563 0.613365 0.523175 0.415252 0.376959 0.670949 0.458668 0.408533 0.364062 0.51624
threshold=0.31915000000000004 0.32225000000000004 0.19500000000000003 0.115 4.2250000000000005 4.5450000000000008 0.32164999999999999 0.32010000000000005 2.5000000000000004 0.32010000000000005 5.5000000000000009 0.17500000000000002 2.5000000000000004 4.745000000000001 4.0850000000000009 0.15500000000000003 0.31525000000000009 7.035000000000001 0.17500000000000002 0.16500000000000004 5.2550000000000008 4.9050000000000011 1.5000000000000002 3.8150000000000004 4.8450000000000006 4.705000000000001 4.7650000000000006 2.5000000000000004 2.5000000000000004 5.6650000000000009
decision_type=2 2 2 2 2 2 2 2 2 2 2 2 2 2 2 2 2 2 2 2 2 2 2 2 2 2 2 2 2 2
left_child=15 2 3 -2 9 6 7 -6 -8 14 -11 -12 13 -7 -5 -1 -17 18 20 -19 21 22 -18 -20 25 27 -27 -24 29 -22
right_child=1 -3 -4 4 5 12 8 -9 -10 10 11 -13 -14 -15 -16 16 17 19 23 -21 28 -23 24 -25 -26 26 -28 -29 -30 -31
leaf_value=0.00014266311220195805 -0.0088521563137571018 2.3034043606599783e-05 -0.0020031690193095292 -0.005570987806551987 -0.00056742068912301745 -0.0045438052155077459 0.012196193954774313 -0.011238484255903002 -0.0012847491956137597 0.0066725560234744078 -0.0081827246873029356 0.0053042521700263027 0.0010020132327862616 0.0036325638762386911 0.0058424787446856507 -0.00012669742199544336 0.0078101129010319714 0.018027087056945109 -0.00022897713559879258 -0.0011720544300400295 -0.012588171201797439 0.0074255917950168913 -0.0086592178034285705 -0.0043774443394591529 -0.010210603750532583 0.014203621768926193 -0.0014012837602246193 -0.00044196232671316825 -0.00048983703846847712 -0.0022490220409505757
leaf_weight=28548 24 108793 251 45 35 40 21 84 47 258 29 26 1262 663 25 50345 75 29 336 26 71 138 75 856 42 48 31 313 393 151
leaf_count=28548 24 108793 251 45 35 40 21 84 47 258 29 26 1262 663 25 50345 75 29 336 26 71 138 75 856 42 48 31 313 393 151
internal_value=-3.10745e-13 5.40417e-05 0.00125455 0.00157408 0.00167279 0.00126535 -0.00410778 -0.00809994 0.00287848 0.00396214 0.00518253 -0.00180706 0.00177668 0.00316734 -0.00149475 -7.40236e-05 -0.000190897 -0.00144171 -0.00166773 0.00895113 -0.000294439 0.00142964 1.27939e-05 -0.00320808 -0.00113612 -0.000320003 0.00808018 -0.00203035 -0.00231849 -0.00555569
internal_weight=193080 111603 2810 2559 2535 2152 187 119 68 383 313 55 1965 703 70 81477 52929 2584 2529 55 1337 722 584 1192 509 467 79 388 615 222
internal_count=193080 111603 2810 2559 2535 2152 187 119 68 383 313 55 1965 703 70 81477 52929 2584 2529 55 1337 722 584 1192 509 467 79 388 615 222
is_linear=0
shrinkage=0.1


Tree=89
num_leaves=31
num_cat=0
split_feature=3 2 3 1 1 2 2 1 1 0 0 1 1 1 1 2 2 3 2 0 0 1 1 3 2 2 3 1 1 2
split_gain=0.0745293 0.226248 0.181016 1.00455 0.896697 0.413043 0.273173 0.783305 1.01173 0.646829 0.625196 0.484963 0.403298 0.948404 0.40268 0.357711 0.413348 0.545634 0.264905 0.254054 0.358188 0.304723 0.304414 0.274824 0.389503 0.221443 0.20324 0.3727 0.592189 0.300338
threshold=1.0000000180025095e-35 0.13500000000000004 0.11564999999999996 3.8750000000000004 4.3050000000000006 0.17500000000000002 0.15500000000000003 4.7250000000000005 5.9050000000000011 1.5000000000000002 2.5000000000000004 6.0050000000000008 5.9150000000000009 5.2150000000000007 5.1250000000000009 0.17500000000000002 0.16500000000000004 0.10100000000000002 0.18500000000000003 1.5000000000000002 4.5000000000000009 4.6850000000000014 4.5650000000000004 0.10100000000000002 0.16500000000000004 0.18500000000000003 0.10100000000000002 6.3250000000000011 6.6550000000000011 0.14500000000000005
decision_type=2 2 2 2 2 2 2 2 2 2 2 2 2 2 2 2 2 2 2 2 2 2 2 2 2 2 2 2 2 2
left_child=1 -1 3 5 25 -2 7 -6 9 -9 -11 -10 13 14 19 16 -15 -18 -14 21 23 -8 -22 24 -21 -5 27 -13 29 -29
right_child=2 -3 -4 4 6 -7 12 8 11 10 -12 26 18 15 -16 -17 17 -19 -20 20 22 -23 -24 -25 -26 -27 -28 28 -30 -31
leaf_value=0.0017582532077612481 -0.017433025233101012 0.00011523196193604404 -5.9389441227001513e-06 0.011607380859975426 0.013734056875996648 -0.0055606860260013491 0.011768594477325679 -0.022012959590453345 0.012710411950302798 0.0078074566624832878 -0.0078537869558203965 -0.0084951658577968672 -0.0051298698037202271 0.0089748848278153066 -0.014054771636923155 0.011868677631503455 -0.014109959018727145 0.0045864400227327608 -0.016928133757954295 -0.0095419555872770928 -0.0079545658214816035 -0.0045248995111747221 0.0044890193550875699 -0.011811490080264562 0.003644606202752108 0.00087914477783040371 0.0042259141519809 0.00094547021118077373 -0.0040879399722284623 0.016222919163204008
leaf_weight=919 43 9521 181187 74 42 92 24 24 42 33 112 48 141 48 36 54 27 37 22 48 28 22 66 68 42 26 130 22 71 31
leaf_count=919 43 9521 181187 74 42 92 24 24 42 33 112 48 141 48 36 54 27 37 22 48 28 22 66 68 42 26 130 22 71 31
internal_value=1.68102e-12 0.000259862 -1.48541e-05 -0.00112656 -0.000285049 -0.00934225 -0.00103243 0.000604408 -0.000470534 -0.00680644 -0.0042895 0.00264217 -0.00240263 -0.00099443 -0.00406481 0.00518333 0.00196003 -0.0033011 -0.00672227 -0.00285797 -0.00410545 0.00397605 0.00078242 -0.00701343 -0.00338823 0.00881804 0.00124195 -0.00101338 0.0018828 0.00988134
internal_weight=193080 10440 182640 1453 1318 135 1218 555 513 169 145 344 663 500 334 166 112 64 163 298 252 46 94 158 90 100 302 172 124 53
internal_count=193080 10440 182640 1453 1318 135 1218 555 513 169 145 344 663 500 334 166 112 64 163 298 252 46 94 158 90 100 302 172 124 53
is_linear=0
shrinkage=0.1


Tree=90
num_leaves=31
num_cat=0
split_feature=3 3 2 2 1 1 3 1 1 3 0 1 2 3 3 2 2 1 0 1 1 0 2 2 1 1 1 0 1 0
split_gain=0.0707785 0.317833 1.2765 0.43239 0.358189 0.324931 0.309293 0.333248 0.845423 0.521772 0.611655 0.429676 0.322912 0.316664 0.63572 0.885439 0.430182 0.821386 0.410848 0.33804 0.946288 0.908683 0.90349 0.614618 0.5755 0.574538 0.426506 0.430158 0.498133 0.410782
threshold=0.33115000000000006 0.32585000000000003 0.12500000000000003 0.21500000000000002 6.1450000000000005 1.7450000000000003 0.33735000000000004 4.3050000000000006 4.3450000000000006 0.33644999999999997 4.5000000000000009 3.9550000000000005 0.15500000000000003 0.34215000000000007 0.34295000000000003 0.21500000000000002 0.15500000000000003 4.745000000000001 4.5000000000000009 4.1450000000000005 5.1950000000000012 2.5000000000000004 0.16500000000000004 0.16500000000000004 5.2550000000000008 4.705000000000001 4.3650000000000011 2.5000000000000004 4.6650000000000009 3.5000000000000004
decision_type=2 2 2 2 2 2 2 2 2 2 2 2 2 2 2 2 2 2 2 2 2 2 2 2 2 2 2 2 2 2
left_child=1 -1 4 5 -3 -4 7 9 -9 12 11 -11 -2 19 15 16 17 18 -15 21 25 22 -8 -23 29 26 -21 -28 -29 -22
right_child=6 2 3 -5 -6 -7 13 8 -10 10 -12 -13 -14 14 -16 -17 -18 -19 -20 20 24 23 -24 -25 -26 -27 27 28 -30 -31
leaf_value=-1.9713388188884716e-05 -0.0083916437899461023 -0.019641245342791082 0.0092631284695337806 -0.0082335008588963997 -0.0075573154955125626 -0.00054895660749316002 -0.019222868574275215 0.011332511610669803 0.00091044536467193562 0.01325882954013257 -0.0035398168848794808 -0.0021390992992868026 -0.0010750026163265879 -0.022413416113704444 3.1851795034329641e-05 -0.010899941152006034 0.0061342580226542839 0.0034655408455093609 -0.0023867946650300708 0.0027930379228861277 -0.017222181354195645 0.0061664323970167479 -0.0044232779293970174 -0.0021888820099952694 -0.0012583146750985508 0.0036917329927224039 -0.0064386596314368718 0.0010659310893026902 -0.01487794296727294 -0.0027991454408038408
leaf_weight=87847 64 35 34 73 82 4582 55 79 5271 74 57 24 1049 20 88185 42 388 188 21 282 39 110 165 441 2657 707 155 293 21 40
leaf_count=87847 64 35 34 73 82 4582 55 79 5271 74 57 24 1049 20 88185 42 388 188 21 282 39 110 165 441 2657 707 155 293 21 40
internal_value=2.84987e-13 -6.30344e-05 -0.000854882 -0.000597445 -0.0111722 -0.000476684 5.81549e-05 0.000718877 0.00106434 -0.00073872 0.00469707 0.00948791 -0.00149573 1.15426e-05 5.49759e-05 0.00314936 0.00410571 0.000668693 -0.0121559 -0.000765656 -0.000411872 -0.00269013 -0.00812318 -0.000520852 -0.0015084 0.0016458 -0.000280259 -0.00212817 -3.78959e-07 -0.00991938
internal_weight=193080 92653 4806 4689 117 4616 100427 6618 5350 1268 155 98 1113 93809 88844 659 617 229 41 4965 4194 771 220 551 2736 1458 751 469 314 79
internal_count=193080 92653 4806 4689 117 4616 100427 6618 5350 1268 155 98 1113 93809 88844 659 617 229 41 4965 4194 771 220 551 2736 1458 751 469 314 79
is_linear=0
shrinkage=0.1


Tree=91
num_leaves=31
num_cat=0
split_feature=0 3 2 2 2 2 3 3 1 1 2 3 2 3 1 1 2 3 3 2 3 2 3 1 1 3 1 1 1 1
split_gain=0.0698019 0.111344 0.141964 0.177757 0.240777 0.169985 0.127889 0.161644 0.33525 0.64466 0.324391 0.260794 0.617182 0.22808 0.217642 0.188523 0.16347 0.159918 0.165809 0.193811 0.159704 0.319584 0.292179 0.288119 0.382587 0.165137 0.590713 0.19934 0.180441 0.311114
threshold=5.5000000000000009 0.7320500000000002 4.9050000000000011 3.7750000000000004 4.4900000000000011 3.3900000000000001 0.51105000000000012 0.46695000000000003 6.1750000000000007 6.455000000000001 0.14500000000000005 0.45755000000000007 0.13500000000000004 0.4849 6.0750000000000011 6.3450000000000006 2.3150000000000004 0.46175000000000005 0.46015 0.16500000000000004 0.45275000000000004 0.14500000000000005 0.44470000000000004 6.1950000000000012 5.455000000000001 0.44010000000000005 5.1250000000000009 1.7450000000000003 7.1650000000000009 7.1850000000000014
decision_type=2 2 2 2 2 2 2 2 2 2 2 2 2 2 2 2 2 2 2 2 2 2 2 2 2 2 2 2 2 2
left_child=-1 2 3 5 -5 6 7 11 14 15 -11 20 -13 -12 16 -10 -9 18 -14 -20 22 -22 25 24 -24 28 27 -27 -2 -30
right_child=1 -3 -4 4 -6 -7 -8 8 9 10 13 12 17 -15 -16 -17 -18 -19 19 -21 21 -23 23 -25 -26 26 -28 -29 29 -31
leaf_value=2.688933399394983e-05 -0.00019879830236738171 -0.0037070614854462615 0.0075633747891212513 -0.011360830108098912 0.00062997416757485454 0.0068454544192978325 0.00077564803889711598 -0.0019831448025257434 0.0054729942880246954 0.0034316892500024249 -0.0087390016587007621 0.014373968603710333 0.0004815944698121813 0.00077457441726610772 -0.0099087317186572106 0.015467836719471962 0.0059012088648698951 -0.0008679481651929637 0.00039627658652848213 0.010791843978965536 0.0066625257647941792 -0.0042531178658126141 0.0018369479485872118 -0.0021586202545975795 0.0097031574988694393 -0.0053320147956793127 -0.0060592464363311439 0.0043874145685029887 0.0095717280260508974 0.00078705696583683819
leaf_weight=160900 26733 87 24 33 34 35 1495 1010 46 83 63 39 90 42 34 32 27 189 29 47 31 199 220 99 86 26 188 112 42 1005
leaf_count=160900 26733 87 24 33 34 35 1495 1010 46 83 63 39 90 42 34 32 27 189 29 47 31 199 220 99 86 26 188 112 42 1005
internal_value=-5.12918e-12 -0.000134447 -0.000124762 -0.000130515 -0.00527594 -0.000119743 -0.000127369 -0.000171672 -0.00124683 0.00193058 -0.0012404 -0.000122334 0.00243298 -0.00493357 -0.00203599 0.00957344 -0.00177786 0.00112115 0.00338586 0.00682511 -0.000157364 -0.00278188 -0.000136191 0.00253061 0.00404771 -0.000174619 -0.00241221 0.00255622 -0.000148361 0.00113945
internal_weight=193080 32180 32093 32069 67 32002 31967 30472 1337 266 188 29135 394 105 1071 78 1037 355 166 76 28741 230 28511 405 306 28106 326 138 27780 1047
internal_count=193080 32180 32093 32069 67 32002 31967 30472 1337 266 188 29135 394 105 1071 78 1037 355 166 76 28741 230 28511 405 306 28106 326 138 27780 1047
is_linear=0
shrinkage=0.1


Tree=92
num_leaves=31
num_cat=0
split_feature=3 3 2 1 1 1 1 0 2 1 1 1 1 1 0 1 0 3 1 3 1 1 2 3 1 2 0 3 2 1
split_gain=0.064681 0.126079 0.166565 0.31598 0.261822 0.721119 0.534457 0.402471 0.311121 0.647554 0.308261 0.243535 1.73526 0.537395 0.366547 0.527684 0.321974 0.243162 0.215476 0.213229 0.253118 0.625503 0.551652 0.229722 0.22008 0.219196 0.284952 0.217382 0.313052 0.305433
threshold=0.49485000000000001 0.54195000000000015 0.15500000000000003 5.7950000000000008 4.9450000000000012 4.745000000000001 5.1950000000000012 3.5000000000000004 0.14500000000000005 5.535000000000001 5.1550000000000011 6.3850000000000007 6.3150000000000004 6.9350000000000014 1.5000000000000002 7.1850000000000014 3.5000000000000004 0.51105000000000012 3.9550000000000005 0.53245000000000009 4.3450000000000006 4.4250000000000007 0.17500000000000002 0.5011500000000001 3.3850000000000002 0.16500000000000004 4.5000000000000009 0.51105000000000012 0.17500000000000002 3.7550000000000003
decision_type=2 2 2 2 2 2 2 2 2 2 2 2 2 2 2 2 2 2 2 2 2 2 2 2 2 2 2 2 2 2
left_child=-1 2 3 4 5 7 10 18 9 -8 -6 12 19 -13 -15 -16 17 -17 -2 20 25 22 23 -22 -21 26 -4 28 -27 -30
right_child=1 -3 11 -5 6 -7 8 -9 -10 -11 -12 13 -14 14 15 16 -18 -19 -20 24 21 -23 -24 -25 -26 27 -28 -29 29 -31
leaf_value=-1.2850734597832283e-05 -0.019489908362517044 -0.00011630780316281319 0.0095213924509103178 0.00079934788537516874 -0.005620402232446569 0.0075368057719843329 0.0029390277961889905 -0.00038465338780782946 0.00041788779680841957 -0.020290873529544722 -0.017917377005020777 0.0069289447515325595 -0.025006789069336195 -0.0091097237003084867 -0.010408222122738758 0.0031536048039838317 0.0010389082854649482 0.017750052016228438 -0.0051645617754686448 -0.0021559758978927958 0.0022878038448592027 0.0002172898202971147 -0.021712772517154616 -0.011349107608908698 0.00466864522729142 -0.0061397570506735166 -0.0019221450772977646 0.0031932158749518689 -0.00075630437992192038 0.0044151041473207229
leaf_weight=184009 21 4485 73 1030 47 86 24 86 174 24 36 207 26 38 30 21 104 25 21 58 30 1140 24 21 255 71 31 365 348 170
leaf_count=184009 21 4485 73 1030 47 86 24 86 174 24 36 207 26 38 30 21 104 25 21 58 30 1140 24 21 255 71 31 365 348 170
internal_value=-5.6974e-12 0.000260682 0.00062937 -0.000214491 -0.00222654 0.000454866 -0.00410792 -0.00430331 -0.00154834 -0.00867592 -0.010954 0.00105978 0.00069856 0.00327976 -0.000185288 0.00169876 0.00412016 0.0110865 -0.0123272 0.000957005 0.000620043 -0.000364686 -0.00921072 -0.00332739 0.00340402 0.0017509 0.00611034 0.00127565 8.73532e-05 0.000940876
internal_weight=193080 9071 4586 1549 519 214 305 128 222 48 83 3037 2612 425 218 180 150 46 42 2586 2273 1215 75 51 313 1058 104 954 589 518
internal_count=193080 9071 4586 1549 519 214 305 128 222 48 83 3037 2612 425 218 180 150 46 42 2586 2273 1215 75 51 313 1058 104 954 589 518
is_linear=0
shrinkage=0.1


Tree=93
num_leaves=31
num_cat=0
split_feature=2 3 3 2 1 3 1 1 1 0 3 3 1 0 1 3 0 1 1 1 0 3 3 0 3 1 1 3 3 3
split_gain=0.062815 0.276978 0.613235 0.329247 0.355008 0.578161 0.453796 0.428073 0.372461 0.306221 0.295376 0.352835 0.263194 0.253374 0.37205 0.219877 0.266309 0.213974 0.932879 0.420118 0.25287 0.226296 0.686602 0.795932 0.515907 0.651881 0.552963 0.449264 0.849789 0.58817
threshold=0.12500000000000003 0.40525000000000005 0.41055000000000003 0.115 6.0450000000000008 0.53245000000000009 5.9150000000000009 5.6850000000000014 6.9150000000000009 4.5000000000000009 0.43215000000000003 0.46175000000000005 6.8850000000000007 5.5000000000000009 7.2250000000000005 0.45275000000000004 5.5000000000000009 5.2950000000000008 5.0250000000000012 5.3350000000000009 2.5000000000000004 0.39835000000000004 0.39265000000000005 2.5000000000000004 0.37475000000000008 6.8450000000000006 6.7550000000000008 0.37150000000000005 0.37085000000000001 0.36325000000000002
decision_type=2 2 2 2 2 2 2 2 2 2 2 2 2 2 2 2 2 2 2 2 2 2 2 2 2 2 2 2 2 2
left_child=1 17 -3 10 6 8 7 -5 12 -10 -4 -12 15 -11 -15 16 -6 18 -1 -19 -20 22 24 -24 27 26 -26 28 29 -21
right_child=-2 2 3 4 5 -7 -8 -9 9 13 11 -13 -14 14 -16 -17 -18 19 20 21 -22 -23 23 -25 25 -27 -28 -29 -30 -31
leaf_value=-0.00045214956326438397 1.063330243003492e-05 0.0076646140301371082 -0.0064783906750692823 0.0052639158409465078 -0.0046653885409001289 -0.0059010555219174421 0.015213396415513543 -0.0063708369864616549 0.001968255882044479 0.014616742790011423 0.010909076128154994 -0.0014899317282418322 -0.010615358024835587 -0.004417691797018051 0.013413000902668996 0.0023590602459865649 0.0064429805381223566 0.0078589172529367115 -0.018737779665858514 -0.00060439752771027978 -0.0078890361530440205 -0.0045966056749845545 -0.0040165217540093839 0.014958844580687584 -0.0032877830223151253 -0.010126551413908601 0.010929278002092334 0.0075717272981345443 -0.015142183844000102 0.0049574885089923425
leaf_weight=396 186595 122 112 151 127 128 35 40 209 42 25 280 25 25 22 183 26 60 31 3517 70 135 35 60 160 125 33 71 39 201
leaf_count=396 186595 122 112 151 127 128 35 40 209 42 25 280 25 25 22 183 26 60 31 3517 70 135 35 60 160 125 33 71 39 201
internal_value=3.72991e-12 -0.000305955 0.000859182 0.000278579 0.00125212 0.000248938 0.00474552 0.00282732 0.00144347 0.00406011 -0.00208641 -0.00047362 -0.000716517 0.00897244 0.00392859 2.00035e-05 -0.00277769 -0.000672526 -0.00264015 -0.000452078 -0.0112188 -0.000566031 -0.000437729 0.00796792 -0.000630333 -0.00450062 -0.000856887 -0.00030882 -0.000457747 -0.000303715
internal_weight=193080 6485 1552 1430 1013 787 226 191 659 298 417 305 361 89 47 336 153 4933 497 4436 101 4376 4241 95 4146 318 193 3828 3757 3718
internal_count=193080 6485 1552 1430 1013 787 226 191 659 298 417 305 361 89 47 336 153 4933 497 4436 101 4376 4241 95 4146 318 193 3828 3757 3718
is_linear=0
shrinkage=0.1


Tree=94
num_leaves=31
num_cat=0
split_feature=0 1 1 3 3 2 1 1 3 2 1 3 2 3 2 1 0 3 1 1 3 1 1 1 1 2 0 2 2 0
split_gain=0.0632299 0.139185 0.235303 0.143863 0.518124 0.304602 0.22663 0.218063 0.308613 0.283599 0.205905 0.52373 0.219954 0.234777 0.435379 0.211566 0.18549 0.162107 0.156144 0.153148 0.390641 0.305665 0.251919 0.178469 0.145392 0.142343 0.138669 0.206977 0.130826 0.16249
threshold=2.5000000000000004 1.4150000000000003 1.5950000000000004 0.57105000000000017 0.55585000000000007 4.5900000000000007 5.9850000000000012 5.3450000000000006 0.62605000000000011 0.14500000000000005 5.0850000000000009 0.62605000000000011 0.15500000000000003 0.66930000000000012 0.18500000000000003 4.4850000000000012 1.5000000000000002 0.62605000000000011 6.4250000000000007 6.1950000000000012 0.58350000000000002 5.7350000000000012 6.8450000000000006 6.705000000000001 7.1650000000000009 0.17500000000000002 1.5000000000000002 0.18500000000000003 0.10500000000000002 1.5000000000000002
decision_type=2 2 2 2 2 2 2 2 2 2 2 2 2 2 2 2 2 2 2 2 2 2 2 2 2 2 2 2 2 2
left_child=1 -1 -3 4 28 7 25 10 19 18 12 -12 -5 17 15 -15 -11 26 -10 21 22 -9 -21 -22 -25 -6 -14 -28 29 -4
right_child=-2 2 3 5 6 -7 -8 8 9 16 11 -13 13 14 -16 -17 -18 -19 -20 20 23 -23 -24 24 -26 -27 27 -29 -30 -31
leaf_value=0.0062124841217253667 -4.0464810986226976e-05 -0.0098224123939871788 0.00056192904710769662 -0.010854180306196212 0.0067439032673171501 0.010044871238262757 0.012528724879735992 -0.010433170821517707 -0.0013495735036065945 0.00031547751063235887 0.015723148308192055 -0.0045794442800494535 0.0035699719839073999 0.016472560115158557 -0.0066687448355166809 0.0035885390610649035 -0.0070227386282076913 -0.0076555198965928498 0.0084250261329791767 -0.021190762188699513 0.0016013317300300851 0.0036623020772822202 -0.0075303532459117754 -0.013161214332406721 -0.0028648676001466812 -0.0018483882709856955 -0.0064954351282344672 0.0048642345744630564 8.8812904029403477e-05 -0.010957621914955478
leaf_weight=37 128720 24 25 20 51 23 42 25 26 76 27 24 54 25 23 26 63 39 44 27 38 40 27 24 32 31 53 23 63367 24
leaf_count=37 128720 24 25 20 51 23 42 25 26 76 27 24 54 25 23 26 63 39 44 27 38 40 27 24 32 31 53 23 63367 24
internal_value=1.06735e-12 8.09296e-05 7.74026e-05 8.10978e-05 9.7446e-05 -0.0012875 0.00655521 -0.00164164 -0.00312641 -0.000396383 0.000353829 0.00616899 -0.000773826 5.58331e-05 0.00475317 0.00990424 -0.00301048 -0.00200099 0.00479446 -0.00580517 -0.00758219 -0.00175903 -0.0143606 -0.00368824 -0.00727759 0.0034956 -0.000304632 -0.00305764 8.48189e-05 -0.0050803
internal_weight=193080 64360 64323 64299 63540 759 124 736 422 209 314 51 263 243 74 51 139 169 70 213 148 65 54 94 56 82 130 76 63416 49
internal_count=193080 64360 64323 64299 63540 759 124 736 422 209 314 51 263 243 74 51 139 169 70 213 148 65 54 94 56 82 130 76 63416 49
is_linear=0
shrinkage=0.1


Tree=95
num_leaves=31
num_cat=0
split_feature=2 2 1 2 1 1 1 3 2 1 1 2 2 1 2 3 0 0 2 0 2 2 3 3 2 3 3 2 0 1
split_gain=0.0630934 0.158673 0.31203 0.207495 0.297524 0.18011 0.2003 0.228355 0.391973 0.313112 0.138918 0.324729 0.29528 0.208641 0.258844 0.239292 0.188187 0.160949 0.15825 0.188164 0.211255 0.227717 0.182461 0.195164 0.151276 0.308442 0.338906 0.171426 0.295846 0.130789
threshold=0.58500000000000008 0.24500000000000002 4.9450000000000012 0.23500000000000001 3.2550000000000003 1.5950000000000004 1.8950000000000002 0.28255000000000002 0.25500000000000006 3.7550000000000003 1.7450000000000003 1.2350000000000001 2.2250000000000001 3.6350000000000002 2.7800000000000002 0.46440000000000009 5.5000000000000009 4.5000000000000009 1.5750000000000004 5.5000000000000009 1.3550000000000002 1.4450000000000001 0.32105000000000006 0.43065000000000003 3.5600000000000005 0.51735000000000009 0.58350000000000002 4.1000000000000005 3.5000000000000004 1.5950000000000004
decision_type=2 2 2 2 2 2 2 2 2 2 2 2 2 2 2 2 2 2 2 2 2 2 2 2 2 2 2 2 2 2
left_child=1 3 5 -1 29 -3 -7 8 -8 -10 11 -2 16 -14 15 -15 -12 -13 19 20 -19 -22 -20 -24 25 -16 -27 28 -26 -5
right_child=10 2 -4 4 -6 6 7 -9 9 -11 12 17 13 14 24 -17 -18 18 22 -21 21 -23 23 -25 27 26 -28 -29 -30 -31
leaf_value=7.294673660824515e-06 -0.0013163609845962907 -0.0022678509501256341 0.012078058554066552 0.002619064912745139 -0.0076833076315382734 0.010162590756746276 0.0040384830046713482 0.0025087279917816833 -0.016958945348858834 -0.00096806806201736129 -0.0073018323896186692 -0.0033207902418715615 0.0042454320773646073 -0.012426576481666417 0.0087996717258087866 -0.0011690108900571743 -0.0022260334459133445 0.0062751931046043435 0.011036993203063807 -0.00037122763929323913 -0.0033753299194833504 0.0062645930012590004 -0.0046399184773045204 0.0038574800181359285 -0.010766939270894888 -0.0077210564871092102 0.0073507187366485599 0.00028592191079383815 -0.00087724504535835164 -0.0018016846581543847
leaf_weight=188875 896 127 27 82 78 28 42 393 25 24 105 70 91 35 52 41 240 111 30 442 69 38 31 211 43 37 25 346 102 364
leaf_count=188875 896 127 27 82 78 28 42 393 25 24 105 70 91 35 52 41 240 111 30 442 69 38 31 211 43 37 25 346 102 364
internal_value=-6.19746e-13 7.19973e-06 0.00154802 1.7816e-06 -0.0019854 0.00110309 0.00193924 0.00146351 -0.00305045 -0.00912668 -0.000453869 6.68632e-05 -0.0013387 -0.00025179 -0.00085274 -0.00635342 -0.00377084 0.00130376 0.0016511 0.000814577 0.00321882 4.81941e-05 0.00368088 0.00276897 -0.000161746 0.00311993 -0.00164373 -0.000923683 -0.00381005 -0.000988901
internal_weight=193080 190065 666 189399 524 639 512 484 91 49 3015 1898 1117 772 681 76 345 1002 932 660 218 107 272 242 605 114 62 491 145 446
internal_count=193080 190065 666 189399 524 639 512 484 91 49 3015 1898 1117 772 681 76 345 1002 932 660 218 107 272 242 605 114 62 491 145 446
is_linear=0
shrinkage=0.1


Tree=96
num_leaves=31
num_cat=0
split_feature=3 2 1 1 1 1 1 0 0 1 1 1 1 1 0 3 1 1 2 2 1 1 1 1 1 1 1 1 1 3
split_gain=0.0626733 0.18625 0.179082 0.289791 0.252422 0.189729 0.269633 0.226583 0.219112 0.179968 0.16444 0.144972 0.304096 0.174401 0.386217 0.144858 0.807816 0.725984 0.337271 0.222075 0.633999 0.820857 0.61112 0.392247 0.327023 0.768206 0.325983 0.298681 0.766877 0.245558
threshold=1.0000000180025095e-35 0.13500000000000004 4.5050000000000008 5.2950000000000008 6.3650000000000011 7.2750000000000012 7.205000000000001 1.5000000000000002 3.5000000000000004 5.8350000000000009 4.745000000000001 6.8050000000000006 6.8450000000000006 6.6950000000000012 2.5000000000000004 0.11564999999999996 3.8750000000000004 4.3050000000000006 0.17500000000000002 0.15500000000000003 4.7250000000000005 5.9050000000000011 5.7150000000000007 6.0050000000000008 5.9150000000000009 5.2150000000000007 5.1250000000000009 5.5750000000000011 5.6450000000000005 0.10100000000000002
decision_type=2 2 2 2 2 2 2 2 2 2 2 2 2 2 2 2 2 2 2 2 2 2 2 2 2 2 2 2 2 2
left_child=1 2 -1 10 9 6 11 -7 -9 -5 -4 13 -13 -6 -15 16 18 -18 -2 20 -19 22 29 -23 25 26 -21 -27 -29 -22
right_child=15 -3 3 4 5 7 -8 8 -10 -11 -12 12 -14 14 -16 -17 17 19 -20 24 21 23 -24 -25 -26 27 -28 28 -30 -31
leaf_value=0.0076791069267884557 -0.015686611029817617 0.00010707383875560572 0.00064377964439767382 0.00029884856601010066 0.00021049616711553681 -0.0031906768249777648 -0.00967714221313082 0.014729142051052163 0.0028812811042912105 0.0058461225299973685 -0.009680059521148603 0.01259685423798286 0.00071852962220353748 0.0041253713721578775 -0.012979853480602755 -5.6462851435396214e-06 0.0079373695719987154 0.012362079623909224 -0.0049583798284520923 -0.0025708363860245521 -0.007284871668259545 0.011441336369974428 -0.020905082145084939 0.0011272417879206612 -0.0060511673903492699 0.0078164459841552191 -0.012645049134476317 -0.016381967759558132 0.0074295757706031992 0.0010171463609569603
leaf_weight=46 43 9521 27 83 203 26 29 27 37 198 36 26 126 22 33 181187 100 42 92 298 82 42 24 302 163 107 36 21 38 63
leaf_count=46 43 9521 27 83 203 26 29 27 37 198 36 26 126 22 33 181187 100 42 92 298 82 42 24 302 163 107 36 21 38 63
internal_value=1.23323e-12 0.000238298 0.0015978 0.00127737 0.00178549 0.000498877 -0.000358612 0.00468152 0.0078796 0.0042076 -0.00525556 0.000300504 0.00275035 -0.00114282 -0.00613776 -1.36215e-05 -0.00100812 -0.000253492 -0.00837552 -0.000925977 0.000549855 -0.000417228 -0.00612427 0.00238652 -0.0021614 -0.000893337 -0.00365668 0.00466664 -0.00104572 -0.00367779
internal_weight=193080 10440 919 873 810 529 439 90 64 281 63 410 152 258 55 182640 1453 1318 135 1218 555 513 169 344 663 500 334 166 59 145
internal_count=193080 10440 919 873 810 529 439 90 64 281 63 410 152 258 55 182640 1453 1318 135 1218 555 513 169 344 663 500 334 166 59 145
is_linear=0
shrinkage=0.1


Tree=97
num_leaves=31
num_cat=0
split_feature=3 3 1 1 1 1 2 1 2 1 2 3 1 1 1 1 1 1 3 3 3 3 2 3 1 1 1 2 1 3
split_gain=0.060871 0.2834 0.848012 0.389475 0.685031 0.687569 0.543921 0.364173 0.394377 0.737685 0.362727 0.389418 1.11924 1.00491 0.456711 0.94591 0.480396 0.566062 0.955458 0.49568 0.491824 0.403218 0.401635 0.467229 0.430567 0.378397 1.13582 0.387411 0.697648 0.374856
threshold=0.37974999999999998 0.38164999999999999 5.8850000000000007 3.7150000000000003 3.9250000000000003 3.9550000000000005 0.17500000000000002 5.9850000000000012 0.15500000000000003 6.3150000000000004 0.15500000000000003 0.39960000000000007 4.8250000000000011 5.3450000000000006 7.0050000000000008 7.3050000000000006 6.785000000000001 6.7250000000000005 0.39095000000000008 0.39095000000000008 0.38425000000000004 0.38905000000000006 0.13500000000000004 0.38345000000000007 3.9550000000000005 6.6150000000000011 6.6450000000000005 0.12500000000000003 6.0750000000000011 0.39175000000000004
decision_type=2 2 2 2 2 2 2 2 2 2 2 2 2 2 2 2 2 2 2 2 2 2 2 2 2 2 2 2 2 2
left_child=-1 2 3 6 -5 -6 -2 -4 9 -9 11 12 22 29 16 21 17 25 -19 20 -18 -16 24 -24 -3 27 -27 28 -15 -14
right_child=1 10 7 4 5 -7 -8 8 -10 -11 -12 -13 13 14 15 -17 19 18 -20 -21 -22 -23 23 -25 -26 26 -28 -29 -30 -31
leaf_value=-3.5059872318973095e-05 -0.010193847857273954 -0.011286577612161636 -0.0090054728649556631 0.014078696379720264 -0.013599196148535829 0.0040121472345324774 0.0023180653337835219 0.0019866513827925219 0.0033346419950670472 -0.0094280129652125413 -0.00013982942008605484 0.00016168114382728927 -0.007083504453461645 -0.015261654547738056 -0.011138401926883985 0.0024741406255035306 0.012257041627807276 0.00097383383404591991 -0.016974616485337417 0.0085518533029838237 -0.00078707841640136334 -0.0026731933418438951 -0.0051931811565602273 0.0084860282001949575 0.0046830220547445399 0.017540477713216738 0.0013096909060896864 0.0015339307746315657 0.00042163533328745803 -0.00092073164146195706
leaf_weight=138917 46 25 65 66 23 613 142 119 138 108 34180 14450 202 39 97 272 35 87 45 196 166 134 27 332 52 58 168 1981 104 193
leaf_count=138917 46 25 65 66 23 613 142 119 138 108 34180 14450 202 39 97 272 35 87 45 196 166 134 27 332 52 58 168 1981 104 193
internal_value=-1.40976e-12 8.99214e-05 0.00153721 0.003299 0.00438157 0.00337526 -0.00074336 -0.00210928 -0.000881187 -0.00344411 5.37686e-05 0.00040833 0.0012543 0.000700522 0.00125797 -0.0015222 0.0017437 0.00122708 -0.00514496 0.00497356 0.00148429 -0.00622785 0.0060516 0.00745723 -0.000501913 0.00158499 0.00547511 0.00117107 -0.00385563 -0.00407233
internal_weight=193080 54163 1320 890 702 636 188 430 365 227 52843 18663 4213 3777 3382 503 2879 2482 132 397 201 231 436 359 77 2350 226 2124 143 395
internal_count=193080 54163 1320 890 702 636 188 430 365 227 52843 18663 4213 3777 3382 503 2879 2482 132 397 201 231 436 359 77 2350 226 2124 143 395
is_linear=0
shrinkage=0.1


Tree=98
num_leaves=31
num_cat=0
split_feature=3 2 3 3 2 1 1 1 2 1 1 1 1 0 2 1 1 1 1 1 0 1 0 3 1 1 0 2 1 1
split_gain=0.0603185 0.116799 0.0955361 0.159938 0.495059 0.208091 0.435209 0.14907 0.148595 0.253079 0.213711 0.583066 0.43151 0.335739 0.255875 0.502446 0.24963 0.2017 1.40665 0.425652 0.299329 0.433376 0.259062 0.202282 0.197709 0.276618 0.320668 0.288535 0.194895 0.735638
threshold=0.49485000000000001 5.2400000000000011 0.54195000000000015 0.54975000000000007 0.13500000000000004 7.1250000000000009 6.8450000000000006 5.9050000000000011 0.15500000000000003 5.7950000000000008 4.9450000000000012 4.745000000000001 5.1950000000000012 3.5000000000000004 0.14500000000000005 5.535000000000001 5.1550000000000011 6.3850000000000007 6.3150000000000004 6.9350000000000014 1.5000000000000002 7.1850000000000014 3.5000000000000004 0.51105000000000012 6.4050000000000011 6.6350000000000007 1.5000000000000002 0.17500000000000002 6.0750000000000011 6.2550000000000008
decision_type=2 2 2 2 2 2 2 2 2 2 2 2 2 2 2 2 2 2 2 2 2 2 2 2 2 2 2 2 2 2
left_child=1 -1 8 4 -4 6 7 -6 9 10 11 13 16 -2 15 -14 -12 18 28 24 -21 -22 23 -23 -19 27 -27 -26 -10 -30
right_child=2 -3 3 -5 5 -7 -8 -9 17 -11 12 -13 14 -15 -16 -17 -18 19 -20 20 21 22 -24 -25 25 26 -28 -29 29 -31
leaf_value=-1.1191742779157217e-05 -0.011209636017502774 -0.005223572780486456 0.0079109502199571583 0.00013652571646736596 -0.0019070773763917783 -0.01041309446463305 0.0086821801203768711 -0.0062740344313809791 0.001084505831798322 0.00068296610135573773 -0.0050766628394101534 0.0067655662231710422 0.0023423745568531256 -0.00030196420415196313 0.00035821697366927039 -0.018119908263906838 -0.016142580058011745 0.012871703837457039 -0.022493286742470586 -0.0081490370935123225 -0.0093536152566472686 0.0028260455755073403 0.0010487641069070938 0.016139099575579168 -0.0052260308892333081 -0.00072601598597341966 0.011319177242770017 0.0093673443002626304 -0.010554992366814987 0.0043823896951781698
leaf_weight=183966 42 43 48 3979 283 33 34 108 2454 1030 47 86 24 86 174 24 36 37 26 38 30 21 104 25 42 31 77 20 64 68
leaf_count=183966 42 43 48 3979 283 33 34 108 2454 1030 47 86 24 86 174 24 36 37 26 38 30 21 104 25 42 31 77 20 64 68
internal_value=-1.17876e-12 -1.24098e-05 0.000251738 -7.6427e-05 -0.00175101 -0.00276362 -0.00216966 -0.0031133 0.000572675 -0.000224369 -0.00202505 0.0003975 -0.00372481 -0.00388104 -0.00142491 -0.00788877 -0.00987634 0.000979202 0.000650473 0.00299953 -8.42934e-05 0.00161826 0.00381264 0.0100614 0.00624723 0.00480543 0.00786176 -0.000518491 0.000883163 -0.00285998
internal_weight=193080 184009 9071 4485 506 458 425 391 4586 1549 519 214 305 128 222 48 83 3037 2612 425 218 180 150 46 207 170 108 62 2586 132
internal_count=193080 184009 9071 4485 506 458 425 391 4586 1549 519 214 305 128 222 48 83 3037 2612 425 218 180 150 46 207 170 108 62 2586 132
is_linear=0
shrinkage=0.1


Tree=99
num_leaves=31
num_cat=0
split_feature=3 3 1 1 2 2 1 3 1 1 1 1 1 0 1 2 1 1 1 3 3 1 2 3 1 2 0 1 0 2
split_gain=0.058841 0.42025 0.268478 0.508861 0.634956 0.199344 0.319354 0.495606 0.325198 0.356169 0.284347 0.52416 0.396051 0.296034 0.257836 0.397012 0.239383 0.387634 0.590356 0.571378 0.478659 0.476956 0.45885 0.545277 0.347663 0.737805 0.580255 0.464658 0.261111 0.257955
threshold=0.16740000000000002 0.17694999999999997 6.955000000000001 6.2350000000000012 0.13500000000000004 0.15500000000000003 6.8450000000000006 1.0000000180025095e-35 6.6750000000000007 6.745000000000001 4.6650000000000009 4.5650000000000004 5.2150000000000007 1.5000000000000002 5.2750000000000012 0.14500000000000005 5.3850000000000007 5.6450000000000005 5.8750000000000009 0.11564999999999996 1.0000000180025095e-35 5.9150000000000009 0.14500000000000005 0.12600000000000003 5.8150000000000004 0.13500000000000004 2.5000000000000004 5.7350000000000012 5.5000000000000009 0.13500000000000004
decision_type=2 2 2 2 2 2 2 2 2 2 2 2 2 2 2 2 2 2 2 2 2 2 2 2 2 2 2 2 2 2
left_child=5 2 3 -2 -5 10 8 -8 -7 -10 11 13 -12 -1 15 -14 29 22 19 20 24 -20 23 -18 27 -26 -27 -19 -24 -16
right_child=1 -3 -4 4 -6 6 7 -9 9 -11 12 -13 14 -15 16 -17 17 18 21 -21 -22 -23 28 -25 25 26 -28 -29 -30 -31
leaf_value=0.008668240692851872 -0.0033786889015004818 -6.40838945569517e-06 -0.0097709578570929628 -0.0087465277094452183 0.007398884431498956 -6.805810785500099e-05 -0.0006457008226634631 -0.010854494681014964 0.007721590743589718 -0.00060965521261096005 -0.0018897983693187276 0.013824277607406059 -0.0019425153221863394 0.0010060248348181537 0.0063171140051313818 0.0090329591629819735 0.0025319602051299189 -0.0052470806213618026 0.010148025452092823 0.0034021777751882679 -0.015871681242778497 0.00083018602501467795 0.0090055926028614879 -0.015668873135000465 0.0042865789619584878 -0.0015628603287041187 -0.021610513387159223 0.0052775448950790407 -0.0018287258509259959 -0.0058959008972588167
leaf_weight=58 512 177409 47 32 102 9536 153 69 113 94 620 41 52 386 21 90 93 107 56 103 37 2888 154 20 30 22 42 69 26 98
leaf_count=58 512 177409 47 32 102 9536 153 69 113 94 620 41 52 386 21 90 93 107 56 103 37 2888 154 20 30 22 42 69 26 98
internal_value=-1.38912e-12 -1.6009e-05 -0.00247378 -0.00194287 0.00354326 0.000190361 -6.83916e-05 -0.0038187 1.70615e-05 0.00393832 0.000704719 0.00300594 0.000458232 0.00200694 0.000830745 0.00501377 0.00067302 0.000817037 0.000512321 -0.00304279 -0.0052051 0.00100743 0.00430515 -0.000689426 -0.00374339 -0.00865348 -0.0147191 -0.00112095 0.00744064 -0.00374066
internal_weight=193080 178102 693 646 134 14978 9965 222 9743 207 5013 485 4528 444 3908 142 3766 3647 3354 410 307 2944 293 113 270 94 64 176 180 119
internal_count=193080 178102 693 646 134 14978 9965 222 9743 207 5013 485 4528 444 3908 142 3766 3647 3354 410 307 2944 293 113 270 94 64 176 180 119
is_linear=0
shrinkage=0.1


end of trees

feature_importances:
勝率=1103
モーター=918
平均ST=602
枠番=377

parameters:
[boosting: gbdt]
[objective: regression]
[metric: l2]
[tree_learner: serial]
[device_type: cpu]
[data_sample_strategy: bagging]
[data: ]
[valid: ]
[num_iterations: 100]
[learning_rate: 0.1]
[num_leaves: 31]
[num_threads: 1]
[seed: 0]
[deterministic: 0]
[force_col_wise: 0]
[force_row_wise: 0]
[histogram_pool_size: -1]
[max_depth: -1]
[min_data_in_leaf: 20]
[min_sum_hessian_in_leaf: 0.001]
[bagging_fraction: 1]
[pos_bagging_fraction: 1]
[neg_bagging_fraction: 1]
[bagging_freq: 0]
[bagging_seed: 3]
[bagging_by_query: 0]
[feature_fraction: 1]
[feature_fraction_bynode: 1]
[feature_fraction_seed: 2]
[extra_trees: 0]
[extra_seed: 6]
[early_stopping_round: 0]
[early_stopping_min_delta: 0]
[first_metric_only: 0]
[max_delta_step: 0]
[lambda_l1: 0]
[lambda_l2: 0]
[linear_lambda: 0]
[min_gain_to_split: 0]
[drop_rate: 0.1]
[max_drop: 50]
[skip_drop: 0.5]
[xgboost_dart_mode: 0]
[uniform_drop: 0]
[drop_seed: 4]
[top_rate: 0.2]
[other_rate: 0.1]
[min_data_per_group: 100]
[max_cat_threshold: 32]
[cat_l2: 10]
[cat_smooth: 10]
[max_cat_to_onehot: 4]
[top_k: 20]
[monotone_constraints: ]
[monotone_constraints_method: basic]
[monotone_penalty: 0]
[feature_contri: ]
[forcedsplits_filename: ]
[refit_decay_rate: 0.9]
[cegb_tradeoff: 1]
[cegb_penalty_split: 0]
[cegb_penalty_feature_lazy: ]
[cegb_penalty_feature_coupled: ]
[path_smooth: 0]
[interaction_constraints: ]
[verbosity: 1]
[saved_feature_importance_type: 0]
[use_quantized_grad: 0]
[num_grad_quant_bins: 4]
[quant_train_renew_leaf: 0]
[stochastic_rounding: 1]
[linear_tree: 0]
[max_bin: 255]
[max_bin_by_feature: ]
[min_data_in_bin: 3]
[bin_construct_sample_cnt: 200000]
[data_random_seed: 1]
[is_enable_sparse: 1]
[enable_bundle: 1]
[use_missing: 1]
[zero_as_missing: 0]
[feature_pre_filter: 1]
[pre_partition: 0]
[two_round: 0]
[header: 0]
[label_column: ]
[weight_column: ]
[group_column: ]
[ignore_column: ]
[categorical_feature: ]
[forcedbins_filename: ]
[precise_float_parser: 0]
[parser_config_file: ]
[objective_seed: 5]
[num_class: 1]
[is_unbalance: 0]
[scale_pos_weight: 1]
[sigmoid: 1]
[boost_from_average: 1]
[reg_sqrt: 0]
[alpha: 0.9]
[fair_c: 1]
[poisson_max_delta_step: 0.7]
[tweedie_variance_power: 1.5]
[lambdarank_truncation_level: 30]
[lambdarank_norm: 1]
[label_gain: ]
[lambdarank_position_bias_regularization: 0]
[eval_at: ]
[multi_error_top_k: 1]
[auc_mu_weights: ]
[num_machines: 1]
[local_listen_port: 12400]
[time_out: 120]
[machine_list_filename: ]
[machines: ]
[gpu_platform_id: -1]
[gpu_device_id: -1]
[gpu_use_dp: 0]
[num_gpu: 1]

end of parameters

pandas_categorical:[]
