tree
version=v4
num_class=1
num_tree_per_iteration=1
label_index=0
max_feature_idx=4
objective=binary sigmoid:1
feature_names=場 枠番 勝率 平均ST モーター
feature_infos=-1:22:5:12:24:8:7:18:1:17:15:0:21:11:14:4:9:10:2:19:20:16:3:23:13 [0.25530000000000003:6] [0:66.670000000000002] [0:7.5] [0:1]
tree_sizes=3364 3476 3482 3466 3474 3487 3483 3481 3474 3473 3486 3461 3498 3489 3459 3465 3472 3473 3455 3468 3458 3462 3474 3470 3419 3441 3459 3433 3458 3445 3481 3447 3448 3482 3415 3443 3401 3418 3442 3440 3486 3469 3390 3424 3418 3433 3415 3387 3412 3482 3404 3419 3402 3406 3433 3394 3413 3430 3419 3416 3439 3433 3401 3404 3405 3435 3417 3400 3446 3401 3404 3404 3403 3425 3408 3394 3397 3411 3433 3438 3396 3425 3395 3401 3394 3405 3373 3405 3406 3429 3406 3421 3391 3399 3464 3408 3398 3412 3413 3418

Tree=0
num_leaves=31
num_cat=8
split_feature=1 2 1 2 1 1 1 2 2 2 2 2 2 2 1 2 1 2 1 0 2 0 0 0 0 2 2 0 0 0
split_gain=4774.88 1471.75 1253.88 1107.84 709.45 474.419 238.914 216.095 188.438 187.013 180.865 145.762 114.341 101.228 101.201 99.5918 77.7369 52.9871 47.7517 38.088 35.6697 37.651 33.4689 30.8103 30.3227 27.3865 25.8209 25.1827 24.8608 24.8124
threshold=4.5000000000000009 4.8850000000000007 1.5000000000000002 5.1250000000000009 3.5000000000000004 3.5000000000000004 5.5000000000000009 3.6750000000000003 5.9750000000000005 5.6950000000000012 3.0550000000000002 6.0950000000000006 6.0450000000000008 5.7750000000000012 2.5000000000000004 3.3950000000000005 5.5000000000000009 2.7350000000000008 2.5000000000000004 0 6.5850000000000009 1 2 3 4 4.5450000000000008 4.4450000000000012 5 6 7
decision_type=2 2 2 2 2 2 2 2 2 2 2 2 2 2 2 2 2 2 2 9 2 9 9 9 9 2 2 9 9 9
left_child=1 5 8 10 9 7 13 17 -3 18 -2 23 -8 -5 19 -7 25 -1 -4 -11 21 -16 -13 -6 -9 -12 -17 -22 -19 -15
right_child=3 2 4 6 11 15 12 24 -10 14 16 22 -14 29 20 26 -18 28 -20 -21 27 -23 -24 -25 -26 -27 -28 -29 -30 -31
leaf_value=-1.680686260875508 -1.7166168376886981 -1.5896215049962743 -1.5442145407420536 -1.6361514972630591 -1.6147394296205213 -1.6927770070576327 -1.6674385018231406 -1.5832645813664883 -1.6281927818003892 -1.4942479685489922 -1.6743318563657359 -1.5829422854345703 -1.6324136568240961 -1.5909783237969328 -1.5333292664515974 -1.6524115045952388 -1.6911261311224781 -1.6138052958869555 -1.5683301345662879 -1.5237746466218498 -1.5464549747270697 -1.5649195585118703 -1.554958564749352 -1.5921356738211772 -1.5999302343966839 -1.6538401582233844 -1.6301093751084592 -1.5085461400594005 -1.6461836544248056 -1.6109929945675396
leaf_weight=271.62738990783691 1565.1903433799744 2249.5358328819275 1631.2918963432312 1229.9610390663147 1155.2496199607849 512.56477308273315 1724.7506046295166 1486.7294664382935 2898.7475137710571 961.52763175964355 1661.2875590324402 801.13415765762329 2028.0400829315186 1220.240222454071 892.09322738647461 1346.4719696044922 2336.1899695396423 473.40376901626587 1653.2331681251526 1939.7195205688477 518.39726305007935 893.898521900177 1138.3076252937317 1247.3196401596069 4227.5831446647644 1073.7336292266846 844.87783241271973 551.72577714920044 488.40160036087036 1252.4577860832214
leaf_count=1956 11271 16199 11747 8857 8319 3691 12420 10706 20874 6924 11963 5769 14604 8787 6424 9696 16823 3409 11905 13968 3733 6437 8197 8982 30443 7732 6084 3973 3517 9019
internal_value=-1.60965 -1.58589 -1.5694 -1.65718 -1.55327 -1.61756 -1.63073 -1.60372 -1.61134 -1.53731 -1.6869 -1.58649 -1.64851 -1.61271 -1.52645 -1.65309 -1.67773 -1.64168 -1.55635 -1.5133 -1.53981 -1.54846 -1.5661 -1.60295 -1.59553 -1.66629 -1.64381 -1.52537 -1.63067 -1.60105
internal_weight=42275.7 28183.8 18532.2 14091.9 13383.9 9651.66 7455.45 6947.75 5148.28 9041.89 6636.4 4342.01 3752.79 3702.66 5757.36 2703.91 5071.21 1233.43 3284.53 2901.25 2856.11 1785.99 1939.44 2402.57 5714.31 2735.02 2191.35 1070.12 961.805 2472.7
internal_count=304429 202953 133451 101476 96378 69502 53687 50031 37073 65111 47789 31267 27024 26663 41459 19471 36518 8882 23652 20892 20567 12861 13966 17301 41149 19695 15780 7706 6926 17806
cat_boundaries=0 1 2 3 4 5 6 7 8
cat_threshold=18711168 29111457 10224279 30055681 13500448 684730 4816673 2810171
is_linear=0
shrinkage=1


Tree=1
num_leaves=31
num_cat=7
split_feature=1 2 2 1 1 1 2 2 2 2 2 2 1 1 1 2 1 2 2 0 2 4 0 0 2 0 0 0 4 0
split_gain=3938.51 1158.12 999.655 811.588 575.833 326.155 243.645 225.594 174.43 168.886 142.619 138.266 114.65 110.406 74.5829 71.6091 56.8091 44.2171 35.6394 29.4208 28.8045 30.861 30.8757 28.4309 27.1086 26.8669 26.6696 26.0891 25.5246 25.2807
threshold=4.5000000000000009 4.6050000000000013 4.8650000000000011 1.5000000000000002 3.5000000000000004 3.5000000000000004 5.5550000000000006 5.955000000000001 5.9750000000000005 5.6950000000000012 3.2650000000000001 3.0550000000000002 5.5000000000000009 5.5000000000000009 2.5000000000000004 2.7350000000000008 5.5000000000000009 5.1050000000000013 3.9050000000000007 0 6.5850000000000009 0.46440000000000009 1 2 6.7250000000000005 3 4 5 0.33144999999999997 6
decision_type=2 2 2 2 2 2 2 2 2 2 2 2 2 2 2 2 2 2 2 9 2 2 9 9 2 9 9 9 2 9
left_child=1 5 11 8 6 10 17 12 27 -6 -1 -2 -4 -9 23 -7 -13 -5 29 -11 21 22 -16 -8 -15 -19 -26 -3 -20 -12
right_child=2 3 7 4 9 15 14 13 -10 19 18 16 -14 24 20 -17 -18 25 28 -21 -22 -23 -24 -25 26 -27 -28 -29 -30 -31
leaf_value=-0.049124002928689514 -0.10394858520909089 0.0054137000298521629 -0.023006925396987982 0.027687734152147189 -0.0047787875965669205 -0.091191644042274853 0.067766732892675083 0.0098545833871803816 -0.016904127989317008 0.047390383913702754 0.013707372515982192 -0.057032092341193753 -0.05710374861906569 -0.031224165370830278 0.033725443253277303 -0.038533098029092917 -0.081044557673905393 0.030134537972810856 0.0022851719832392326 0.024962076680904485 0.071764932748919388 0.095779104455674668 0.060327221110545219 0.08980670507761257 -0.025252287675602548 0.057370710819253351 0.010204169994306522 0.025872563377285301 0.019235210045375442 -0.016656674190326494
leaf_weight=527.19423615932465 1455.1975619494915 1004.3936354964972 2036.9822323024273 1994.8474321067333 2117.7042154222727 301.36931669712067 1580.9819988906384 2118.0759358108044 2863.004188388586 926.91191317141056 373.29605996608734 2172.6028054356575 1911.6344355344772 1319.0926787853241 907.11120167374611 1804.6794280409813 1802.7833672314882 623.54759886860847 1755.8306084275246 1884.2900715023279 1129.74834869802 150.24058201909065 1103.6556494534016 1801.5189907550812 427.94627416133881 1291.7094996571541 405.37959623336792 1719.894014492631 1798.354294449091 971.59016528725624
leaf_count=3915 11271 7142 14909 14069 15251 2296 10775 15166 20874 6499 2676 16283 14363 9672 6344 13378 13719 4335 12527 13314 7706 1041 7595 12146 3129 8980 2964 12229 12829 7032
internal_value=-7.92024e-05 0.0209938 -0.0442824 0.0330104 0.0447809 -0.012667 0.0579293 -0.0222848 0.000331435 0.0165485 0.000296735 -0.0775754 -0.0395141 -0.00635415 0.0695436 -0.0460684 -0.0679214 0.0381075 0.00561495 0.0326145 0.0588254 0.0520607 0.0487942 0.0799711 -0.0223043 0.0489604 -0.00818472 0.0184446 0.0108616 -0.00825055
internal_weight=42281.6 28631.9 13649.7 21099.6 15512.3 7532.31 10583.4 8219.11 5587.29 4928.91 5426.27 5430.58 3948.62 4270.49 6673.26 2106.05 3975.39 3910.1 4899.07 2811.2 3290.76 2161.01 2010.77 3382.5 2152.42 1915.26 833.326 2724.29 3554.18 1344.89
internal_count=304429 202953 101476 148300 108055 54653 72991 60203 40245 35064 38979 41273 29272 30931 45607 15674 30002 27384 35064 19813 22686 14980 13939 22921 15765 13315 6093 19371 25356 9708
cat_boundaries=0 1 2 3 4 5 6 7
cat_threshold=2198824 4311838 2121022 2166546 3447443 20587392 4790304
is_linear=0
shrinkage=0.1


Tree=2
num_leaves=31
num_cat=6
split_feature=1 2 2 1 1 1 2 2 2 2 2 2 1 1 2 1 1 2 1 0 0 0 0 3 0 2 4 4 0 4
split_gain=3251.34 914.721 901.437 701.878 398.117 320.776 192.024 137.817 135.339 125.404 125.342 107.585 101.471 90.7552 73.9037 53.7069 49.0107 40.586 38.6893 28.7327 26.2087 24.9837 24.269 22.9769 24.7521 22.9044 22.7875 22.731 22.176 25.3454
threshold=4.5000000000000009 4.7650000000000006 4.8650000000000011 1.5000000000000002 3.5000000000000004 3.5000000000000004 5.955000000000001 3.6350000000000002 3.0550000000000002 5.9750000000000005 5.6950000000000012 6.2150000000000007 5.5000000000000009 5.5000000000000009 3.3950000000000005 5.5000000000000009 2.5000000000000004 2.7350000000000008 2.5000000000000004 0 1 2 3 0.18500000000000003 4 6.7250000000000005 0.33144999999999997 0.26605000000000006 5 0.43235000000000001
decision_type=2 2 2 2 2 2 2 2 2 2 2 2 2 2 2 2 2 2 2 9 9 9 9 2 9 2 2 2 9 2
left_child=1 5 8 9 10 7 12 17 -2 -3 18 21 27 -8 -7 -10 -12 -1 28 -9 -20 -6 -11 24 -18 -15 -16 -4 -5 -30
right_child=2 3 6 4 11 14 13 19 15 22 16 -13 -14 25 26 -17 23 -19 20 -21 -22 -23 -24 -25 -26 -27 -28 -29 29 -31
leaf_value=-0.064580072396074398 -0.10110331305465675 0.015326442141251416 -0.041390720270405232 0.069994417397312353 0.015391955199497199 -0.076148824432880069 0.0088081677064039549 0.023763185848217801 -0.053504963324559278 -0.0048969492192433989 0.06952720431241792 0.036190880221174691 -0.053578087505733334 -0.028736779312749927 -0.042435642613371946 -0.077430009828257512 0.06776253145853782 -0.018715981174292899 0.015277832224080252 0.0058482375709472956 0.038911860451216834 -0.0033073330737306336 -0.023640665632422123 0.010200862513737047 0.046300519594283537 -0.007436806779111068 -0.020392402291751766 -0.015477156167957102 0.037649537280381888 0.078944266605211838
leaf_weight=250.22700029611588 1351.8792367503047 2503.3778788745403 431.22703418135643 413.92002820968628 1281.789038553834 460.98209044337273 2131.9588534384966 1145.3003767132759 2088.7254479080439 1260.0166673064232 3246.2153104543686 1807.759224742651 1837.6402736902237 1291.4472038000822 941.82379056513309 1703.467144601047 976.7106414437294 842.826535359025 904.19913560152054 4088.3710672259331 1083.2526810318232 1596.1756307780743 1570.5459578931332 126.44342122972012 2000.3291558474302 828.86559377610683 934.09319260716438 1574.2981366813183 1416.2629362791777 166.05798943340778
leaf_count=1956 11271 17581 3206 2777 9092 3691 15166 8060 16283 9292 20892 12389 14363 9672 7106 13719 6409 6239 6195 29036 7390 11412 11582 840 13318 6093 7048 11703 9530 1118
internal_value=-0.000137618 0.0185993 -0.0412028 0.0301832 0.0412499 -0.00861426 -0.0204028 0.00308024 -0.0739368 -0.00097798 0.0522134 0.0170722 -0.0366031 -0.00576104 -0.040275 -0.0642522 0.060937 -0.0292154 0.0383088 0.0098252 0.0284321 0.00506295 -0.0153978 0.0519517 0.0537249 -0.0204103 -0.0314594 -0.0210491 0.048142 0.0417196
internal_weight=42256.2 29016.7 13239.5 20353.1 15019.1 8663.62 8095.44 6326.72 5144.07 5333.94 10333.4 4685.72 3843.17 4252.27 2336.9 3792.19 6349.7 1093.05 3983.69 5233.67 1987.45 2877.96 2830.56 3103.48 2977.04 2120.31 1875.92 2005.53 1996.24 1582.32
internal_count=304429 202953 101476 139817 101362 63136 60203 45291 41273 38455 68469 32893 29272 30931 17845 30002 41459 8195 27010 37096 13585 20504 20874 20567 19727 15765 14154 14909 13425 10648
cat_boundaries=0 1 2 3 4 5 6
cat_threshold=12845600 384531 3425950 2251807 28582272 4596224
is_linear=0
shrinkage=0.1


Tree=3
num_leaves=31
num_cat=8
split_feature=1 2 2 1 1 1 2 2 2 2 2 2 1 1 2 1 1 0 2 2 2 2 0 0 0 0 0 0 1 0
split_gain=2684.53 810.28 731.383 482.163 325.923 232.309 165.716 137.525 132.534 115.988 111.098 102.351 95.1216 67.5295 62.5857 50.6193 47.8937 33.4537 30.6764 29.8472 27.2229 26.6629 24.2503 24.1635 22.5066 22.2014 21.7511 21.293 20.6071 33.2553
threshold=4.5000000000000009 4.8650000000000011 4.6050000000000013 1.5000000000000002 3.5000000000000004 3.5000000000000004 5.8050000000000006 5.205000000000001 2.9150000000000005 6.3650000000000011 5.6950000000000012 3.0550000000000002 5.5000000000000009 5.5000000000000009 2.7350000000000008 5.5000000000000009 2.5000000000000004 0 3.9050000000000007 5.7350000000000012 5.9350000000000014 6.7250000000000005 1 2 3 4 5 6 2.5000000000000004 7
decision_type=2 2 2 2 2 2 2 2 2 2 2 2 2 2 2 2 2 9 2 2 2 2 9 9 9 9 9 9 2 9
left_child=2 8 5 9 7 11 13 28 -2 19 26 -1 -8 -3 -7 -10 17 -9 -13 -4 22 -14 -18 -11 -12 -23 -6 -21 29 -5
right_child=1 6 3 4 10 14 12 16 15 23 24 18 21 -15 -16 -17 20 -19 -20 27 -22 25 -24 -25 -26 -27 -28 -29 -30 -31
leaf_value=-0.05168204126774939 -0.099324496869401535 -0.02260006593813502 0.018147333319783444 0.052810099098693809 0.010361177178558827 -0.084922056739802465 0.0069277473463665758 0.066184456726339463 -0.050480632289084774 -0.004005641208127627 0.038362644857352121 -0.0084646731795980177 -0.029019677749494058 -0.051782307280647102 -0.03292315391184996 -0.0740661395528108 0.044135144876292387 0.047384092972798469 0.008664541897834192 -0.016980270400062576 0.048486098168792478 -0.022576207391365729 0.019218281955063719 -0.02787098578074132 0.019262228797663331 0.0099158165676913011 -0.011256549487112535 0.0081652590832406169 0.014135246350720103 0.018735432685337932
leaf_weight=357.26708224415779 1195.1601315066218 1682.7221030145884 2183.0108650922775 480.57886059582233 679.08003289997578 267.59451997280121 2438.6195158809423 2213.1530593335629 2040.2998542115092 663.76660764217377 970.534204646945 1472.9541759043932 1536.0180062204599 1499.6835651919246 1714.402500346303 1642.5323697626591 844.46303699910641 2283.1629263758659 3602.8278673887253 493.90849032998085 2622.5516349673271 418.57361586391926 829.78836169838905 1239.7551131397486 1946.6274049580097 406.13485264778137 1431.56879375875 1005.212174192071 1257.6217647343874 789.27067817747593
leaf_count=2860 10731 12739 15191 3206 4852 2296 17336 13668 16542 4918 6499 10763 11854 12181 13378 14000 5537 14393 25356 3590 16794 3129 5518 9267 13314 2964 10399 7279 8574 5301
internal_value=-0.00018148 -0.0382805 0.0165122 0.0256907 0.034357 -0.0106383 -0.0186571 0.0437667 -0.0703897 0.00032548 0.0131702 5.2362e-05 -0.00692383 -0.036352 -0.0399437 -0.0609997 0.0496759 0.0568905 0.00369377 0.0106864 0.0421263 -0.0212324 0.0321643 -0.0197165 0.0258144 -0.00672874 -0.00430551 -0.000178126 0.0232086 0.0321945
internal_weight=42208.8 12859.7 29349.1 21934.1 16348.4 7415.05 7981.75 11320.6 4877.99 5585.65 5027.81 5433.05 4799.35 3182.41 1982 3682.83 8793.12 4496.32 5075.78 3682.13 4296.8 2360.73 1674.25 1903.52 2917.16 824.708 2110.65 1499.12 2527.47 1269.85
internal_count=304429 101476 202953 148300 108055 54653 60203 72991 41273 40245 35064 38979 35283 24920 15674 30542 55910 28061 36119 26060 27849 17947 11055 14185 19813 6093 15251 10869 17081 8507
cat_boundaries=0 1 2 3 4 5 6 7 8
cat_threshold=27239041 20619692 218142 2198824 3447443 1327766 25322272 6709770
is_linear=0
shrinkage=0.1


Tree=4
num_leaves=31
num_cat=7
split_feature=1 2 2 1 1 1 2 2 2 2 2 2 1 1 2 1 0 1 0 2 2 1 2 0 0 0 4 0 0 2
split_gain=2216.88 725.646 581.021 376.209 249.295 195.673 140.641 129.818 103.505 94.6848 88.0428 86.1095 78.3561 59.6134 57.5146 47.6275 37.9768 29.3576 26.2109 23.3339 22.4538 22.0915 25.2616 21.7449 19.568 19.5508 19.3006 19.0608 19.0378 18.3896
threshold=4.5000000000000009 4.8650000000000011 4.6050000000000013 1.5000000000000002 3.5000000000000004 3.5000000000000004 5.8050000000000006 3.0550000000000002 5.205000000000001 6.3650000000000011 5.6950000000000012 3.0550000000000002 5.5000000000000009 5.5000000000000009 2.7350000000000008 5.5000000000000009 0 2.5000000000000004 1 6.3150000000000004 3.8750000000000004 2.5000000000000004 6.5850000000000009 2 3 4 0.32305 5 6 3.9550000000000005
decision_type=2 2 2 2 2 2 2 2 2 2 2 2 2 2 2 2 9 2 9 2 2 2 2 9 9 9 2 9 9 2
left_child=2 7 5 9 8 11 13 -2 -5 18 -6 -1 25 -3 -7 29 -10 28 -4 -14 -19 -18 -23 -11 -22 -8 -16 -24 -13 -9
right_child=1 6 3 4 10 14 12 15 16 23 -12 17 19 -15 26 -17 21 20 -20 -21 24 22 27 -25 -26 -27 -28 -29 -30 -31
leaf_value=-0.048357771993740223 -0.095783139698188788 -0.020677345584557884 0.021570610495122374 0.020591453487129659 -0.0038906656954114959 -0.081666403880430616 -0.0033328563695717954 -0.062576188468685193 0.053809900808741179 -0.034139773492147509 0.022854136790352336 -5.4135623645204386e-06 -0.032342508007986936 -0.048469635234594716 -0.041932000080418814 -0.070429863356590336 0.044660465254004703 -0.024523802233108651 0.0036292771212240549 -0.01165813339980743 0.011733332654842936 0.027238598333817463 0.062185502627270128 -0.010598031058602998 -0.012242433974540588 0.01453078237685252 -0.020404247511263508 0.030052602669079199 0.015558157232232729 -0.040800137477204734
leaf_weight=344.33722408115864 1166.1376724615693 1656.6976038068533 1207.5829603374004 2564.426884457469 2104.5369843840599 251.2890003323555 1148.064401447773 535.78533556312323 2640.83009763062 573.0018498301506 2965.0370838195086 1358.1109502017498 873.02723440527916 1444.8981130793691 774.90888580679893 1525.6749102026224 3300.4981240481138 512.36467628180981 2500.3130786269903 1453.2085556387901 690.43696339428425 2228.4745486974716 444.47584046423435 1305.2557666897774 652.26832623779774 1301.7340871244669 900.31782224774361 442.68853890895844 1874.7553951591253 1404.1279863715172
leaf_count=2860 11271 12739 8429 17081 15251 2296 8176 4515 16052 4377 19813 9665 6941 12181 6233 13719 20072 3773 17631 11006 4828 14332 2696 9808 4574 9160 7145 2758 13279 11768
internal_value=-0.00021083 -0.035512 0.0146898 0.0227373 0.0302553 -0.00967218 -0.017044 -0.0669222 0.0383271 0.000274242 0.0117515 3.86739e-05 -0.00627649 -0.0336246 -0.0370543 -0.0572108 0.0433489 0.00331401 0.00954035 -0.0194209 -0.00671373 0.0388987 0.03292 -0.0180181 8.24333e-05 0.00620494 -0.0303623 0.0471911 0.00906809 -0.0468145
internal_weight=42145.3 12509.4 29635.9 22277.1 16691 7358.79 7877.63 4631.73 11621.4 5586.15 5069.57 5432.27 4776.03 3101.6 1926.52 3465.59 9056.97 5087.94 3707.9 2326.24 1855.07 6416.14 3115.64 1878.26 1342.71 2449.8 1675.23 887.164 3232.87 1939.91
internal_count=304429 101476 202953 148300 108055 54653 60203 41273 72991 40245 35064 38979 35283 24920 15674 30002 55910 36119 26060 17947 13175 39858 19786 14185 9402 17336 13378 5454 22944 16283
cat_boundaries=0 1 2 3 4 5 6 7
cat_threshold=18653312 8653839 18097024 8340997 22355588 14748933 1509782
is_linear=0
shrinkage=0.1


Tree=5
num_leaves=31
num_cat=7
split_feature=1 2 2 1 1 2 1 2 2 2 2 1 2 1 2 1 3 2 4 2 0 1 0 0 0 2 0 4 0 0
split_gain=1830.01 656.1 469.799 278.31 205.434 154.866 153.462 108.695 97.4261 83.5329 80.3067 68.6279 65.3835 55.2687 44.008 35.8401 32.1614 31.8704 31.2714 29.909 26.7518 23.9075 23.8179 23.0517 22.1859 22.0628 21.1094 18.7741 25.298 18.6256
threshold=4.5000000000000009 4.6050000000000013 4.4250000000000007 1.5000000000000002 3.5000000000000004 5.7750000000000012 3.5000000000000004 5.1050000000000013 2.9150000000000005 6.2150000000000007 5.9750000000000005 5.5000000000000009 3.0550000000000002 5.5000000000000009 2.4450000000000007 5.5000000000000009 0.22500000000000003 5.9350000000000014 0.34075000000000005 5.0250000000000012 0 1.5000000000000002 1 2 3 6.3150000000000004 4 0.36850000000000005 5 6
decision_type=2 2 2 2 2 2 2 2 2 2 2 2 2 2 2 2 2 2 2 2 9 2 9 9 9 2 9 2 9 9
left_child=2 8 6 10 7 13 12 23 -2 19 29 -7 -1 27 -8 -10 17 18 -9 -6 -14 22 -22 -5 -19 -13 -20 -3 -29 -4
right_child=1 5 3 4 9 11 14 16 15 -11 -12 25 20 -15 -16 -17 -18 24 26 -21 21 -23 -24 -25 -26 -27 -28 28 -30 -31
leaf_value=-0.045162174415944091 -0.094264187650288656 -0.028537077649236478 0.021954923598657368 0.024630585460957668 -0.013686318515934616 0.0054920826264801687 -0.085246658879711848 0.022998143542602739 -0.04775520594871413 0.026058071312378452 -0.012003803215143365 -0.030495189102832856 0.013900308183625549 -0.046738791133329419 -0.032984964512158148 -0.071179805610641855 -0.043296335691983684 0.054374845579923184 0.027096320848955271 0.0062444294501802985 0.030328300115029114 -0.0096824354136265875 -0.0045112543410322616 0.0066356389055328814 0.038740315948578297 -0.010581520352559579 0.050069464553826187 0.026241834785028659 -0.019154947456498494 0.0056797252494788716
leaf_weight=332.46914927661419 1029.3778463378549 1362.3422359824181 1082.7274974137545 1392.997237727046 1090.4910454601049 2521.601971834898 182.59785138070583 2180.5692233890295 1490.5822835564613 1907.1089447140694 2758.8174876272678 906.03091368079185 1137.5532286167145 1653.6011105924845 1370.207745783031 1162.6270852833986 49.019119918346405 1392.9830236136913 799.50579851865768 2432.3456232994795 337.26993258297443 2114.4934598207474 451.04068070650101 1496.5035015493631 4270.1762502789497 1441.5986037999392 1065.6073674857616 156.87494710087776 462.00806352496147 2041.2028552144766
leaf_count=2860 10731 10865 7363 9309 8245 17806 1775 13497 13035 12389 20874 7400 8008 14678 11309 11044 294 8088 4978 17020 2386 15127 3216 10078 25536 11006 6529 1244 3667 14072
internal_value=-0.000231145 -0.0328912 0.0130868 0.019322 0.0254701 -0.0176224 -0.0121248 0.0324552 -0.068151 0.00920072 0.000429173 -0.00596296 -0.00253495 -0.0332414 -0.0391305 -0.0580198 0.0374999 0.0379078 0.0311292 7.48836e-05 0.000972719 -0.00412702 0.010722 0.015419 0.0427504 -0.0182669 0.0406355 -0.021976 -0.00753322 0.011409
internal_weight=42072.3 12186.6 29885.7 23960.1 18077.3 8504.06 5925.63 12647.4 3682.59 5429.95 5882.75 4869.23 4372.83 3634.83 1552.81 2653.21 9757.86 9708.84 4045.68 3522.84 4040.36 2902.8 788.311 2889.5 5663.16 2347.63 1865.11 1981.23 618.883 3123.93
internal_count=304429 101476 202953 158272 115963 66666 44681 78309 34810 37654 42309 36212 31597 30454 13084 24079 58922 58628 25004 25265 28737 20729 5602 19387 33624 18406 11507 15776 4911 21435
cat_boundaries=0 1 2 3 4 5 6 7
cat_threshold=13129216 20031520 24578600 26484864 3169803 134277 12617743
is_linear=0
shrinkage=0.1


Tree=6
num_leaves=31
num_cat=8
split_feature=1 2 2 1 1 2 2 2 2 1 2 2 1 1 1 1 4 4 0 2 0 0 0 4 0 0 0 4 0 2
split_gain=1510.41 586.308 378.825 209.145 165.837 131.174 125.392 98.9355 96.4104 87.4443 75.7377 67.372 56.4051 48.6192 37.8042 31.2951 29.217 26.8076 23.3314 20.0566 19.4691 19.4075 18.9269 18.1421 19.619 17.9588 17.8993 18.2692 17.5646 17.1363
threshold=4.5000000000000009 4.6050000000000013 4.3250000000000011 1.5000000000000002 3.5000000000000004 5.7750000000000012 2.7350000000000008 5.1050000000000013 2.4450000000000007 2.5000000000000004 5.6450000000000005 6.3650000000000011 5.5000000000000009 5.5000000000000009 5.5000000000000009 2.5000000000000004 0.28035000000000004 0.32150000000000001 0 6.7250000000000005 1 2 3 0.33400000000000002 4 5 6 0.36850000000000005 7 6.5850000000000009
decision_type=2 2 2 2 2 2 2 2 2 2 2 2 2 2 2 2 2 2 9 2 9 9 9 2 9 9 9 2 9 2
left_child=2 8 6 11 7 13 -1 17 -2 21 -6 28 -7 26 -10 18 -11 -5 -9 -14 -13 -8 -21 -15 -25 -12 -3 -28 -4 -17
right_child=1 5 3 4 10 12 9 15 14 16 25 20 19 23 -16 29 -18 -19 -20 22 -22 -23 -24 24 -26 -27 27 -29 -30 -31
leaf_value=-0.064220714935991421 -0.095326984768987322 -0.033713276430907706 0.00036062120553041657 0.0032857428265879321 -0.0055304957423164686 0.0049240703572680285 0.023428284437035513 0.03042355813841556 -0.045309331682179349 -0.039516590323344467 0.026699840813568295 -6.1985427189570607e-05 -0.023479510422154678 -0.053808577191995402 -0.069175133509771725 0.023609971819217423 -0.014801252265889187 0.021293396686072399 0.044792250462058009 0.017580425497864611 -0.022292394979832385 0.00096773601017014822 -0.014533336488822629 0.0058820433636811269 -0.039034041439017349 0.011176369649872035 -0.021160690132612181 0.0042959610674322621 0.013367624783044936 0.03695775298580662
leaf_weight=438.11760463565588 799.65867990255356 644.89736742526293 1888.0448342263699 1514.5949874818325 2478.9215995967388 2530.722744807601 481.95923398435116 2307.7977306842804 1511.7759529948235 654.3522794097662 1326.0516608655453 581.60219231247902 1508.871060885489 836.0743095651269 1183.185161717236 3523.9150869995356 1777.7900317534804 1820.170135512948 2813.2229260206223 265.25581026077271 1258.4368267506361 1783.3205396607518 543.38848780095577 118.6119869351387 642.25119826942682 1815.910401776433 893.9850555434823 411.75973007827997 2314.7928034514189 1322.9125210493803
leaf_count=4252 8984 5229 13291 10148 18467 17806 3358 13547 13856 5138 8530 4382 12313 7686 11970 21650 13792 12152 16019 1952 9803 12790 4141 1092 5900 11991 7274 3273 15937 7706
internal_value=-0.00024029 -0.0304162 0.0116794 0.0167673 0.0219394 -0.0160899 -0.0130554 0.0280245 -0.064835 -0.00828328 0.00753792 0.000570633 -0.00539775 -0.0307022 -0.0557873 0.0330127 -0.0214508 0.0131146 0.0384638 -0.0166692 -0.0153873 0.00585412 -0.00396153 -0.0436407 -0.0324677 0.0178485 -0.0201099 -0.0130333 0.00755714 0.0272532
internal_weight=41992.4 11890.4 30101.9 24966.4 18923.5 8395.82 5135.54 13302.6 3494.62 4697.42 5620.88 6042.88 4848.24 3547.58 2694.96 9967.85 2432.14 3334.77 5121.02 2317.52 1840.04 2265.28 808.644 1596.94 760.863 3141.96 1950.64 1305.74 4202.84 4846.83
internal_count=304429 101476 202953 163623 120210 66666 39330 81222 34810 35078 38988 43413 36212 30454 25826 58922 18930 22300 29566 18406 14185 16148 6093 14678 6992 20521 15776 10547 29228 29356
cat_boundaries=0 1 2 3 4 5 6 7 8
cat_threshold=2186526 152606 12587552 8480044 65564 2215224 17625600 20669216
is_linear=0
shrinkage=0.1


Tree=7
num_leaves=31
num_cat=7
split_feature=1 2 2 1 2 2 2 2 1 1 2 1 1 1 1 4 2 3 1 0 4 0 0 0 4 0 0 4 0 3
split_gain=1246.18 521.509 305.936 133.176 198.999 112.435 94.5141 84.6843 82.1869 72.8661 65.1041 57.7865 49.1754 35.4583 33.1542 31.8275 25.9434 25.3899 24.0613 22.9126 21.4844 23.8196 21.4641 21.3462 19.9742 18.9266 18.3837 18.4725 18.2838 17.9918
threshold=4.5000000000000009 4.6050000000000013 4.035000000000001 1.5000000000000002 5.1050000000000013 5.955000000000001 2.4450000000000007 2.7350000000000008 3.5000000000000004 3.5000000000000004 5.7350000000000012 5.5000000000000009 2.5000000000000004 5.5000000000000009 5.5000000000000009 0.33805000000000002 6.2150000000000007 0.22500000000000003 2.5000000000000004 0 0.36850000000000005 1 2 3 0.43085000000000001 4 5 0.42430000000000007 6 0.17500000000000002
decision_type=2 2 2 2 2 2 2 2 2 2 2 2 2 2 2 2 2 2 2 9 2 9 9 9 2 9 9 2 9 2
left_child=2 6 7 10 9 11 -2 -1 17 15 -4 20 -9 -8 28 19 -10 18 26 -5 -3 -22 -12 -17 -13 -26 27 -6 -7 -24
right_child=1 5 3 4 8 14 13 12 16 -11 22 24 -14 -15 -16 23 -18 -19 -20 -21 21 -23 29 -25 25 -27 -28 -29 -30 -31
leaf_value=-0.06090053536037883 -0.093074560722655644 -0.022394721681331775 0.011709521672242602 0.018106666366658704 0.023735964009205177 0.0183223988620199 -0.042276129972731342 0.0013398401241083878 0.0053839659618449501 -0.013987280659326431 -0.022400224660815354 -0.043206538326232835 -0.025339594694080987 -0.065921309852314633 -0.012426439342220177 0.0059704249514622382 0.02104812567256939 -0.042791865672310185 0.024466282452870042 -0.0040896131126181194 0.02739916523649057 -0.012530793708511012 -0.0063814522454764162 0.027006190304959918 0.026261772528124169 -0.033335370856733347 0.039784304340245324 0.049826175773999538 -0.0010699722760209747 0.023503240040952861
leaf_weight=416.92607185989618 740.1842223405838 1554.8685558289289 3128.2767898887396 624.92758233845234 2021.5476126670837 720.68702115118504 1460.9508558511734 1326.3078776299953 2297.4141968786716 1816.3454199880362 812.9670405164361 1641.5099548324943 1441.9938896968961 1120.7251173853874 1991.206385307014 814.3272375613451 1958.8553922027349 48.824010998010635 4899.9977875053883 1730.3209929019213 196.09512400627136 533.4349058046937 2299.6056063175201 1250.114286929369 80.79412779211998 122.00241639465094 2868.4015392661095 313.45336720347404 1456.9221130609512 220.79675416648388
leaf_count=4252 8984 12649 21233 4191 11678 4959 13856 9597 15911 14292 6256 15431 11577 11970 15765 5479 12389 294 29212 11738 1518 4249 17179 8318 749 1139 15943 1795 10207 1619
internal_value=-0.000247896 -0.0280896 0.0104318 0.0138768 0.0177983 -0.014685 -0.0615725 -0.0188852 0.0242573 0.00287457 0.00134805 -0.026382 -0.0125573 -0.0525407 -0.00310046 0.00980423 0.0125931 0.0291475 0.0294952 0.00185933 -0.0157519 -0.00159395 -0.00837592 0.0188683 -0.0395487 -0.00994068 0.0342308 0.0271222 0.00542722 -0.00374857
internal_weight=41910.8 11619.4 30291.4 27106.2 20644.5 8297.52 3321.86 3185.23 14408.5 6236.04 6461.65 4128.71 2768.3 2581.68 4168.82 4419.69 4256.27 10152.2 10103.4 2355.25 2284.4 729.53 3333.37 2064.44 1844.31 202.797 5203.4 2335 2177.61 2520.4
internal_count=304429 101476 202953 177527 131240 66666 34810 25426 87222 44018 46287 35735 21174 25826 30931 29726 28300 58922 58628 15929 18416 5767 25054 13797 17319 1888 29416 13473 15166 18798
cat_boundaries=0 1 2 3 4 5 6 7
cat_threshold=4473474 133383 25174912 19938435 18038807 2186526 2646328
is_linear=0
shrinkage=0.1


Tree=8
num_leaves=31
num_cat=8
split_feature=1 2 2 1 1 1 2 2 2 1 2 2 2 2 1 1 3 0 0 4 0 4 0 4 0 0 4 0 0 4
split_gain=1027 462.072 249.863 139.073 103.437 98.0135 97.5782 92.3721 57.8173 53.4472 47.6614 44.7519 42.4686 35.9841 29.1699 22.5601 21.91 20.9778 19.9604 20.9887 19.7634 19.7131 19.2407 18.6833 17.653 16.8021 16.5619 16.5339 16.1471 16.051
threshold=4.5000000000000009 4.6050000000000013 4.4250000000000007 1.5000000000000002 3.5000000000000004 3.5000000000000004 6.245000000000001 2.9150000000000005 5.5550000000000006 5.5000000000000009 6.3650000000000011 5.9250000000000007 3.4950000000000006 2.0750000000000006 5.5000000000000009 5.5000000000000009 0.22500000000000003 0 1 0.36850000000000005 2 0.34154999999999996 3 0.41355000000000003 4 5 0.32305 6 7 0.35725000000000001
decision_type=2 2 2 2 2 2 2 2 2 2 2 2 2 2 2 2 2 9 9 2 9 2 9 2 9 9 2 9 9 2
left_child=2 7 4 10 12 8 9 -2 21 18 25 20 24 -6 29 -8 27 23 19 -3 -7 -5 -23 -11 -1 -4 -15 -10 -12 -9
right_child=1 6 3 5 13 11 15 14 16 17 28 -13 -14 26 -16 -17 -18 -19 -20 -21 -22 22 -24 -25 -26 -27 -28 -29 -30 -31
leaf_value=-0.0069194896345542798 -0.087080376135783691 -0.012540520741453957 0.012576259947111311 0.0088268977141231636 -0.087226653273530422 0.010012989532496477 0.0084116178928485136 -0.04691834325633145 0.037172408024638691 -0.025870984791079896 -0.027553231336754264 0.016279491649954621 0.002882931028317855 -0.040114247523171616 -0.061231174828521841 -0.0084530633777583752 -0.04228695081879448 -0.040239129537436233 -0.020756354521344708 0.014397618205664296 -0.0074756533528028864 0.031306267046844194 0.012625265374613923 0.018033210499637901 -0.038086037437718795 -0.00026815962735167719 -0.017792854817268094 0.025676713855242492 -0.0068417257234958803 -0.024257045781912873
leaf_weight=371.12582364678383 827.30342542380095 887.17991154640913 2072.1970484405756 2884.5504805594683 110.87232327461243 949.38818271458149 1656.3346965014935 853.18065374344587 1743.2712187170982 604.03424125164747 539.62950561195612 2587.0054699927568 3590.7585026547313 609.85475821793079 989.5467090010643 1522.1517122238874 44.279629692435265 1521.9324881508946 1471.2649350613356 429.14174021780491 1971.1966541185975 1039.8767172545195 1270.7196992188692 115.45265559852123 379.35925564169884 2001.8822353184223 730.65384908020496 6290.8599014133215 1269.4203492254019 493.264648899436
leaf_count=3084 10731 7084 14081 18324 1272 6837 11499 8259 9589 5711 4377 16364 25308 5483 11044 11971 272 14353 11738 3261 14453 6400 7978 1049 3205 14043 6329 35746 9808 4776
internal_value=-0.000249798 -0.0258947 0.0093245 0.013714 -0.00936531 0.0179167 -0.0133799 -0.0583657 0.0225701 -0.0220484 0.00029733 0.00670179 -0.0016388 -0.0324762 -0.0481963 0.000335257 0.0278627 -0.0335451 -0.0128042 -0.00372992 -0.00178197 0.0143401 0.0212227 -0.0185678 -0.0232734 0.0062951 -0.0279478 0.0282493 -0.01321 -0.0386165
internal_weight=41827.7 11370.8 30456.9 24664.3 5792.62 18781.1 8207.49 3163.3 13273.6 5029.01 5883.13 5507.59 4341.24 1451.38 2335.99 3178.49 8078.41 2241.42 2787.59 1316.32 2920.58 5195.15 2310.6 719.487 750.485 4074.08 1340.51 8034.13 1809.05 1346.45
internal_count=304429 101476 202953 158272 44681 115963 66666 34810 78309 43196 42309 37654 31597 13084 24079 23470 45607 21113 22083 10345 21290 32702 14378 6760 6289 28124 11812 45335 14185 13035
cat_boundaries=0 1 2 3 4 5 6 7 8
cat_threshold=1277981 5376319 1065878 13574204 31022352 12881055 20185216 18097024
is_linear=0
shrinkage=0.1


Tree=9
num_leaves=31
num_cat=8
split_feature=1 2 2 2 2 1 1 1 2 2 2 1 1 2 0 1 1 0 0 4 0 4 0 3 2 0 2 0 4 0
split_gain=846.093 409.23 208.945 133.239 100.188 147.784 66.1525 58.5416 53.3399 44.2282 38.8139 36.3179 35.8553 32.1975 24.6368 21.7164 21.4047 21.0785 20.7199 19.131 22.9726 18.7852 17.5932 17.5631 16.6717 17.389 16.6685 16.6145 15.9282 15.588
threshold=4.5000000000000009 4.1450000000000005 3.6750000000000003 5.6750000000000007 5.0050000000000008 1.5000000000000002 3.5000000000000004 2.5000000000000004 2.0750000000000006 2.4450000000000007 5.7350000000000012 5.5000000000000009 5.5000000000000009 6.5950000000000006 0 5.5000000000000009 2.5000000000000004 1 2 0.36850000000000005 3 0.36155000000000004 4 2.1800000000000002 6.785000000000001 5 6.7750000000000012 6 0.51075000000000015 7
decision_type=2 2 2 2 2 2 2 2 2 2 2 2 2 2 9 2 2 9 9 2 9 2 9 2 2 9 2 9 2 9
left_child=2 8 9 12 6 10 -4 27 -2 -1 -6 29 19 21 -15 -10 18 28 -11 -3 -21 -9 -8 -16 -13 -26 -12 -7 -14 -5
right_child=1 3 4 11 5 7 22 13 15 16 26 24 17 14 23 -17 -18 -19 -20 20 -22 -23 -24 -25 25 -27 -28 -29 -30 -31
leaf_value=-0.064509651194796777 -0.092185853714043031 -0.02653930331485678 0.0059800121940229 0.023255645248882323 0.011851262675029785 0.033964660324053687 0.0038512907196712126 0.0070482325193201856 -0.044195142067585798 0.013903988537363583 -0.0026659797232906307 -0.018712679559973903 -0.056992209259322447 0.034917696206385206 0.016493632161692137 -0.069420094297084817 -0.03133342707256135 -0.029712210107135862 -0.022458959423167377 -0.033774809820963793 0.004031946394186945 0.017710914579861049 -0.01970377422201737 -0.063467509848451162 -0.02403865664867226 0.0097889300233950285 -0.018342066104523592 0.022387833560512098 0.03857983261606001 0.00073019713441176842
leaf_weight=262.17203246057034 545.43117552995682 1589.597117677331 6784.2397412061691 343.46406811475754 1583.6761512458324 2225.808991253376 400.90660258382559 4645.7296428382397 777.41717521101236 282.16359365731478 2350.3850856497884 1668.8579387813807 647.76565366238356 1132.6758236885071 1410.6920688301325 608.37507905811071 713.22259674221277 1113.6259920224547 330.30504014343023 218.41881211847067 540.50413005053997 2564.2730628103018 1545.5109717100859 28.014514908194542 207.02605503797531 496.90052206814289 953.46057561784983 3389.1788445562124 17.920727014541626 2369.1750690564513
leaf_count=2957 7692 14174 45975 2377 10564 12004 3284 29312 8170 2169 17505 14345 6835 6543 8327 7387 6281 11628 2597 1903 4580 16072 12698 179 1636 3761 7549 18937 188 16800
internal_value=-0.000249818 -0.0238407 0.00834129 -0.0150674 0.0102743 0.0141295 0.00131753 0.0189387 -0.0656954 -0.0269803 -0.00102014 -0.00423298 -0.0284153 0.0142668 0.0238739 -0.0552691 -0.0195584 -0.0391228 -0.00584627 -0.020303 -0.00724079 0.0108405 -0.0149335 0.0148335 -0.0132687 -0.000362255 -0.00718996 0.0270773 -0.053614 0.00367071
internal_weight=41746.9 11144.5 30602.4 9213.26 29014.6 20283.9 8730.66 15396.4 1931.22 1587.86 4887.52 5085.42 4127.83 9781.39 2571.38 1385.79 1325.69 1779.31 612.469 2348.52 758.923 7210 1946.42 1438.71 2372.78 703.927 3303.85 5614.99 665.686 2712.64
internal_count=304429 101476 202953 78227 188949 126992 61957 91374 23249 14004 35618 38919 39308 60433 15049 15557 11047 18651 4766 20657 6483 45384 15982 8506 19742 5397 25054 30941 7023 19177
cat_boundaries=0 1 2 3 4 5 6 7 8
cat_threshold=31583488 29637760 11094825 25711360 2119168 3444864 21922433 8464
is_linear=0
shrinkage=0.1


Tree=10
num_leaves=31
num_cat=9
split_feature=1 2 2 2 1 2 2 2 1 2 1 1 1 1 4 1 0 0 4 0 0 0 2 4 4 0 0 0 2 0
split_gain=696.635 363.831 171.61 113.054 65.5963 105.445 58.0074 52.7136 46.6302 38.6634 35.8336 35.0886 33.2482 29.0836 24.1931 20.498 19.5946 19.5234 19.0408 17.9501 17.6608 17.4795 17.1862 19.9431 17.1006 16.6188 16.5937 16.2984 16.1574 17.6237
threshold=4.5000000000000009 4.1450000000000005 4.0150000000000006 5.535000000000001 1.5000000000000002 5.0050000000000008 2.7350000000000008 2.0750000000000006 3.5000000000000004 5.7350000000000012 3.5000000000000004 1.5000000000000002 5.5000000000000009 5.5000000000000009 0.33144999999999997 5.5000000000000009 0 1 0.37475000000000008 2 3 4 5.9350000000000014 0.34075000000000005 0.27790000000000009 5 6 7 6.5650000000000004 8
decision_type=2 2 2 2 2 2 2 2 2 2 2 2 2 2 2 2 9 9 2 9 9 9 2 2 2 9 9 9 2 9
left_child=2 7 6 12 9 10 -1 -2 22 -4 14 17 24 -5 19 -9 -14 -8 20 -6 -15 -20 23 -7 -3 -13 -16 -11 -10 -30
right_child=1 3 4 13 5 8 11 15 28 27 -12 25 16 18 26 -17 -18 -19 21 -21 -22 -23 -24 -25 -26 -27 -28 -29 29 -31
leaf_value=-0.052492247835788146 -0.090133652673390519 -0.035082702905354507 0.0089283662906896443 0.0020920486929370367 0.011872856756882615 0.0099264672998190459 0.032615292126392595 -0.041264600947978632 0.0045844589063636842 -0.017523249418843475 -0.011665814021140541 -0.0020175788761314863 -0.052434466681098205 -0.0064959247456359203 0.0021439999425348398 -0.066359865503125476 -0.028023306746838901 -0.0053885184624161489 -0.016864836362007914 -0.0082410545514307789 -0.02701560454759909 0.013019589815623936 0.023856150317291439 0.022832181050106908 -0.014058519758223266 -0.02179222658954439 0.020559709961187021 -0.0019872364649744204 0.029877663613969086 0.006170279503470719
leaf_weight=368.98620764166117 504.19592463970184 512.49575471132994 3204.8933476507664 2941.7852495163679 641.56985306739807 2589.1908442080021 247.18769646435976 750.7965425401926 3254.1761592924595 943.81035476177931 1609.5648909509182 615.52207857370377 632.87370448559523 758.84144219756126 809.4788578748703 574.56875533610582 908.10721192508936 284.80382984131575 328.18170460313559 1382.2757960855961 992.85777119547129 454.64314714074135 6203.6365295946598 2227.4677350074053 1578.3585089668632 1450.9141288250685 1272.1836750358343 2343.5338040962815 615.44611711800098 665.35666951537132
leaf_count=4252 7692 4714 21396 21027 4281 15119 1753 8170 21813 7431 13167 4873 7008 6488 5397 7387 9772 2085 2782 9390 8521 3822 33883 12738 14093 11650 8281 17623 3698 4123
internal_value=-0.000246265 -0.0219194 0.00746783 -0.0137452 0.00991097 0.0125964 -0.0153898 -0.0626132 0.0168642 0.00111265 0.000980491 -0.0101211 -0.0274259 -0.00467225 0.00593848 -0.0521438 -0.038571 0.0127816 -0.0125235 -0.00184689 -0.0183177 0.000442096 0.0203764 0.0158947 -0.0192118 -0.0160172 0.0135076 -0.00650704 0.00832918 0.0178435
internal_weight=41667.7 10937.7 30730 9108.14 27762.6 21270.3 2967.41 1829.56 15555.3 6492.24 5715.07 2598.43 3631.84 5476.31 4105.51 1325.37 1540.98 531.992 2534.52 2023.85 1751.7 782.825 11020.3 4816.66 2090.85 2066.44 2081.66 3287.34 4534.98 1280.8
internal_count=304429 101476 202953 78227 178340 131890 24613 23249 91374 46450 40516 20361 35587 42640 27349 15557 16780 3838 21613 13671 15009 6604 61740 27857 18807 16523 13678 25054 29634 7821
cat_boundaries=0 1 2 3 4 5 6 7 8 9
cat_threshold=29637762 31549729 6562436 9465118 14728576 7085056 19971201 29369216 31714336
is_linear=0
shrinkage=0.1


Tree=11
num_leaves=31
num_cat=9
split_feature=1 2 2 2 2 1 1 1 2 1 2 2 1 2 0 3 0 0 0 4 0 0 0 4 0 2 0 4 4 4
split_gain=573.304 323.319 144.036 109.605 63.4835 93.114 45.1301 40.948 38.4492 35.737 35.492 27.3853 24.7197 21.4467 21.2476 19.9443 17.7242 17.6893 17.1832 16.0672 16.944 14.7062 14.6096 15.8918 15.3329 14.4409 14.2401 16.0618 13.93 13.8623
threshold=4.5000000000000009 3.9550000000000005 3.6750000000000003 5.6750000000000007 5.0050000000000008 1.5000000000000002 3.5000000000000004 2.5000000000000004 2.0750000000000006 5.5000000000000009 2.4450000000000007 6.7750000000000012 5.5000000000000009 6.5950000000000006 0 2.1800000000000002 1 2 3 0.36850000000000005 4 5 6 0.48055000000000009 7 6.3150000000000004 8 0.42300000000000004 0.51075000000000015 0.31590000000000001
decision_type=2 2 2 2 2 2 2 2 2 2 2 2 2 2 9 2 9 9 9 2 9 9 9 2 9 2 9 2 2 2
left_child=2 8 10 9 6 11 -4 26 -2 19 -1 14 -5 -9 -6 18 28 -12 -15 21 -21 -3 -8 -24 -25 -14 27 -7 -11 -20
right_child=1 3 4 12 5 7 22 13 -10 16 17 -13 25 15 -16 -17 -18 -19 29 20 -22 -23 23 24 -26 -27 -28 -29 -30 -31
leaf_value=-0.058658277824995324 -0.088064975940296664 -0.01139435764989433 0.004910050911900255 0.0030889386735369869 0.013546366722102974 0.011313401903381991 0.0046050267944297441 0.0083616278856872509 -0.053047824423790406 -0.052589075988981021 -0.004656735324213907 -0.016152925826509193 -0.020413488079896541 0.032951868148104677 -0.0021671033599575677 -0.049828280694550184 -0.027427708362028742 -0.028226094404636443 0.0036686601069936668 -0.02803135740957732 0.0035215731161740908 -0.030962055197577693 -0.01935530514722613 0.073468564221365301 -0.012219640363849524 -0.0043961567352934633 0.02551125144111174 0.036679992337985183 0.033774355485741002 0.021455295809412207
leaf_weight=238.42679142951965 466.39127098023891 702.96616232395172 6828.0453816950321 2722.7048144415021 1255.6870445162058 1770.2634810656309 398.76801891624928 7309.0738557875156 956.91909196972847 638.97877799719572 648.00374997407198 936.75750733911991 952.11673714965582 736.27845072746277 2684.7153192162514 41.574642181396484 1142.9383913204074 645.13016522675753 708.53406694531441 230.72769942879677 578.51872636377811 961.94357562065125 1436.0124515742064 27.726644322276115 46.264902561903 1376.8459662050009 3691.2194858491421 290.58974021673203 19.238644786179066 1148.338020503521
leaf_count=2957 7692 6546 45975 19177 8681 9807 3284 45384 11934 7403 5451 7549 8736 4092 19388 265 12655 5596 4076 2096 5025 8999 12085 230 383 11006 19556 1578 207 6616
internal_value=-0.000242102 -0.020128 0.00668948 -0.0133534 0.00825165 0.0112845 0.00111003 0.0150347 -0.0645223 -0.025137 -0.0232061 -0.000784399 -0.00338078 0.0111499 0.00286918 0.0188851 -0.0358525 -0.0166695 0.0199867 -0.0173362 -0.00577749 -0.0229545 -0.0124834 -0.0169146 0.0281679 -0.0109443 0.0217503 0.0148183 -0.0493156 0.0145898
internal_weight=41591.7 10750.3 30841.4 9326.98 29309.8 20573 8736.82 15695.9 1423.31 4275.31 1531.56 4877.16 5051.67 9943.8 3940.4 2634.73 1801.16 1293.13 2593.15 2474.16 809.246 1664.91 1908.77 1510 73.9915 2328.96 5752.07 2060.85 658.217 1856.87
internal_count=304429 101476 202953 81850 188949 126992 61957 91374 19626 42931 14004 35618 38919 60433 28069 15049 20265 11047 14784 22666 7121 15545 15982 12698 613 19742 30941 11385 7610 10692
cat_boundaries=0 1 2 3 4 5 6 7 8 9
cat_threshold=8391711 29637760 4799275 23170048 25743616 32047410 2119168 16842906 2116894
is_linear=0
shrinkage=0.1


Tree=12
num_leaves=31
num_cat=8
split_feature=1 2 2 2 2 2 1 1 1 4 2 1 4 2 0 0 1 1 0 2 0 0 0 0 3 2 2 4 3 0
split_gain=471.492 287.705 117.974 78.9597 53.7235 51.0931 72.2701 37.9494 37.2489 32.8036 31.3793 26.0339 25.1274 23.7555 22.6529 19.4189 18.5823 16.8208 15.9211 15.7262 15.4377 15.1688 14.9231 14.9023 14.4035 14.3281 14.2961 14.4868 19.1557 17.633
threshold=4.5000000000000009 4.6050000000000013 3.6750000000000003 2.0750000000000006 6.3650000000000011 4.8850000000000007 1.5000000000000002 3.5000000000000004 2.5000000000000004 0.33400000000000002 2.4450000000000007 5.5000000000000009 0.34005000000000002 5.7350000000000012 0 1 5.5000000000000009 2.5000000000000004 2 7.9450000000000012 3 4 5 6 0.22500000000000003 5.9350000000000014 6.2150000000000007 0.38595000000000007 0.19500000000000003 7
decision_type=2 2 2 2 2 2 2 2 2 2 2 2 2 2 9 9 2 2 9 2 9 9 9 9 2 2 2 2 2 9
left_child=2 3 10 -2 9 8 13 24 14 16 -1 -5 -10 -7 -4 19 23 18 -12 -6 -11 -13 -14 -3 25 -8 -9 29 -29 -28
right_child=1 4 5 11 15 6 7 26 12 20 17 21 22 -15 -16 -17 -18 -19 -20 -21 -22 -23 -24 -25 -26 -27 27 28 -30 -31
leaf_value=-0.055559528881603176 -0.08596813742498198 -0.0043308952239561873 0.021784661435148504 -0.030156539592131854 0.01404016755753483 0.0085974229878145649 0.012613069758306922 0.00087562847952820831 -0.014053712947460224 -0.015826816638771349 0.015419126802919623 -0.034040301431738126 0.011838513918268389 -0.0056387086818439546 0.0032790366240851606 -0.0048390596493485677 -0.032210227768152237 -0.026013745732239087 -0.016945631887550969 -0.060990461934478372 -1.0123971083506965e-05 -0.063609510324346114 -0.0064385494426129454 -0.024576631051982906 -0.036505888338880819 0.019624620893124899 -0.011016404462462647 0.029031163206219086 -0.06570412807291047 0.013286267532173088
leaf_weight=227.15113838762045 431.78221544623375 695.91588619351387 836.34441637992859 1307.4127893149853 1145.8612109795213 1828.2712947428226 5428.8150533288717 2745.9646172821522 2068.2891275435686 1062.8671344220638 258.44910167902708 400.06382291018963 832.54339277744293 3266.1306085735559 3084.1935124397278 1567.7258632034063 1151.4936024695635 678.06439156085253 341.2768972069025 28.632875099778175 1462.6570890471339 535.34293624013662 942.19069374352694 789.11709429323673 51.730490952730179 6292.7199909687042 404.25795257091522 552.82073132693768 22.201108202338219 1078.2100538909435
leaf_count=2957 7692 5713 5464 14422 8342 12019 31164 18878 15964 9515 1983 5379 6192 25054 20839 11751 11867 6281 2783 205 12751 7317 7039 6522 323 33624 2494 3315 142 6438
internal_value=-0.000233942 -0.0184584 0.00599736 -0.0468086 -0.00886542 0.00739362 0.0098873 0.0130887 0.000432777 -0.0148743 -0.0213116 -0.0392697 -0.00656343 -0.000529667 0.00729066 0.00244584 -0.0226763 -0.0152234 -0.00302364 0.0121079 -0.00672929 -0.052007 0.00216581 -0.0152837 0.0161449 0.0163772 0.00559793 0.0119004 0.0253735 0.00667442
internal_weight=41518.5 10578.9 30939.6 2674.6 7904.27 29434.7 21671.1 16576.7 7763.56 5162.05 1504.94 2242.82 3843.02 5094.4 3920.54 2742.22 2636.53 1277.79 599.726 1174.49 2525.52 935.407 1774.73 1485.03 11773.3 11721.5 4803.45 2057.49 575.022 1482.47
internal_count=304429 101476 202953 34810 66666 188949 133451 96378 55498 46368 14004 27118 29195 37073 26303 20298 24102 11047 4766 8547 22266 12696 13231 12235 65111 64788 31267 12389 3457 8932
cat_boundaries=0 1 2 3 4 5 6 7 8
cat_threshold=12853280 11034942 8997673 31780896 574239 21971352 30441759 18088469
is_linear=0
shrinkage=0.1


Tree=13
num_leaves=31
num_cat=8
split_feature=1 2 2 2 1 2 1 2 1 1 3 4 0 1 3 2 2 1 4 0 0 0 1 2 0 4 0 0 4 0
split_gain=387.547 259.111 96.5923 82.8085 40.3963 36.0313 34.7333 55.0271 33.4874 26.6175 26.2753 22.956 22.879 21.3118 20.4933 20.1831 19.5208 19.0413 22.2224 19.9398 19.0282 18.9642 18.593 18.3958 20.7225 18.1618 15.6823 14.7027 14.5063 13.1647
threshold=4.5000000000000009 3.9550000000000005 4.035000000000001 5.1450000000000005 3.5000000000000004 2.0750000000000006 1.5000000000000002 5.495000000000001 2.5000000000000004 5.5000000000000009 0.14500000000000005 0.5011500000000001 0 1.5000000000000002 0.22500000000000003 2.0750000000000006 3.0550000000000002 2.5000000000000004 0.35254999999999997 1 2 3 5.5000000000000009 6.0450000000000008 4 0.32434999999999997 5 6 0.71190000000000009 7
decision_type=2 2 2 2 2 2 2 2 2 2 2 2 9 2 2 2 2 2 2 9 9 9 2 2 9 2 9 9 2 9
left_child=2 5 4 11 13 -2 10 8 12 -5 -4 22 -8 -1 17 -6 -15 -9 21 28 -10 -19 -3 24 -11 -14 -12 -18 -20 -24
right_child=1 3 6 9 15 -7 7 14 20 23 26 -13 25 16 -16 -17 27 18 19 -21 -22 -23 29 -25 -26 -27 -28 -29 -30 -31
leaf_value=0.011335949778576403 -0.083833450827267064 -0.020577284076413713 -0.011049359901281976 0.00089767067164888195 -0.077195467761233191 -0.047681986648671494 0.020753352586287809 0.018899320902616423 0.0053498305859992663 -0.035892547595326001 0.010635257132018176 0.026154283987644023 -0.0065466492651281086 -0.039783862273491739 -0.042499445070695946 -0.025603102770257798 0.015735076638833171 -0.00082029062538046822 0.02727090981952961 0.011237639031582746 -0.006263137489967003 0.012099149849327286 -0.016146162077633388 -0.0055592588468593778 -0.0087694798318172992 0.012900983491257978 -0.00064762633413284032 -0.011156427872619577 0.1679682555715323 -0.044427901405519943
leaf_weight=598.40024231374264 400.13934664428234 1527.5169069245458 1455.9752465188503 3556.6879022568464 85.051470816135406 886.467529296875 1422.1655648052692 4547.6389828622341 2425.161171361804 539.72747440636158 2151.9463989809155 82.035851508378983 882.92441141605377 202.65509932488203 65.100793346762657 699.05405113101006 237.37146279215813 2072.1035691797733 1104.6533698737621 2116.6962721943855 3346.2660831585526 2513.8319694399834 258.21257940679789 1775.2166270017624 623.4626053571701 1052.8018472790718 2868.5625144690275 1169.9140985161066 7.3769253194332114 774.98610430955887
leaf_count=4452 7692 15073 11049 26325 1272 11934 8616 23598 16985 5691 14812 842 5608 2191 422 6874 1715 12275 6397 12347 23727 14756 3133 14604 6408 6467 20426 8922 42 9774
internal_value=-0.000227698 -0.0169091 0.00537717 -0.0109933 -0.0117007 -0.0589252 0.00720018 0.00912954 0.00323476 -0.00492101 0.000778359 -0.0259171 0.0111749 -0.00477743 0.0134599 -0.0311993 -0.0107666 0.0137546 0.0107607 0.017116 -0.00138494 0.00628624 -0.0275853 -0.011964 -0.0217387 0.0040098 0.00420846 -0.00658801 0.0279529 -0.0379461
internal_weight=41450.1 10424.5 31025.7 9137.85 2992.45 1286.61 28033.2 21556.7 9129.32 6495.09 6476.48 2642.75 3357.89 2208.34 12427.4 784.106 1609.94 12362.3 7814.66 3228.73 5771.43 4585.94 2560.72 2938.41 1163.19 1935.73 5020.51 1407.29 1112.03 1033.2
internal_count=304429 101476 202953 81850 25426 19626 177527 131240 61403 53028 46287 28822 20691 17280 69837 8146 12828 69415 45817 18786 40712 27031 27980 26703 12099 12075 35238 10637 6439 12907
cat_boundaries=0 1 2 3 4 5 6 7 8
cat_threshold=13529601 19071888 6046612 8569757 31617920 12604463 4723712 2179337
is_linear=0
shrinkage=0.1


Tree=14
num_leaves=31
num_cat=9
split_feature=2 1 2 2 1 2 1 1 1 2 4 2 4 0 0 1 3 0 4 0 2 0 0 0 0 2 0 2 3 4
split_gain=320.927 228.703 116.796 52.5124 49.114 36.1664 35.3437 27.5688 24.2912 22.4483 19.8499 19.6836 18.877 20.256 17.5788 17.6308 17.4066 16.1171 16.108 19.5087 15.971 15.6282 15.3219 15.0913 14.2848 13.9538 12.5341 12.2263 11.8683 10.9329
threshold=2.9150000000000005 4.5000000000000009 5.1450000000000005 4.8650000000000011 1.5000000000000002 2.0750000000000006 3.5000000000000004 2.5000000000000004 5.5000000000000009 6.3650000000000011 0.34154999999999996 6.7750000000000012 0.36945 0 1 1.5000000000000002 1.635 2 0.33555000000000001 3 5.9350000000000014 4 5 6 7 4.2250000000000005 8 4.785000000000001 0.19500000000000003 0.35515000000000002
decision_type=2 2 2 2 2 2 2 2 2 2 2 2 2 9 9 2 2 9 2 9 2 9 9 9 9 2 9 2 2 2
left_child=5 3 8 6 11 -1 -2 -6 12 10 23 21 -3 -14 15 -7 17 -11 -8 27 22 -5 -9 -4 -10 -26 -12 -20 29 -22
right_child=1 2 9 4 7 14 18 20 24 16 26 -13 13 -15 -16 -17 -18 -19 19 -21 28 -23 -24 -25 25 -27 -28 -29 -30 -31
leaf_value=-0.076540256894058467 0.0021351304467734969 -0.027306009230812459 -0.0063092696300295365 -0.0042258245407455156 0.015839705840388605 0.091380672408593711 -0.022326429709613717 -0.0038161812047625547 -0.023502638004577157 -0.0043453108365183761 -0.010743538833752711 -0.013869900496851308 -0.027808882618324107 0.0085746277167387027 -0.05195254358035415 -0.020033168505550529 -0.053948002494307618 0.011096365706851357 0.012189448536020577 -0.0133821251859992 0.0079846959543503435 0.0079650284939519669 0.0076749495028480266 -0.023993640460462876 -0.065679472034518391 -0.037808833155722539 0.0062473229629292238 0.087889236691126194 -0.026993418457233704 0.016921963058609657
leaf_weight=495.13568993657827 6798.3822391629219 1328.5060456395149 889.74706522375345 1965.4489026293159 6232.1432086080313 15.678684413433073 968.92668353766203 1880.8203881382942 513.49100326001644 1320.6634236574173 800.07038986682892 919.82611547410488 245.97246459871531 373.91312547773123 279.91639539599419 150.95684446394444 53.728274881839752 1368.0286578387022 255.83375807851553 640.28536727279425 3416.6090533435345 2241.697538882494 3004.2613298892975 1112.1011953130364 272.71574711054564 526.33629245311022 926.51558424532413 23.27692836523056 80.960309416055679 2283.6166345179081
leaf_count=9521 46860 14093 7875 14209 32905 161 8764 12147 6615 9965 6971 7549 2512 3687 3854 2141 402 9931 2204 5527 19610 15552 19095 10036 4048 6762 7848 178 520 12887
internal_value=-0.000219033 0.00112468 -0.0122341 0.0053577 0.00795452 -0.0579291 -0.00122661 0.0105556 -0.0276663 -0.0044572 -0.00950864 -0.000618486 -0.0205824 -0.00617275 -0.0372931 -0.0090096 0.00241044 0.00353665 -0.0133296 -0.00384811 0.00746813 0.00227873 0.00325861 -0.016285 -0.0381819 -0.0467362 -0.00165199 0.0178626 0.0110252 0.0115651
internal_weight=41385.6 40443.9 9731.79 30712.1 22025.4 941.688 8686.7 16898.4 3260.93 6470.85 3728.43 5126.97 1948.39 619.886 446.552 166.636 2742.42 2688.69 1888.32 919.396 10666.3 4207.15 4885.08 2001.85 1312.54 799.052 1726.59 279.111 5781.19 5700.23
internal_count=304429 288752 90745 198007 134474 15677 63533 97164 37717 53028 32730 37310 20292 6199 6156 2302 20298 19896 16673 7909 64259 29761 31242 17911 17425 10810 14819 2382 33017 32497
cat_boundaries=0 1 2 3 4 5 6 7 8 9
cat_threshold=25753864 16911123 22453888 4477320 22426528 25533441 9611550 1098525 30683816
is_linear=0
shrinkage=0.1


Tree=15
num_leaves=31
num_cat=10
split_feature=2 1 2 2 1 1 4 2 1 1 1 0 2 4 0 0 3 0 2 0 0 1 0 4 0 0 4 0 3 4
split_gain=276.206 189.493 101.694 44.8361 31.0996 28.6951 26.3585 26.105 22.2364 22.0287 21.4307 18.8485 17.7996 16.6762 17.7953 16.2785 15.1084 14.1903 14.0446 16.3216 13.6309 13.5178 16.4282 13.0418 12.9204 12.7947 12.0165 13.7499 12.3016 12.2114
threshold=2.7350000000000008 4.5000000000000009 5.1450000000000005 4.4250000000000007 1.5000000000000002 3.5000000000000004 0.27675000000000005 2.0750000000000006 5.5000000000000009 5.5000000000000009 1.5000000000000002 0 6.3650000000000011 0.36945 1 2 0.19500000000000003 3 6.0150000000000006 4 5 3.5000000000000004 6 0.29425000000000007 7 8 0.36010000000000003 9 0.14500000000000005 0.36245000000000005
decision_type=2 2 2 2 2 2 2 2 2 2 2 9 2 2 9 9 2 9 2 9 9 2 9 2 9 9 2 9 2 2
left_child=7 3 8 6 12 15 10 -1 13 -4 11 -2 23 -3 -15 16 -6 -10 19 -11 -18 22 -8 -5 -14 -23 -7 28 -28 -30
right_child=1 2 9 4 5 26 21 -9 17 18 -12 -13 24 14 -16 -17 20 -19 -20 -21 -22 25 -24 -25 -26 -27 27 -29 29 -31
leaf_value=-0.074018124416593417 0.033696570159696175 -0.025401916912224706 0.0012503348212992628 0.01194210266558424 0.008071469001880124 -0.0011522482205512329 0.014847781950023623 -0.037188726045297292 -0.049277615984033969 -0.0067212847872914431 -0.022695469339200261 -0.015906383362154549 0.0041003262907879506 -0.024560676805329626 0.0091426302913936355 0.013938464307404242 0.0045357594364433072 -0.026182009288387077 -0.0050934227200626165 -0.0314966359119635 -0.040659045875733851 0.006294472718001873 -0.0011318995453077612 -0.00013271990053813622 -0.014258992743621125 -0.01912096448160043 0.019423265691079578 0.015682455112936235 0.063358473475066721 -0.0096749332039297309
leaf_weight=462.51001693308353 136.5879178121686 1312.9228155463934 3547.4800935685635 1307.7002380490303 6134.3366018533707 3560.4372368529439 896.78636738657951 329.6153317950666 513.22881921380758 546.27000364661217 1023.603774651885 152.68330577760935 564.98877175152302 265.68573499470949 355.65396009385586 7647.8180456608534 147.51435250043869 774.09671173989773 1809.8785406500101 545.77865844219923 113.45102187991142 297.80210882425308 2216.0700346454978 2830.8063084185123 1177.689673088491 573.14615011960268 229.78435322642326 1146.2703367248178 23.690245017409325 681.17416927218437
leaf_count=9521 929 14298 26325 8893 34544 23988 6232 4903 7356 5712 8264 1069 4382 2766 3502 42163 903 10354 15015 5976 699 2723 15876 19231 9803 5336 1423 7450 162 4631
internal_value=-0.000211599 0.000931275 -0.0112831 0.00475875 0.00649364 0.00840006 -0.00361512 -0.0586929 -0.0257921 -0.00403556 -0.0159035 0.00813011 0.000112795 -0.0190144 -0.00551709 0.01082 0.00705793 -0.0359759 -0.0104973 -0.0194534 -0.0164963 0.000434563 0.00351577 0.00368273 -0.00836506 -0.010578 0.00237611 0.0084131 -0.000662865 -0.00722031
internal_weight=41325.5 40533.3 9671 30862.3 25565.7 19684.5 5296.68 792.125 3221.59 6449.41 1312.87 289.271 5881.18 1934.26 621.34 14043.1 6395.3 1287.33 2901.93 1092.05 260.965 3983.8 3112.86 4138.51 1742.68 870.948 5641.36 2080.92 934.649 704.864
internal_count=304429 290005 91304 198701 158272 115963 40429 14424 38276 53028 10262 1998 42309 20566 6268 78309 36146 17710 26703 11688 1602 30167 22108 28124 14185 8059 37654 13666 6216 4793
cat_boundaries=0 1 2 3 4 5 6 7 8 9 10
cat_threshold=28013088 25754888 122650 12860578 1903679 103184 13145600 152606 2585216 30159879
is_linear=0
shrinkage=0.1


Tree=16
num_leaves=31
num_cat=11
split_feature=2 1 2 2 1 1 2 1 2 1 4 4 3 4 0 0 0 0 2 0 0 0 4 0 2 3 0 0 4 0
split_gain=236.856 154.771 85.8387 37.6005 32.4437 29.3658 24.9444 19.605 19.5668 19.0282 18.7625 17.4549 15.8542 14.164 17.5057 13.7324 13.7287 13.5739 13.5601 13.7979 13.3122 12.5665 12.4459 18.0154 13.1771 12.1617 11.8801 11.7775 25.8749 11.5654
threshold=2.7350000000000008 4.5000000000000009 5.1250000000000009 4.8650000000000011 1.5000000000000002 2.5000000000000004 2.0750000000000006 2.5000000000000004 3.9550000000000005 5.5000000000000009 0.33644999999999997 0.5011500000000001 0.15500000000000003 0.39140000000000003 0 1 2 3 6.5950000000000006 4 5 6 0.29425000000000007 7 6.785000000000001 3.0700000000000003 8 9 1.0000000180025095e-35 10
decision_type=2 2 2 2 2 2 2 2 2 2 2 2 2 2 9 9 9 9 2 9 9 9 2 9 2 2 9 9 2 9
left_child=6 3 8 5 12 15 25 -6 -3 -4 16 20 22 27 -15 -2 -7 -14 -9 -20 -10 -13 23 -5 -25 -1 -24 28 -11 -8
right_child=1 2 9 4 7 10 29 18 11 13 -12 21 17 14 -16 -17 -18 -19 19 -21 -22 -23 26 24 -26 -27 -28 -29 -30 -31
leaf_value=-0.0722891186218384 0.012777032411880777 -0.039087931105724748 0.0011244317839178535 0.023068817072235299 0.012976816795038319 -0.0046410963417492452 -0.0045164599400229618 0.00388792495221639 -0.012695335045720124 0.070765409805426643 -0.00034200809864844118 0.052738638750658019 -0.0029673111343791417 0.018365224868312397 -0.012546450964106674 0.00071683528678977409 -0.020574085606375248 0.011192621314955386 0.02051622042410076 0.005958821053573397 -0.028292009630848203 -0.02160383528328844 -0.022072300330364489 0.0012475360630451726 -0.039043606158834371 0.26414857393286167 -0.0045575558901931081 -0.0097313277396676393 -0.033915992138057606 -0.047085648056668608
leaf_weight=431.6886316165328 1353.0726884230971 672.08325864747167 3588.3658272773027 295.30357921868563 6312.8753110170364 996.09711599349976 105.73079832270741 8028.3954401612282 1062.3524710573256 24.942076645791531 2080.1425333544612 47.412002645432949 1247.1574016362429 345.01178772002459 369.09182772040367 3090.4356204494834 1228.5300778150558 1467.3585062623024 1121.8524024188519 1600.5649487376213 1274.8321847170591 33.306538350880146 618.57978780567646 330.02742526680231 107.64711480587721 1.0771318674087513 1055.3912472054362 1724.0387026071548 442.89981882274151 213.60689505562186
leaf_count=9503 8982 9454 26663 2210 32905 8058 1601 49210 12238 244 16017 478 8932 3068 3337 21115 10055 10145 6037 9012 15090 357 4813 2390 902 18 7918 16090 4285 3302
internal_value=-0.000203335 0.000828812 -0.0102746 0.00426905 0.00645839 -0.00128299 -0.0558078 0.00855344 -0.0239944 -0.0037467 -0.00716936 -0.019799 -0.000521894 -0.00976166 0.00246969 0.0044196 -0.0135533 0.00471728 0.00595603 0.0120549 -0.021378 0.0259202 -0.00643055 0.0044364 -0.00846868 -0.0714517 -0.0111888 -0.0137466 -0.0277421 -0.0346072
internal_weight=41269.9 40517.8 9584.34 30933.4 22185.2 8748.28 752.103 17063.7 3089.99 6494.35 4304.77 2417.9 5121.47 2905.98 714.104 4443.51 2224.63 2714.52 10750.8 2722.42 2337.18 80.7185 2406.95 732.978 437.675 432.766 1673.97 2191.88 467.842 319.338
internal_count=304429 290005 91304 198701 134474 64227 14424 97164 37617 53687 34130 28163 37310 27024 6405 30097 18113 19077 64259 15049 27328 835 18233 5502 3292 9521 12731 20619 4529 4903
cat_boundaries=0 1 2 3 4 5 6 7 8 9 10 11
cat_threshold=20922894 29663264 7444998 5678000 31575296 3236143 7685271 1156281 6398864 23461888 16909075
is_linear=0
shrinkage=0.1


Tree=17
num_leaves=31
num_cat=11
split_feature=2 1 2 2 2 2 1 1 1 4 4 4 0 3 0 4 0 3 1 0 2 0 3 0 0 4 0 0 0 0
split_gain=203.176 126.197 72.0975 31.6467 23.5388 21.7946 21.7513 19.995 21.0802 19.4788 19.2659 17.6614 15.6651 14.838 14.7162 14.4623 13.411 16.9926 12.9423 12.8254 13.0453 12.6628 12.6556 12.2822 12.0138 11.9046 11.6225 11.4013 11.0688 10.6002
threshold=2.7350000000000008 4.5000000000000009 4.8650000000000011 4.3250000000000011 2.0750000000000006 6.3650000000000011 2.5000000000000004 1.5000000000000002 3.5000000000000004 0.33400000000000002 0.27215000000000006 0.27915000000000006 0 1.635 1 0.29525000000000007 2 0.19500000000000003 5.5000000000000009 3 8.3350000000000026 4 0.15500000000000003 5 6 0.47210000000000002 7 8 9 10
decision_type=2 2 2 2 2 2 2 2 2 2 2 2 9 2 9 2 9 2 2 9 2 9 2 9 9 2 9 9 9 9
left_child=4 3 10 6 -1 9 26 15 16 14 -3 -8 -13 19 -4 23 -9 -18 21 -7 -21 25 24 -5 -17 -12 -2 -19 -11 -20
right_child=1 2 5 7 -6 13 11 8 -10 28 18 12 -14 -15 -16 22 17 27 29 20 -22 -23 -24 -25 -26 -27 -28 -29 -30 -31
leaf_value=-0.068851107751524573 0.012656465742186146 -0.040695633104322594 -0.0050129398293908842 0.015931913339630965 -0.032267332642221848 0.010949736105487395 -0.02623676727934085 0.011975270622876849 0.0015547463957516613 -0.011929853009395806 -0.0043903446074018138 0.0069016402356673881 -0.013105414050368139 -0.050342007240793699 -0.021889000676978455 -0.028123486933080446 0.00687572511383828 0.0012100130784234719 -0.0080615428164956884 -0.0032954893296228008 0.217934246462124 -0.020964173839263259 0.0015347726823908021 -0.00025220104884514122 -0.0058349225946164743 0.052990179696418539 -0.0022327716595608453 -0.034580905020849637 0.0031653487110836031 -0.036964768158501568
leaf_weight=405.70023917034268 790.95666147023439 551.81773936003447 878.21445323526859 877.43933548033237 310.46766189858317 1278.8832742571831 563.49463173002005 6693.4539765417576 5808.7113628908992 721.11764176934958 397.22619103267789 614.63864782452583 1049.661596827209 51.681938603520393 1322.518371373415 284.06022195518017 7558.9379346221685 198.41471517086029 193.24346473067999 1402.3159046471119 2.6705065518617621 696.05671276897192 2404.7177470177412 1003.0047194212675 1477.3152626231313 39.777094624936581 1514.0706890597939 156.51029546558857 1440.2901071161032 530.00972048938274
leaf_count=9521 5393 7359 8133 6160 4903 9231 5042 36658 38988 6619 4485 5044 8844 402 12601 2220 42357 1227 2750 10645 20 7971 16671 7203 11159 402 10755 980 12552 8134
internal_value=-0.00019292 0.000740699 -0.00933892 0.00383197 -0.0529916 -0.00426613 -0.00388856 0.00515443 0.00665036 -0.00865436 -0.0242904 -0.0109348 -0.00575393 0.00273138 -0.0152768 0.00010344 0.00867668 0.00586422 -0.0194137 0.00375339 -0.00285467 -0.0127425 -0.00318228 0.0073829 -0.00962223 0.000813944 0.0029216 -0.0155128 -0.00191146 -0.0298648
internal_weight=41217.4 40501.2 9505.82 30995.4 716.168 7097.69 4532.82 26462.6 20416 4362.14 2408.13 2227.79 1664.3 2735.55 2200.73 6046.54 14607.3 7913.86 1856.31 2683.87 1404.99 1133.06 4166.09 1880.44 1761.38 437.003 2305.03 354.925 2161.41 723.253
internal_count=304429 290005 91304 198701 14424 60203 35078 163623 120210 39905 31101 18930 13888 20298 20734 43413 81222 44564 23742 19896 10665 12858 30050 13363 13379 4887 16148 2207 19171 10884
cat_boundaries=0 1 2 3 4 5 6 7 8 9 10 11
cat_threshold=21657088 11698454 31334533 11034943 6629538 5057693 2105872 31494688 2200336 29634720 540953
is_linear=0
shrinkage=0.1


Tree=18
num_leaves=31
num_cat=11
split_feature=2 1 2 2 1 2 2 4 0 1 1 1 2 4 2 0 0 0 4 4 4 0 0 0 3 0 3 0 0 0
split_gain=174.628 110.612 49.8214 48.4759 48.2918 17.1716 16.9591 15.645 20.4334 14.9052 14.497 21.3935 16.7862 13.8118 17.1482 15.2919 12.6432 11.9844 13.7835 12.5904 11.7743 14.334 11.1318 11.121 10.9969 10.4469 11.6775 11.9335 10.2509 10.084
threshold=2.4450000000000007 5.5000000000000009 5.4150000000000009 5.0650000000000004 3.5000000000000004 4.1450000000000005 3.8150000000000004 0.48055000000000009 0 1.5000000000000002 1.5000000000000002 3.5000000000000004 5.7350000000000012 0.34154999999999996 6.9050000000000011 1 2 3 0.34475000000000006 0.52330000000000021 0.42010000000000008 4 5 6 3.0700000000000003 7 0.17500000000000002 8 9 10
decision_type=2 2 2 2 2 2 2 2 9 2 2 2 2 2 2 9 9 9 2 2 2 9 9 9 2 9 2 9 9 9
left_child=9 3 5 4 -2 -3 23 28 -9 -1 12 -12 22 14 -13 -16 -7 18 -15 -19 29 -22 -5 -6 -11 -14 -27 -28 -8 -4
right_child=1 2 20 10 6 16 7 8 -10 24 11 13 25 17 15 -17 -18 19 -20 -21 21 -23 -24 -25 -26 26 27 -29 -30 -31
leaf_value=0.029590794305849433 0.00154998729595935 -0.04748946048656124 -0.01710127748279567 0.01926192037908013 -0.006232923097602849 -0.043943051016592356 -0.0040025803697961134 0.05572222516931552 -0.012393616225359732 -0.061685906429745446 0.0089003942840550736 -0.0042464859814838728 -0.014319559102282171 0.070679211097214756 -0.0056071474771333058 0.026387200504448802 -0.01723091286218743 0.0038691099966962485 0.012091893133926116 -0.028722984217406624 -0.015309260811829137 0.022842838943067725 0.001679970523156699 -0.033753249640622089 0.25461483592809392 -0.0031397592071192785 0.04005704338875668 -0.0057725711066088387 -0.01558368978340492 -0.0032051964557782025
leaf_weight=18.847430318593979 8241.5388923957944 387.07708856835961 942.70034213364124 585.20809757709503 231.08753058314323 231.9044678658247 1430.5294268727303 74.948059357702732 89.320247739553452 500.99484979361296 11336.706659853458 3714.1207765564322 759.97283379733562 41.32868006080389 248.05533203482628 365.76313212513924 919.43552340194583 2317.4758233726025 1415.5427727103233 124.91471139341593 148.23246512562037 258.55145996809006 932.56374931335449 499.80371139198542 1.1015950739383686 2245.2289198711514 122.4734530299902 101.68613854795694 1691.7257380336523 1191.4383104518056
leaf_count=268 56113 6661 8835 3746 2734 3323 13633 659 783 11657 60015 26160 6256 280 1588 2281 11927 15776 9342 853 1298 2223 6105 5970 16 17179 891 728 16342 10787
internal_value=-0.000184452 0.00055283 -0.0150657 0.00229506 -0.00283208 -0.0292685 -0.0118217 -0.00875772 0.0213222 -0.0577147 0.00488045 0.00608334 -7.68971e-05 0.00220157 -0.00168754 0.0137962 -0.0231426 0.00651824 0.0136601 0.00219323 -0.00646662 0.00912537 0.00859703 -0.0255992 -0.0609919 -0.00415357 -0.00096302 0.0207967 -0.0103403 -0.00943858
internal_weight=41170.3 40649.3 4079.34 36570 12259 1538.42 4017.41 3286.52 164.268 520.944 24311 19563.9 4747.13 8227.2 4327.94 613.818 1151.34 3899.26 1456.87 2442.39 2540.92 406.784 1517.77 730.891 502.096 3229.36 2469.39 224.16 3122.26 2134.14
internal_count=304429 292488 45054 247434 96234 21911 40121 31417 1442 11941 151200 116295 34905 56280 30029 3869 15250 26251 9622 16629 23143 3521 9851 8704 11673 25054 18798 1619 29975 19622
cat_boundaries=0 1 2 3 4 5 6 7 8 9 10 11
cat_threshold=19189899 283541 4461696 2328888 13158800 25725191 2242834 25174912 6082578 6387207 23859873
is_linear=0
shrinkage=0.1


Tree=19
num_leaves=31
num_cat=10
split_feature=2 1 2 2 1 2 1 0 2 1 3 1 2 0 4 4 0 3 0 3 0 0 0 4 4 0 0 4 4 0
split_gain=149.936 90.9339 42.4264 39.3864 40.8316 15.2435 14.3325 14.4302 13.4244 13.075 18.1707 17.0601 14.9378 15.8961 14.8676 12.1251 19.4249 11.6445 12.7843 11.5173 11.3481 10.3654 10.2999 11.6968 10.2433 12.0612 10.2989 22.0283 10.12 14.7036
threshold=2.4450000000000007 5.5000000000000009 5.4150000000000009 5.0050000000000008 3.5000000000000004 4.1450000000000005 3.5000000000000004 0 3.8150000000000004 1.5000000000000002 1.635 3.5000000000000004 6.8050000000000006 1 0.34154999999999996 0.43235000000000001 2 0.14500000000000005 3 1.6250000000000002 4 5 6 0.44470000000000004 0.37475000000000008 7 8 1.0000000180025095e-35 0.41614999999999996 9
decision_type=2 2 2 2 2 2 2 9 2 2 2 2 2 9 2 2 9 2 9 2 9 9 9 2 2 9 9 2 2 9
left_child=6 3 5 4 -2 -3 7 -1 -6 17 11 22 13 -13 -15 -10 -17 -5 -19 -8 -7 -12 23 -11 26 -26 27 -4 -14 -30
right_child=1 2 24 9 8 20 19 -9 15 10 21 12 28 14 -16 16 -18 18 -20 -21 -22 -23 -24 -25 25 -27 -28 -29 29 -31
leaf_value=-0.053406995513811388 0.0013720726793710158 -0.044662126676046382 0.079163989612285504 -0.0083337693894807441 -0.023598877968042213 -0.038977540306340208 -0.065527205639127048 0.024902513883522288 -0.010707883253929372 0.0027575460326727677 0.0079310053215978123 -0.0060185653007066671 0.0072997316144155821 -0.0015578699410132286 0.010288966436311804 0.034635209281412734 -0.010953290179140571 -0.0046054886936169864 0.0076189956777197067 0.021060058180720917 -0.015035156987553725 -0.062270493664235593 0.010505984119199806 0.019930900553414579 0.01743151473368838 -0.0070465306261838952 -0.0060058971325719634 -0.031221514941056197 -0.0062089054722170066 0.043345790289426679
leaf_weight=35.715732268989086 7847.7942168414593 371.26833810657263 19.064798198640347 1328.8478324115276 716.23707733303308 273.35788056626916 401.6004773452878 41.105267368257046 2704.812634088099 4156.0800906419754 35.627659395337105 2572.649436660111 1276.4504484832287 2287.2124134451151 1973.2942003831267 152.54911585897207 213.7567577958107 1435.8967560604215 2090.7171178981662 15.972777571529148 856.44467263296247 52.160602658987045 7042.4595058113337 438.44281405210495 341.07479540258646 463.97248233854771 1355.2412521466613 349.35642746835947 89.937048673629761 184.58583517372608
leaf_count=554 53675 6661 174 10412 8704 4035 10329 628 26518 22484 247 18356 7967 16170 13330 1366 1957 10569 14637 430 11215 357 36692 2300 2920 4150 12546 3353 561 1132
internal_value=-0.00017398 0.000492097 -0.0137653 0.0020619 -0.00274327 -0.0270829 -0.0549122 -0.0152158 -0.0112707 0.00430146 0.00542601 0.00562506 0.00218602 0.000175049 0.0039199 -0.00839556 0.00867868 -0.000355892 0.00265022 -0.0622151 -0.0213061 -0.03997 0.0081028 0.0043868 -0.00585982 0.00345309 -0.0102095 -0.0248353 0.0110458 0.0284638
internal_weight=41123.7 40629.3 4029.78 36599.5 11635.1 1501.07 494.394 76.821 3787.36 24964.4 20108.9 20021.1 8384.13 6833.16 4260.51 3071.12 366.306 4855.46 3526.61 417.573 1129.8 87.7883 11637 4594.52 2528.71 805.047 1723.66 368.421 1550.97 274.523
internal_count=304429 292488 45054 247434 92220 21911 11941 1182 38545 155214 119596 118992 57516 47856 29500 29841 3323 35618 25206 10759 15250 604 61476 24784 23143 7070 16073 3527 9660 1693
cat_boundaries=0 1 2 3 4 5 6 7 8 9 10
cat_threshold=4999847 30150789 7344803 17884080 21238912 17078421 2182430 18809358 21889024 21657088
is_linear=0
shrinkage=0.1


Tree=20
num_leaves=31
num_cat=9
split_feature=2 1 2 2 1 1 2 2 4 1 4 0 4 2 0 0 0 0 0 2 0 4 0 2 3 3 4 0 3 1
split_gain=129.725 77.5296 38.3079 36.7599 22.4771 16.7319 21.1026 14.9721 13.3985 13.1539 13.0364 16.861 12.718 23.3091 17.9395 13.8757 12.418 12.2625 12.0743 11.8047 11.4531 10.9949 10.1667 10.0257 9.96115 9.72957 12.0214 11.8549 12.6404 9.34503
threshold=2.0750000000000006 5.5000000000000009 5.4150000000000009 4.0150000000000006 1.5000000000000002 3.5000000000000004 6.2150000000000007 4.1450000000000005 0.36945 1.5000000000000002 0.26965000000000006 0 0.34005000000000002 5.9350000000000014 1 2 3 4 5 6.7750000000000012 6 0.29425000000000007 7 6.4050000000000011 1.635 0.21500000000000002 0.42010000000000008 8 0.18500000000000003 3.5000000000000004
decision_type=2 2 2 2 2 2 2 2 2 2 2 9 2 2 9 9 9 9 9 2 9 2 9 2 2 2 2 9 2 2
left_child=29 3 7 4 17 9 8 18 -7 19 -6 -12 13 15 -14 -11 23 -2 -3 21 -10 -5 -9 -15 -8 26 -4 -28 -29 -1
right_child=1 2 25 5 10 6 24 22 20 12 11 -13 14 16 -16 -17 -18 -19 -20 -21 -22 -23 -24 -25 -26 -27 27 28 -30 -31
leaf_value=-0.011217602834555016 0.032842920778732146 -0.012855245350862974 -0.0076045714970396612 0.0087689266708318343 -0.02570911918436693 -0.0065590556182872047 0.006105401702586102 -0.041259741209094175 -0.010523988252989273 0.0059584140443928535 -0.024552073785009818 -0.0032853855361852226 0.0018135795368854333 0.02795892762389365 0.012263953910898986 -0.0050970516630085907 0.0046861052256742374 0.00022732074923376142 -0.054125890080011646 -0.010133508623510808 0.0062042640510659008 -0.0007575158578606361 -0.014851044245266579 0.010191217089362671 -0.041855547136883088 -0.061991234910288989 -0.010980308592476607 0.021494247495747479 0.15372413380673505 -0.066880195497962022
leaf_weight=33.422896105796099 150.24127193540335 126.69280458986759 2101.1285940036178 1769.4560868218541 582.01154028996825 4906.9779549539089 3829.0953645855188 177.7808426655829 513.96287871152163 1747.2002202123404 491.53124329075217 1494.0333619043231 2450.949383482337 523.76796922087669 5062.5891615748405 3199.4356539845467 2122.7028009146452 421.77286556363106 261.85902689024806 892.77854087948799 1869.8360976725817 3842.1808618828654 932.44489724934101 806.73406632244587 43.799939706921577 29.9189218506217 144.90648137778044 234.09589780122042 7.4597574323415747 309.10233059898019
leaf_count=557 1058 2319 19565 12138 5966 41072 23999 2734 4130 10445 4930 14461 13677 2688 27762 19492 10969 3104 5068 7549 14546 26763 12516 4056 323 260 1286 1963 69 8964
internal_value=-0.000164666 0.000350619 -0.0128405 0.00179337 -0.00855431 0.0027608 -0.000402325 -0.0254981 -0.00357113 0.00433597 -0.012548 -0.0086902 0.00588462 0.00321091 0.00887373 -0.00119041 0.0095157 0.00937205 -0.0423929 0.000547127 0.00257942 0.00224635 -0.0195853 0.0170575 0.00556299 -0.00530499 -0.00462321 0.011586 0.024561 -0.0614488
internal_weight=41079.9 40737.3 4016.29 36721.1 3139.59 33581.5 11163.7 1498.78 7290.78 22417.8 2567.58 1985.56 15913.4 8399.84 7513.54 4946.64 3453.2 572.014 388.552 6504.42 2383.8 5611.64 1110.23 1330.5 3872.9 2517.51 2487.59 386.462 241.556 342.525
internal_count=304429 294908 45780 249128 29519 219609 84070 22637 59748 135539 25357 19391 89089 47650 41439 29937 17713 4162 7387 46450 18676 38901 15250 6744 24322 23143 22883 3318 2032 9521
cat_boundaries=0 1 2 3 4 5 6 7 8 9
cat_threshold=8437781 1080329 22168193 1358977 27339008 49687 25172096 4461568 13159824
is_linear=0
shrinkage=0.1


Tree=21
num_leaves=31
num_cat=8
split_feature=2 1 2 2 2 0 4 0 0 4 4 3 3 0 4 3 3 0 4 1 1 0 0 4 2 4 1 0 1 2
split_gain=111.929 65.4375 46.2182 18.8123 16.842 16.1325 14.8383 17.978 14.6282 15.0805 12.2145 12.1912 11.1532 10.4836 9.79804 9.63927 10.8451 10.3519 14.9569 9.57701 9.51646 12.2884 10.3439 11.6578 10.5124 9.31419 8.80182 8.71995 8.32791 7.99604
threshold=2.0750000000000006 4.5000000000000009 4.6050000000000013 3.6750000000000003 6.7750000000000012 0 0.29825000000000007 1 2 0.26965000000000006 0.33044999999999997 0.19500000000000003 0.18500000000000003 3 0.26965000000000006 1.6250000000000002 0.20500000000000004 4 0.49550000000000005 3.5000000000000004 2.5000000000000004 5 6 0.56830000000000014 4.3650000000000011 0.39515000000000006 3.5000000000000004 7 5.5000000000000009 6.8250000000000011
decision_type=2 2 2 2 2 9 2 9 9 2 2 2 2 9 2 2 2 9 2 2 2 9 9 2 2 2 2 9 2 2
left_child=15 3 8 6 5 -4 27 19 11 -10 -7 -3 -5 14 29 16 17 18 26 -8 22 -22 23 -14 -25 -23 -1 -2 -11 -6
right_child=1 2 4 12 13 10 7 -9 9 28 -12 -13 20 -15 -16 -17 -18 -19 -20 -21 21 25 -24 24 -26 -27 -28 -29 -30 -31
leaf_value=0.060678466680157445 -0.0016656120314127644 0.0048799830228020624 -0.00027811485864862566 0.0037638950743909732 0.096953784226390866 -0.017035339865709733 0.021697824772946853 -0.016125063444175036 -0.045610728704914921 -0.013974875901505238 -0.0048437374026527678 -0.038665906060143883 -0.010430973002310016 0.01427794737676779 -0.0076524735702845322 0.018277333879927599 -0.078276361277547543 -0.064286158101679564 0.17522371227600159 -0.013013089446066148 0.0018391374179192429 -0.01944324006498737 0.0073111204605809041 0.200189165449981 0.011895819848590602 0.0027887933819372452 -0.037500644374811543 -0.033242658664738294 -0.031755927915514091 0.014655254700377547
leaf_weight=11.339030697941778 134.47851982340217 317.65763041377068 2801.8227200582623 26052.200874261558 13.388137280941008 1565.7813150398433 318.9076114371419 418.23546805232763 310.47322759032249 696.1106147877872 1729.4466099068522 80.60520002618432 580.47117906808853 744.51328297704458 607.70842475444078 15.473452508449553 181.50472217053175 64.062812462449074 4.2836497649550429 105.87710009142756 879.39517033845186 810.71911452710629 1464.6544575318694 4.9708781689405424 7.3479541540145874 245.51403480768204 46.899937130510807 302.49962598085403 423.74534480646253 99.879565522074699
leaf_count=189 1294 4500 25021 161974 99 15211 2635 4045 4857 8800 15713 1235 3710 5359 4519 418 5546 1840 107 1216 6308 5911 9224 34 48 1740 1421 2985 7726 744
internal_value=-0.00015679 0.000308755 -0.00701303 0.00250378 -0.0035634 -0.00587704 -0.00936913 -0.00161741 -0.0212797 -0.0259284 -0.0106046 -0.00383701 0.0030096 0.00606229 -0.00258378 -0.0587398 -0.0626079 -0.0401417 -0.00441443 0.0127461 -0.0019117 -0.00694482 0.00282342 -0.0082489 0.0878757 -0.0141417 -0.0183853 -0.0243238 -0.0207031 0.0243829
internal_weight=41040 40716.4 9391.13 31325.3 7562.54 6097.05 1280 843.02 1828.59 1430.33 3295.23 398.263 30045.3 1465.49 720.976 323.564 308.09 126.585 62.5226 424.785 3993.07 1935.63 2057.44 592.79 12.3188 1056.23 58.239 436.978 1119.86 113.268
internal_count=304429 294908 93784 201124 66666 55945 12175 7896 27118 21383 30924 5735 188949 10721 5362 9521 9103 3557 1717 3851 26975 13959 13016 3792 82 7651 1610 4279 16526 843
cat_boundaries=0 1 2 3 4 5 6 7 8
cat_threshold=3172639 21577505 2113795 1112723 28410684 9376660 197786 10557706
is_linear=0
shrinkage=0.1


Tree=22
num_leaves=31
num_cat=10
split_feature=2 1 2 2 1 2 0 3 0 0 0 0 4 4 0 3 1 2 2 0 2 3 3 0 2 4 1 2 0 0
split_gain=97.0464 55.9692 29.3812 26.3969 20.7104 13.7604 13.6598 13.336 14.6752 12.6219 12.4129 12.2833 10.4009 10.0856 17.4181 9.99352 9.73302 11.0765 10.6898 10.0712 9.71979 8.69668 10.4794 9.44336 12.2949 8.62469 8.54311 10.0364 9.24944 9.15071
threshold=2.0750000000000006 5.5000000000000009 4.2650000000000006 4.3250000000000011 3.5000000000000004 6.0150000000000006 0 0.21500000000000002 1 2 3 4 0.33805000000000002 0.40815000000000007 5 0.16500000000000004 1.5000000000000002 6.8250000000000011 6.8150000000000004 6 4.3650000000000011 1.6150000000000004 0.20500000000000004 7 1.0000000180025095e-35 0.26715000000000005 3.5000000000000004 5.6950000000000012 8 9
decision_type=2 2 2 2 2 2 9 2 9 9 9 9 2 2 9 2 2 2 2 9 2 2 2 9 2 2 2 2 9 9
left_child=21 3 6 4 9 10 -3 13 -9 -2 12 -6 -4 26 -15 -13 17 -16 -18 -20 -14 22 23 24 -1 -11 -5 28 -28 -29
right_child=1 2 5 7 11 -7 -8 8 -10 25 -12 15 20 14 16 -17 18 -19 19 -21 -22 -23 -24 -25 -26 -27 27 29 -30 -31
leaf_value=0.089615747796207193 0.007661454102414489 -0.012345591407664539 -0.014814824796849308 0.0032245722713371825 -0.023707887123910046 -0.0017432260775343423 -0.04986326701259812 -0.049298490462865802 0.0008599469941569641 -0.015992292177309454 -0.019179032692071954 0.01273344735782659 0.11495708576051691 7.7784245469294887e-05 0.00547482846855915 -0.011597238649394104 0.011442677719626086 -0.033043574344083892 0.049847676448546804 0.01432194186091636 0.01124457162406833 0.013453229922972805 -0.076484488560502079 -0.061986218834340502 -0.025722598619134819 -0.0016361185655862508 -0.010543671975003869 0.0078696153884846073 -0.00030671118075532318 -0.0011032512548573147
leaf_weight=11.289485719054936 1213.5346703380346 189.88635049760342 226.21971569955349 17012.87627749145 727.16584056988358 1764.2704446613789 254.98380602896214 93.4836505651474 142.14568059146404 536.69430331885815 1291.3211771994829 211.17353007942438 9.4377012848854047 2383.935561992228 538.42962962388992 841.59318892285228 2276.6501072049141 86.673653468489647 143.00222492218018 227.84516696631908 212.50533941760659 16.957567028701305 167.50062764808536 60.360587827861309 50.966163996607065 1899.7292048558593 1523.3875167220831 1828.2765365317464 2092.6174597144127 2976.6280763447285
leaf_count=275 8726 3507 2826 101663 8681 15015 5199 681 1022 4141 16728 2402 145 14981 3741 9915 13963 727 780 1229 2360 460 5504 1840 1442 14156 13239 11638 17866 19577
internal_value=-0.000148692 0.000273819 -0.0110396 0.0014892 -0.0049476 -0.0079659 -0.0352478 0.00260493 -0.0210956 -0.000634829 -0.0142772 -0.0137914 0.000268587 0.00278455 0.00660372 -0.00665357 0.0113227 0.000134062 0.0140073 0.0297513 0.0156547 -0.0561549 -0.0602235 -0.0380101 -0.00414177 -0.00477888 0.00193516 -0.000669869 -0.00464945 0.00232503
internal_weight=41011.5 40704.5 3948.62 36755.8 5429.89 3503.75 444.87 31326 235.629 3649.96 1739.48 1779.93 448.163 31090.3 5656.54 1052.77 3272.6 625.103 2647.5 370.847 221.943 307.074 290.117 122.616 62.2556 2436.42 25433.8 8420.91 3616 4804.9
internal_count=304429 294908 45780 249128 48021 37074 8706 201107 1703 27023 22059 20998 5331 199404 35421 12317 20440 4468 15972 2009 2505 9521 9061 3557 1717 18297 163983 62320 31105 31215
cat_boundaries=0 1 2 3 4 5 6 7 8 9 10
cat_threshold=16827159 11265064 29922816 65597 10060949 21541768 9437203 28410684 17479715 2207010
is_linear=0
shrinkage=0.1


Tree=23
num_leaves=31
num_cat=11
split_feature=2 1 2 2 4 2 1 0 4 3 0 0 0 0 4 4 0 1 2 1 2 4 0 0 0 2 4 0 0 2
split_gain=83.934 45.955 25.6304 22.8881 19.4289 12.32 11.9591 15.163 17.7474 11.5402 12.6034 10.6122 10.1947 10.1364 13.4216 8.90548 11.3718 8.55225 14.1333 10.474 11.6875 11.1755 21.1064 15.0001 9.06148 12.8752 10.9855 11.9355 8.82654 8.35008
threshold=2.0750000000000006 5.5000000000000009 4.1450000000000005 3.8750000000000004 0.26965000000000006 5.9750000000000005 1.5000000000000002 0 0.27790000000000009 0.19500000000000003 1 2 3 4 0.59760000000000013 0.44095000000000006 5 3.5000000000000004 6.2750000000000012 1.5000000000000002 5.7350000000000012 0.44470000000000004 6 7 8 4.2650000000000006 0.24275000000000002 9 10 5.8350000000000009
decision_type=2 2 2 2 2 2 2 9 2 2 9 9 9 9 2 2 9 2 2 2 2 2 9 9 9 2 2 9 9 2
left_child=-1 3 12 4 11 13 7 8 -6 17 -11 -2 -3 14 -4 -15 -17 19 -19 20 24 23 -23 -21 25 -5 27 -26 -22 -25
right_child=1 2 5 9 6 -7 -8 -9 -10 10 -12 -13 -14 15 -16 16 -18 18 -20 21 28 22 -24 29 26 -27 -28 -29 -30 -31
leaf_value=-0.053559040071353647 -0.0068412809839144637 -0.0088485040441636589 -0.028269607289365634 0.041177219619454204 0.20408454578843568 -0.0017288998957050593 -0.0071700494532737002 -0.0073086755847940367 0.030807200225554283 0.0027102746773330459 -0.013405868136817918 -0.036997375137040073 -0.04729770770293118 -0.011696276907228974 0.18065602932254099 -0.021851085367232598 0.03430571184878848 -0.0024373429113108674 0.0052578840358774113 0.0096391408526016187 -0.010382015021772807 -0.0014792063045141531 0.022868861022842212 -0.00044878516279937743 -0.0056214625728516704 0.0079339445150498882 -0.0022694732368776418 0.03168738349790378 0.00030343454098127735 0.0052490308820194939
leaf_weight=292.06261909380555 213.38657561317086 121.42451855540276 450.71413260698318 135.46197701990604 6.1564583703875533 1811.3971821665764 1481.9458676986396 166.47399236261845 148.17092481255531 950.57627872377634 980.18640392273664 302.90014936029911 232.95950770750642 1154.3336203992367 3.0959531068801871 49.809030786156654 89.268947396427393 7174.1411833167076 3576.5826335251331 3609.4491337388754 1310.9215131029487 596.46169972419739 887.13016806542873 5625.942994043231 143.62394705414772 832.53131920099258 1819.2129128575325 205.66771622002125 1871.1537604480982 4738.1687447279692
leaf_count=9521 2240 2319 6437 884 45 15512 15276 1270 1085 6887 7234 3146 5068 14824 38 601 981 58773 22220 19628 10626 3202 4766 34001 913 5287 11889 1343 14103 24310
internal_value=-0.000142227 0.000241193 -0.0100616 0.00133741 -0.00827887 -0.00750761 -0.00338053 0.0141252 0.0354242 0.00198461 -0.00552677 -0.0253827 -0.035708 -0.0134986 -0.0262655 -0.00874843 0.0150894 0.00243048 0.000122728 0.00356982 0.00013957 0.00497204 0.0132242 0.0040959 0.00447152 0.0124574 0.000845396 0.0170927 -0.00413033 0.00215401
internal_weight=40981.3 40689.2 3913 36776.2 2319.03 3558.62 1802.75 320.801 154.327 34457.2 1930.76 516.287 354.384 1747.22 453.81 1293.41 139.078 32526.4 10750.7 21775.7 6318.57 15457.2 1483.59 13973.6 3136.5 967.993 2168.5 349.292 3182.08 10364.1
internal_count=304429 294908 45780 249128 23062 38393 17676 2400 1130 226066 14121 5386 7387 22881 6475 16406 1582 211945 80993 130952 45045 85907 7968 77939 20316 6171 14145 2256 24729 58311
cat_boundaries=0 1 2 3 4 5 6 7 8 9 10 11
cat_threshold=27389712 13308581 12851998 49687 12857984 36136 21508899 21242496 25198635 4791808 29664160
is_linear=0
shrinkage=0.1


Tree=24
num_leaves=31
num_cat=9
split_feature=3 1 1 2 2 4 0 2 0 0 4 1 0 0 2 4 0 4 4 4 0 4 4 3 4 0 0 2 2 2
split_gain=75.6985 36.7543 28.4117 27.5622 16.4698 20.3655 15.6126 14.6975 15.8637 13.9349 16.9919 13.1231 15.7529 14.8991 11.3606 11.011 10.5954 10.5588 10.4138 20.1859 9.66734 11.2449 19.2748 10.5614 10.4598 9.30341 9.09663 9.52925 9.01395 8.83418
threshold=0.21500000000000002 5.5000000000000009 4.5000000000000009 3.6350000000000002 4.6050000000000013 0.33805000000000002 0 6.8050000000000006 1 2 0.39325000000000004 1.5000000000000002 3 4 3.1750000000000003 0.32150000000000001 5 0.32305 0.20074999999999998 0.17685000000000003 6 0.21630000000000002 0.20884999999999998 0.14500000000000005 0.21284999999999996 7 8 7.4750000000000005 5.1450000000000005 7.7350000000000012
decision_type=2 2 2 2 2 2 9 2 9 9 2 2 9 9 2 2 9 2 2 2 9 2 2 2 2 9 9 2 2 2
left_child=1 4 6 -3 5 11 -2 8 -5 18 17 12 -1 -13 -15 20 -7 -11 19 -9 21 22 28 -24 -25 -12 27 -19 -10 -20
right_child=2 3 -4 7 -6 16 -8 9 15 10 25 13 -14 14 -16 -17 -18 26 29 -21 -22 -23 23 24 -26 -27 -28 -29 -30 -31
leaf_value=-0.011519225466823713 -0.035621869739521826 -0.046094747446811676 -0.054931666664679558 -0.043542860370997478 0.0025566564770310232 -0.0062321165937432943 -0.00035767690084516476 0.01104859838545434 -0.029700972246346359 0.023546609965368635 -0.020379180269892581 -0.0021679818106064147 0.016852499929599495 -0.04442124982878963 -0.0140758924139033 -0.0028547063196571673 0.005964143996479529 0.0018829075231303887 -0.024513043983519028 0.2869507888463535 -0.02459659663651393 -0.014283440454271363 0.31247969435957607 0.17521894622897627 -0.024553474879531842 0.062508686810895941 -0.034489791993764389 0.12019274136091612 0.022348448728347958 0.052743642158245542
leaf_weight=349.39532133564353 216.70781303197145 188.60821177065372 298.64460088312626 124.14036189764738 28704.284265480936 962.46957926079631 292.28041657805443 14.91696033626795 48.877405110746622 160.89900255203247 16.095120638608932 1303.8443370405585 421.59108237177134 132.7262453045696 1750.6068026125431 1659.8315224051476 2666.4636026769876 47.34517952054739 199.76792965829372 3.2251137346029273 581.93991730362177 499.17441399022937 2.5933522954583159 5.9635200276970846 4.675916962325573 86.72913746535778 76.154975868761539 7.951316036283969 104.21395731717348 15.98549725115299
leaf_count=2419 1995 4995 7169 1695 180545 8094 2603 124 781 1242 116 12246 2849 2245 15639 19242 22314 360 1675 27 7376 6016 29 78 61 640 596 60 1064 134
internal_value=-0.000133916 0.000475961 -0.0304457 -0.00881554 0.00146142 -0.00268217 -0.0160787 -0.00689471 -0.00978126 0.00701525 0.018206 -0.00764298 0.00406419 -0.010475 -0.0161288 -0.0081618 0.0027287 0.00636905 -0.0121508 0.0600957 -0.0152888 -0.00667971 0.0157391 0.131528 0.0874211 0.0536315 -0.0146566 0.0160014 0.00573066 -0.018789
internal_weight=40948.1 40140.5 807.633 3849.09 36291.4 7587.1 508.988 3660.48 3031.41 629.07 395.175 3958.16 770.986 3187.18 1883.33 2907.27 3628.93 292.35 233.896 18.1421 1247.44 665.499 166.324 13.2328 10.6394 102.824 131.451 55.2965 153.091 215.753
internal_count=304429 292662 11767 46311 246351 65806 4598 41316 36342 4974 3014 35398 5268 30130 17884 34647 30408 2258 1960 151 15405 8029 2013 168 139 756 1016 420 1845 1809
cat_boundaries=0 1 2 3 4 5 6 7 8 9
cat_threshold=9364522 4194304 3446928 433043 14858754 8464560 3860743 590848 25248774
is_linear=0
shrinkage=0.1


Tree=25
num_leaves=31
num_cat=9
split_feature=2 1 3 2 4 0 0 2 4 0 0 2 3 3 0 0 1 2 4 3 1 0 2 4 4 4 4 4 0 0
split_gain=64.2645 33.2269 28.444 22.2501 15.2401 10.6445 10.101 9.77781 10.048 14.2016 9.59577 10.9749 9.0111 10.856 9.85228 9.42162 9.77833 8.31443 7.82248 9.9067 7.62205 7.52231 7.3536 10.4483 7.1346 6.93706 8.36324 7.04776 11.4727 9.98084
threshold=2.0750000000000006 4.5000000000000009 0.21500000000000002 5.7750000000000012 0.26605000000000006 0 1 3.6750000000000003 0.29825000000000007 2 3 6.2750000000000012 1.5350000000000004 0.20500000000000004 4 5 4.5000000000000009 1.0000000180025095e-35 0.30785000000000001 0.22500000000000003 3.5000000000000004 6 6.3250000000000011 0.27290000000000009 0.28605000000000008 0.37365000000000004 0.37285000000000007 0.22870000000000004 7 8
decision_type=2 2 2 2 2 9 9 2 2 9 9 2 2 2 9 9 2 2 2 2 2 9 2 2 2 2 2 2 9 9
left_child=12 7 3 4 6 -6 -3 8 21 18 11 -5 13 14 17 16 -14 -1 19 -10 -19 -2 23 -13 -25 26 27 29 -29 -12
right_child=1 2 -4 10 5 -7 -8 -9 9 -11 25 22 15 -15 -16 -17 -18 20 -20 -21 -22 -23 -24 24 -26 -27 -28 28 -30 -31
leaf_value=0.083495495327939484 0.011526096788113387 -0.034986758658272138 -0.045273095746392669 -0.016051271936225818 -0.0005661899425311518 -0.011539213980173787 -0.012340529043649684 0.0021027650069353671 0.039942222389484777 -0.013707074403475142 -0.011965171328997191 -0.04418954253789964 -0.046191246053755422 -0.072571478750411755 -0.05606396244503975 -0.034675877479661305 0.23506593889989436 0.071152968103653277 0.0084201863508548466 0.21576251501297239 -0.034012115529313318 -0.024912682084236706 -0.0014377335917432263 0.18158538682452843 0.042996616300821543 0.011510201440215199 -0.096701022310064944 0.0078496203389696664 -0.0090699303520576837 0.026069235661844065
leaf_weight=10.599782746285198 64.997007723897696 322.59876966848969 172.78851472958922 610.64379970729351 1679.9405565746129 1873.6753404438496 587.10848834738135 30177.534405745566 29.500154927372932 409.23836620151997 94.965240724384785 13.78043734282255 1.6393589153885839 138.78214639052749 54.116342235356569 12.256486328318717 5.0252672675997019 8.438251528888939 393.11224673315883 3.5952976047992697 37.603281399235129 353.05499835684896 1104.5573708713055 4.030808597803115 47.352963991463184 891.30963304638863 8.7511312812566739 724.02285697311163 873.36555522680283 218.40528099238873
leaf_count=264 640 4434 2643 5343 19947 23284 7712 188949 272 4045 749 116 30 5371 1852 392 171 146 3550 29 1295 3639 8420 35 386 6571 66 5547 6833 1698
internal_value=-0.000127613 0.00019438 -0.00508171 -0.00431473 -0.0093424 -0.00638588 -0.0208915 0.0017433 -0.0069108 -0.000577441 0.000572925 -0.00515574 -0.0488935 -0.0539384 -0.0305906 0.0176407 0.0663408 0.00309828 0.0120679 0.0590423 -0.014738 -0.0195675 0.000488101 0.0331317 0.0538682 0.00420483 0.000834545 0.00128125 -0.00140871 0.0149932
internal_weight=40926.8 40658.3 9227.3 9054.51 4463.32 3553.62 909.707 31431 1253.5 835.446 4591.19 1780.37 268.461 249.54 110.758 18.9211 6.66463 56.6413 426.208 33.0955 46.0415 418.052 1169.72 65.1642 51.3838 2810.82 1919.51 1910.76 1597.39 313.371
internal_count=304429 294908 93784 91141 55377 43231 12146 201124 12175 7896 35764 14300 9521 8928 3557 593 201 1705 3851 301 1441 4279 8957 537 421 21464 14893 14827 12380 2447
cat_boundaries=0 1 2 3 4 5 6 7 8 9
cat_threshold=18942367 17052332 21577505 23403648 27363132 25216644 69642 8446244 49196
is_linear=0
shrinkage=0.1


Tree=26
num_leaves=31
num_cat=8
split_feature=3 1 2 1 0 4 2 1 0 4 2 0 0 4 0 1 2 0 0 2 1 4 0 2 4 4 2 4 3 4
split_gain=56.2405 27.1324 22.4079 21.3746 13.0294 12.3629 18.8951 13.0601 13.3274 12.7457 11.0168 13.5938 10.9139 12.8728 10.3931 9.47777 12.5343 11.8701 11.6607 12.0816 8.88257 8.87118 11.5804 8.50135 8.48311 8.63019 12.6035 8.3704 8.15497 8.10115
threshold=0.21500000000000002 5.5000000000000009 3.6350000000000002 4.5000000000000009 0 0.34075000000000005 4.6450000000000005 1.5000000000000002 1 0.33265000000000006 6.8050000000000006 2 3 0.39325000000000004 4 1.5000000000000002 3.0550000000000002 5 6 6.8250000000000011 3.5000000000000004 0.30535000000000007 7 5.4350000000000014 0.32305 0.32150000000000001 6.8150000000000004 0.29525000000000007 0.13500000000000004 0.20074999999999998
decision_type=2 2 2 2 9 2 2 2 9 2 2 9 9 2 9 2 2 9 9 2 2 2 9 2 2 2 2 2 2 2
left_child=1 5 -3 4 -2 6 7 14 9 28 11 -4 29 24 -1 16 -7 -17 19 -18 -19 22 -13 -22 25 26 -14 -24 -9 -12
right_child=3 2 10 -5 -6 15 -8 8 -10 -11 12 21 13 -15 -16 17 18 20 -20 -21 23 -23 27 -25 -26 -27 -28 -29 -30 -31
leaf_value=0.020101771624852272 0.00077572718687704675 -0.042303337500754185 -0.040367155772950532 -0.049341367634693968 -0.031408536855678459 0.07582373774683604 0.0011599715647219809 0.070067022133805751 -0.014438656695674811 0.0288717802525091 0.051075806697933795 -0.026868944162030357 0.18657680161414564 0.04593221655208219 -0.00325199007152572 0.00082812666360834145 -0.0082964770032670759 0.0095767203985244447 0.0011077522168070988 -0.04594880806408521 -0.002977438248980455 -0.0029375034376401751 -0.000485553848064884 0.0072221086406348556 -0.013630069042537397 0.16049939817613579 0.012137408031386908 -0.03626492764647752 -0.0054819344658251327 -0.017114220977471995
leaf_weight=280.70503563061357 272.3831051774323 177.78363322466612 118.82303321734071 272.73087554611266 229.97259216755629 20.731900621205568 15093.932815104723 14.447763264179228 1973.7137781772763 124.2589409481734 18.976279318332672 426.52018860727549 4.2554578557610503 106.8569196164608 550.28998856619 5675.6441311277449 628.12235833704472 4763.5825301855803 2474.9847637116909 98.597082816064358 1430.6919987164438 1868.6520769707859 506.74145678058267 1905.723420701921 130.34801419079304 4.2913048267364493 155.243443839252 75.072053696960211 1290.5354315340519 212.74798458069563
leaf_count=1880 2437 4995 1695 7169 2161 231 95780 131 18727 1115 151 5597 32 756 3766 37170 4508 26531 17477 876 13718 21941 6189 12300 1016 32 1178 920 12141 1809
internal_value=-0.000122915 0.000392376 -0.00764018 -0.0268035 -0.0145676 0.00123404 -0.000496006 -0.00639953 -0.00914408 -0.00171948 -0.00594182 -0.00847409 0.00604804 0.0158116 0.00483953 0.00320122 -0.001681 0.00434328 -0.00218286 -0.013223 0.00679692 -0.00699226 -0.0145759 0.00284843 0.00540672 0.0205566 0.0167915 -0.00501599 -0.00464551 -0.011053
internal_weight=40907.4 40132.3 3806.31 775.087 502.356 36326 19327.9 4233.95 3402.96 1429.24 3628.53 2995.81 632.719 400.995 830.995 16998.1 3222.44 13775.6 3201.7 726.719 8100 2876.99 1008.33 3336.42 294.138 163.79 159.499 581.814 1304.98 231.724
internal_count=304429 292662 46311 11767 4598 246351 133540 37760 32114 13387 41316 36342 4974 3014 5646 112811 23092 89719 22861 5384 52549 34647 12706 26018 2258 1242 1210 7109 12272 1960
cat_boundaries=0 1 2 3 4 5 6 7 8
cat_threshold=7412629 4454914 4194304 3446928 26223660 1113099 2171280 25498808
is_linear=0
shrinkage=0.1


Tree=27
num_leaves=31
num_cat=6
split_feature=2 1 2 4 0 0 3 3 0 2 2 4 3 4 3 3 4 2 0 2 0 0 1 3 4 4 4 2 4 4
split_gain=50.3734 23.2945 20.7152 11.8553 11.6639 8.83391 9.68598 8.59446 8.35922 9.51508 13.4538 9.97818 11.3548 17.7295 9.00333 7.99962 7.98154 8.43794 18.6084 7.76346 8.37087 7.64112 8.8789 19.3388 9.69866 17.5899 7.61271 8.38488 7.46126 7.35428
threshold=2.0750000000000006 4.5000000000000009 4.8650000000000011 0.25685000000000008 0 1 1.635 0.21500000000000002 2 4.1650000000000009 4.1850000000000014 0.46175000000000005 0.18500000000000003 0.47210000000000002 0.18500000000000003 3.2000000000000006 0.39785000000000004 7.1650000000000009 3 3.4950000000000006 4 5 5.5000000000000009 1.4450000000000001 0.46440000000000009 0.59760000000000013 0.27290000000000009 7.3450000000000006 0.39015000000000005 0.23104999999999992
decision_type=2 2 2 2 9 9 2 2 9 2 2 2 2 2 2 2 2 2 9 2 9 9 2 2 2 2 2 2 2 2
left_child=15 19 3 4 -3 -4 16 8 9 -5 14 -12 -13 -14 28 21 17 -7 26 20 29 22 -1 -24 -25 -26 27 -19 -11 -2
right_child=1 2 5 7 -6 6 -8 -9 -10 10 11 12 13 -15 -16 -17 -18 18 -20 -21 -22 -23 23 24 25 -27 -28 -29 -30 -31
leaf_value=0.019768909319593395 -0.033594812331688949 -0.0082718052427916914 -0.0093052783941975498 -0.0139329774643254 -0.04391470914027689 -0.0028048518029747797 -0.051929884447601042 -0.039659227667365016 -0.013040236597722916 0.077909701093873546 0.0020738277916574083 0.018581843245311359 0.38965075266261257 0.078626898564434916 -0.03943623485181498 0.27480215709428302 0.0074633471590105499 -0.016001481716242948 0.037218131557868427 0.0017087531759838659 -0.01559272802918025 -0.056241185508476059 -0.076286611149876699 0.44997813942275972 -0.10293482117648461 0.42608366737020642 -0.021419231996565438 0.087898472957083418 0.25880044961680881 0.011505061515941543
leaf_weight=38.776946466416121 41.928703263401985 187.77438884973526 1211.3181656748056 252.00296903774142 208.70699753239751 4124.0110755264759 35.606019392609596 88.589365901425481 1086.5251599363983 4.8158251009881479 347.55868295580149 28.907596327364445 2.2007276751101008 10.961889948695896 2.8706069216132155 0.78054079413413902 1245.8140062987804 16.258651018142704 157.2398324161768 30644.590072102845 523.91381327435374 176.47549122385681 30.583753710612655 0.90410033240914289 1.8825215287506583 0.94354867190122593 130.01866933703423 14.872013345360754 4.3308261185884476 262.6499302610755
leaf_count=1254 480 2983 11098 4184 3528 36574 339 1769 16014 66 4485 312 28 118 40 10 9909 117 1101 192528 5475 6795 1332 32 70 28 958 107 54 2641
internal_value=-0.000116739 0.000158782 -0.00427932 -0.0126744 -0.0283504 -0.00158562 6.42163e-05 -0.00927584 -0.00772908 0.0012793 0.0108557 0.0076415 0.0536382 0.130629 0.115069 -0.0448361 0.000389792 -0.0015939 0.0140913 0.00145051 -0.00810141 -0.0458358 -0.011451 -0.0500687 0.164893 0.0736902 -0.0101539 0.0336345 0.163559 0.00512818
internal_weight=40883.8 40633.5 9160.38 2225.25 396.481 6935.14 5723.82 1828.76 1740.17 653.649 401.646 389.629 42.0702 13.1626 12.0173 250.347 5688.21 4442.4 318.389 31473.1 828.492 249.566 73.0909 34.3139 3.73017 2.82607 161.149 31.1307 9.14665 304.579
internal_count=304429 294908 93784 33581 6511 60203 49105 27070 25301 9287 5103 4943 458 146 160 9521 48766 38857 2283 201124 8596 9511 2716 1462 130 98 1182 224 120 3121
cat_boundaries=0 1 2 3 4 5 6
cat_threshold=3884803 4460672 2367915 19934738 13847808 27377680
is_linear=0
shrinkage=0.1


Tree=28
num_leaves=31
num_cat=7
split_feature=2 1 3 2 2 1 0 2 4 0 4 3 2 4 2 0 2 4 4 4 2 4 0 3 0 3 0 0 4 4
split_gain=43.3767 20.2838 14.9607 11.7757 11.3307 19.206 14.0461 12.411 13.8645 10.693 10.1747 8.91651 8.10314 9.73381 12.9027 7.9913 8.139 7.78574 8.30186 7.51972 13.3234 11.5736 7.63294 7.33081 8.78451 8.11945 7.42194 7.10885 7.09189 7.08094
threshold=2.0750000000000006 5.5000000000000009 0.21500000000000002 5.4150000000000009 5.1250000000000009 2.5000000000000004 0 4.6250000000000009 0.31525000000000009 1 0.27215000000000006 0.19500000000000003 4.785000000000001 0.28135000000000004 4.6450000000000005 2 4.0150000000000006 0.33265000000000006 0.59760000000000013 0.48640000000000005 5.5550000000000006 0.53885000000000016 3 0.15500000000000003 4 1.4450000000000001 5 6 0.34154999999999996 1.0000000180025095e-35
decision_type=2 2 2 2 2 2 9 2 2 9 2 2 2 2 2 9 2 2 2 2 2 2 9 2 9 2 9 9 2 2
left_child=23 4 3 9 5 6 7 -2 12 28 11 27 13 14 -9 -12 -17 -10 -19 29 21 -21 -22 26 25 -25 -1 -7 -3 -5
right_child=1 2 -4 19 -6 10 -8 8 17 -11 15 -13 -14 -15 -16 16 -18 18 -20 20 22 -23 -24 24 -26 -27 -28 -29 -30 -31
leaf_value=0.056453305907040965 0.0035180575163794494 -0.036699664961049858 -0.052298520155444519 0.023065580520580019 0.0021366868703344092 -0.018865335206756751 -0.00083838267883460803 0.16120274327733317 -0.027347757303827477 -0.0062687947725760876 -0.0072264809403318935 -0.030904816347614262 0.02521080771464447 0.1031390568406718 0.01975130775038067 -0.0086007495186439364 0.0033495092787273677 0.01538291890609178 -0.098394356069575084 0.25631620191461207 0.03655895308506444 -0.023809403821379374 -0.01165720986511601 -0.01875234954386415 -0.056237021798568557 0.10350942503294835 -0.037922989823794204 -0.0036496980303133068 -0.012537458262204046 -0.0043114137335430285
leaf_weight=8.247525002807377 1233.631071858108 266.29485331848264 70.983147678896785 98.699550524353981 24029.823922507465 472.31933400034904 3718.521085742861 7.3171568959951392 53.712647080421448 805.27020272612572 2456.8223033547401 217.19249491021037 212.49616679549217 34.079418510198593 54.32736748456955 755.24435249343514 2322.6206336244941 365.01337656378746 6.5277374237775794 4.3252928704023352 58.271993793547153 2.2380562126636505 59.153594382107258 43.899787230417132 175.04048852436244 6.1988104972988358 7.3482453469187012 890.5014455281198 223.37019625306129 2207.547473333776
leaf_count=205 8362 5131 1407 926 147191 4516 24963 45 330 12449 21926 2346 1272 210 335 8263 18779 2167 38 42 485 22 495 1744 7147 149 276 8385 3910 20913
internal_value=-0.000111621 0.000139168 -0.0068207 -0.00595412 0.000856534 -0.00154667 0.00278642 0.00959405 0.0199441 -0.0136564 -0.00500941 -0.0120872 0.0360934 0.0602514 0.0365415 -0.00298887 0.000415812 0.00823922 0.0133839 -0.00184999 0.0221404 0.160795 0.0143905 -0.0424346 -0.0470274 -0.00302152 0.0238677 -0.00908826 -0.0251637 -0.00313977
internal_weight=40867 40626.3 3796.15 3725.17 36830.2 12800.3 5685.63 1967.1 733.474 1294.94 7114.7 1580.01 308.22 95.7239 61.6445 5534.69 3077.86 425.254 371.541 2430.24 123.989 6.56335 117.426 240.735 225.139 50.0986 15.5958 1362.82 489.665 2306.25
internal_count=304429 294908 45780 44373 249128 101937 37722 12759 4397 21490 64215 15247 1862 590 380 48968 27042 2535 2205 22883 1044 64 980 9521 9040 1893 481 12901 9041 21839
cat_boundaries=0 1 2 3 4 5 6 7
cat_threshold=13000744 29637792 9616545 18519206 18956292 9470264 17179708
is_linear=0
shrinkage=0.1


Tree=29
num_leaves=31
num_cat=7
split_feature=3 1 2 1 0 0 2 0 4 4 4 2 4 0 3 4 4 0 2 0 3 3 2 2 2 0 3 2 4 2
split_gain=37.8088 17.2608 21.3613 14.8552 15.3467 14.2986 13.3907 11.8085 11.2886 9.5043 9.71671 8.80996 8.58924 12.3016 17.0799 8.27635 8.11002 7.67492 11.73 7.5462 8.06711 7.31954 8.92296 7.95595 7.42815 7.27824 7.08417 6.70404 13.0833 9.51653
threshold=0.21500000000000002 3.5000000000000004 4.3250000000000011 5.5000000000000009 0 1 6.8050000000000006 2 0.33725000000000005 0.33725000000000005 0.33875000000000005 2.9150000000000005 0.41614999999999996 3 0.17500000000000002 0.27075000000000005 0.31265000000000004 4 7.1650000000000009 5 1.3450000000000004 0.20500000000000004 5.455000000000001 5.8450000000000006 5.3050000000000006 6 0.16500000000000004 6.8350000000000009 0.42735000000000001 6.8150000000000004
decision_type=2 2 2 2 9 9 2 9 2 2 2 2 2 9 2 2 2 9 2 9 2 2 2 2 2 9 2 2 2 2
left_child=1 -1 5 4 -2 15 7 -4 16 -9 -11 -6 17 14 -14 25 -7 18 -8 20 -5 -12 24 -24 -23 -3 -27 28 29 -15
right_child=3 2 6 19 11 8 12 9 -10 10 21 -13 13 27 -16 -17 -18 -19 -20 -21 -22 22 23 -25 -26 26 -28 -29 -30 -31
leaf_value=0.001976615659309467 -0.00092840914173016639 -0.00045883964784346123 -0.0062503611877348098 -0.044918299632815531 -0.070179498436415313 -0.021664303331509135 0.0013133409034252746 -0.0032393520754909625 -0.0089765611796194227 0.048840239345242224 0.0029680913193797613 -0.0251835332108238 -0.012870005308339261 0.068403788057618195 0.16007688927825484 0.003553020846295453 -0.048117885242604075 -0.0018795823775332411 0.027713950745984747 -0.062200467823110485 0.067311045601712027 0.036530534961441583 0.22214633462903244 0.04449360721927563 -0.11689173627996358 0.012494919847469442 -0.057421982493078921 0.028090214280455363 0.018400180095971993 0.27727364868805709
leaf_weight=24355.155825216323 332.27292033098638 109.27994232065976 4430.2928410582244 13.703473947942259 54.070419287309051 462.98675079084933 434.68649999797344 3607.5786199904978 593.93660416826606 47.90757542476058 3325.406522847712 222.87477903440595 134.08994935452938 4.0814430713653582 5.9643111601471892 666.94659561663866 154.58719038590789 1111.0017721503973 274.61700298637152 104.35856704972684 12.025181088596581 27.179191928356889 4.7021591514348966 5.4341326802968979 3.570303037762641 18.198092523962259 71.157172473147511 243.34432481229305 11.678535372018812 4.6856266856193542
leaf_count=149231 3817 1738 38451 534 1571 7634 2832 31281 8618 403 26552 1952 881 25 39 9836 2411 7489 1755 3607 286 271 38 39 31 293 1201 1514 71 28
internal_value=-0.00010485 0.000308203 -0.00227122 -0.0225136 -0.0159634 -0.0117202 -0.000836149 -0.00221513 -0.0186656 0.000339259 0.00412155 -0.0327847 0.00626418 0.0194577 -0.00513807 -0.00176301 -0.028286 0.00333713 0.0113744 -0.0531894 0.00542676 0.00348514 0.0455386 0.126906 0.0187168 -0.0197011 -0.0388364 0.0315164 0.0877095 0.180036
internal_weight=40847.8 40108.5 15753.3 739.305 609.218 2077.09 13676.2 11452.1 1211.51 7021.78 3414.2 276.945 2224.15 403.844 140.054 865.582 617.574 1820.31 709.304 130.087 25.7287 3366.29 40.8858 10.1363 30.7495 198.635 89.3553 263.79 20.4456 8.76707
internal_count=304429 292662 143431 11767 7340 31731 111700 97066 18663 58615 27334 3523 14634 2558 920 13068 10045 12076 4587 4427 820 26931 379 77 302 3232 1494 1638 124 53
cat_boundaries=0 1 2 3 4 5 6 7
cat_threshold=24185749 19034643 30281761 712320 30082340 56320 2114051
is_linear=0
shrinkage=0.1


Tree=30
num_leaves=31
num_cat=10
split_feature=2 1 2 0 3 4 0 0 4 4 1 0 2 2 0 4 0 0 4 1 0 4 0 2 2 3 0 1 3 3
split_gain=33.3955 15.2559 11.4918 12.2635 8.89793 12.2734 11.2272 10.6769 7.39696 7.08091 10.7859 11.7106 13.0642 9.17196 19.4158 8.4001 13.0396 9.11792 13.8065 7.8015 8.8837 8.58402 21.942 7.59512 6.97351 6.89349 8.42711 9.76871 9.754 6.85028
threshold=2.0750000000000006 5.5000000000000009 4.205000000000001 0 0.19500000000000003 0.25865000000000005 1 2 0.10100000000000002 0.34154999999999996 1.5000000000000002 3 3.0550000000000002 3.9050000000000007 4 0.29825000000000007 5 6 0.30615000000000009 2.5000000000000004 7 0.34610000000000002 8 3.9050000000000007 6.3850000000000007 1.9000000000000001 9 5.5000000000000009 1.4450000000000001 0.16500000000000004
decision_type=2 2 2 9 2 2 9 9 2 2 2 9 2 2 9 2 9 9 2 2 9 2 9 2 2 2 9 2 2 2
left_child=25 4 3 -3 9 6 -6 -7 -8 13 11 -11 -13 14 -2 16 -15 18 -17 21 -21 22 -12 -22 -24 26 27 -1 -29 -14
right_child=1 2 -4 -5 5 7 8 -9 -10 10 19 12 29 15 -16 17 -18 -19 -20 20 23 -23 24 -25 -26 -27 -28 28 -30 -31
leaf_value=0.011944355094234783 0.0063847944149144483 -0.0015265930332907934 -0.0042014397353538962 -0.039938155411862103 0.0054355552531945434 0.011318326477750468 -0.0037792433533560587 -0.0056999423807318336 -0.039968814652546508 -0.011604256810813462 0.062233745871776561 0.11920725706977275 -0.0035859044289330566 -0.0020554702954181099 -0.021507889922202747 -0.015551245855788163 0.0051562756906122107 -0.0045676931045333718 0.0071199107340452266 0.0053805085279005462 -0.019960092339782597 0.0066328511378439163 0.0077286436887805164 1.5507685394576369e-05 -0.056566996356100976 0.056518132830333849 -0.058146321598878649 -0.069536247465621578 0.081283722225018826 0.0082464357533172435
leaf_weight=56.175725238397717 437.8623897023499 158.10827367007732 3422.912368696183 184.34432270564139 125.6892926953733 468.24837508052588 74.724263697862625 1602.9821330979466 231.31063274294138 980.06233640760183 85.161910980939865 9.4084374234080297 1235.681810669601 4279.6394582167268 565.3253730982542 320.55087808519602 6034.0662000253797 5046.240538880229 1658.0770072042942 4639.8112129829824 199.36634859442711 3730.4312593862414 78.738094747066498 4205.1443772241473 21.468375563621521 7.3981940634548655 120.94298414327204 36.801316775381565 4.8536531701683989 810.04240495711565
leaf_count=1927 4366 3390 37755 4635 1096 3777 649 13097 2016 7175 461 88 9052 28262 5885 2107 39942 33075 10899 31286 2182 19966 436 27781 105 214 5389 1835 156 5425
internal_value=-9.93369e-05 0.000114102 -0.00594884 -0.0234146 0.000733786 -0.00502246 -0.0203604 -0.00182545 -0.0301473 0.00115338 0.00269113 -0.00267477 0.00163209 -0.00018765 -0.00948429 0.000350241 0.00216679 -0.00231676 0.0034297 0.0039478 0.00233342 0.00767655 0.0286803 -0.000886657 -0.00549753 -0.0384187 -0.0416292 -0.0138506 -0.0519626 0.00109933
internal_weight=40831.6 40605.4 3765.36 342.453 36840 2502.95 431.724 2071.23 306.035 34337.1 15995.3 3035.19 2055.13 18341.8 1003.19 17338.6 10313.7 7024.87 1978.63 12960.1 9044.32 3915.8 185.368 4404.51 100.206 226.172 218.774 97.8307 41.655 2045.72
internal_count=304429 294908 45780 8025 249128 20635 3761 16874 2665 228493 103957 21740 14565 124536 10251 114285 68204 46081 13006 82217 61249 20968 1002 29963 541 9521 9307 3918 1991 14477
cat_boundaries=0 1 2 3 4 5 6 7 8 9 10
cat_threshold=1102367 4506368 135685 6365604 25901322 27656986 19138946 23790006 23104683 27386640
is_linear=0
shrinkage=0.1


Tree=31
num_leaves=31
num_cat=7
split_feature=3 2 1 2 0 3 0 2 4 1 4 0 4 2 0 4 2 0 4 2 3 0 3 4 4 0 3 2 2 3
split_gain=29.2154 12.863 12.6655 16.0704 11.5949 11.5085 10.2559 10.7635 9.83386 8.0077 7.31541 13.098 23.0435 9.7933 9.70791 7.19352 16.4728 8.44272 8.89834 8.2842 7.45773 7.31623 6.95812 6.92497 12.2631 11.3348 6.51781 7.96564 6.41063 6.13195
threshold=0.21500000000000002 1.5450000000000002 3.5000000000000004 5.6450000000000005 0 1.6150000000000004 1 2.7350000000000008 0.26605000000000006 1.5000000000000002 0.37655000000000005 2 1.0000000180025095e-35 6.6250000000000009 3 0.52330000000000021 6.3650000000000011 4 0.54585000000000006 6.5950000000000006 0.15500000000000003 5 0.17500000000000002 0.27425000000000005 0.27555000000000007 6 0.13500000000000004 7.1450000000000005 4.3650000000000011 0.13500000000000004
decision_type=2 2 2 2 9 2 9 2 2 2 2 9 2 2 9 2 2 9 2 2 2 9 2 2 2 9 2 2 2 2
left_child=2 5 -1 6 9 -2 8 -8 -4 -3 11 12 13 -5 -12 -16 21 18 19 -18 -21 -17 -9 25 28 -24 -15 -28 -25 -10
right_child=1 4 3 10 -6 -7 7 22 29 -11 14 -13 -14 26 15 16 17 -19 -20 20 -22 -23 23 24 -26 -27 27 -29 -30 -31
leaf_value=0.0016914132764491432 -0.073236453275998703 0.047494068182711756 -0.012585713795487442 0.015244034214774075 -0.025071088596687125 0.031198697454430959 -0.03890572902501576 -0.0044196953458655805 0.029385103679778209 -0.0046809276984840012 0.020186493113231771 0.0027571317210845908 -0.0096272513976239076 0.14952929006176024 0.0046542976248542551 -0.0065051036298081222 -0.014376767301096341 -0.018968307867159501 0.016949681666400301 0.079930240539313177 0.26311507234986337 -0.07618544854084619 -0.00023534634990965246 0.24577064578943833 -0.0099997074660724689 -0.036813328133724343 0.08611016454902945 -0.025132531505187336 0.053084250203371312 0.00087222783285405476
leaf_weight=24388.046505011618 69.439284319058061 34.60490719601512 590.43795681558549 82.340563639998436 407.80938258767128 12.442519359290598 113.72764134034514 2511.3940042406321 77.832636404782534 196.17370243743062 373.77419124543667 3629.9316539615393 2036.7310848683119 9.1660917922854406 1995.8138814195991 38.109989181160927 3.6665672212839118 53.188556328415871 43.986713014543056 4.837237134575842 4.1113524436950684 37.29627738147974 137.50340874493122 2.5379304215311995 1240.883230637759 244.00139683112502 22.013694509863857 9.0968866571784002 5.4012742228806019 2438.5298293754458
leaf_count=149231 3703 261 7142 631 5006 349 3681 26769 859 2448 2508 25953 15270 61 13689 278 25 355 279 30 26 273 1731 37 14067 3116 148 59 57 26387
internal_value=-9.35521e-05 -0.0200522 0.000265091 -0.00194964 -0.0152676 -0.0573668 -0.00535497 -0.00853547 -0.000967983 0.00301212 0.001055 -0.000911957 -0.00705988 0.0350096 0.00551224 0.0028916 -0.0159483 0.00876823 0.0324503 0.112221 0.164093 -0.0519353 -0.00772214 -0.0128093 -0.00920707 -0.0246009 0.0754177 0.0535823 0.11468 0.00175415
internal_weight=40814.8 720.47 40094.4 15706.3 638.588 81.8818 7362.25 4255.45 3106.8 230.779 8344.06 5789.28 2159.35 122.617 2554.78 2181.01 185.197 109.79 56.6019 12.6152 8.94859 75.4063 4141.72 1630.33 1248.82 381.505 40.2767 31.1106 7.9392 2516.36
internal_count=304429 11767 292662 143431 7715 4052 83846 49458 34388 2709 59585 42122 16169 899 17463 14955 1266 715 360 81 56 551 45777 19008 14161 4847 268 207 94 27246
cat_boundaries=0 1 2 3 4 5 6 7
cat_threshold=6294932 2179871 22938241 1703952 103722 21039521 1446912
is_linear=0
shrinkage=0.1


Tree=32
num_leaves=31
num_cat=8
split_feature=2 1 3 2 0 4 3 0 4 3 2 2 1 0 0 4 0 2 4 2 2 1 2 0 0 3 2 4 3 0
split_gain=24.7045 11.746 10.1294 7.73514 9.16449 10.0404 11.9258 6.56417 9.14307 6.68875 6.46956 6.3616 11.5827 11.9684 7.65748 6.69432 12.1938 9.2335 8.37741 12.8735 6.48758 6.33232 9.52382 16.1171 11.2899 7.23054 12.8956 6.82428 6.67157 9.01185
threshold=2.0750000000000006 5.5000000000000009 0.21500000000000002 5.9750000000000005 0 0.56830000000000014 0.17500000000000002 1 0.71190000000000009 0.15500000000000003 8.3350000000000026 5.1250000000000009 2.5000000000000004 2 3 0.48300000000000004 4 4.5250000000000012 0.49550000000000005 3.8750000000000004 4.0150000000000006 1.5000000000000002 5.455000000000001 5 6 0.15500000000000003 7.5650000000000004 0.22870000000000004 1.635 7
decision_type=2 2 2 2 9 2 2 9 2 2 2 2 2 9 9 2 9 2 2 2 2 2 2 9 9 2 2 2 2 9
left_child=7 11 3 4 5 -3 -7 8 -1 -9 -5 12 13 -2 20 -16 -17 18 19 -18 -14 22 23 27 25 26 -24 -13 -23 -30
right_child=1 2 -4 10 -6 6 -8 9 -10 -11 -12 21 14 -15 15 16 17 -19 -20 -21 -22 28 24 -25 -26 -27 -28 -29 29 -31
leaf_value=-0.012868140262570266 -0.0051404079170446499 -0.026513731690696693 -0.044914594359484028 -2.5473779920089369e-05 -0.0056564378913258771 0.0022432390273176544 0.35372651286442092 0.028941074368185538 0.24084985575542539 -0.057174655623382767 0.16222043988676557 -0.012691598724038794 -0.0082146656244616364 0.0050292090630991654 -0.0077296627559268159 -0.027624463819747865 0.27127790551837322 0.00010645283253951974 0.033020875652293384 0.062797256503595605 0.002532564804629918 0.0024977415457400221 -0.00029919439392412934 -0.0032395910735103783 -0.0071886140652190804 0.012917622894156617 -0.084542459599397435 0.033256464746315294 0.018287531419235708 -0.047476269030413389
leaf_weight=81.7698929682374 1602.1096464507282 328.72881093248725 63.298027658835053 1764.6563046351075 1578.2500702291727 2.6673245541751376 1.5128585100173948 9.7572365161031467 1.4454373009502877 119.28290457464755 2.4611178487539283 37.032295882701874 743.33168849721551 4102.9265378899872 3796.4798208568245 54.183289255946875 3.91509607061744 73.998268328607082 65.638563014566898 12.164874218404291 2298.4430852979422 19348.756256975234 599.64134270697832 461.38573922216892 2747.1744371950626 548.79329854249954 18.738564662635326 254.22711576521397 28.975241668522358 49.065703257918358
leaf_count=3371 10833 5787 1407 15259 23251 35 24 322 52 5776 17 226 8528 26889 35122 470 47 531 604 101 18812 112430 4475 2975 20956 3787 154 1584 214 390
internal_value=-9.05369e-05 8.74061e-05 -0.00525107 -0.00456851 -0.00897808 -0.0238393 0.129449 -0.0341177 -0.0075534 -0.0470193 0.000200491 0.000629494 -0.00117654 0.00217314 -0.00388789 -0.00675166 0.010616 0.0241455 0.0488683 0.113557 -9.34752e-05 0.00158545 -0.00172213 0.00857987 -0.00370299 0.00452397 -0.00285199 0.0265044 0.00238005 -0.0267995
internal_weight=40800.8 40588.6 3741.57 3678.28 1911.16 332.909 4.18018 212.255 83.2153 129.04 1767.12 36847 12753.2 5705.04 7048.15 4006.38 209.9 155.717 81.7185 16.08 3041.77 24093.8 4666.99 752.645 3914.35 1167.17 618.38 291.259 19426.8 78.0409
internal_count=304429 294908 45780 44373 29097 5846 59 9521 3423 6098 15276 249128 101937 37722 64215 36875 1753 1283 752 148 27340 147191 34157 4785 29372 8416 4629 1810 113034 604
cat_boundaries=0 1 2 3 4 5 6 7 8
cat_threshold=12595328 27385876 1575313 7881494 140289 8948103 2104348 17078417
is_linear=0
shrinkage=0.1


Tree=33
num_leaves=31
num_cat=7
split_feature=3 2 3 0 1 2 0 1 4 3 0 2 2 4 0 4 2 0 4 1 0 2 2 2 0 4 3 4 3 4
split_gain=21.2069 10.6288 10.7003 9.90244 9.58119 11.7484 6.90627 6.63771 7.78967 6.62178 6.32972 9.66261 7.53937 6.11721 11.4118 9.00001 6.51291 10.6441 11.162 9.39507 8.64938 7.84404 9.17404 6.95023 6.17642 9.43635 8.63813 7.64339 6.73027 6.68423
threshold=0.21500000000000002 1.5450000000000002 1.6150000000000004 0 5.5000000000000009 3.6350000000000002 1 1.5000000000000002 0.43735000000000007 4.0150000000000015 2 4.2650000000000006 7.7350000000000012 0.43235000000000001 3 0.47210000000000002 5.5750000000000011 4 0.40685000000000004 2.5000000000000004 5 5.455000000000001 4.5850000000000009 4.5450000000000008 6 0.31590000000000001 0.12500000000000003 0.29825000000000007 0.10500000000000002 0.40815000000000007
decision_type=2 2 2 9 2 2 9 2 2 2 9 2 2 2 9 2 2 9 2 2 9 2 2 2 9 2 2 2 2 2
left_child=4 2 -2 7 13 6 -6 8 -3 -10 11 -7 -13 16 15 -15 17 19 -19 21 -20 22 23 -1 25 27 -27 28 -18 -28
right_child=1 3 -4 -5 5 10 -8 -9 9 -11 -12 12 -14 14 -16 -17 24 18 20 -21 -22 -23 -24 -25 -26 26 29 -29 -30 -31
leaf_value=0.0032218349226618599 -0.069794032707563222 0.013522550365650619 0.032048383683064487 -0.02417576035866776 -0.055919191556281514 -0.05460702055341482 -0.010030646909461071 -0.0053809725508996865 0.16323959198392454 -0.014741039648544811 -0.0010267941575937667 -0.009510827814256044 0.073794677330719108 0.017728287340522994 0.00017564089695175437 0.0031415136219670355 -0.12940974254775223 -0.0022130102530336414 0.0020774722038798144 -0.0014461947593231248 -0.021690309010708588 -0.013415209353405629 0.014429612992153579 -0.039278083936612314 -0.00028830922863989905 -0.011269917179121456 0.006338901241681562 -0.0086081900580177468 0.0024809715855363739 0.018600718370053664
leaf_weight=961.04048161581159 62.423282072879374 33.390618000179529 12.359303899109362 341.9480501729995 58.07588804513216 47.881414175033569 94.842704303562641 240.46244422160089 7.3987624719738943 2.9135853499174118 2677.2939208038151 812.08023172616959 11.011248156428335 874.63503571599722 2733.9105170387775 819.12186294235289 3.8741983398795119 9414.987160500139 219.9712674934417 2893.5704914703965 524.59150568768382 174.2256967574358 1222.9454375058413 40.083824098110199 8425.8669809177518 250.48750701546669 3582.6344515383244 823.0684897378087 2908.4916915744543 507.55427610874176
leaf_count=6633 3703 244 349 4373 2014 1152 2981 3020 55 23 30455 9619 90 5666 17807 5308 23 72499 1622 24893 3805 991 7130 257 50762 1508 21685 5049 17690 3023
internal_value=-8.60805e-05 -0.0173305 -0.0529626 -0.0130746 0.000215463 -0.00463185 -0.0317711 0.00109607 0.0369849 0.112954 -0.00346224 -0.0108126 -0.00839637 0.000708598 0.00419205 0.0106113 0.000225909 -0.0012495 -0.00314204 0.00238531 -0.0149318 0.00701801 0.00861867 0.00152019 0.00160739 0.00358111 0.00675652 -9.9213e-05 0.00230552 0.00786048
internal_weight=40783.1 700.896 74.7826 626.113 40082.2 3701.19 152.919 284.165 43.703 10.3123 3548.27 870.973 823.091 36381.1 4427.67 1693.76 31953.4 15451.4 10159.5 5291.87 744.563 2398.3 2224.07 1001.12 16502 8076.11 4340.68 3735.43 2912.37 4090.19
internal_count=304429 11767 4052 7715 292662 46311 4995 3342 322 78 41316 10861 9709 246351 28781 10974 217570 117830 77926 39904 5427 15011 14020 6890 99740 48978 26216 22762 17713 24708
cat_boundaries=0 1 2 3 4 5 6 7
cat_threshold=7344020 14969896 6688896 9522228 5136387 100096 23338642
is_linear=0
shrinkage=0.1


Tree=34
num_leaves=31
num_cat=5
split_feature=2 1 3 0 0 3 2 4 2 4 0 3 0 3 2 2 0 4 2 1 4 4 4 3 2 2 2 4 4 4
split_gain=18.345 8.7205 10.2579 8.59355 8.24288 8.53231 8.15233 7.79903 8.43795 8.19745 8.24815 6.61124 8.28601 7.64028 6.50093 5.88921 5.6718 11.47 10.2416 16.6061 6.86032 7.49853 5.72938 16.0565 5.948 6.41842 5.97703 5.5634 6.30501 7.22087
threshold=1.8750000000000002 4.5000000000000009 0.21500000000000002 0 1 3.8050000000000002 5.4150000000000009 0.36945 6.455000000000001 0.37195 2 0.16500000000000004 3 1.6150000000000004 6.5750000000000011 6.4250000000000007 4 0.24714999999999995 6.5450000000000008 5.5000000000000009 0.18984999999999999 0.11610000000000002 0.36085000000000006 0.12500000000000003 6.5150000000000006 6.6850000000000014 7.1050000000000013 0.53885000000000016 0.31590000000000001 0.27675000000000005
decision_type=2 2 2 9 9 2 2 2 2 2 9 2 9 2 2 2 9 2 2 2 2 2 2 2 2 2 2 2 2 2
left_child=11 -2 3 6 5 -4 -3 8 15 10 -9 12 -1 -13 -12 -5 22 18 19 -18 21 -20 -10 -24 -25 -26 -27 28 29 -8
right_child=1 2 4 7 -6 -7 27 9 16 -11 14 13 -14 -15 -16 -17 17 -19 20 -21 -22 -23 23 24 25 26 -28 -29 -30 -31
leaf_value=0.064189235306740866 0.00083905914071160141 -0.012121620247695544 -0.0072051779283129032 -0.0047680797844579697 -0.042781611188861937 0.11662507039285142 -0.00038276961385017483 -0.011074790030725531 0.011200181493551984 0.0045484297887613137 0.10720506821262242 -0.046959892087886312 -0.033063881121784995 0.028269314674371271 -0.018358600131866389 -0.04582664468348277 0.021773622714271079 -0.0096256722435297346 0.022237045190113072 0.31393103548400936 0.057112981420658786 -0.071767738452837362 0.27604784504181945 -0.075187891637057858 0.1723565916081887 -0.011789592705394878 0.13174088000937409 -0.034793048485227226 0.0026642541177382597 -0.018396707070829736
leaf_weight=7.3806460443884134 31563.839196309447 1356.8979872688651 37.114636015146971 2514.8853759691119 99.400539482012391 6.5456795766949645 520.53897847607732 23.001037787646055 424.38438437879086 1712.5623910892755 26.574490398168567 137.46306788455695 10.367435052990915 14.970287423580883 4.8806002140045157 35.426182352006435 4.8390007317066175 365.21009546518326 27.607726097106934 3.2536324486136436 29.250851258635521 12.250907875597475 3.0269914269447353 4.2879077866673496 3.7508210241794613 11.005972035229204 3.9399584829807273 51.740534298121929 1365.7067661732435 388.67257989570498
leaf_count=169 201550 19767 785 29146 2001 68 4550 222 3033 15786 281 7320 389 429 35 270 32 2700 186 27 211 88 22 30 27 79 27 415 11378 3406
internal_value=-8.2454e-05 5.48789e-05 -0.00268413 -0.00225682 -0.0292488 0.00924282 -0.00594521 0.000361582 -0.00240938 0.00576299 0.043959 -0.0328463 0.0249167 -0.0395717 0.0665616 -0.00533842 0.00595742 -0.0021735 0.032798 0.139235 0.0203344 -0.00665617 0.0136886 0.0595492 0.0310371 0.0553987 0.0260471 -0.0023687 -0.00163125 -0.00808342
internal_weight=40770.8 40600.6 9036.76 8893.7 143.061 43.6603 3683.56 5210.14 3443.12 1767.02 54.4561 170.181 17.7481 152.433 31.4551 2550.31 892.808 442.412 77.2021 8.09263 69.1095 39.8586 450.396 26.0117 22.9847 18.6968 14.9459 2326.66 2274.92 909.212
internal_count=304429 296122 94572 91718 2854 853 39516 52202 35878 16324 538 8307 558 7749 316 29416 6462 3244 544 59 485 274 3218 185 163 133 106 19749 19334 7956
cat_boundaries=0 1 2 3 4 5
cat_threshold=29662848 6327432 2826260 9470248 2179369
is_linear=0
shrinkage=0.1


Tree=35
num_leaves=31
num_cat=6
split_feature=3 1 0 0 1 2 0 2 4 4 2 0 0 2 3 4 2 4 0 4 2 2 1 2 3 2 2 3 4 4
split_gain=15.792 8.88664 11.1153 8.64049 7.2194 10.9478 9.63227 11.2757 8.41895 12.3825 7.17524 14.5212 8.34064 8.95122 12.4567 8.99509 7.91777 6.66174 6.62326 9.17027 8.07363 9.46866 6.40007 6.37053 6.05837 6.03157 7.12237 5.96616 7.2392 7.36868
threshold=0.21500000000000002 5.5000000000000009 0 1 3.5000000000000004 6.8050000000000006 2 3.8150000000000004 0.33555000000000001 0.29925000000000007 6.8250000000000011 3 4 7.1650000000000009 0.16500000000000004 0.42300000000000004 7.1450000000000005 0.52330000000000021 5 1.0000000180025095e-35 4.2650000000000006 4.3450000000000006 5.5000000000000009 2.9150000000000005 6.0850000000000009 5.9750000000000005 6.1650000000000009 0.13500000000000004 0.31435000000000007 0.41875000000000001
decision_type=2 2 9 9 2 2 9 2 2 2 2 9 9 2 2 2 2 2 9 2 2 2 2 2 2 2 2 2 2 2
left_child=4 2 23 -3 -1 6 -6 -8 9 18 11 27 13 15 -15 -12 17 -17 19 20 -9 -22 -20 -2 -5 -23 -27 -7 -29 -30
right_child=1 3 -4 24 5 10 7 8 -10 -11 12 -13 -14 14 -16 16 -18 -19 22 -21 21 25 -24 -25 -26 26 -28 28 29 -31
leaf_value=0.0012537665796148038 -0.064387836758004344 0.00679751973048188 0.0012886448267342341 -0.066942086526167233 0.0012269757993715708 0.023379636764834927 -0.018212291921847715 -0.065391159931165566 -0.00040015692536081226 -0.01409719629804989 -0.0034541601848159771 -0.0013610221385773201 -0.0012144734207349941 0.019136055971034818 0.09863023955854118 0.038828832656818454 0.17032154082844164 -0.045326851309288416 0.0042709661459169697 -0.013404132611153431 0.23598346769265865 0.0025521132878142316 -0.010256816197738015 -0.020312089337761061 0.27680752773310652 0.11062107432790941 0.021563051295407559 0.20911605563799976 0.040215948407637508 0.16719940455306262
leaf_weight=24439.67444723472 39.708054485730827 33.419171425513923 350.28535983618349 73.028407815843821 4444.9608538364992 8.7918246909975988 559.84213830996305 11.613646786659954 4212.8316125608981 1477.0382619798183 390.32919396460056 69.513736620545387 1321.1262234970927 324.32879853248596 20.987630844116211 63.137962400913239 4.023763805627822 11.053034394979475 1346.9564029127359 824.67526371777058 2.029503669589757 82.691256161779165 391.34214051812887 188.29425051808357 0.51633483171462913 12.990812197327612 29.086165949702263 6.6036157310009029 12.154510356485845 7.3230656236410132
leaf_count=149231 1390 1267 4199 3154 41296 58 11213 180 36585 13845 2564 446 8736 2057 134 382 24 69 11273 8038 30 828 5216 1751 6 95 198 43 80 41
internal_value=-7.71662e-05 -0.0151298 -0.0102321 -0.0416085 0.000180221 -0.00149783 -0.00257973 -0.00446645 -0.00355469 -0.00673519 0.00497411 0.0305735 0.00372247 0.0116088 0.0239676 0.00274819 0.0337009 0.0262913 -0.00270987 -0.00930983 0.014412 0.0217213 0.000994613 -0.0268122 -0.0568049 0.0182361 0.0490588 0.0735339 0.118635 0.0879584
internal_weight=40760.4 685.252 578.288 106.964 40075.1 15635.4 13396.1 8951.1 8391.26 4178.42 2239.37 104.387 2134.99 813.86 345.316 468.544 78.2148 74.191 2701.39 963.087 138.411 126.798 1738.3 228.002 73.5447 124.768 42.077 34.873 26.0812 19.4776
internal_count=304429 11767 7340 4427 292662 143431 128797 87501 76288 39703 14634 668 13966 5230 2191 3039 475 451 25858 9369 1331 1151 16489 3141 3160 1121 293 222 164 121
cat_boundaries=0 1 2 3 4 5 6
cat_threshold=9106474 64772 2122522 2498961 30475309 26083456
is_linear=0
shrinkage=0.1


Tree=36
num_leaves=31
num_cat=5
split_feature=2 1 3 0 4 3 0 3 2 4 3 4 0 1 1 4 0 4 2 4 0 4 3 4 2 2 4 4 2 2
split_gain=13.4307 6.53707 7.45668 5.95511 8.73509 5.72074 7.80974 6.8277 5.62348 17.0833 5.57293 5.26997 5.02419 7.68196 4.90733 4.7652 4.73711 8.08168 4.40465 4.43321 6.30533 9.76852 7.83692 6.50212 5.58679 7.45366 5.37692 11.4083 4.7009 7.49079
threshold=1.8750000000000002 5.5000000000000009 0.21500000000000002 0 0.41045000000000004 0.16500000000000004 1 1.6150000000000004 7.1650000000000009 0.44690000000000002 4.6150000000000011 0.52330000000000021 2 4.5000000000000009 3.5000000000000004 0.41875000000000001 3 0.71190000000000009 8.3350000000000026 0.5011500000000001 4 0.53885000000000016 0.18500000000000003 0.56830000000000014 6.3850000000000007 4.035000000000001 0.59760000000000013 0.53145000000000009 4.1650000000000009 5.8550000000000013
decision_type=2 2 2 9 2 2 9 2 2 2 2 2 9 2 2 2 9 2 2 2 9 2 2 2 2 2 2 2 2 2
left_child=5 -2 3 4 -3 6 -1 14 15 -10 -4 -12 13 -9 -7 -6 17 -16 19 -5 24 28 -23 -24 25 -21 27 -26 -22 -30
right_child=1 2 10 18 8 7 -8 12 9 -11 11 -13 -14 -15 16 -17 -18 -19 -20 20 21 22 23 -25 26 -27 -28 -29 29 -31
leaf_value=0.064274220863564588 0.00044473020394109828 -0.026590455442295536 -0.049049564756996462 -0.0029925330375432189 0.087744718161691188 0.020355517902811517 -0.03053893323975946 -0.054885784013273479 0.21351629067396499 -0.087255167376354442 0.13934902362100474 -0.063981391840595453 -0.028012291392058183 0.18301735796181981 -0.016657056755729451 -0.006771805307887617 -0.061218911836213197 0.32594083351172098 0.13692442742010297 0.15294342433401917 -0.058829646758844667 -0.0077906814816957621 -0.036742247130794582 0.23183732634834528 -0.043766101960968772 -0.049026793212259112 -0.060313910802013607 0.12890296685791544 0.15923380293750064 0.051008476864795475
leaf_weight=6.7804976608604193 36884.896536692977 225.48994695395231 53.374236408621073 3233.2954996274784 6.0564281679689875 11.177914636209605 10.980620980262758 1.7962433695793132 4.7979433834552756 3.1141064912080765 3.1979603916406623 2.1195086613297462 7.5828760303556919 5.5541269946843386 39.83820435591042 44.728138184174895 76.74063281621784 0.70065485872328181 2.2744977474212638 1.9399378076195706 2.161394044756892 36.478159721940756 1.3722932096570724 2.6267403922975063 6.5220992639660862 31.452845100313425 5.1301043257117263 9.2577786818146688 10.695711188018324 15.906798548996447
leaf_count=155 249889 3341 1474 39375 89 274 403 30 35 23 37 24 248 151 2250 565 4759 37 14 46 49 366 23 36 47 338 39 69 119 124
internal_value=-7.17298e-05 4.26689e-05 -0.00396328 -0.00339365 -0.0170458 -0.0288836 0.0246509 -0.0355147 0.0167173 0.0951355 -0.0393234 0.0583028 0.0284852 0.0529045 -0.0429547 0.00449998 -0.0489888 -0.0086115 -0.00218142 -0.00228217 0.016309 0.03359 0.00677828 0.139673 -0.0100593 -0.0372934 0.0286223 0.0575358 0.082998 0.0945212
internal_weight=40748 40586.9 3701.99 3643.3 284.187 161.152 17.7611 143.391 58.6966 7.91205 58.6917 5.31747 14.9332 7.35037 128.457 50.7846 117.279 40.5389 3359.11 3356.84 123.544 69.2411 40.4772 3.99903 54.3028 33.3928 20.91 15.7799 28.7639 26.6025
internal_count=304429 296122 46233 44698 4053 8307 558 7749 712 58 1535 61 429 181 7320 654 7046 2287 40645 40631 1256 717 425 59 539 384 155 116 292 243
cat_boundaries=0 1 2 3 4 5
cat_threshold=4456448 9470504 8438919 18967041 11622152
is_linear=0
shrinkage=0.1


Tree=37
num_leaves=31
num_cat=8
split_feature=3 2 3 0 4 0 1 2 0 3 2 4 4 0 2 2 3 1 0 4 3 3 0 2 4 2 0 4 0 3
split_gain=12.0597 7.64558 8.1552 7.2173 6.40912 9.47289 6.34563 9.15671 10.438 8.09569 8.90634 20.0123 37.4694 6.47194 6.66377 10.2781 9.58464 5.11317 6.67564 5.04895 4.86103 10.7878 5.35128 4.77526 4.62725 4.49341 6.88189 9.47747 4.66903 5.53412
threshold=0.21500000000000002 1.3750000000000002 2.1100000000000003 0 0.43085000000000001 1 5.5000000000000009 2.9150000000000005 2 0.19500000000000003 2.4450000000000007 0.27790000000000009 0.25525000000000003 3 6.1550000000000011 6.1950000000000012 0.18500000000000003 1.5000000000000002 4 0.27290000000000009 1.1850000000000003 1.1950000000000001 5 8.3350000000000026 0.46025000000000005 3.3950000000000005 6 0.55585000000000007 7 0.115
decision_type=2 2 2 9 2 9 2 2 9 2 2 2 2 9 2 2 2 2 9 2 2 2 9 2 2 2 9 2 9 2
left_child=4 2 20 -3 6 24 -1 8 9 10 11 12 -8 14 -9 19 -17 18 -7 -16 -2 -22 -23 -15 -6 26 27 -19 29 -27
right_child=1 3 -4 -5 5 17 7 13 -10 -11 -12 -13 -14 23 15 16 -18 25 -20 -21 21 22 -24 -25 -26 28 -28 -29 -30 -31
leaf_value=9.9045359964853129e-05 -0.089756860589002341 0.0041263074378586053 0.089573441324286518 -0.018167068301899313 0.016178770906940351 0.0036964410065911213 0.062626658824078807 -0.02525911466622463 -0.058810785845403335 -0.078580044293309406 0.0027920021118149532 0.086138618361052521 1.2796246578262098 -0.0020047258707585652 0.22701239708958451 -0.008281484215994327 0.16693069061788768 -0.013932366874228065 -0.017710376709572064 0.051466648803604499 0.38322522735266046 0.018338764580331478 -0.058655858922386596 0.14703983829694031 0.0053500621019857281 0.088179510980138903 -0.048637828734012727 0.12861979731943787 0.0050143949672002011 -0.0056706430066200842
leaf_weight=31859.863225122914 25.586217706091702 229.87309029418975 4.0209888350218526 384.40886569023132 668.40598478913307 265.66966532915831 0.60654379613697684 265.45078798942268 47.613013952039182 4.1581802209839216 6.5472139623016119 4.7624953482300043 0.43400928936898708 2637.9867784623057 2.6544405221939078 184.27639385312796 3.1759103685617438 18.025024045258764 311.65099462121725 4.2803880795836449 0.61845874227583664 12.490341593511401 15.858714401721956 2.151388391852378 963.35043826885521 6.3459999263286582 31.058571081608534 6.2918149810284367 2139.8954569995403 634.54293662309647
leaf_count=216880 1862 2845 77 5269 4574 1891 30 4438 2131 194 174 200 18 31837 28 1649 28 378 2293 45 39 656 1019 12 6589 36 627 99 14275 4236
internal_value=-6.80778e-05 -0.0133448 -0.0478649 -0.0100531 0.00015487 0.00348711 -0.000325142 -0.00459636 -0.0420007 0.0262226 0.0827407 0.172942 0.57023 -0.00382267 -0.0146393 -0.000890167 -0.00531295 0.000474752 -0.00810219 0.11866 -0.0579951 -0.0299408 -0.0389544 -0.00187617 0.00972615 0.00222232 -0.0259841 0.0162638 0.00278402 -0.00466851
internal_weight=40742.1 672.857 58.5747 614.282 40069.2 5045.24 35024 3164.1 64.1215 16.5084 12.3503 5.80305 1.04055 3099.98 459.838 194.387 187.452 3413.48 577.321 6.93483 54.5537 28.9675 28.3491 2640.14 1631.76 2836.16 55.3754 24.3168 2780.78 640.889
internal_count=304429 11767 3653 8114 292662 34998 257664 40784 2747 616 422 248 48 38037 6188 1750 1677 23835 4184 73 3576 1714 1675 31849 11163 19651 1104 477 18547 4272
cat_boundaries=0 1 2 3 4 5 6 7 8
cat_threshold=6294932 1132596 98821 6561792 4756746 25549952 27272968 16789760
is_linear=0
shrinkage=0.1


Tree=38
num_leaves=31
num_cat=9
split_feature=2 1 0 1 0 2 3 0 3 0 2 4 1 4 4 3 3 1 4 1 2 0 0 4 0 2 1 0 2 0
split_gain=10.5882 9.04159 10.5878 5.93346 12.657 8.08889 9.5929 5.8197 5.29726 4.94012 5.35046 9.30434 5.72055 4.78475 24.0566 7.29666 4.74755 5.15193 4.71338 6.67674 9.91813 11.3708 8.2642 8.79848 7.63593 6.86884 6.27439 8.50883 9.70445 7.04965
threshold=3.3350000000000004 5.5000000000000009 0 1.5000000000000002 1 3.1750000000000003 0.20500000000000004 2 0.19500000000000003 3 3.2650000000000001 0.29640000000000005 3.5000000000000004 0.26025000000000004 0.28855000000000003 0.17500000000000002 1.9200000000000002 4.5000000000000009 0.34075000000000005 3.5000000000000004 6.8950000000000005 4 5 1.0000000180025095e-35 6 3.7150000000000003 1.5000000000000002 7 6.8250000000000011 8
decision_type=2 2 9 2 9 2 2 9 2 9 2 2 2 2 2 2 2 2 2 2 2 9 9 2 9 2 2 9 2 9
left_child=1 2 16 4 5 6 8 13 -4 10 -5 -12 -13 -3 15 -15 -1 -18 19 24 22 -22 -21 25 -2 -24 27 28 -20 -28
right_child=18 7 3 9 -6 -7 -8 -9 -10 -11 11 12 -14 14 -16 -17 17 -19 26 20 21 -23 23 -25 -26 -27 29 -29 -30 -31
leaf_value=-0.021368515981928994 -0.0029841490954744532 -0.062615423161227382 0.13987450309872865 -0.026393477284652411 -0.010881194829808016 0.014603100171524275 0.0016935148603561528 -0.051148598889232115 0.28474532488954823 0.0068477369577147357 -0.044747040105337449 0.049540862008942199 0.24531658676305024 0.0031415518613173558 -0.019327221208699473 0.23281173188794649 -0.0096663337890703933 0.24157560466411654 -0.0077103677066682752 -0.00042294271450082297 0.019204084803478627 -0.0032543495081440946 -0.074976066926416049 -0.0086907596934942873 0.0022016278382633097 0.011738993176182296 0.0042500658056973109 0.00010303329591046062 -0.041428980343466697 -2.7457391156172087e-06
leaf_weight=319.9570971513167 4168.0997768715024 14.819065690040587 11.320242851972585 100.90379391331226 39.106202628463507 8.2084873691201192 4.2674228250980368 72.400689809583127 3.2482393383979788 261.45791311655194 6.0092439688742143 3.6258469000458717 2.5367192924022675 1.8678325666114677 65.574728524312377 5.3324307017028332 1.8923077434301367 1.4352035839110613 628.05708005279303 3017.6123604737222 394.45246504992247 508.42467274516821 9.4284573141485435 3738.8077052980661 8854.4053809940815 293.1857127584517 7909.6113363988698 2505.8436294570565 98.780094884335995 7685.2237769868225
leaf_count=5534 25690 615 101 1933 373 61 43 3778 30 4849 71 31 33 61 2901 189 18 33 4526 27985 2534 3459 177 36495 54077 2853 54307 17564 907 53201
internal_value=-6.84929e-05 -0.0106513 -0.00612432 0.00406005 0.0317623 0.0711425 0.133551 -0.0322676 0.172175 -0.000724364 -0.0173078 0.0437923 0.130129 -0.00971329 -0.000275602 0.173233 -0.0195286 0.0986979 0.000177115 -0.000853526 -0.00313477 0.00673403 -0.00439703 -0.00734515 0.000541221 0.00903724 0.00132583 -0.00268375 -0.012126 0.00215698
internal_weight=40735.9 923.963 763.969 440.684 66.1506 27.0444 18.8359 159.995 14.5685 374.534 113.076 12.1718 6.16257 87.5941 72.775 7.20026 323.285 3.32751 39811.9 20984.4 7961.91 902.877 7059.03 4041.42 13022.5 302.614 18827.5 3232.68 726.837 15594.8
internal_count=304429 20654 13110 7525 608 235 174 7544 131 6917 2068 135 64 3766 3151 250 5585 51 283775 153270 73503 5993 67510 39525 79767 3030 130505 22997 5433 107508
cat_boundaries=0 1 2 3 4 5 6 7 8 9
cat_threshold=9277605 16794896 250679 17680 30114860 3177234 8536858 2171280 19890612
is_linear=0
shrinkage=0.1


Tree=39
num_leaves=31
num_cat=8
split_feature=3 0 4 3 2 0 1 4 3 3 3 4 2 0 2 4 4 2 4 0 4 0 2 2 0 3 0 0 2 4
split_gain=9.4378 12.4704 14.3065 8.04042 6.3261 8.56058 8.32691 8.80471 5.63965 7.58892 5.89188 5.28533 10.9674 7.74039 8.89824 15.6505 5.98496 5.31346 5.14193 12.2949 10.1646 21.6295 9.06933 8.80159 7.91539 7.66473 8.33806 7.28812 11.4102 6.79764
threshold=0.29500000000000004 0 0.47210000000000002 1.1850000000000003 3.6350000000000002 1 4.5000000000000009 0.18984999999999999 1.3550000000000002 1.3450000000000004 2.3850000000000002 0.43085000000000001 3.6750000000000003 2 7.6950000000000012 0.46175000000000005 0.43235000000000001 7.535000000000001 1.0000000180025095e-35 3 0.15829999999999991 4 3.9050000000000007 6.455000000000001 5 0.13500000000000004 6 7 5.0050000000000008 0.10100000000000002
decision_type=2 9 2 2 2 9 2 2 2 2 2 2 2 9 2 2 2 2 2 9 2 9 2 2 9 2 9 9 2 2
left_child=4 2 -2 -4 5 -1 7 -7 9 -5 -10 18 -13 14 17 16 -16 -14 19 -6 21 22 -20 24 -21 -25 -27 29 -29 -23
right_child=1 -3 3 8 11 6 -8 -9 10 -11 -12 12 13 -15 15 -17 -18 -19 20 23 -22 27 -24 25 -26 26 -28 28 -30 -31
leaf_value=0.001239635962734943 -0.045672081358765514 -0.042896574712484085 -0.10124213814735859 0.11927804132008531 -0.0044800953860091438 -0.049384143367569328 -0.031747910336436709 -0.004130094285751504 -0.017061759568343528 0.5703605097305392 0.066770635209183055 0.095829751928655907 -0.002075378925333245 0.0062967703537734846 0.19637615502924063 -0.07393553690870909 0.069114378293428411 -0.054515446265317513 0.061271674473360918 0.022132378825781271 -0.0001662059081088236 0.095839369704839306 -0.032044194318744834 0.066748648666861615 0.00086712735855504555 0.051839589161098557 0.0003243048056718293 -0.031109596126354135 0.010875701619838335 0.020121069366506011
leaf_weight=779.79640758130699 29.273575796745718 105.44549147412181 3.6138266166672102 2.2634308179840441 744.10755042359233 46.757302204146981 193.00883225910366 534.06602739728987 11.338590038940309 0.44654652941972006 32.168552435934544 12.788644466549156 1902.7416148483753 2979.1540561076254 4.9062379300594392 6.9364440739154807 14.974069654941557 19.520154751837254 10.723619425669311 255.68705121986568 31590.025326855481 15.66781537607312 362.03431518003345 48.130061060190201 528.09855055063963 41.213421508669853 91.94720508903265 91.956613870337605 218.61285602673888 48.740492351353168
leaf_count=12006 843 2838 305 164 5399 597 5920 5974 399 32 298 128 12863 19754 30 42 90 118 111 1922 224106 126 2599 300 3989 254 566 830 1461 365
internal_value=-6.49625e-05 -0.0226277 0.00871192 0.0424085 3.77457e-05 -0.00621988 -0.0135774 -0.00777313 0.0536409 0.193607 0.0449227 0.000287105 0.00334344 0.00310345 -0.0018006 0.055396 0.100521 -0.0026079 -0.000156442 0.00518901 -0.000438971 -0.0119627 -0.0285926 0.0125605 0.00809773 0.0325475 0.0201857 0.00519287 -0.00150721 0.0333606
internal_weight=40726.1 184.55 79.1045 49.8309 40541.6 1553.63 773.832 580.823 46.2171 2.70998 43.5071 38988 4941.02 4928.23 1949.08 26.8168 19.8803 1922.26 34046.9 1709.18 32337.8 747.736 372.758 965.076 783.786 181.291 133.161 374.978 310.569 64.4083
internal_count=304429 4879 2041 1198 299550 24497 12491 6571 893 196 697 275053 33025 32897 13143 162 120 12981 242028 12430 229598 5492 2710 7031 5911 1120 820 2782 2291 491
cat_boundaries=0 1 2 3 4 5 6 7 8
cat_threshold=17161276 19094298 21934848 17232152 31726618 4720641 10485888 1196032
is_linear=0
shrinkage=0.1


Tree=40
num_leaves=31
num_cat=8
split_feature=3 0 1 2 4 0 0 3 2 0 2 1 2 4 0 4 4 4 4 0 2 1 0 2 3 4 4 0 2 2
split_gain=8.48797 6.2101 4.71166 9.43492 9.88836 9.80472 9.77868 9.49366 8.75437 8.9067 8.71335 8.42333 8.88535 9.81762 7.31562 8.53522 7.14751 7.06439 9.31277 8.90621 15.8378 12.0386 6.96181 9.93276 6.90308 6.76322 11.9108 8.69127 8.34148 6.6455
threshold=0.21500000000000002 0 2.5000000000000004 6.3150000000000004 0.34154999999999996 1 2 0.16500000000000004 6.2550000000000008 3 6.1950000000000012 5.5000000000000009 6.2150000000000007 0.14335000000000003 4 1.0000000180025095e-35 0.44295000000000001 0.29735000000000006 0.30020000000000008 5 4.1250000000000009 3.5000000000000004 6 7.3650000000000011 0.16500000000000004 0.27215000000000006 0.30020000000000008 7 4.3850000000000007 7.1650000000000009
decision_type=2 9 2 2 2 9 9 2 2 9 2 2 2 2 9 2 2 2 2 9 2 2 9 2 2 2 2 9 2 2
left_child=2 -2 -1 4 6 -6 -4 11 -7 -10 25 17 13 -13 -5 24 29 -8 -19 20 21 -20 -18 -24 -16 27 -27 28 -9 -17
right_child=1 -3 3 14 5 8 7 10 9 -11 -12 12 -14 -15 15 16 22 18 19 -21 -22 -23 23 -25 -26 26 -28 -29 -30 -31
leaf_value=0.0014488584442396795 0.00060017631498804022 -0.019185299555269462 -0.00063522639189542672 0.005738248496893264 0.0038465327444349461 -0.0040632314434294447 0.0046059418355234851 -0.057781824723624323 0.05501497088361898 0.00048234896196331029 -0.047356876091036747 0.03813311440389594 -0.066755588809254779 -0.01858222822398797 0.012151672331897026 -0.0056920306133296725 0.020453505201897329 -0.04595626965460041 0.21693461812777859 -0.01166941265717884 0.0050685086740671695 0.035961392981883437 0.0017977783600602799 -0.083888147454968448 0.067504725202775492 0.0056572499713621015 -0.012784384575077579 -0.01049420140305601 -0.021027743589441549 0.0059461569705256314
leaf_weight=16092.683351736516 271.92534484341741 387.73355469852686 4035.6305283643305 3303.2077990546823 4203.3098302204162 3651.1167932413518 1207.0055508073419 89.582364595495164 40.997702121734619 83.438512362539768 65.784285590052605 34.516329530626535 32.929929286241531 263.70872660912573 103.77360869944096 2480.4278371632099 256.45613288134336 58.268489502370358 6.2608189135789862 522.51816912740469 223.12262171506882 8.9023596905171853 178.56922741979361 14.637489110231398 28.777787581086159 539.50471840333194 998.22005265578628 727.34730087034404 198.74332465603948 611.61105538159609
leaf_count=99606 4444 7323 36776 20341 35182 30882 8925 1356 264 522 449 488 340 3833 625 15651 1535 443 48 3834 1590 115 1035 82 179 5491 9936 7618 1775 3741
internal_value=-5.99266e-05 -0.011311 0.000125338 -0.000763291 -0.00203471 0.000529149 -0.00430465 -0.00726449 -0.00316589 0.022909 -0.0114227 -0.00267504 -0.0174611 -0.012018 0.00233277 -0.000742402 -0.00167684 -0.000258307 -0.00742639 -0.00447546 0.0113145 0.110685 0.0101033 -0.00446286 0.0241692 -0.0104969 -0.00631421 -0.0168295 -0.0313595 -0.00338998
internal_weight=40720.7 659.659 40061.1 23968.4 16990.9 7978.86 9012.05 4976.42 3775.55 124.436 2619.18 2357.23 331.155 298.225 6977.46 3674.25 3541.7 2026.08 819.072 760.804 238.286 15.1632 449.663 193.207 132.551 2553.4 1537.72 1015.67 288.326 3092.04
internal_count=304429 11767 292662 193056 149867 66850 83017 46241 31668 786 26625 19616 4661 4321 43189 22848 22044 14955 6030 5587 1753 163 2652 1117 804 26176 15427 10749 3131 19392
cat_boundaries=0 1 2 3 4 5 6 7 8
cat_threshold=6299028 21890366 11563910 8401408 23166224 17434624 9732744 16777272
is_linear=0
shrinkage=0.1


Tree=41
num_leaves=31
num_cat=6
split_feature=2 3 0 0 4 3 3 1 2 4 0 2 3 0 0 1 4 2 0 3 1 2 4 4 4 4 4 4 2 4
split_gain=7.7319 4.74066 6.68919 5.59211 7.52605 6.01625 4.59762 4.23645 7.78039 7.5871 8.95796 9.09461 6.51394 14.7539 13.0234 10.8394 6.31723 6.09046 5.77873 5.73438 7.25195 10.4638 7.3826 7.0981 6.69874 6.30256 11.465 7.96097 9.7024 6.24964
threshold=1.8750000000000002 0.16500000000000004 0 1 0.71190000000000009 1.9000000000000001 1.9350000000000003 2.5000000000000004 5.1250000000000009 0.26175000000000004 2 4.4850000000000012 0.15500000000000003 3 4 1.5000000000000002 0.24275000000000002 3.6750000000000003 5 0.17500000000000002 1.5000000000000002 3.3350000000000004 0.22605000000000003 0.71190000000000009 0.55585000000000007 0.44295000000000001 0.38085000000000008 0.44470000000000004 5.0250000000000012 0.34154999999999996
decision_type=2 2 9 9 2 2 2 2 2 2 9 2 2 9 9 2 2 2 9 2 2 2 2 2 2 2 2 2 2 2
left_child=1 2 -1 4 -3 -5 -7 12 9 10 -9 -12 14 19 15 -2 18 -17 -16 23 21 22 -21 24 25 26 29 -27 -29 -14
right_child=7 3 -4 5 -6 6 -8 8 -10 -11 11 -13 13 -15 16 17 -18 -19 -20 20 -22 -23 -24 -25 -26 27 -28 28 -30 -31
leaf_value=0.050430106413652136 -0.003055905542708228 0.003277839357508491 -0.038806853343348345 -0.050484453461152913 0.3403689031035656 0.27583237531270771 0.018145488518858804 -0.022612800960971412 0.00044327151853129008 -0.0018815654539484272 -0.013895945680802435 0.0041774658591565575 -0.00618143768983467 0.0059259537619057749 0.021537750926393102 -0.08541933836008693 -0.0062990870983343876 0.012222413846364907 -0.0010260484554183052 -0.050242583618836247 -0.0030774846291601616 0.007398356343981477 0.085939301135897928 0.088329635994285977 -0.058978443187207234 0.084678213090439006 -0.021232545357952617 0.040617968315237764 -0.0079138812444204815 0.0077326543856749714
leaf_weight=11.43572893925011 892.37201844900846 34.761997328139842 6.0998896090313819 89.371331721544266 0.67519222944974799 0.79074842855334182 5.5661506559699774 390.55919183418155 16273.605661086738 6461.5362341320142 569.48222558759153 544.75492054224014 1329.252219542861 6116.5831984877586 145.11140783876181 6.4245334342122069 3412.436461172998 1129.8395445048809 426.93674258887768 4.6649220362305668 1003.0842703841627 742.72474098205566 27.144534263759851 8.1305309087038022 22.994987040758133 13.983159668743609 417.87442381680012 58.746672436594963 137.86228474974632 426.3473214507103
leaf_count=260 6797 1765 298 5791 20 27 146 4602 110782 66709 7633 5144 8237 37860 880 54 20954 5687 2615 45 6295 4967 248 47 143 87 2537 380 808 2611
internal_value=-5.50407e-05 -0.022816 0.0260168 -0.0293445 0.00756558 -0.0396559 0.0501997 2.84006e-05 -0.000810222 -0.00337086 -0.00976582 -0.00501478 0.00127381 0.00279948 -0.00134194 0.00516698 -0.00465712 0.0116703 0.00505627 -0.00177141 0.00253506 0.00980376 0.0659679 -0.00494837 -0.00526344 -0.00474535 -0.0063458 0.0117726 0.00658741 -0.0028024
internal_weight=40711.2 148.701 17.5356 131.165 35.4372 95.7282 6.3569 40562.5 24239.9 7966.33 1504.8 1114.24 16322.5 10309.4 6013.12 2028.64 3984.48 1136.26 572.048 4192.81 1777.62 774.534 31.8095 2415.19 2407.06 2384.07 2173.47 210.592 196.609 1755.6
internal_count=304429 8307 558 7749 1785 5964 173 296122 194870 84088 17379 12777 101252 64265 36987 12538 24449 5741 3495 26405 11555 5260 293 14850 14803 14660 13385 1275 1188 10848
cat_boundaries=0 1 2 3 4 5 6
cat_threshold=9470776 18965504 402445 1632688 5818752 561
is_linear=0
shrinkage=0.1


Tree=42
num_leaves=31
num_cat=4
split_feature=3 0 4 3 2 0 4 4 4 2 2 4 4 1 4 1 3 0 3 3 3 0 3 2 2 4 2 4 4 2
split_gain=7.11846 10.6832 11.5097 6.48073 4.36214 7.03553 6.10796 8.5256 5.93773 9.53778 18.3452 6.12707 7.71822 12.4318 7.66258 6.43051 6.1215 4.53343 4.2163 4.20068 4.19733 4.19033 6.77176 6.80828 4.10298 3.99533 3.78539 3.75999 8.03385 5.62661
threshold=0.29500000000000004 0 0.47210000000000002 1.1850000000000003 3.6350000000000002 1 0.33555000000000001 0.41470000000000001 0.36945 3.4950000000000006 3.5450000000000004 0.34525000000000006 0.34235000000000004 2.5000000000000004 0.34005000000000002 4.5000000000000009 0.19500000000000003 2 0.19500000000000003 2.8550000000000004 0.16500000000000004 3 0.17500000000000002 3.3950000000000005 3.4950000000000006 0.22605000000000003 3.5450000000000004 0.44295000000000001 0.51735000000000009 3.0550000000000002
decision_type=2 9 2 2 2 9 2 2 2 2 2 2 2 2 2 2 2 9 2 2 2 9 2 2 2 2 2 2 2 2
left_child=4 2 25 -4 5 6 -1 8 11 -10 -11 12 14 -14 15 16 20 -13 -12 -3 -8 22 23 27 -15 -2 -16 -9 29 -29
right_child=1 19 3 -5 -6 -7 7 21 9 10 18 17 13 24 26 -17 -18 -19 -20 -21 -22 -23 -24 -25 -26 -27 -28 28 -30 -31
leaf_value=-0.021398865113439882 0.044143515250044223 -0.064431600918226709 -0.10108197904384929 0.047222083754100766 0.00024298751126971622 0.0011496428577265762 0.13635945240928124 0.034680094542310212 0.0081671024729785234 0.17836007285339339 0.03605713230844413 0.0055939194446258207 0.24023978091174822 0.064118779445137428 -0.083304943769671194 -0.076554078827032801 0.18620427773300191 -0.040102848297053129 -0.087803271584806081 -0.023507542095941039 -0.010160062626084144 -0.041634323847796903 -0.027946119563734814 -0.022434663094515372 -0.1124870708417864 -0.058568727273152425 0.058877427109528473 0.31925780500328971 -0.10560425792710802 0.079239854298538914
leaf_weight=372.29747511260211 4.52194232400507 48.584402644075453 3.1400074735283843 47.832350436598063 38985.351114256307 825.94187828339636 2.7805616296827846 3.4739126302301866 90.619275426492095 10.573490090668203 11.931076943874357 38.54022054746747 3.8784558586776239 4.6037130514159799 10.837670597247778 3.5037853913381687 3.6363520175218573 45.494373097084463 3.5708646997809401 51.849838390946388 6.586413374170661 57.468997650779784 27.019108972512186 6.3163452595472327 1.8417742829769848 23.304738566279411 2.263581931591033 2.5710590565577149 0.87354950979351986 1.5750134214758871
leaf_count=6410 118 2363 305 893 275053 12819 26 67 1546 111 123 611 31 83 188 95 33 706 36 475 59 931 407 58 22 725 20 65 31 19
internal_value=-5.10502e-05 -0.019936 0.00873918 0.0380862 3.68999e-05 -0.00518635 -0.012376 -0.00285895 0.00731327 0.0235028 0.0767985 -0.00792654 0.0243242 0.098777 -0.00163619 0.043685 0.0760837 -0.0232518 0.00752595 -0.039383 0.0333339 -0.0275127 0.00148711 0.0561891 0.0136543 -0.0418776 -0.0587392 0.114659 0.17001 0.22808
internal_weight=40702.8 179.233 78.799 50.9724 40523.6 1538.2 712.257 339.96 240.662 116.695 26.0754 123.967 39.9323 10.3239 29.6084 16.5071 13.0033 84.0346 15.5019 100.434 9.36698 99.298 41.829 14.8099 6.44549 27.8267 13.1013 8.49353 5.01962 4.14607
internal_count=304429 4879 2041 1198 299550 24497 11678 5268 3690 1816 270 1874 557 136 421 213 118 1317 159 2838 85 1578 647 240 105 843 208 182 115 84
cat_boundaries=0 1 2 3 4
cat_threshold=17161276 13411493 557220 4464676
is_linear=0
shrinkage=0.1


Tree=43
num_leaves=31
num_cat=4
split_feature=3 0 3 4 4 2 4 1 4 1 2 0 2 3 4 2 4 2 3 0 4 4 4 1 0 1 3 2 4 2
split_gain=5.96972 12.2747 5.42166 4.36602 10.7709 6.55748 5.50285 4.23166 4.31255 3.73926 7.4024 4.41681 7.25282 7.39465 6.75861 6.11423 4.78243 3.53238 3.14876 5.39956 3.82742 3.65556 3.40141 3.3907 3.16279 5.25467 5.71871 2.99921 5.20074 10.8188
threshold=0.23500000000000001 0 0.24500000000000002 0.37985000000000002 0.47210000000000002 1.7050000000000003 0.37475000000000008 4.5000000000000009 0.25060000000000004 5.5000000000000009 2.0750000000000006 1 6.9850000000000012 0.14500000000000005 0.34395000000000003 7.3850000000000007 0.56830000000000014 7.3250000000000011 3.7850000000000006 2 0.65415000000000012 0.53145000000000009 0.59760000000000013 2.5000000000000004 3 5.5000000000000009 0.25500000000000006 5.4050000000000011 0.48640000000000005 5.5550000000000006
decision_type=2 9 2 2 2 2 2 2 2 2 2 9 2 2 2 2 2 2 2 9 2 2 2 2 9 2 2 2 2 2
left_child=9 2 -2 5 -5 -4 7 -7 -9 -1 -11 12 16 15 -15 -14 -12 -16 20 -20 21 24 -23 -24 25 26 -3 -13 -29 -30
right_child=1 18 3 4 -6 6 -8 8 -10 10 11 27 13 14 17 -17 -18 -19 19 -21 -22 22 23 -25 -26 -27 -28 28 29 -31
leaf_value=0.0003562984500719592 -0.0740677354615457 -0.035639033879209185 -0.10147971548232625 -0.057634461874555246 0.038187452420393314 0.084315676346286617 0.25276587974560721 0.11424612107468859 -0.10508678137098613 -0.047567045554578274 -0.032395047438051071 -0.0059365899027979041 0.04316138760010816 -0.021761710720613975 0.087026062686908767 -0.11685669613187635 0.14185485409118476 0.23504941038272392 0.020800828455975934 -0.038690517399049391 0.083541225943067676 -0.083056552000195405 0.16036124549596853 -0.034277584199415088 -0.036748215918308555 -0.084722374626942043 0.059626341892552115 -0.00086325411855449124 0.13214117005006007 0.012373749125270186
leaf_weight=36746.950112260878 5.9115435862913719 10.3717706874013 2.2836309215053943 16.699346490204334 39.426154642365873 16.962226344272501 1.6395145021378983 1.3613643571734422 2.6250059306621552 36.883233724161983 117.62728820927441 1171.6989790908992 5.5631779953837412 3.1642559841275197 3.4315208494663239 4.1834541633725166 1.5964607037603844 3.0407037511467934 27.94401653856039 15.760692544281481 2.6742956303060046 26.054608982056379 1.0713587924838055 5.4376102788373828 90.743947828188539 5.5591432414948931 16.055801061913371 2191.1880433373153 8.0588527023792249 117.66667474806309
leaf_count=250237 183 151 180 375 866 155 18 38 66 2465 1960 20832 43 26 28 34 24 19 227 158 145 850 8 171 2488 340 287 21024 71 960
internal_value=-4.97961e-05 -0.0143815 0.0164877 0.0251324 0.009677 0.0600091 0.0763354 0.0625273 -0.0301836 5.25488e-05 -0.00299373 -0.00254049 -0.0194361 0.035894 0.0980117 -0.0255217 -0.0300618 0.156569 -0.0271552 -0.00474611 -0.0350741 -0.0371168 -0.0669027 -0.00224056 -0.0292139 0.00278005 0.0222385 -0.00180831 0.000271625 0.0200507
internal_weight=40699.6 288.582 86.9088 80.9972 56.1255 24.8717 22.5881 20.9486 3.98637 40411.1 3664.1 3627.22 138.607 19.3831 9.63648 9.74663 119.224 6.47222 201.673 43.7047 157.969 155.294 32.5636 6.50897 122.731 31.9867 26.4276 3488.61 2316.91 125.726
internal_count=304429 6706 1881 1698 1241 457 277 259 104 297723 47486 45021 2134 150 73 77 1984 47 4825 385 4440 4295 1029 179 3266 778 438 42887 22055 1031
cat_boundaries=0 1 2 3 4
cat_threshold=302124 4194304 23593104 5243009
is_linear=0
shrinkage=0.1


Tree=44
num_leaves=31
num_cat=5
split_feature=3 0 3 4 3 1 0 3 3 4 4 1 3 1 4 1 1 3 2 2 2 4 0 1 3 0 0 2 4 2
split_gain=5.29711 8.6814 8.00653 5.29885 8.17137 11.9528 5.75659 8.15901 10.0695 4.66624 4.21527 4.09485 3.68544 5.24277 3.63294 7.12527 3.62767 3.59393 5.05639 3.49144 10.2142 18.2735 10.8972 8.91542 8.36331 9.24696 7.37662 7.00541 7.26343 6.21733
threshold=0.29500000000000004 0 1.1850000000000003 0.47210000000000002 1.2850000000000004 5.5000000000000009 1 1.3550000000000002 1.8550000000000002 0.31345000000000006 0.59760000000000013 2.5000000000000004 4.660000000000001 3.5000000000000004 0.51735000000000009 5.5000000000000009 1.5000000000000002 1.7050000000000003 1.7050000000000003 5.5850000000000009 5.6050000000000013 0.32010000000000005 2 1.5000000000000002 0.16500000000000004 3 4 7.5650000000000004 0.27425000000000005 5.6450000000000005
decision_type=2 9 2 2 2 2 9 2 2 2 2 2 2 2 2 2 2 2 2 2 2 2 9 2 2 9 9 2 2 2
left_child=19 16 -3 4 5 -4 7 14 -9 -6 17 -10 -11 -14 15 -5 -2 -8 -19 -1 21 22 -21 26 25 -23 -22 -28 -29 -25
right_child=1 2 3 6 9 -7 10 8 11 12 -12 -13 13 -15 -16 -17 -18 18 -20 20 23 24 -24 29 -26 -27 27 28 -30 -31
leaf_value=-0.00094046245819908499 0.036179136257073891 -0.09085344656088995 0.53306445513062217 0.12563247441918998 0.04549997722511654 -0.10123844012946015 -0.10176264702339838 -0.078266314981737403 0.17200951262977082 -0.067176046703397246 0.047377916179219944 0.064194939518972899 -0.064322005655883488 0.11402819304809551 0.092325013534822267 0.67371716856562736 -0.063046595473268824 0.092139030992999749 -0.022130339377135239 0.030753567504516778 -0.009769128235673781 -0.019453284071087311 -0.032540424348663388 -0.010209360630928949 0.065364726353453431 0.04501877817717459 0.00053724711336641448 0.04548010337970234 -0.0512919224522057 0.0019171045396062254
leaf_weight=19420.992566924542 3.980417061597108 9.0683708293363434 0.63002585247158893 0.43922794423997646 6.3947531851008526 0.56216521002352238 4.5552377300336948 4.0889819636940983 5.0520990937948254 23.460944103077058 13.060185583308337 11.637276031076906 3.6057653725147238 3.0359717682003975 0.51614594832062721 0.51567351631820202 49.561893103644252 4.4550338722765437 29.610346289351583 33.090092990547419 1322.2825904935598 34.496468499302864 68.427537705749273 433.68150587379932 78.664224579930305 40.083105519413948 2180.8248033449054 9.296904191374777 46.798094011843204 16851.535162210464
leaf_count=165462 38 823 41 24 151 49 325 206 33 593 230 129 27 26 38 30 1711 94 311 230 10435 233 479 2989 523 270 16162 79 407 102281
internal_value=-4.77466e-05 -0.0174468 -0.000451945 0.00685209 -0.0236634 0.233966 0.0224089 0.0541494 0.0623742 -0.0320789 -0.00145253 0.0968319 -0.048559 0.0172028 0.306076 0.421614 -0.0469089 -0.0183414 -0.00718631 2.70666e-05 0.00091764 0.0208197 -0.0120855 0.000674397 0.042618 0.0186254 -0.00388321 -0.000358668 -0.0352534 0.00161285
internal_weight=40694.4 174.231 120.688 111.62 37.6896 1.19219 73.9302 22.2494 20.7784 36.4974 51.6808 16.6894 30.1027 6.64174 1.47105 0.954901 53.5423 38.6206 34.0654 40520.2 21099.2 254.761 101.518 20844.4 153.244 74.5796 3559.2 2236.92 56.095 17285.2
internal_count=304429 4879 3130 2307 887 90 1420 460 368 797 960 162 646 53 92 54 1749 730 405 299550 134088 1735 709 132353 1026 503 27083 16648 486 105270
cat_boundaries=0 1 2 3 4 5
cat_threshold=5907202 301080 22546848 20984485 21553568
is_linear=0
shrinkage=0.1


Tree=45
num_leaves=31
num_cat=3
split_feature=3 0 4 1 3 4 2 3 4 2 3 1 2 3 4 3 1 4 1 2 2 0 1 2 4 2 4 2 0 4
split_gain=4.88635 10.6447 6.01523 7.14436 10.0283 6.14437 5.4943 6.59599 5.20454 5.16127 4.93646 5.09788 5.03174 4.70067 4.63384 4.49254 5.13801 5.46813 5.14949 4.39504 5.41322 5.11506 9.26183 8.36059 6.06191 5.79658 5.76151 4.5902 11.0324 4.755
threshold=0.19500000000000003 0 0.25865000000000005 5.5000000000000009 5.1450000000000005 0.61920000000000008 2.2850000000000006 1.5350000000000004 0.10100000000000002 5.1050000000000013 1.4750000000000003 1.5000000000000002 6.6450000000000005 1.5750000000000004 0.65415000000000012 0.20500000000000004 5.5000000000000009 0.37105000000000005 4.5000000000000009 6.3550000000000013 5.0050000000000008 1 5.5000000000000009 5.8150000000000004 0.42300000000000004 5.1450000000000005 0.21630000000000002 4.4050000000000011 2 0.25525000000000003
decision_type=2 9 2 2 2 2 2 2 2 2 2 2 2 2 2 2 2 2 2 2 2 9 2 2 2 2 2 2 9 2
left_child=-1 6 8 5 -5 -4 7 14 -3 -7 12 -12 19 -9 15 16 17 18 -2 20 27 22 23 -22 26 -26 -23 29 -29 -8
right_child=1 2 3 4 -6 9 10 13 -10 -11 11 -13 -14 -15 -16 -17 -18 -19 -20 -21 21 24 -24 -25 25 -27 -28 28 -30 -31
leaf_value=0.00025068098039740809 -0.065938711066285474 0.0013920931524916385 -0.0055897911945384645 -0.035777528907099496 0.36634247871717934 0.029795182712651514 -0.013986334710207465 0.28394255895999193 -0.032974174516461528 0.20020450641731855 0.060548126422228621 -0.035507452160000223 0.097249595205258554 0.028018723469649787 0.11748030455549081 -0.056988909735348293 -0.10155801030352092 0.24524562572872097 0.16704642646996584 -0.050919429051291015 0.0012122481315226677 0.091921876726968277 0.094057508671622658 -0.075668847933415592 0.15278470530581217 0.042824398764461452 0.014867859083896755 0.013602888894441263 -0.024187423217939853 0.0091509911106497279
leaf_weight=37931.531644510105 2.6236544270068398 57.727632491849363 959.34726280113682 97.066864987835288 0.62416598200797935 6.1428181929513794 105.34966494329274 0.77651154808699985 186.22755528287962 2.500955730676651 6.1812656372785559 52.052822513505816 5.8156236559152594 9.4747316977009159 1.8110943799838413 46.227977471426129 2.2747646141797304 1.4315594276413319 1.4859339976683257 14.397831767797468 74.854036316275597 10.226266130805014 8.7994373962283117 17.440483450889587 6.4262110441923168 18.874875359237194 189.96441212669015 122.73673852160573 181.42943027056754 566.1915329080075
leaf_count=272998 83 673 9032 3260 6 85 1214 41 2125 19 51 600 37 246 103 3022 159 50 81 91 483 76 108 108 41 125 1321 999 1480 5712
internal_value=-4.47369e-05 -0.00410993 -0.0105963 -0.00743465 -0.0332083 -0.00483354 0.00182198 -0.0263285 -0.024842 0.0791007 0.00318295 -0.0253116 0.00443765 0.0474045 -0.0398609 -0.0451337 0.0249853 0.0769341 0.0183034 0.00402771 0.0046352 0.015779 -0.00361232 -0.0133156 0.0235869 0.0707532 0.018804 0.000905165 -0.00928631 0.00552127
internal_weight=40688 2756.48 1309.64 1065.68 97.691 967.991 1446.85 66.1062 243.955 8.64377 1380.74 58.2341 1322.51 10.2512 55.855 54.0439 7.81591 5.54115 4.10959 1316.69 1302.29 326.586 101.094 92.2945 225.492 25.3011 200.191 975.707 304.166 671.541
internal_count=304429 31431 15200 12402 3266 9136 16231 3785 2798 104 12446 651 11795 287 3498 3395 373 214 164 11758 11667 2262 699 591 1563 166 1397 9405 2479 6926
cat_boundaries=0 1 2 3
cat_threshold=5199621 4276480 135429
is_linear=0
shrinkage=0.1


Tree=46
num_leaves=31
num_cat=8
split_feature=3 0 1 0 2 2 2 3 4 2 1 2 0 2 0 0 4 2 4 4 3 1 4 2 0 2 0 3 2 0
split_gain=4.13219 5.38075 4.24572 7.18021 5.56145 6.78003 5.63199 4.68135 4.14948 3.63354 3.33887 5.07013 6.58819 5.9998 10.8358 6.11541 6.74092 5.95596 5.61803 6.32903 6.02521 5.79937 6.23566 7.20067 5.09931 4.94375 5.59452 5.11756 4.72917 6.66681
threshold=0.21500000000000002 0 1.5000000000000002 1 3.7150000000000003 3.9850000000000008 3.3950000000000005 0.23500000000000001 0.24035000000000004 3.9550000000000005 3.5000000000000004 6.8050000000000006 2 6.8250000000000011 3 4 1.0000000180025095e-35 8.3350000000000026 0.36325000000000002 0.37475000000000008 0.115 5.5000000000000009 0.36735000000000001 7.2250000000000005 5 3.8150000000000004 6 0.17500000000000002 6.745000000000001 7
decision_type=2 9 2 9 2 2 2 2 2 2 2 2 9 2 9 9 2 2 2 2 2 2 2 2 9 2 9 2 2 9
left_child=10 -2 3 -3 6 -6 7 -5 9 -4 -1 12 -12 14 -13 16 -15 -17 -18 21 -21 22 -20 -24 -22 26 -14 -28 -27 -30
right_child=1 2 8 4 5 -7 -8 -9 -10 -11 11 13 25 15 -16 17 18 -19 19 20 24 -23 23 -25 -26 28 27 -29 29 -31
leaf_value=0.00081295314406982881 -0.023866007404565112 -0.016675740606357878 -0.075138003236364923 0.12837988486948465 0.17872022990349659 0.052975983435552924 -0.073148211040556202 -0.030714781271131083 -0.0036422646093344137 -0.0083059867901972891 0.0013415752105388589 0.054109389729734149 0.02270727597469047 0.042897724221829581 -0.0075945284439417867 0.0061336212347359578 -0.013153822840052476 0.13189629881855194 0.011048265430342336 -0.08903981175763595 -0.027317463838404027 -0.025550229749573397 0.18372889621877586 0.043534939483506688 0.006782467099450764 -0.0024361818001744206 -0.0030358134104334126 -0.023867988091917446 -0.045104366753209391 -0.0037375472058472376
leaf_weight=24485.240449551493 150.80979972984642 31.896595276892185 15.847811894025652 4.1016864255070669 5.2801082432270077 22.821449793875217 6.0520514100790024 3.3683886975049973 381.52053356682882 16.715599859133363 4436.815259099938 51.245910055935383 34.33240700699389 29.029705084860325 55.136070623993874 1299.7975872680545 477.25486314296722 3.7766613066196433 10.863757640123369 7.5674086958169928 42.430189274251461 8.8261119872331601 7.0614568144083005 7.6139521300792694 259.10981847345829 8160.2896153200418 194.27513749524951 300.04212152678519 53.096670299768448 122.6149358600378
leaf_count=149231 3207 258 509 40 34 158 41 31 7317 172 41296 311 713 182 357 8370 3208 21 66 45 258 75 42 46 1653 75105 3685 6815 360 823
internal_value=-4.22178e-05 -0.00802408 -0.00258197 0.0195104 0.0413196 0.0766025 -0.00144815 0.0566413 -0.00656681 -0.0408315 8.50279e-05 -0.00106035 -0.00180434 0.00331902 0.0265017 0.00217371 -0.00440807 0.00644851 -0.00613501 0.00361761 -0.000908525 0.0443291 0.0684788 0.110993 0.00130321 -0.00337659 -0.012758 -0.0153697 -0.00278569 -0.0190175
internal_weight=40684.8 638.414 487.604 73.5203 41.6237 28.1016 13.5221 7.47008 414.084 32.5634 40046.4 15561.2 13301.5 2259.71 106.382 2153.33 849.757 1303.57 820.728 343.473 309.107 34.3653 25.5392 14.6754 301.54 8864.65 528.65 494.317 8336 175.712
internal_count=304429 11767 8560 562 304 192 112 71 7998 681 292662 143431 128797 14634 668 13966 5575 8391 5393 2185 1956 229 154 88 1911 87501 11213 10500 76288 1183
cat_boundaries=0 1 2 3 4 5 6 7 8
cat_threshold=8560682 3495169 2122522 6709657 2409362 2113536 131072 13894660
is_linear=0
shrinkage=0.1


Tree=47
num_leaves=31
num_cat=3
split_feature=1 2 0 0 2 3 4 4 4 4 3 4 4 3 2 4 3 4 2 2 2 2 3 3 4 0 4 3 4 2
split_gain=3.64303 6.38689 5.57658 4.29403 5.50016 7.33471 4.26166 3.29717 12.3998 5.36496 4.99078 3.84602 8.44868 5.34635 7.21774 5.23954 5.17026 10.0851 4.57852 3.78881 11.1188 3.56713 5.61565 7.53953 5.43344 3.50923 10.1477 8.97624 7.98036 5.66673
threshold=5.5000000000000009 3.6350000000000002 0 1 6.6950000000000012 0.14500000000000005 0.56830000000000014 0.26025000000000004 0.29825000000000007 0.34875 0.18500000000000003 0.36495000000000005 0.36245000000000005 1.4450000000000001 2.0750000000000006 0.56830000000000014 0.22500000000000003 0.35905000000000004 3.3350000000000004 1.7050000000000003 1.5450000000000002 1.8750000000000002 1.6850000000000003 1.6250000000000002 0.45785000000000003 2 0.39015000000000005 0.20500000000000004 0.45065000000000005 2.6050000000000004
decision_type=2 2 9 9 2 2 2 2 2 2 2 2 2 2 2 2 2 2 2 2 2 2 2 2 2 9 2 2 2 2
left_child=-1 2 7 4 6 -6 -3 19 10 -10 -9 12 16 14 -13 25 18 -18 -11 20 -2 22 23 24 -15 26 -16 28 29 -28
right_child=1 3 -4 -5 5 -7 -8 8 9 11 -12 13 -14 21 15 -17 17 -19 -20 -21 -22 -23 -24 -25 -26 -27 27 -29 -30 -31
leaf_value=0.00025956833825207891 -0.043467462966819442 -0.036115475435312551 -0.035435015714848882 -0.0013587732345323894 -0.035493057251367519 0.053984518702495446 0.12300766370665533 0.031302593860998894 -0.058503166165438193 -0.10277108843922632 0.17238388634314494 -0.077186018174888571 0.38591593904445981 -0.10178001481966484 -0.068228109167782505 0.27219620759279961 0.59602908688524159 -0.10212745863224526 0.13592437609291988 -0.063714061105744915 0.48876559518864959 -0.039378720479223257 0.047349228544841027 0.67137439154297562 0.34185423152093009 -0.023860000917079949 -0.019364159769060741 -0.10271840003958406 0.47243417353136341 0.25837367557369462
leaf_weight=36966.146442353725 1.726232668384909 93.55376411229372 100.18109437916428 3396.6892123259604 17.165749914944172 19.646372742950916 1.7139441221952427 4.4320132266730052 15.620767954736946 2.2550781173631544 5.7742399061098695 12.274784415960314 0.81751439347863186 0.46792853670194634 2.802607798948884 0.79593921639025111 0.42991930525749911 0.39886701479554176 1.2484939768910406 12.63543432485312 0.5080316625535487 1.5884805265814064 2.5896885301917791 0.38569006137549866 0.67333563882857561 10.449573179706936 1.1865580789744856 0.987559588626027 1.0406730584800241 1.928734505549073
leaf_count=253691 147 1635 5070 40061 142 159 22 137 634 105 209 1028 29 45 81 19 31 22 32 461 39 77 61 8 39 293 36 41 28 47
internal_value=-4.03141e-05 -0.00302673 -0.0212318 -0.0020816 -0.0191201 0.0122605 -0.0332527 0.000157154 0.00948517 -0.00841735 0.11112 0.0100692 0.0910595 -0.00115143 -0.0172999 0.0210026 0.0354202 0.26003 -0.0177122 -0.0424878 0.0775528 0.0879151 0.137034 0.289137 0.15996 0.0101341 0.0375763 0.168283 0.232679 0.152588
internal_weight=40678.1 3711.97 183.199 3528.77 132.08 36.8121 95.2677 83.0181 68.1484 57.9422 10.2063 42.3214 5.14987 37.1716 31.4664 19.1916 4.33236 0.828786 3.50357 14.8697 2.23426 5.70512 4.11664 1.52695 1.14126 18.3957 7.94613 5.14353 4.15597 3.11529
internal_count=304429 50738 8719 42019 1958 301 1657 3649 3002 2656 346 2022 219 1803 1573 545 190 53 137 647 186 230 153 92 84 526 233 152 111 83
cat_boundaries=0 1 2 3
cat_threshold=17027970 4194304 201218
is_linear=0
shrinkage=0.1


Tree=48
num_leaves=31
num_cat=3
split_feature=3 0 4 1 3 4 4 2 4 4 3 1 3 2 2 0 4 4 1 4 4 2 2 1 0 3 1 2 2 4
split_gain=3.52142 8.54319 4.94185 5.74236 8.11122 4.70616 4.45367 4.4395 7.90933 6.12344 3.78532 3.59224 3.49891 3.94459 3.76366 7.58417 5.97736 7.72128 6.16709 5.50213 5.17248 4.34547 4.7047 5.4096 4.45269 5.34881 4.36853 6.95632 4.79894 4.3035
threshold=0.19500000000000003 0 0.25865000000000005 5.5000000000000009 5.2350000000000003 0.61920000000000008 0.10100000000000002 1.3750000000000002 0.45785000000000003 0.46025000000000005 2.1100000000000003 4.5000000000000009 1.635 5.0050000000000008 5.4350000000000014 1 0.36735000000000001 0.31915000000000004 4.5000000000000009 0.10100000000000002 0.32815000000000005 5.5550000000000006 5.6050000000000013 2.5000000000000004 2 0.20500000000000004 2.5000000000000004 5.8150000000000004 5.8250000000000011 0.23670000000000005
decision_type=2 9 2 2 2 2 2 2 2 2 2 2 2 2 2 9 2 2 2 2 2 2 2 2 9 2 2 2 2 2
left_child=-1 7 6 5 -5 -4 -3 8 -2 -10 -11 -12 13 -9 15 29 17 -17 -18 -16 -19 -21 23 -23 25 26 28 -28 -24 -15
right_child=1 2 3 4 -6 -7 -8 12 9 10 11 -13 -14 14 19 16 18 20 -20 21 -22 22 24 -25 -26 -27 27 -29 -30 -31
leaf_value=0.00021004906460941994 -0.10154758230151556 0.0018249672779039061 -0.0048775905801982031 -0.03265463004268445 0.31014830351824096 0.067376692852003026 -0.030122943692553181 0.00045256144254619775 0.38941288516257644 -0.029478828198591763 -0.018072165293017917 0.16968661118186693 -0.021853449099444169 0.099748265236382902 -0.1262293294309397 0.055291716400081382 0.11065842055361708 -0.12467547491145557 -0.0027526549141694222 -0.030012739973851996 0.0035068662314149731 0.11839876659226918 -0.090504399866801311 0.0092211746004403454 -0.0089576079013742663 0.07975075001579085 0.11013422808252647 -0.017702990644304455 0.040047934910628642 -0.0062792892249772447
leaf_weight=37934.278680348769 11.460969009436669 57.480072458274662 954.07253046240658 93.110983083024621 0.69538994878530402 9.10043842718005 181.15432458976284 1009.7164566847496 0.40425611659884708 13.644504840485753 1.9458644613623608 2.1392005383968353 56.130948174744844 4.0243739113211623 3.2552481889724723 39.60371607542038 21.101465657353405 3.787640884518626 6.2046421095728865 29.495265781879425 18.642866916954517 8.4184581637382525 7.1631457656621951 9.8466201312839967 82.15497662499547 15.956248413771389 7.7383119687438038 9.4606387764215452 4.6391487568616867 78.494937233626842
leaf_count=272998 988 673 9032 3261 5 104 2125 11138 16 1017 15 38 629 29 22 289 121 27 58 204 129 48 40 73 550 103 58 65 27 547
internal_value=-4.00633e-05 -0.00350146 -0.00935748 -0.00649516 -0.0301134 -0.0041949 -0.0224276 0.00179988 -0.0365202 0.00457853 -0.00419617 0.0802503 0.00261359 0.00362363 0.0127722 0.0233296 0.0412812 0.0287407 0.0848885 0.00258628 -0.0181381 0.00498418 0.0120846 0.0595416 0.0052654 0.027199 0.00766393 0.0398147 -0.039188 -0.000988638
internal_weight=40675.3 2741.04 1295.61 1056.98 93.8064 963.173 238.634 1445.43 29.5948 18.1338 17.7296 4.08506 1415.84 1359.7 349.988 171.86 89.3403 62.0342 27.3061 178.128 22.4305 174.873 145.378 18.2651 127.112 44.9575 29.0012 17.199 11.8023 82.5193
internal_count=304429 31431 15200 12402 3266 9136 2798 16231 2074 1086 1070 53 14157 13528 2390 1200 624 445 179 1190 156 1168 964 121 843 293 190 123 67 576
cat_boundaries=0 1 2 3
cat_threshold=5199621 591105 918532
is_linear=0
shrinkage=0.1


Tree=49
num_leaves=31
num_cat=8
split_feature=1 2 4 0 2 4 2 0 2 2 0 0 3 4 4 0 4 4 4 0 3 2 3 2 3 0 0 1 2 1
split_gain=3.31706 5.56391 6.71284 8.72636 11.5332 8.17029 7.62891 13.7263 6.9061 7.61551 8.22113 6.72951 6.91888 7.33972 7.22006 6.13285 6.9148 6.70249 5.75315 5.67444 5.62191 5.41998 5.40316 9.67012 5.35318 11.3978 10.9369 6.74674 5.40328 5.32548
threshold=2.5000000000000004 6.3150000000000004 0.34154999999999996 0 6.2550000000000008 0.43235000000000001 6.285000000000001 1 6.1050000000000013 5.2250000000000005 2 3 0.16500000000000004 0.27215000000000006 0.28605000000000008 4 1.0000000180025095e-35 0.44295000000000001 0.43545000000000006 5 1.3150000000000002 6.1550000000000011 0.19500000000000003 4.035000000000001 0.15500000000000003 6 7 1.5000000000000002 3.5450000000000004 4.5000000000000009
decision_type=2 2 2 9 2 2 2 9 2 2 9 9 2 2 2 9 2 2 2 9 2 2 2 2 2 9 9 2 2 2
left_child=24 2 6 4 5 -4 11 -8 9 -7 -11 12 -2 -14 19 -3 29 18 -18 22 -5 -10 -15 -24 26 -26 27 -1 -29 -17
right_child=1 15 3 20 -6 8 7 -9 21 10 -12 -13 13 14 -16 16 17 -19 -20 -21 -22 -23 23 -25 25 -27 -28 28 -30 -31
leaf_value=-0.0020370201493333483 -0.001819680184089367 0.0044467545758478935 -0.0085960952462002908 0.0029604213936842679 0.029459526593361221 -0.0028862057240801675 0.015957165477700885 -0.051287799847131325 -0.073984867659493192 -0.0093854864617202508 0.028040847684598569 -0.00071267047680859271 -0.016942112212238115 -0.031022386435757394 -0.0087207739091556737 0.0035395552482812239 -0.0034849974341763772 0.0089898614300892039 -0.035487882483696158 0.018289633525766773 -0.043857727335324441 -0.0076637440498641745 -0.11047438779230961 0.13683926360897555 -0.0029893027044396447 0.0044689597719233046 -0.0046788529135103714 -0.09397301648906875 0.0092462751006833314 0.044315426791855406
leaf_weight=1012.3722395785153 1928.9169649584219 3627.6472324468195 2026.3113228464499 5288.5305232559331 98.619184285402298 371.08622587379068 45.529740281403065 74.271371454000473 18.709925822913647 78.235427193343639 214.70146089419723 4796.9493324961513 905.58592855557799 49.00860436167568 1108.8886752589606 74.275828622281551 2797.8277044221759 451.06983575969934 57.323849469423294 185.41525945719332 25.773123214486986 36.093570113182068 2.2858564881607881 5.1273513287305832 2808.0074402056634 7527.5691024251282 3695.5052759647369 5.0913691073656073 1298.9324208423495 56.313467871397734
leaf_count=7732 16231 22384 17814 46220 616 4544 306 498 117 568 1461 45156 10079 473 11506 399 17592 2753 343 1987 1201 231 37 51 17843 46608 22731 51 6512 385
internal_value=-3.76284e-05 -0.00077797 -0.00174555 0.000337535 -0.00412519 -0.00534675 -0.00361261 -0.0286808 0.00381287 0.00662877 0.0186821 -0.00327826 -0.00620231 -0.0099765 -0.00530645 0.00158604 -0.00144226 -0.00233792 -0.00412753 0.0103491 0.00272823 -0.0303058 -0.0161283 0.0605803 0.00106398 0.0024441 -0.00130872 0.00407051 0.00884327 0.0211232
internal_weight=40672 24324.5 17260 8158.06 2843.76 2745.14 9101.98 119.801 718.827 664.023 292.937 8982.18 4185.23 2256.31 1350.73 7064.46 3436.81 3306.22 2855.15 241.837 5314.3 54.8035 56.4218 7.41321 16347.5 10335.6 6011.9 2316.4 1304.02 130.589
internal_count=304429 202952 159096 72772 25351 24735 86324 804 6921 6573 2029 85520 40364 24133 14054 43856 21472 20688 17935 2548 47421 348 561 88 101477 64451 37026 14295 6563 784
cat_boundaries=0 1 2 3 4 5 6 7 8
cat_threshold=9533953 9190402 12800 21988408 23166225 4456448 1583504 5818784
is_linear=0
shrinkage=0.1


Tree=50
num_leaves=31
num_cat=5
split_feature=1 3 0 0 4 2 3 0 4 4 1 2 4 3 3 3 4 2 0 2 0 4 2 3 2 2 3 4 2 4
split_gain=2.88505 5.19095 9.51647 5.7778 4.89244 4.21327 9.39722 5.23605 9.26443 6.31006 14.786 13.3176 15.1036 5.92282 4.99859 10.4096 7.28901 4.92502 5.92031 4.6961 4.63858 4.46387 4.87704 4.38365 4.12044 4.42891 3.7303 3.70218 13.355 11.4851
threshold=4.5000000000000009 0.20500000000000004 0 1 0.24035000000000004 3.7850000000000006 2.6950000000000007 2 0.32095000000000007 0.29640000000000005 5.5000000000000009 1.7050000000000003 0.27555000000000007 0.23500000000000001 1.1850000000000003 1.2850000000000004 0.44865000000000005 4.3650000000000011 3 4.4250000000000007 4 0.23104999999999992 5.455000000000001 1.5350000000000004 1.0000000180025095e-35 2.2850000000000006 1.2250000000000003 0.27675000000000005 7.3050000000000006 0.27075000000000005
decision_type=2 2 9 9 2 2 2 9 2 2 2 2 2 2 2 2 2 2 9 2 9 2 2 2 2 2 2 2 2 2
left_child=-1 3 -3 4 -2 6 7 8 9 11 -11 12 13 -4 -9 16 -16 18 -7 -19 21 -21 -23 -10 -17 -26 -18 28 29 -6
right_child=1 2 5 -5 27 17 -8 14 23 10 -12 -13 -14 -15 15 24 26 19 -20 20 -22 22 -24 -25 25 -27 -28 -29 -30 -31
leaf_value=0.0004142025422478552 -0.017682435928648123 -0.033891205996092619 0.45989230649550966 0.00032065950045776664 -0.011865216266414073 -0.032214077644089435 0.3817007239882248 -0.064600654428483936 -0.041466695609087792 0.42811837024550387 -0.1034914209735401 0.0015059406640532381 1.0448731314431332 -0.1008497147436249 -0.10089017729163011 -0.083762582523762466 0.25414846393465351 -0.10751293768631781 0.060229377671050167 0.18363322025979556 -0.014616495041646603 -0.012883933533443871 0.069955963621875075 0.068173221444793347 0.11568225108440414 -0.062633149716171163 0.65477965217306799 -0.0051795482593927199 0.13027611812374373 0.049726330174546168
leaf_weight=31644.497832456604 292.61916555371135 127.98392434930429 0.35628566518425742 6551.8571064807475 119.40367973223329 5.6751386485993862 0.58947091549634834 33.265479958150536 17.767980904318396 1.4965137988328936 0.80443105660378922 6.6123669557273388 0.26169654540717602 0.39966745721176267 0.37339758547022828 5.4805089831352216 0.56153168482705951 3.7522271592169991 21.47024039179087 2.0548548661172417 40.887958223000169 13.406828274950387 15.123929500579832 4.5884086070582262 3.191910152323544 2.4713597744703293 0.39652553852647543 1697.6863233884797 8.8015235960483533 40.559817031957209
leaf_count=202953 3623 4149 27 67810 1490 112 4 1704 1111 35 33 213 19 50 47 419 40 63 385 32 513 189 147 147 147 104 24 18284 66 489
internal_value=-3.54956e-05 -0.00161317 -0.014351 -0.00116137 -0.00563407 0.00126908 -0.0160714 -0.0190764 0.0127793 0.0971082 0.242263 0.0533346 0.390101 0.163432 -0.0363989 0.00962498 0.273894 0.0147099 0.0512232 0.00153404 0.0072588 0.0311099 0.0310288 -0.0189643 -0.0219498 0.0378683 0.419964 -0.00377534 0.0103503 0.00375173
internal_weight=40664.4 9019.9 308.973 8710.93 2159.07 180.989 78.6175 78.0281 32.2874 9.93096 2.30094 7.63002 1.01765 0.755953 45.7407 12.4752 1.33145 102.371 27.1454 75.2258 71.4736 30.5856 28.5308 22.3564 11.1438 5.66327 0.958057 1866.45 168.765 159.963
internal_count=304429 101476 9714 91762 23952 5565 4124 4120 1635 377 68 309 96 77 2485 781 111 1441 497 944 881 368 336 1258 670 251 64 20329 2045 1979
cat_boundaries=0 1 2 3 4 5
cat_threshold=26456099 4462208 4211088 16528 6292616
is_linear=0
shrinkage=0.1


Tree=51
num_leaves=31
num_cat=5
split_feature=3 0 4 3 3 1 3 4 4 0 4 0 3 1 2 0 2 1 3 0 2 2 1 2 2 2 2 1 3 1
split_gain=2.72401 6.90054 8.18687 4.33335 3.6081 3.5312 5.04265 3.30572 2.81018 11.0777 10.3294 17.4395 6.90165 6.8601 6.35562 10.6798 5.74731 5.20261 4.90566 4.82608 8.14362 7.12271 5.50698 5.31536 4.91516 6.71316 4.81376 4.69673 4.53136 4.17279
threshold=0.29500000000000004 0 0.47210000000000002 1.1850000000000003 2.8550000000000004 3.5000000000000004 3.4650000000000003 0.48640000000000005 1.0000000180025095e-35 1 0.15829999999999991 2 0.12500000000000003 4.5000000000000009 5.0050000000000008 3 3.6750000000000003 1.5000000000000002 0.20500000000000004 4 5.4150000000000009 4.4450000000000012 4.5000000000000009 5.7350000000000012 4.8050000000000006 5.0050000000000008 5.285000000000001 5.5000000000000009 0.21500000000000002 4.5000000000000009
decision_type=2 9 2 2 2 2 2 2 2 9 2 9 2 2 2 9 2 2 2 9 2 2 2 2 2 2 2 2 2 2
left_child=8 2 -2 -4 -3 -6 -7 -5 9 12 11 13 -1 18 15 16 -13 -16 -10 20 24 -21 23 -22 -11 29 -27 -23 -20 -26
right_child=1 4 3 7 5 6 -8 -9 10 19 -12 14 -14 -15 17 -17 -18 -19 28 21 22 27 -24 -25 25 26 -28 -29 -30 -31
leaf_value=0.059424075948232374 -0.037116430886677779 -0.056363691091706872 -0.10162524702556977 0.11762401331251214 -0.042523783602936099 0.12468060343692618 -0.006881030642391428 0.03022119584006603 -0.022252709070286383 -0.018576475392015745 7.0396699371645403e-05 -0.10905460342204246 0.010439652886731935 -0.053494764096777572 -0.017132874931447259 -0.036255712153861148 0.032085662568585964 0.019296825779832421 0.11862614165384466 -0.021808404232107215 -0.090459605638076271 0.0016936911331834111 -0.07640308264840906 -0.013637067810030252 0.10536395288786789 -0.038969062028299591 0.042479092216466854 0.031370437915735454 -0.06096211865673954 -0.033318525131904135
leaf_weight=29.797582015395164 24.854539793916047 38.976565621327609 2.3113797064870587 4.7708605555817476 23.967293493449688 3.3947985805571106 20.545135654509068 46.542180624324828 293.86500151641667 47.810986462980509 37946.72186094895 3.0706435376778236 828.56444326881319 78.69010463077575 48.110892534255981 74.395585484802723 47.750559514388442 211.709387794137 4.6591558419167987 122.96855977829546 10.373120933771132 546.62553222477436 26.577644869685173 68.361166834831238 12.595710769295691 15.357401326298715 13.756291776895521 59.094221975654364 2.0115948691964149 2.6211015433073035
leaf_count=192 810 2406 267 95 197 43 220 841 1940 471 279859 57 6538 981 344 758 428 1381 41 1412 61 3484 221 399 80 112 96 631 29 35
internal_value=-3.48727e-05 -0.0128434 0.00915836 0.0323143 -0.0302852 -0.0153899 0.011775 0.0383475 1.74309e-05 0.00389734 -0.000161426 -0.0116717 0.0120003 -0.0265109 0.00354007 -0.0148749 0.0196846 0.0125511 -0.0203278 -0.00370221 -0.0171782 0.000132503 -0.0370443 -0.0237583 0.00366322 0.027649 -0.000484608 0.00458896 0.0644705 0.0814758
internal_weight=40660.9 165.363 78.479 53.6244 86.8838 47.9072 23.9399 51.313 40495.5 1784.5 38711 764.263 858.362 379.226 385.037 125.217 50.8212 259.82 300.536 926.142 197.453 728.688 105.312 78.7343 92.1415 44.3305 29.1137 605.72 6.67075 15.2168
internal_count=304429 4879 2013 1203 2866 460 263 936 299550 13732 285818 5959 6730 2991 2968 1243 485 1725 2010 7002 1475 5527 681 460 794 323 208 4115 70 115
cat_boundaries=0 1 2 3 4 5
cat_threshold=17161245 5836451 31726618 1261604 16797696
is_linear=0
shrinkage=0.1


Tree=52
num_leaves=31
num_cat=2
split_feature=1 2 0 2 2 2 4 4 2 3 4 2 0 2 3 3 4 4 2 2 4 2 3 4 3 2 2 3 2 2
split_gain=2.52963 4.56279 8.38219 4.66853 7.49471 8.68677 5.06506 4.44694 4.09004 7.44405 12.4997 5.94336 3.24829 5.11186 3.47612 4.80435 4.87305 5.39808 4.50832 3.8044 3.36665 3.13005 2.79433 3.82708 2.77924 4.02657 5.63298 7.11778 5.18801 4.94443
threshold=5.5000000000000009 4.1450000000000005 0 3.6350000000000002 3.7550000000000003 3.7150000000000003 0.45475000000000004 0.42010000000000008 4.035000000000001 0.19500000000000003 0.36735000000000001 4.0150000000000006 1 4.2650000000000006 0.115 0.10500000000000002 0.37365000000000004 0.42735000000000001 6.4050000000000011 7.3050000000000006 0.65415000000000012 6.8150000000000004 0.18500000000000003 0.35010000000000002 0.14500000000000005 6.1550000000000011 6.3750000000000009 0.17500000000000002 6.245000000000001 6.1050000000000013
decision_type=2 2 9 2 2 2 2 2 2 2 2 2 9 2 2 2 2 2 2 2 2 2 2 2 2 2 2 2 2 2
left_child=-1 2 3 -2 5 7 8 22 9 11 -11 -6 13 -3 15 -14 18 -18 -17 21 -16 -20 23 -5 -15 29 27 -27 -29 -26
right_child=1 12 -4 4 6 -7 -8 -9 -10 10 -12 -13 14 24 20 16 17 -19 19 -21 -22 -23 -24 -25 25 26 -28 28 -30 -31
leaf_value=0.00021545774139492698 -0.0098510110124952147 -0.072356609369538236 -0.025608921910142149 0.12871719602255824 0.010776739805918544 0.24325026411410713 -0.08541574891276156 0.19087616364957086 -0.022409787599742333 0.065961621964416822 0.46868585313296346 0.24546575807336224 -0.081847947120593845 -0.017061200456815199 3.1724097221040392e-05 0.22440301123456413 -0.091761695701491078 0.090143455127260408 0.081470679608024232 0.16721502666388396 -0.051571891897807844 -0.03709766319787576 -0.10484000603601706 -0.055717543571556408 -0.0073722900881056548 0.026866138641787465 -4.6036601857408994e-05 0.053000576476175704 0.26105230167928778 -0.080786529608361773
leaf_weight=36964.412156640086 67.853710447903723 12.016944227740167 202.59397429740056 2.5639232434332353 20.613580606877811 3.1551477629691362 4.8614527098834506 1.6862787343561647 13.200308997184036 2.930750953033566 1.0456822384148834 1.1386680118739594 2.92362713813782 181.83286305889487 2661.776992328465 2.0764899924397495 3.8788912594318381 2.8154709190130234 5.5717841461300832 2.7927643805742255 12.702969219535587 3.7082537040114403 1.6266684550791977 2.0048072449862957 286.03893785923719 34.330534510314465 142.07152679562569 2.3990439325571051 2.3951809033751488 9.4779037088155729
leaf_count=253691 2690 268 8539 54 410 66 93 34 262 72 24 22 25 1846 29828 21 31 19 48 21 125 29 39 40 4393 346 1249 23 22 99
internal_value=-3.38951e-05 -0.00252901 -0.0138393 0.00710513 0.0293858 0.103031 0.0108244 0.0468997 0.0228428 0.0460601 0.171866 0.023062 -0.00143695 -0.00760846 0.000124519 0.0381997 0.0550381 -0.0152572 0.0882964 0.0648865 -0.000213377 0.0340914 0.00771188 0.0477853 -0.00654249 -0.00253033 0.00920663 0.0428053 0.156943 -0.00972685
internal_weight=40658.5 3694.09 325.275 122.681 54.8273 11.0368 43.7904 7.88168 38.929 25.7287 3.97643 21.7522 3368.81 670.563 2698.25 23.7673 20.8437 6.69436 14.1493 12.0728 2674.48 9.28004 6.1954 4.56873 658.546 476.713 181.196 39.1248 4.79422 295.517
internal_count=304429 50738 12345 3806 1116 233 883 167 790 528 96 432 38393 8246 30147 194 169 50 119 98 29953 77 133 94 7978 6132 1640 391 45 4492
cat_boundaries=0 1 2
cat_threshold=49687 6553730
is_linear=0
shrinkage=0.1


Tree=53
num_leaves=31
num_cat=4
split_feature=3 0 4 0 4 0 4 2 2 1 0 3 2 2 4 4 1 4 4 4 3 2 4 2 3 4 4 4 4 2
split_gain=2.48892 6.91496 4.17985 7.12197 3.88895 7.30607 9.74721 5.70609 13.1971 4.5106 9.50807 8.13415 4.98183 10.9128 6.75271 6.01818 4.16669 3.96979 4.98649 4.99251 4.22455 6.37795 5.95964 4.39281 3.87487 4.6071 4.01702 3.82904 3.61319 3.49517
threshold=0.19500000000000003 0 0.28255000000000002 1 0.30785000000000001 2 0.30695000000000006 4.4850000000000012 5.6550000000000011 1.5000000000000002 3 2.4650000000000003 3.7850000000000006 3.7150000000000003 0.32975000000000004 0.33265000000000006 4.5000000000000009 0.34315000000000007 0.36380000000000007 0.36945 0.20500000000000004 4.4250000000000007 0.48640000000000005 4.2250000000000005 0.21500000000000002 0.57985000000000009 0.54585000000000006 0.28135000000000004 0.41045000000000004 5.9050000000000011
decision_type=2 9 2 9 2 9 2 2 2 2 9 2 2 2 2 2 2 2 2 2 2 2 2 2 2 2 2 2 2 2
left_child=-1 24 3 27 5 6 7 16 -9 10 12 29 13 14 -6 -14 -4 -17 -19 -20 23 28 -23 -21 25 26 -2 -3 -22 -12
right_child=1 2 4 -5 9 -7 -8 8 -10 -11 11 -13 15 -15 -16 17 -18 18 19 20 21 22 -24 -25 -26 -27 -28 -29 -30 -31
leaf_value=0.00017696612528407947 0.0055175719528411209 -0.0018955090499551495 0.024220007753774087 -0.030972904373542505 -0.084074637165272789 -0.0063389747551429697 0.25102007321888875 0.11999979691194751 -0.065846788022550312 -0.009881696182861938 -0.018369026226928761 0.14408179417779493 0.097560791005952718 0.27617043927786517 0.085836482455156737 -0.057704075341526884 -0.07036556063847442 0.072166778612725607 -0.12402304501293189 -0.12390198726422662 0.20504927067024836 -0.067596144301232106 0.10559111903582888 0.0031682443285858727 -0.0076056050744052325 0.07898831783351018 -0.11402267570031095 -0.11778044025542996 0.054115010917268364 -0.11917245581213164
leaf_weight=37930.109628483653 916.77051936089993 210.55186802707613 26.729030407965183 170.41040587797761 2.9883966334164169 106.50508562335745 2.1532871052622786 15.738855846226217 5.0459458902478209 807.19822963047773 77.602725358679891 3.0283311530947676 9.0469049960374814 2.4966513514518729 10.764143006876109 7.5671934783458701 5.6401409194804719 13.351307034492491 2.9564533829689017 3.4087809026241365 3.0473306924104682 5.5407711416482908 3.0978721305727959 13.474428936839102 279.26341564627364 8.528753284364937 2.8197458982467642 2.8903986886143676 3.3074864596128464 3.5992141738533965
leaf_count=272998 8314 2410 242 1961 27 1132 20 126 36 10522 534 23 59 16 91 49 157 90 19 22 20 39 24 89 5225 71 38 28 20 27
internal_value=-3.27725e-05 -0.00295163 -0.00741507 -0.0164838 -0.00441149 0.00994301 0.0359443 0.0339938 0.0748816 -0.00679996 0.00825087 -0.0150492 0.0305529 0.0838324 0.0489152 0.0219073 0.00773902 0.00963094 0.0202057 0.000289317 0.0118189 0.0504494 -0.0054901 -0.0224877 0.00269968 0.00582954 0.00515102 -0.00330974 0.126493 -0.0228371
internal_weight=40655.6 2725.52 1518.14 383.853 1134.29 161.812 55.3073 53.154 20.7848 972.476 165.278 84.2303 81.0477 16.2492 13.7525 64.7985 32.3692 55.7516 48.1844 34.8331 31.8767 14.9935 8.63864 16.8832 1207.38 928.119 919.59 213.442 6.35482 81.2019
internal_count=304429 31431 17783 4399 13384 1713 581 561 162 11671 1149 584 565 134 118 431 399 372 323 233 214 103 63 111 13648 8423 8352 2438 40 561
cat_boundaries=0 1 2 3 4
cat_threshold=1004293 13664432 5253128 18885792
is_linear=0
shrinkage=0.1


Tree=54
num_leaves=31
num_cat=8
split_feature=1 1 3 0 2 3 0 4 0 2 2 4 4 3 0 4 2 0 2 2 4 0 2 4 2 4 2 2 0 0
split_gain=2.26899 4.4177 7.65007 8.5086 18.405 7.96229 7.14869 12.9521 9.65382 8.07101 6.23165 13.8809 5.63178 5.75287 5.3707 4.91673 4.88284 4.76614 8.85213 4.75043 6.09538 5.94926 4.8703 4.6498 9.34396 4.34864 4.3046 10.0055 12.0598 7.09911
threshold=2.5000000000000004 1.5000000000000002 0.14500000000000005 0 6.6750000000000007 0.13500000000000004 1 0.43235000000000001 2 6.6750000000000007 6.3050000000000006 0.57985000000000009 1.0000000180025095e-35 0.12500000000000003 3 0.61920000000000008 6.455000000000001 4 3.4550000000000005 3.9550000000000005 0.24035000000000004 5 3.9250000000000003 0.30145000000000005 6.5550000000000006 0.24494999999999997 5.995000000000001 6.0150000000000006 6 7
decision_type=2 2 2 9 2 2 9 2 9 2 2 2 2 2 9 2 2 9 2 2 2 9 2 2 2 2 2 2 9 9
left_child=1 2 3 4 5 16 7 12 9 15 -10 -12 13 -3 -4 -9 -1 -15 -19 20 22 -22 -8 24 -18 -23 -2 28 -28 -29
right_child=26 6 14 -5 -6 -7 19 8 10 -11 11 -13 -14 17 -16 -17 23 18 -20 -21 21 25 -24 -25 -26 -27 27 29 -30 -31
leaf_value=-0.0078642939420792927 -0.0017277766867779484 0.12709229751742046 -0.002835032170447423 -0.013148164963663504 -0.022753785423865296 0.031275919982483302 -0.042418661292132342 0.046440725513496484 -0.0058982806681204753 -0.014181337423841015 0.036330528396294005 -0.095355432035867688 -0.0042858258288207872 -0.011379590997066919 0.0033255407106413228 -0.063172290004617035 0.20270295472626831 0.21469329786037716 0.021781861443763529 0.0054597758804342672 0.018566804894264953 0.10708981364571997 0.079004907704726124 0.0081252618544386812 0.0026202099081073108 -0.011743168815861051 0.054744830523118196 0.0038198811292537126 -0.0034518060237426818 -0.0017072286638231922
leaf_weight=127.44745081663132 14619.217766878661 4.4777542203664771 2490.8171760942787 925.22130062058568 180.59668909758329 178.4919258505106 56.588548338040709 143.03277180157602 228.14760318025947 29.279802083969116 88.120094701647758 8.8043541982769948 3083.8114834483713 54.149093735963106 3250.7347087431699 4.2126780301332465 4.3745296522974986 2.4424833916127673 91.024140052497387 5061.33539583534 99.956425100564957 3.1231752708554259 3.5080986320972434 16.878810741007328 5.0039396658539772 220.19847142882645 65.30722464621067 3982.4735004715621 73.326393384486437 5551.5755839534104
leaf_count=908 141775 22 17462 7203 1587 1287 502 779 1268 147 421 44 17598 316 22076 23 35 27 515 26477 784 27 25 141 40 1763 444 24984 499 35250
internal_value=-3.18523e-05 0.000878443 -0.000979821 -0.00750236 0.0028844 0.0169093 0.00233142 -0.00103885 0.0139104 0.0319592 0.00303286 0.0243685 -0.00335935 0.0154258 0.000653797 0.0433047 0.000225771 0.0120385 0.0242306 0.00463832 -0.00608564 -0.000649064 -0.0353306 0.0394933 0.0959476 -0.0096492 -0.00064498 0.00099155 0.0276632 0.00060372
internal_weight=40653.7 16361.8 7179.57 1438.01 512.793 332.197 9182.21 3737.5 501.597 176.525 325.072 96.9244 3235.9 152.093 5741.55 147.245 153.705 147.616 93.4666 5444.71 383.375 323.278 60.0966 26.2573 9.37847 223.322 24291.9 9672.68 138.634 9534.05
internal_count=304429 101477 50739 11201 3998 2411 50738 21160 2682 949 1733 465 18478 880 39538 802 1124 858 542 29578 3101 2574 527 216 75 1790 202952 61177 943 60234
cat_boundaries=0 1 2 3 4 5 6 7 8
cat_threshold=9546004 3164478 2113548 2075280 3145984 4521985 2811030 27736320
is_linear=0
shrinkage=0.1


Tree=55
num_leaves=31
num_cat=5
split_feature=4 0 4 0 0 2 3 2 2 4 0 2 2 1 2 2 2 1 2 2 1 3 2 2 0 1 1 2 3 2
split_gain=2.05516 8.84624 8.39885 14.1388 5.47231 5.69656 5.10594 10.4115 9.77397 4.52975 4.15987 6.7061 6.10679 4.91179 4.72467 4.19348 4.77967 6.87458 4.86382 4.10493 7.47029 4.05636 5.11989 10.7812 3.43781 4.5206 3.41516 7.77575 5.34322 9.75755
threshold=1.0000000180025095e-35 0 0.11610000000000002 1 2 4.9650000000000007 0.12500000000000003 4.8050000000000006 6.535000000000001 0.10100000000000002 3 5.4150000000000009 4.4450000000000012 4.5000000000000009 5.9050000000000011 6.6950000000000012 6.5650000000000004 3.5000000000000004 6.5150000000000006 5.205000000000001 2.5000000000000004 0.14500000000000005 4.8050000000000006 4.9250000000000007 4 5.5000000000000009 1.5000000000000002 5.7550000000000008 0.16500000000000004 5.535000000000001
decision_type=2 9 2 9 9 2 2 2 2 2 9 2 2 2 2 2 2 2 2 2 2 2 2 2 9 2 2 2 2 2
left_child=1 6 3 9 5 -5 7 -1 -9 19 11 21 -12 14 -13 16 18 -18 26 20 -2 -3 -23 -24 25 -17 27 28 29 -14
right_child=2 10 -4 4 -6 -7 -8 8 -10 -11 12 13 15 -15 -16 24 17 -19 -20 -21 -22 22 23 -25 -26 -27 -28 -29 -30 -31
leaf_value=0.22097776915698097 0.12149270355290723 -0.083845720448252614 -5.086545408570191e-05 -0.085853843814271857 -0.012305379705492754 -0.032538631566331432 0.0091025620122577519 -0.036945987708299502 0.082884199083074261 0.010104461275745116 -0.020436019473933718 -0.068695311791017538 0.039343655428002396 -0.072865211704918623 -0.0090522227401058902 -0.037493746299845858 -0.085679622166683261 0.0207887099282545 0.10367952470774429 0.15494304129560665 -0.020989189933865816 -0.015142546821118133 0.16920963877871897 0.01404614265448988 0.031696737043686328 0.08945283064480776 -0.0021718352643700532 -0.015302303183678459 0.016472770088260882 0.1852017307837508
leaf_weight=3.2100411877036121 7.2827025353908557 5.1291671348735681 38542.327989258803 28.877023245673627 170.15377977956086 65.491490989923477 838.46574986120686 12.052155725657942 15.639484345912932 22.315870013087988 121.72505798190832 16.988847374916077 15.818889334797861 25.194596510380507 60.865111313760281 18.110058985650543 14.786209277808668 10.281774953007696 4.7291318923234931 4.928134210407733 7.4379362193867564 46.354555839672685 5.1128973215818396 36.064579289406538 71.344239421188831 3.3192711323499671 398.15208031982183 37.086476847529411 28.92157007753849 6.4592611640691748
leaf_count=26 46 43 288111 291 1294 441 6663 78 88 166 1483 103 99 221 357 109 87 66 29 31 86 484 38 255 426 23 2799 265 180 41
internal_value=-2.9098e-05 0.00327825 -0.000181982 -0.0166706 -0.0248689 -0.0441724 0.0104536 0.0504935 0.0307308 0.0330561 -0.00352974 -0.0161105 1.17264e-05 -0.0344869 -0.0220672 0.00409889 0.000581151 -0.042011 0.00275495 0.0759467 0.0495005 0.00258722 0.00765198 0.0333124 0.0236732 -0.0121573 0.00177377 0.0195676 0.0448256 0.0816333
internal_weight=40644.6 1795.81 38848.8 306.487 264.522 94.3685 869.367 30.9017 27.6916 41.9646 926.444 195.71 730.734 103.049 77.854 609.009 516.235 25.068 491.167 19.6488 14.7206 92.6612 87.532 41.1775 92.7736 21.4293 486.438 88.2862 51.1997 22.2782
internal_count=304429 13963 290466 2355 2026 732 6855 192 166 329 7108 1501 5607 681 460 4124 3566 153 3413 163 132 820 777 293 558 132 3384 585 320 140
cat_boundaries=0 1 2 3 4 5
cat_threshold=5836451 1196036 34362 16797696 33024
is_linear=0
shrinkage=0.1


Tree=56
num_leaves=31
num_cat=5
split_feature=3 0 4 0 3 2 2 2 4 2 2 0 4 4 0 1 1 4 2 2 1 4 1 1 3 4 4 2 0 4
split_gain=2.00365 5.67854 3.5606 6.07217 3.51217 4.11499 5.95441 6.40881 3.42778 3.39768 3.34134 3.9993 4.24366 3.60897 6.33133 6.86888 8.57743 6.06913 4.75571 6.14633 5.6238 4.66776 11.4567 7.03746 3.14434 3.50512 3.55283 3.47916 3.07172 9.01436
threshold=0.19500000000000003 0 0.28255000000000002 1 0.20500000000000004 5.6450000000000005 4.4450000000000012 3.4950000000000006 0.28135000000000004 1.8750000000000002 2.2850000000000006 2 0.5011500000000001 0.30785000000000001 3 3.5000000000000004 5.5000000000000009 0.30695000000000006 5.6550000000000011 4.4850000000000012 3.5000000000000004 0.29925000000000007 2.5000000000000004 2.5000000000000004 0.21500000000000002 0.57985000000000009 0.54585000000000006 6.6450000000000005 4 0.36660000000000009
decision_type=2 9 2 9 2 2 2 2 2 2 2 9 2 2 9 2 2 2 2 2 2 2 2 2 2 2 2 2 9 2
left_child=-1 24 3 8 5 6 7 -5 -3 -4 11 12 -11 14 17 -16 -17 18 19 20 -12 23 -23 -21 25 26 27 28 29 -2
right_child=1 2 9 4 -6 -7 -8 -9 -10 10 13 -13 -14 -15 15 16 -18 -19 -20 21 -22 22 -24 -25 -26 -27 -28 -29 -30 -31
leaf_value=0.00016081115232278347 0.0010185744151281649 -0.0017337580662509485 -0.033900106698967057 0.028672928975935871 -0.046332704755153192 -0.064161811692820883 0.016524721476337528 -0.069489668149340419 -0.11595295593678395 0.1178517046407388 0.043573716460362462 -0.024067296608359476 -0.10577597152842683 -0.0060593029141963834 -0.025160769069273621 0.053409627718070868 -0.074805799665111472 0.1913679198750653 -0.06188592634718923 -0.055864350855790494 -0.047522514387367709 0.28608331364997497 0.034419308582957608 0.11110558052117137 -0.0068621966189169109 0.067449412108295012 -0.11257826669288391 0.07955174231692963 0.0016149764803021439 0.050800770243470406
leaf_weight=37924.862728321925 110.44502186216414 210.22709475085139 36.634171646088362 9.4561846787109989 75.803593942895532 15.467465624213217 43.49555717036128 22.420068176463246 2.660702269524335 10.313286148011681 21.971152156591419 6.71498809847981 0.92465468030423004 917.11253147944808 66.300665576010942 28.287949213758111 6.3977228216826907 2.5211487188935271 4.846617102622985 4.1172714084386843 9.7994390521198493 3.3555959165096274 3.9245167449116707 6.5243703722953796 277.52784790471196 8.9769505821168405 2.5776536073535672 6.2154764607548705 748.84061719849706 54.235377036035061
leaf_count=272998 1029 2410 2914 202 1026 111 371 251 28 297 170 231 25 8445 482 324 144 20 36 24 161 19 35 57 5225 71 38 37 6784 464
internal_value=-2.71589e-05 -0.00264985 -0.00671442 -0.0151389 -0.0287172 -0.0171786 -0.00753696 -0.0403694 -0.00301945 -0.00394371 -0.00293976 0.0398457 0.0526243 -0.00365419 0.0103022 -0.00572966 0.0297605 0.0337629 0.032668 0.0418901 0.0154757 0.0887159 0.150418 0.0465046 0.00246018 0.00526469 0.00465944 0.00498801 0.00448069 0.0164168
internal_weight=40643 2718.1 1509.28 379.531 166.643 90.8393 75.3718 31.8763 212.888 1129.75 1093.11 17.9529 11.2379 1075.16 158.046 100.986 34.6857 57.0601 54.539 49.6923 31.7706 17.9218 7.28011 10.6416 1208.82 931.291 922.314 919.736 913.521 164.68
internal_count=304429 31431 17783 4399 1961 935 824 453 2438 13384 10470 553 322 9917 1472 950 468 522 502 466 331 135 54 81 13648 8423 8352 8314 8277 1493
cat_boundaries=0 1 2 3 4 5
cat_threshold=1004293 13664432 18875546 6301704 131584
is_linear=0
shrinkage=0.1


Tree=57
num_leaves=31
num_cat=2
split_feature=1 2 0 3 4 3 4 4 3 4 4 4 3 0 2 2 4 2 4 2 4 4 4 2 4 2 2 2 4 2
split_gain=1.94406 3.51285 5.48449 3.87514 6.08884 4.05116 3.69335 5.43672 5.23207 3.59476 3.17864 9.95797 4.19773 3.17615 3.04548 6.78008 12.872 12.6693 6.72036 4.05577 4.32094 5.02676 8.7434 3.89315 3.67615 8.75792 4.6726 4.91598 3.87215 4.24844
threshold=5.5000000000000009 2.9150000000000005 0 1.4450000000000001 0.44295000000000001 1.5450000000000002 0.51735000000000009 0.51075000000000015 0.13500000000000004 0.57985000000000009 0.28335000000000005 0.27675000000000005 0.18500000000000003 1 4.2650000000000006 4.3650000000000011 0.32895000000000002 4.3450000000000006 0.34525000000000006 4.1850000000000014 0.25865000000000005 0.27675000000000005 0.27425000000000005 3.9850000000000008 1.0000000180025095e-35 5.1850000000000014 5.2650000000000006 7.0050000000000008 0.34734999999999999 4.4050000000000011
decision_type=2 2 9 2 2 2 2 2 2 2 2 2 2 9 2 2 2 2 2 2 2 2 2 2 2 2 2 2 2 2
left_child=-1 2 3 6 -5 -6 7 8 -2 -7 11 12 -10 14 19 16 -16 18 -18 20 -3 22 23 -22 25 -17 -27 -28 -26 -30
right_child=1 13 -4 4 5 9 -8 -9 10 -11 -12 -13 -14 -15 15 24 17 -19 -20 -21 21 -23 -24 -25 28 26 27 -29 29 -31
leaf_value=0.00019196865417052029 0.25444366939704344 -0.063399212310020062 -0.034063591612584009 0.40033461838354012 0.25657304592711688 -0.10279881307915979 -0.10198890387465553 0.37111275886946715 -0.1032295472709224 0.10267760113351208 -0.026474292781030653 0.24754223916457879 0.053230729902811628 0.00021081921864281509 -0.066951982792693016 -0.060026670947746122 0.29039398023987129 0.37917840048265344 0.040949431425376381 -0.079651811923847543 -0.10343222176564187 -0.010239770261438288 0.41148481398156422 0.15440829166259193 -0.013939549703252035 0.21110259988313118 0.019900291700145897 0.12031037097972314 0.10480271176334702 -0.0016290703332904198
leaf_weight=36958.097907229327 0.84050226956606877 14.975411521270869 68.05870522884652 0.59015303757041593 0.82529362151399244 1.5530299041420224 3.0163643849082282 0.42146705463528533 2.7745214011520165 1.8846605513244865 15.778385934419928 1.9585245624184606 4.4894159617833793 2548.8184496108443 5.2610682211816302 10.7542781047523 1.2626732252538166 1.6499976068735129 7.4676183871924877 11.641249641776083 1.1832482200115917 51.07535345479846 0.77590722404420365 1.1593828555196521 448.83388418518007 1.5620812848210324 33.076206408441067 5.7189671471714965 3.7833415586501351 431.82958912104368
leaf_count=253691 43 496 4753 26 45 67 249 25 111 34 943 49 265 30559 122 196 26 34 137 262 39 1453 22 31 5678 21 301 37 67 4647
internal_value=-2.63643e-05 -0.00221728 -0.0204988 0.0127835 0.0992903 0.0576148 0.00281069 0.0148472 0.00903663 0.00985045 0.000786303 0.0474255 -0.00653058 -0.00169555 -0.00634439 -0.00482249 0.0604725 0.125055 0.0770269 -0.0250434 -0.0158527 -0.00271421 0.120539 0.0241747 -0.00591414 0.0201617 0.04153 0.0347022 -0.00742104 -0.0007047
internal_weight=40641.1 3683.02 102.191 34.1323 4.85314 4.26298 29.2792 26.2628 25.8414 3.43769 25.0008 9.22246 7.26394 3580.83 1032.01 951.2 15.6414 10.3803 8.73029 80.8106 69.1693 54.1939 3.11854 2.34263 935.558 51.1115 40.3573 38.7952 884.447 435.613
internal_count=304429 50738 6610 1857 172 146 1685 1436 1411 101 1368 425 376 44128 13569 11266 319 197 163 2303 2041 1545 92 70 10947 555 359 338 10392 4714
cat_boundaries=0 1 2
cat_threshold=118819 6684834
is_linear=0
shrinkage=0.1


Tree=58
num_leaves=31
num_cat=8
split_feature=4 4 0 2 2 2 0 4 0 2 0 4 4 2 0 2 0 2 4 4 0 1 4 3 2 2 2 2 0 3
split_gain=1.83812 4.68429 14.3574 8.40414 7.84088 7.83611 8.46501 5.52609 5.36435 6.01895 5.34423 5.63445 9.72978 26.4619 8.69736 6.8421 6.56142 5.38025 5.06175 5.05089 5.01659 13.9796 20.9888 6.80963 6.31144 5.4098 4.94402 5.24398 7.91637 8.62182
threshold=0.34075000000000005 0.35095000000000004 0 6.3750000000000009 5.0450000000000008 5.495000000000001 1 0.34790000000000004 2 5.5850000000000009 3 0.35455000000000009 0.35645000000000004 4.3050000000000006 4 7.6050000000000013 5 3.2650000000000001 0.61920000000000008 0.43085000000000001 6 3.5000000000000004 0.34675000000000006 0.14500000000000005 6.8250000000000011 6.8850000000000007 7.535000000000001 4.245000000000001 7 0.17500000000000002
decision_type=2 2 9 2 2 2 9 2 9 2 9 2 2 2 9 2 9 2 2 2 9 2 2 2 2 2 2 2 9 2
left_child=-1 2 3 4 -2 6 -6 20 9 -7 11 15 13 -13 -15 16 -3 -18 -14 -12 21 24 23 25 -5 -23 27 28 29 -4
right_child=1 10 26 7 5 8 -8 -9 -10 -11 19 12 18 14 -16 -17 17 -19 -20 -21 -22 22 -24 -25 -26 -27 -28 -29 -30 -31
leaf_value=-0.00066596288503569423 0.0074589302422186088 0.0092123650341247604 -0.034469137170966398 -0.061387612543112563 -0.016830017250874869 -0.054615704989001618 0.056559076711416072 -0.022565156733949085 0.0053449769372571525 0.040852163639446049 -0.0032733825666603558 -0.074322352471269101 0.0021904127568603748 -0.00063295599918741731 0.049948558600736638 -0.090814610742954299 0.082462226742943456 -0.020199045539837195 -0.020358761434528763 0.0019565932262287171 -0.00071853976685521813 -0.096314972252493386 0.34215072517308909 0.13375669778522123 0.046890147700020902 0.073415178277041332 -0.051188041509476714 0.00080065078468003468 -0.032237679218251908 0.057457214914598778
leaf_weight=21339.480475583114 321.56791810831055 142.97601536335424 17.104002665728331 11.056180544197561 19.040369864553213 6.9736608415842047 109.48460677266121 83.530440241098404 162.02305696904659 124.58045429363847 5883.909512444865 24.110904967412353 7928.8490565926768 54.804740622639656 124.709767062217 10.150213181972502 5.2175482623279086 236.49375886470079 100.81542957015336 2691.1640441967174 165.98200141638517 3.5064200237393397 3.2242494970560065 6.57985620200634 10.491861216723917 4.0431899800896645 20.925610147416592 893.99126462638378 106.79872041288763 25.286623751744628
leaf_count=162982 2928 1070 171 65 133 47 757 528 1053 800 42721 272 57953 362 825 62 86 1657 854 20229 1045 23 22 44 64 27 141 6083 1140 285
internal_value=-2.63805e-05 0.00068081 0.00514394 0.013473 0.0192232 0.0281855 0.048778 -0.000886521 0.0191703 0.033263 0.000136983 0.00189292 0.00245473 0.024042 0.0372535 -0.00977418 -0.00763588 -0.0172686 0.0019073 -0.00163013 0.00795179 0.0359014 0.111929 0.0593944 -0.00866657 -0.00541607 -0.00303261 -0.00209571 -0.0194517 0.0164789
internal_weight=40638.9 19299.4 2096.19 1032.08 743.67 422.102 128.525 288.414 293.577 131.554 17203.2 8628.13 8233.29 203.625 179.515 394.838 384.687 241.711 8029.66 8575.07 204.884 38.9018 17.3537 14.1295 21.548 7.54961 1064.11 1043.18 149.189 42.3906
internal_count=304429 141447 15356 7536 5718 2790 890 1818 1900 847 126091 63141 60266 1459 1187 2875 2813 1743 58807 62950 1290 245 116 94 129 50 7820 7679 1596 456
cat_boundaries=0 1 2 3 4 5 6 7 8
cat_threshold=23239856 16781328 21005328 26100510 147474 786454 176 278531
is_linear=0
shrinkage=0.1


Tree=59
num_leaves=31
num_cat=4
split_feature=1 0 4 4 0 2 2 4 0 2 0 4 4 4 2 2 1 3 2 1 2 2 3 2 2 2 2 2 4 3
split_gain=1.76682 3.51979 3.15822 6.71872 6.73928 6.8788 4.53372 4.48003 6.2583 4.45946 8.88179 8.20642 7.92852 9.57069 12.4784 6.31408 5.46645 7.63322 4.85193 4.83872 4.32138 13.5434 4.29671 4.26834 4.921 3.8873 5.09067 4.42187 3.48156 6.38534
threshold=3.5000000000000004 0 0.43545000000000006 0.39325000000000004 1 7.1050000000000013 7.535000000000001 0.39515000000000006 2 5.7350000000000012 3 0.57985000000000009 0.45290000000000002 0.45065000000000005 3.2650000000000001 5.5150000000000006 1.5000000000000002 0.20500000000000004 5.4750000000000005 1.5000000000000002 5.455000000000001 5.5750000000000011 0.14500000000000005 4.3250000000000011 6.9150000000000009 4.745000000000001 4.2250000000000005 4.8250000000000011 0.51075000000000015 0.19500000000000003
decision_type=2 9 2 2 9 2 2 2 9 2 9 2 2 2 2 2 2 2 2 2 2 2 2 2 2 2 2 2 2 2
left_child=1 -1 3 -3 6 23 7 8 -5 10 11 22 13 14 -12 18 -16 20 28 -13 25 -22 -4 -6 -25 26 -18 -27 29 -14
right_child=-2 2 9 4 5 -7 -8 -9 -10 -11 12 19 15 -15 16 -17 17 -19 -20 -21 21 -23 -24 24 -26 27 -28 -29 -30 -31
leaf_value=0.0016699638195458964 -0.00085130911325998143 -0.00032893973863391563 -0.07933553833601692 0.014532283591965053 -0.0368559406657019 0.024869696620976555 -0.056105199200208546 0.0019213087606762805 -0.055103518301473267 -0.0018596181953538645 0.2070150002184753 0.13667166045882198 0.0059161651278079579 0.10845914714766712 -0.01338357571431288 0.044519101388635809 0.0026105352778450497 -0.097274627004659012 -0.067526943162739272 0.021236077844262805 0.1874818047600787 -0.017775644185811408 -0.011299952535415032 -0.011959652183255662 -0.056279086170469367 -0.083886007789670425 0.08356426912326341 0.021832411087387399 0.021083549338411531 -0.043364556160541384
leaf_weight=12647.59968691878 15781.66248058388 9341.0915605183691 9.7981942445039731 20.378562092781067 98.650701988488436 40.275750711560249 14.70106367766857 692.33313720300794 22.410847973078489 728.33947966247797 3.7367100156843653 5.359041444957259 194.72339625656605 16.507219925522804 32.51687191426754 44.251456245779991 12.017886385321615 4.1393565833568564 9.1336174756288511 11.262529093772171 7.1162343472242338 5.863237589597702 176.35937481001019 498.81670869886875 26.378130853176117 4.6537472456693676 21.965252310037613 26.404949471354485 108.28322825953364 30.396686121821404
leaf_count=76794 152214 58108 57 123 718 244 97 4228 139 4206 38 36 1199 101 209 241 82 29 50 71 37 30 1088 2927 157 28 135 142 684 217
internal_value=-2.38064e-05 0.000501606 -0.000709624 -0.00130136 -0.00772557 -0.0149594 -0.00110434 -1.94473e-05 -0.0314209 0.00366602 0.00922103 -0.00845288 0.0159469 0.0371252 0.0271811 0.00897168 0.0213213 0.0350566 0.0043794 0.0584542 0.0420773 0.0947605 -0.0148809 -0.0177705 -0.0141856 0.031564 0.0549356 0.00599186 0.00634928 -0.000737931
internal_weight=40637.1 24855.5 12207.9 10755 1413.94 664.121 749.824 735.123 42.7894 1452.83 724.489 202.779 521.71 134.921 118.414 386.788 114.678 82.1607 342.537 16.6216 78.0213 12.9795 186.158 623.846 525.195 65.0418 33.9831 31.0587 333.403 225.12
internal_count=304429 152215 75421 66741 8633 4046 4587 4490 262 8680 4474 1252 3222 831 730 2391 692 483 2150 107 454 67 1145 3802 3084 387 217 170 2100 1416
cat_boundaries=0 1 2 3 4
cat_threshold=31360133 74514 528 8226
is_linear=0
shrinkage=0.1


Tree=60
num_leaves=31
num_cat=8
split_feature=2 2 4 0 4 3 1 0 2 3 3 0 2 2 0 3 4 4 4 4 0 4 4 2 0 3 0 4 0 4
split_gain=1.69692 8.01962 13.9156 9.26253 5.86589 6.48398 5.80956 6.40694 6.5736 10.2598 5.70519 7.73414 4.78377 4.77261 18.706 9.78186 6.7401 4.77221 7.11904 5.45327 4.43475 6.35202 6.17914 7.2811 8.66831 6.20844 5.73204 4.8707 5.17695 7.25842
threshold=5.5850000000000009 5.6050000000000013 0.32095000000000007 0 0.31195000000000006 0.18500000000000003 1.5000000000000002 1 6.5450000000000008 0.18500000000000003 0.16500000000000004 2 6.5550000000000006 5.6450000000000005 3 0.16500000000000004 0.43405000000000005 0.32585000000000003 0.11610000000000002 0.33644999999999997 4 0.57985000000000009 0.28035000000000004 6.8350000000000009 5 0.16500000000000004 6 0.31590000000000001 7 0.32434999999999997
decision_type=2 2 2 9 2 2 2 9 2 2 2 9 2 2 9 2 2 2 2 2 9 2 2 2 9 2 9 2 9 2
left_child=-1 2 3 4 5 -2 7 8 -3 12 11 -4 -10 14 15 16 17 18 -8 -19 22 27 23 -15 25 -25 -23 -22 -29 -30
right_child=1 6 10 -5 -6 -7 13 -9 9 -11 -12 -13 -14 20 -16 -17 -18 19 -20 -21 21 26 -24 24 -26 -27 -28 28 29 -31
leaf_value=-0.00069906049966448551 0.074442159017110543 0.0067924939200020981 -0.018188508035492029 -0.028738144327805484 -0.092477601625026731 -0.057924006372298859 0.12009051190084985 -0.006925264248224614 -0.083062761000127813 0.083929998198022215 0.055031096665211658 0.040940733858914113 -0.0076452518292124327 0.0016980942076746772 -0.025505018603888159 -0.0092157328579033065 -0.050834459800592896 0.19971110294909505 0.0071411737833136403 0.061156607275441435 0.00035458592293196824 -0.03922540464623106 -0.0020056555892830536 0.05860773903096405 0.0073166717538310933 -0.054630593259381965 0.0027047099495195112 0.0013953811586470046 0.026197400535080101 0.0063212752740267678
leaf_weight=19419.958866023924 23.847679898142822 940.84061456471682 34.092399850487709 70.812387198209763 3.031662441790103 4.3805067613720885 6.5642772167921057 2049.0515847206116 8.5413835197687131 12.192310094833372 82.143528245389462 39.777029819786549 549.22083821892738 1139.7483035065234 261.12648875638843 76.587651561945677 7.6566283106803885 3.0670167766511431 37.225187242031097 38.485345285385847 3966.0537519939244 58.158611960709095 5646.1681038998067 74.194094486534595 218.71066338568926 5.179682031273841 67.894232839345932 2456.5487268678844 195.15590013563633 3137.9844378344715
leaf_count=169404 163 6537 233 503 22 31 47 16015 66 88 523 260 4480 7245 1803 534 48 21 274 262 24412 352 34544 422 1286 29 409 14538 1208 18670
internal_value=-2.36389e-05 0.00059465 0.0181148 -0.0105927 0.0300819 0.0539013 0.000378883 -0.00330181 0.00164753 -0.00681651 0.0368968 0.0167313 -0.00880017 0.00113206 -0.00926332 0.0162889 0.0390444 0.0471081 0.0240729 0.0713834 0.00139597 0.00276329 -0.000514532 0.00533732 0.0192522 0.0454874 -0.0195384 0.00305428 0.00490362 0.00746264
internal_weight=40634.4 21214.4 258.085 102.072 31.2598 28.2282 20956.4 3559.85 1510.8 569.955 156.013 73.8694 557.762 17396.5 430.713 169.586 92.9985 85.3418 43.7895 41.5524 16965.8 9881.8 7084 1437.83 298.084 79.3738 126.053 9755.74 5789.69 3333.14
internal_count=304429 135025 1735 719 216 194 133290 27186 11171 4634 1016 493 4546 106104 2989 1186 652 604 321 283 103115 59589 43526 8982 1737 451 761 58828 34416 19878
cat_boundaries=0 1 2 3 4 5 6 7 8
cat_threshold=22579232 3480604 20984485 4201747 4872717 4718596 27263250 8488224
is_linear=0
shrinkage=0.1


Tree=61
num_leaves=31
num_cat=5
split_feature=1 3 0 0 4 2 2 2 4 4 2 2 2 0 4 0 4 4 2 2 4 3 4 4 2 3 2 4 2 0
split_gain=1.77276 4.00081 8.95121 8.90066 5.83184 5.42373 11.2838 6.72125 4.99197 9.64827 8.52139 9.23346 6.08617 5.40409 5.35614 5.97351 5.10511 6.62448 4.94581 6.84261 7.9052 5.97605 4.89252 4.83166 4.49096 4.27537 5.24177 8.81791 4.19475 4.10673
threshold=2.5000000000000004 0.15500000000000003 0 1 0.55585000000000007 3.8450000000000002 3.7550000000000003 4.4050000000000011 0.42735000000000001 0.43235000000000001 7.535000000000001 6.0450000000000008 6.9850000000000012 2 0.32225000000000004 3 0.44295000000000001 0.45475000000000004 4.5650000000000004 4.5450000000000008 0.32095000000000007 0.18500000000000003 0.29425000000000007 0.46440000000000009 4.1250000000000009 3.7750000000000004 6.8950000000000005 0.28540000000000004 6.7750000000000012 4
decision_type=2 2 9 9 2 2 2 2 2 2 2 2 2 9 2 9 2 2 2 2 2 2 2 2 2 2 2 2 2 9
left_child=1 3 5 4 8 6 -3 -7 14 -10 11 -11 16 -14 29 -16 28 -18 19 -9 22 -22 -21 -19 -17 26 -20 -28 -13 -1
right_child=-2 2 -4 -5 -6 7 -8 18 9 10 -12 12 13 -15 15 24 17 23 25 20 21 -23 -24 -25 -26 -27 27 -29 -30 -31
leaf_value=-0.0014936556906946278 -0.00056675418934240118 -0.00055701327279174132 0.0032431172376982845 -0.0043222253597732588 -0.042553808754919618 -0.021746401041395472 0.069740603606772242 0.0073579643788725495 0.077044786678797911 -0.0075175438725872739 -0.064144314808244798 -0.019028541883220281 -0.035224496094715368 0.024541414362883068 0.0041791570348047721 -0.07955244892869423 0.098687058184866672 -0.028207458942618054 -0.0041824957203437157 0.082978092676451704 0.06409925826685553 0.25372473745437407 -0.087901324505483824 0.047717389965385978 -0.010299222856681393 0.10799277323490906 0.067627383440840447 -0.052488857105276038 0.094249328526525289 0.011792618631136041
leaf_weight=356.08683574199677 24269.4807861601 109.24316005595028 8720.259643709287 3684.4227282330394 27.07062728703022 244.3585739582777 28.867437221109867 72.37795016169548 23.89875491335988 108.76960253342986 14.372796669602392 19.308819331228737 17.015118271112442 24.510762013494968 518.63519754260778 9.5738368071615678 23.316498853266239 9.7406479641795141 1112.9568386077881 3.889887720346449 3.2032026946544647 3.4540961980819702 2.9433547258377075 60.074845217168331 427.11696494370699 3.3203266412019721 7.0545886158943167 45.727185279130936 3.9352519884705535 674.92329148203135
leaf_count=2209 202952 927 53966 22731 173 1703 206 485 148 635 93 119 114 158 3221 69 145 63 6712 26 21 23 20 368 2628 18 44 300 24 4128
internal_value=-2.44171e-05 0.0007801 0.00197058 -0.00127405 0.00357348 -0.00479707 0.0141364 -0.00657316 0.00413405 0.0160469 0.0108599 0.0149024 0.0303462 -0.00252014 0.00230519 -0.00308936 0.0420737 0.0525372 -0.00361864 0.0195452 0.0849309 0.162485 0.0093734 0.0371244 -0.0115529 -0.00532005 -0.00564279 -0.0364346 0.000149551 0.00730374
internal_weight=40629.9 16360.4 10357.7 6002.77 2318.35 1637.4 138.111 1499.29 2291.28 304.943 281.044 266.672 157.902 41.5259 1986.34 955.326 116.376 93.132 1254.93 85.8685 13.4905 6.6573 6.83324 69.8155 436.691 1169.06 1165.74 52.7818 23.2441 1031.01
internal_count=304429 101477 64451 37026 14295 10485 1133 9352 14122 1867 1719 1626 991 272 12255 5918 719 576 7649 575 90 44 46 431 2697 7074 7056 344 143 6337
cat_boundaries=0 1 2 3 4 5
cat_threshold=1050896 5818784 4227200 5277952 4196608
is_linear=0
shrinkage=0.1


Tree=62
num_leaves=31
num_cat=2
split_feature=3 0 3 3 4 3 4 4 3 3 3 3 3 4 4 3 3 4 1 3 0 2 1 3 1 3 1 3 4 4
split_gain=1.8018 5.92242 6.08569 3.18948 4.35284 3.54777 6.9665 4.03851 3.20561 2.88607 9.39772 2.72949 3.30588 2.68439 4.42143 2.60015 5.64093 5.86467 2.44972 7.08823 2.65808 3.54514 2.33085 2.32728 2.57935 2.27385 2.20561 2.17273 2.13373 2.13363
threshold=0.29500000000000004 0 1.1850000000000003 1.2850000000000004 0.48300000000000004 4.5650000000000004 0.48055000000000009 0.31345000000000006 4.8150000000000004 1.6450000000000002 1.6150000000000004 1.2350000000000001 1.2150000000000001 0.51735000000000009 0.55585000000000007 4.035000000000001 2.8550000000000004 0.53885000000000016 3.5000000000000004 3.1400000000000001 1 1.0000000180025095e-35 5.5000000000000009 0.28000000000000008 3.5000000000000004 4.7450000000000001 4.5000000000000009 6.3650000000000011 0.53145000000000009 0.57985000000000009
decision_type=2 9 2 2 2 2 2 2 2 2 2 2 2 2 2 2 2 2 2 2 9 2 2 2 2 2 2 2 2 2
left_child=23 15 -3 4 11 6 7 -5 25 10 -9 12 -4 -8 28 16 -2 -18 -16 20 21 -20 26 -1 -25 -7 27 -10 -15 -6
right_child=1 2 3 5 29 8 13 9 22 -11 -12 -13 -14 14 18 -17 17 -19 19 -21 -22 -23 -24 24 -26 -27 -28 -29 -30 -31
leaf_value=1.0368173102822142e-05 -0.063829445327810083 -0.087704246182412265 0.25528005861274145 0.035688161937191709 -0.101284979745554 0.045486582590923759 0.04524954537084034 -0.05164530053612866 -0.012181700624543511 -0.083120045137612716 0.36596707548318763 0.32447497857462565 -0.10165481135712323 -0.016112649640783169 -0.042957252841159532 -0.093057876875281886 0.084946760099349983 -0.1120291566914678 0.019639271673429815 0.1322892663573243 -0.028071740214943339 0.18077940338957391 0.090597638280949092 0.11559737864950692 -0.040336453379267521 0.14123363767583913 -0.083252038282718668 0.078225948455992692 -0.1109767487350366 0.10142394470680277
leaf_weight=40461.84373600455 19.295397482346747 7.1648590704426161 0.55785853415727504 4.7761461860500303 1.1107518752105536 9.1641231141984445 18.181315243244171 3.8975048963911858 10.886041730642324 18.291702049784362 0.62531439960002888 0.93606988573446859 0.48514459375292063 5.1193572115153057 4.8359301537275341 10.475746408104895 6.0520501099526864 2.0147179029881954 3.9250501291826367 5.50947281718254 7.3920089425519127 2.093495137989521 2.8761431947350493 3.4869813434779635 1.5245912149548528 3.4007945805788031 3.0869307816028586 3.5170834809541693 4.4165298212319613 0.97505954280495633
leaf_count=299464 1299 904 25 137 105 75 353 343 76 318 13 56 41 93 32 118 67 23 129 44 278 64 26 42 44 26 27 26 123 58
internal_value=-2.32053e-05 -0.0105791 0.00160767 0.00725979 0.0942748 0.00410155 -0.00738508 -0.0479292 0.0316797 -0.0654342 0.00609281 0.20051 0.0892546 0.0143474 -0.00252887 -0.0400952 -0.0344717 0.035751 0.0205602 0.0367952 -0.00243674 0.0284387 0.00717341 1.88081e-05 0.0681601 0.0714013 -0.00654524 0.00989484 -0.0600488 -0.00652413
internal_weight=40627.9 161.063 123.225 116.06 4.06488 111.995 79.0638 27.5907 32.9311 22.8145 4.52282 1.97907 1.043 51.4732 33.2918 37.8379 27.3622 8.06677 23.756 18.92 13.4106 6.01855 20.3662 40466.9 5.01157 12.5649 17.4901 14.4031 9.53589 2.08581
internal_count=304429 4879 3372 2468 285 2183 1927 811 256 674 356 122 66 1116 763 1507 1389 90 547 515 471 193 155 299550 86 101 129 102 216 163
cat_boundaries=0 1 2
cat_threshold=5382914 19252224
is_linear=0
shrinkage=0.1


Tree=63
num_leaves=31
num_cat=3
split_feature=2 0 1 0 2 2 3 4 4 1 2 0 2 4 3 4 4 3 3 4 2 2 4 4 4 4 1 2 4 3
split_gain=1.65537 6.16493 7.11621 4.1384 8.05182 3.96477 3.85812 3.64973 4.62119 3.95677 3.71199 2.8449 12.7953 6.05385 5.60513 3.63712 5.50373 8.12058 5.26252 4.80396 4.62932 5.42729 4.2459 4.90759 3.075 3.02184 2.98326 4.27998 5.25864 2.87531
threshold=3.3350000000000004 0 1.5000000000000002 1 3.1750000000000003 3.2650000000000001 0.20500000000000004 0.49550000000000005 0.48300000000000004 5.5000000000000009 1.8750000000000002 2 3.2650000000000001 0.5011500000000001 0.16500000000000004 0.38815000000000005 0.32815000000000005 0.18500000000000003 1.5350000000000004 0.37985000000000002 1.8750000000000002 2.2850000000000006 0.27790000000000009 0.14335000000000003 0.35165000000000002 0.27215000000000006 4.5000000000000009 2.7350000000000008 0.34610000000000002 0.24500000000000002
decision_type=2 9 2 9 2 2 2 2 2 2 2 9 2 2 2 2 2 2 2 2 2 2 2 2 2 2 2 2 2 2
left_child=1 7 3 5 6 -3 -5 8 -1 -10 -9 12 13 15 -15 16 22 19 -17 20 -18 -22 23 -4 -19 -14 -23 -28 -29 -25
right_child=-2 2 11 4 -6 -7 -8 10 9 -11 -12 -13 25 14 -16 18 17 24 -20 -21 21 26 -24 29 -26 -27 27 28 -30 -31
leaf_value=-0.013462834052213483 7.1409459985273579e-05 -0.025041335415342755 -0.088876490505833641 0.10870797338241407 -0.0093111792669004784 0.067551608268503108 0.01839425829240026 -0.013788304903717708 0.11990034676759859 -0.05044642916788486 -0.092654694973813317 0.0046805504306548775 -0.033755079741393065 0.22213937132623784 0.018240438701636108 -0.069399805550259527 -0.10498003343723927 0.013645932426392419 0.10515229184604365 -0.049602619638872913 0.22766871953331963 0.031104873320503042 -0.060295694766428966 0.0045318748942515391 -0.062021422675903187 0.082405188960450015 -0.016995001138717613 0.063630486451433432 0.35513547424543673 0.17130840620846444
leaf_weight=331.26370104169473 39762.01078639552 21.931371806189421 6.0469814063981202 21.987159334123138 11.761766359210013 5.8601569235324851 6.0265614744275799 12.236056812573226 4.727685648482292 1.9162325737997887 11.649998266249893 266.88151882542297 2.6049272678792503 1.5013700537383545 13.215432398486881 28.668772725388411 1.1856592576950813 9.1278173732571322 1.8379345964640368 3.2779895253479472 2.7060797503218046 7.0343223363161069 36.373674639035016 21.556506880559031 13.047793734818695 15.965624380856751 1.147111237049103 1.1794220544397833 1.3020112663507459 1.0858185701072205
leaf_count=7571 283775 218 185 184 87 43 68 938 80 104 230 7019 34 25 408 849 33 260 40 54 67 86 882 530 350 194 31 24 27 33
internal_value=-2.27448e-05 -0.00435026 0.00287205 0.0331255 0.0480461 -0.0040572 0.0892789 -0.0140877 -0.0118067 0.0707691 -0.052254 -0.00175314 -0.0115164 -0.0218744 0.0390417 -0.0284867 -0.0196612 0.00952508 -0.0588836 0.0597651 0.0843969 0.101192 -0.0376083 -0.00884417 -0.0308756 0.0661112 0.0690944 0.142741 0.216584 0.0125297
internal_weight=40627.1 865.107 503.314 67.567 39.7755 27.7915 28.0137 361.794 337.908 6.64392 23.8861 435.747 168.865 150.295 14.7168 135.578 105.071 40.0082 30.5067 17.8326 14.5546 13.3689 65.063 28.6893 22.1756 18.5706 10.6629 3.62854 2.48143 22.6423
internal_count=304429 20654 11731 600 339 261 252 8923 7755 184 1168 11131 4112 3884 433 3451 2562 932 889 322 268 235 1630 748 610 228 168 82 51 563
cat_boundaries=0 1 2 3
cat_threshold=13406377 2165254 17684
is_linear=0
shrinkage=0.1


Tree=64
num_leaves=31
num_cat=8
split_feature=4 4 0 0 2 0 3 1 2 1 2 4 2 1 2 2 0 0 2 1 2 0 1 0 2 2 2 2 2 0
split_gain=1.63415 7.12832 13.7353 7.09471 5.8034 6.05224 6.75345 9.19702 5.66098 5.4747 5.05642 7.04673 7.33518 8.74454 4.79098 10.4503 11.0767 6.85988 4.5509 4.40331 4.36742 12.2372 6.14293 5.19045 4.20981 3.7234 3.58603 3.6977 3.59349 3.57887
threshold=1.0000000180025095e-35 0.15829999999999991 0 1 3.6750000000000003 2 0.20500000000000004 1.5000000000000002 5.4150000000000009 4.5000000000000009 5.8650000000000011 0.12590000000000004 6.1050000000000013 4.5000000000000009 4.4650000000000007 4.6450000000000005 3 4 4.4450000000000012 4.5000000000000009 6.6950000000000012 5 5.5000000000000009 6 5.7350000000000012 4.6650000000000009 5.6050000000000013 3.9050000000000007 5.7350000000000012 7
decision_type=2 2 9 9 2 9 2 2 2 2 2 2 2 2 2 2 9 9 2 2 2 9 2 9 2 2 2 2 2 9
left_child=3 2 9 8 -4 -6 10 -8 -1 26 -7 29 13 -13 17 16 -16 -5 -19 24 23 -22 -23 -17 -10 -25 27 -2 -28 -12
right_child=1 -3 4 14 5 6 7 -9 19 -11 11 12 -14 -15 15 20 -18 18 -20 -21 21 22 -24 25 -26 -27 28 -29 -30 -31
leaf_value=0.0023580734575725068 0.019385272591984113 3.2233340311286605e-05 -0.057911534736182005 -0.026727345258139825 0.026774277707194268 -0.014482424363800232 -0.084411172243174126 0.13227866467226304 -0.082663643203768997 -0.063965006586343715 0.017382504574757048 0.055477011754980127 0.015817551612037611 0.24672487035485025 -0.011690557838576967 -0.0055449596691015844 0.073896292777997863 0.006701062131710689 -0.096097933428380924 -0.069377634254944948 0.038750945531425968 -0.021094349974187084 0.054717975770833899 -0.070843494023077422 -0.011468216033279466 0.0097262692595448553 0.056790117099418773 -0.04570102041630475 -0.015656882107451271 -0.017542799178603734
leaf_weight=92.642976180650294 9.86046897433698 38074.091132588685 17.428002033382654 96.034149324987084 66.644804768264294 260.49266243353486 2.6358147934079152 7.6247909646481276 9.4717184603214246 43.476322558708489 33.938635125756264 11.221558034420012 55.524890668690205 3.0380799919366828 25.486328944563866 408.85394869372249 35.353062223643064 207.12838881323114 4.3978905156254759 23.898758336901665 115.57145182043314 76.884160831570625 12.413668900728224 5.789680339395999 67.445218108594418 616.59431006386876 7.5699890702962866 76.053619295358658 71.647689208388329 86.317200683057308
leaf_count=820 127 284492 323 1154 482 2116 18 84 61 579 218 65 355 28 233 2768 298 2552 38 221 670 459 86 43 399 4161 45 541 435 558
internal_value=-2.18959e-05 -0.000158375 -0.0097901 0.00292542 -0.00111588 0.000739642 -0.0035302 0.0766139 -0.0147255 -0.0309111 -0.00543378 0.0069694 0.0322475 0.0962232 0.00511353 0.0078064 0.0482675 -0.00607575 0.00435773 -0.0318847 0.00581496 0.019151 -0.00949236 0.00316559 -0.0202354 0.00883482 -0.0240805 -0.038231 -0.00873389 -0.0076995
internal_weight=40625.5 38827.6 753.475 1797.97 544.866 527.438 460.794 10.2606 193.459 208.608 450.533 190.04 69.7845 14.2596 1604.51 1296.95 60.8394 307.56 211.526 100.816 1236.11 204.869 89.2978 1031.24 76.9169 622.384 165.132 85.9141 79.2177 120.256
internal_count=304429 290466 5974 13963 4247 3924 3442 102 1501 1727 3340 1224 448 93 12462 8718 531 3744 2590 681 8187 1215 545 6972 460 4204 1148 668 480 776
cat_boundaries=0 1 2 3 4 5 6 7 8
cat_threshold=19137554 16797696 1196032 238752 4628480 15148162 10593432 78112
is_linear=0
shrinkage=0.1


Tree=65
num_leaves=31
num_cat=4
split_feature=3 0 3 4 4 4 1 4 3 0 3 1 3 3 2 1 1 3 2 2 3 3 2 4 3 0 0 2 4 4
split_gain=1.59914 7.2888 4.98597 3.01112 5.33891 3.97939 4.79542 3.20304 3.92116 1.79786 2.58912 1.79736 1.76661 3.09264 2.29426 1.97786 3.13508 4.29758 6.83433 5.42692 5.84028 3.14822 5.11098 1.75831 4.35627 12.5736 12.1727 11.8829 6.06975 7.9773
threshold=0.23500000000000001 0 0.24500000000000002 0.37985000000000002 0.47210000000000002 0.37475000000000008 4.5000000000000009 0.22605000000000003 2.2750000000000004 1 0.24500000000000002 3.5000000000000004 4.035000000000001 3.1750000000000003 3.0550000000000002 2.5000000000000004 5.5000000000000009 1.0650000000000002 1.7050000000000003 1.3750000000000002 1.0450000000000002 1.6150000000000004 1.0000000180025095e-35 0.34154999999999996 0.16500000000000004 2 3 7.3850000000000007 0.35695000000000005 0.35815000000000002
decision_type=2 9 2 2 2 2 2 2 2 9 2 2 2 2 2 2 2 2 2 2 2 2 2 2 2 9 9 2 2 2
left_child=23 2 -2 5 -5 6 -4 8 -8 12 11 -11 13 14 15 -3 -17 18 19 20 -18 -19 -23 -1 25 -25 27 28 -26 -30
right_child=1 9 3 4 -6 -7 7 -9 -10 10 -12 -13 -14 -15 -16 16 17 21 -20 -21 -22 22 -24 24 26 -27 -28 -29 29 -31
leaf_value=-0.00058859593509806281 -0.084514894695886078 0.071924668367134847 0.066541490385746402 -0.042776756718044068 0.031592530303741977 0.19110901362104576 0.19157599575276721 -0.1034267863618219 -0.11053388309834278 -0.018473570574080847 -0.0066165574491074582 -0.080739944985470491 -0.093970651150761003 0.050131979929092962 -0.070642973647181848 -0.074458021089822746 -0.10064963852931166 -0.10074076675605853 -0.10146425167555545 0.60575991875660018 0.69601965484176853 0.38001981976544486 -0.10210318737627824 -0.0042554995823678721 0.014694722855164778 0.0025791322568219687 -0.0012586937727786633 0.08217127500337143 -0.033504933056496315 0.0049411893580084982
leaf_weight=21413.382282940671 4.362604610156267 2.1670055780559805 17.757378865033395 13.350744579918681 34.853057633154094 1.9479704797267903 1.0185851952992369 3.235433017835021 0.74300668016076077 10.354071693494918 130.81556690204889 8.3941516419872624 6.207372084259986 3.7175766713917247 17.225113188847899 6.9182418133132142 0.34464711835607864 2.1304917852394287 0.55311262328177691 0.42291739583015442 0.12553675472736359 0.41378841549158085 0.46921691857278347 4996.0258011687547 678.10411244817078 5813.0767344431952 4207.0943180513568 20.639728508889675 54.903779807500541 3172.5458906819113
leaf_count=162686 157 29 153 364 763 18 57 198 9 112 3154 354 80 44 249 446 58 324 45 24 23 16 29 33347 5302 38371 32720 124 458 24715
internal_value=-1.88552e-05 -0.00772478 0.0171143 0.0255431 0.0109949 0.0539323 0.0421888 -0.0443507 0.0641517 -0.0177777 -0.0108707 -0.0463521 -0.0360108 -0.0360203 -0.0464291 -0.0156363 -0.0323128 0.0330659 0.174769 0.345844 0.112057 -0.0349388 0.123826 3.22291e-05 0.000734039 -0.000581423 0.00248228 0.00647762 0.00609418 0.00428716
internal_weight=40623.3 267.528 77.2688 72.9062 48.2038 24.7024 22.7544 4.99702 1.76159 190.259 149.564 18.7482 40.695 34.4876 30.7701 13.545 11.378 4.45971 1.44621 0.893101 0.470184 3.0135 0.883005 40355.8 18942.4 10809.1 8133.29 3926.19 3905.55 3227.45
internal_count=304429 6706 1719 1562 1127 435 417 264 66 4987 3620 466 1367 1287 1243 994 965 519 150 105 81 369 45 297723 135037 71718 63319 30599 30475 25173
cat_boundaries=0 1 2 3 4
cat_threshold=301100 8528130 5781161 5781053
is_linear=0
shrinkage=0.1


Tree=66
num_leaves=31
num_cat=3
split_feature=3 4 0 0 4 4 2 2 2 0 1 2 2 2 4 2 2 2 2 4 2 4 2 4 4 2 2 2 3 1
split_gain=1.55442 4.78495 9.54137 5.81022 6.35127 4.5523 4.4439 6.84673 8.01844 4.62124 6.39479 5.61046 4.12575 3.44833 4.95266 7.56224 7.26176 5.40102 3.94414 4.64061 11.2799 5.1309 4.42461 3.51757 8.61758 7.15154 4.53661 3.32061 3.30953 3.81243
threshold=0.19500000000000003 0.25865000000000005 0 1 0.26025000000000004 0.25060000000000004 4.4450000000000012 4.8050000000000006 4.9050000000000011 2 2.5000000000000004 4.9650000000000007 6.4650000000000007 3.4950000000000006 0.36565000000000009 3.5450000000000004 5.8850000000000007 5.8450000000000006 3.7850000000000006 0.39785000000000004 4.035000000000001 0.43235000000000001 4.8650000000000011 0.46925000000000006 0.44865000000000005 4.1650000000000009 4.0550000000000006 6.3550000000000013 2.3550000000000004 3.5000000000000004
decision_type=2 2 9 9 2 2 2 2 2 9 2 2 2 2 2 2 2 2 2 2 2 2 2 2 2 2 2 2 2 2
left_child=-1 2 27 4 -3 6 -4 -8 -9 10 -10 -12 13 -6 15 -15 -17 18 -16 20 -20 -21 -22 24 26 -26 -23 -2 -14 -30
right_child=1 3 5 -5 12 -7 7 8 9 -11 11 -13 28 14 17 16 -18 -19 19 21 22 23 -24 -25 25 -27 -28 -29 29 -31
leaf_value=0.00014684605859930798 0.012452248773149025 0.17474492839313757 -0.031715068086228961 -0.0035524493599294001 -0.0085879399485518839 -0.062576602131736755 0.026539820386118393 -0.10653286223755745 -0.030425314267011172 -0.029962108696709303 0.17523942833667669 0.030880658404949843 -0.094838980579643684 0.14237535714132141 -0.018656772914265932 -0.0017571041804399609 0.070417372854066337 -0.044475850258877146 0.17276972989919115 -0.0010087536645653761 0.020570666596203116 -0.082726308456541262 0.085185278015447008 0.019560322078362564 0.28381724533671443 0.067217209050645446 0.055244370292087674 -0.076121096313066586 0.035121409658467877 -0.048097031671180852
leaf_weight=37914.748430042528 140.78629752621055 2.2733116969466201 132.38361548818648 1654.3716684449464 92.531252484768629 25.784451583400369 43.918067257851362 9.8697065003216249 17.162755332887173 44.102334208786488 3.0950211696326759 20.686932828277349 6.1445781029760864 3.8924349211156359 16.40739231556654 265.8622603751719 14.71179188787937 10.787039071321486 7.2005757801234713 55.383603993803263 36.806226726621389 2.7310188859701219 14.883075471967457 34.409943029284477 2.9622500613331786 3.1403121575713158 18.711478997021914 4.3638373836874953 9.7226843163371104 12.690590552985666
leaf_count=272998 1672 13 2188 19392 2450 308 414 92 101 349 30 176 42 43 166 2202 96 68 67 426 293 23 93 268 24 22 132 38 80 163
internal_value=-1.84653e-05 -0.00233318 -0.0118489 -0.000476129 0.00778085 -0.0216934 -0.0186065 -0.00610709 -0.0212128 -0.0113115 0.0129359 0.0496677 0.00728534 0.0091111 0.0124678 0.00394776 0.00202734 0.0243823 0.0282381 0.0326042 0.0555102 0.0211081 0.0391754 0.0408791 0.0675111 0.172357 0.0376718 0.00915839 -0.029822 -0.0119976
internal_weight=40622.5 2707.78 442.153 2265.62 611.252 297.003 271.218 138.835 94.9168 85.047 40.9447 23.782 608.979 580.421 487.889 284.466 280.574 203.423 192.636 176.228 58.8899 117.339 51.6893 61.955 27.5451 6.10256 21.4425 145.15 28.5579 22.4133
internal_count=304429 31431 5368 26063 6671 3658 3350 1162 748 656 307 206 6658 6373 3923 2341 2298 1582 1514 1348 453 895 386 469 201 46 155 1710 285 243
cat_boundaries=0 1 2 3
cat_threshold=4514560 201221 10096665
is_linear=0
shrinkage=0.1


Tree=67
num_leaves=31
num_cat=1
split_feature=1 0 4 4 2 4 2 2 2 2 2 2 3 2 4 2 3 2 2 2 4 4 4 4 2 4 4 3 2 4
split_gain=1.50031 3.15866 4.34071 5.43291 10.878 6.48454 5.2121 4.09073 3.92025 8.53734 3.83828 5.62158 3.64171 10.8838 3.5006 3.43626 3.18567 3.28938 4.91632 9.78452 4.00465 3.96242 4.6236 3.82178 3.75402 5.8961 4.03344 4.23912 3.44981 3.26242
threshold=5.5000000000000009 0 0.41355000000000003 0.45065000000000005 7.7950000000000008 0.44865000000000005 7.0250000000000012 6.8950000000000005 7.3850000000000007 7.1650000000000009 7.2250000000000005 7.3050000000000006 0.18500000000000003 5.6350000000000007 0.28135000000000004 2.4450000000000007 0.14500000000000005 6.6850000000000014 6.3550000000000013 6.3250000000000011 0.32505000000000006 0.25355000000000005 0.32095000000000007 0.29640000000000005 6.1550000000000011 0.24275000000000002 0.28540000000000004 0.15500000000000003 6.9350000000000014 0.18984999999999999
decision_type=2 9 2 2 2 2 2 2 2 2 2 2 2 2 2 2 2 2 2 2 2 2 2 2 2 2 2 2 2 2
left_child=-1 2 8 4 5 12 7 -5 9 15 -11 -12 -4 -14 -10 -2 -17 18 19 24 23 -19 28 29 -18 -26 -27 -28 -23 -20
right_child=1 -3 3 6 -6 -7 -8 -9 14 10 11 -13 13 -15 -16 16 17 21 20 -21 -22 22 -24 -25 25 26 27 -29 -30 -31
leaf_value=0.00017279546169982423 -0.10133014166093966 -0.00087296063557749546 0.0059041036150101799 -0.010339157436845454 0.29001612716297398 0.23215507340988381 -0.1004659304569354 0.10052809635982095 0.015977212420254943 0.14443586138139816 -0.039461969276346869 0.12157894016085485 -0.030048432168841673 0.27932867354223301 -0.096397152175679401 -0.034840178683639943 -0.015750542781191559 -0.055571290499920094 0.052121668077169406 0.16406720853498646 -0.09176096480981602 0.15761556147359668 0.008447021113094361 0.069201218772523887 0.18005141663822069 -0.11181909915478253 -0.075392227337715292 0.066987020194722469 0.01064749513769174 -0.08344352806239555
leaf_weight=36948.247633122373 4.7124664583243421 3252.869019956328 32.523203059099615 38.83794807177037 1.6247894912958134 1.4662877591326822 5.9919188469648352 3.6399998217821112 3.7649496868252745 4.2151263058185569 5.1315034553408605 3.7529352158308029 2.6968277734704307 1.9661439359188078 10.511898234486578 65.06775095500052 162.45876235608011 4.971843175590041 2.3783354163169879 3.2445007041096678 13.682124920189379 4.7790255248546627 12.955397561192511 3.8559274375438681 2.379698887467387 2.2826945111155501 2.7327150627970687 8.9068618863821012 2.3988712653517723 6.999849908053875
leaf_count=253691 441 43979 381 810 8 34 50 27 31 36 43 30 123 15 93 774 3171 44 21 32 131 44 115 40 23 25 29 92 22 74
internal_value=-1.88138e-05 -0.0019464 -0.0100025 0.00939967 0.0365419 0.0258869 -0.0131548 -0.000838774 -0.0155037 -0.0131944 0.0658491 0.0285644 0.0177535 0.100401 -0.0667629 -0.0166026 -0.0152677 -0.00982583 -0.0139356 -0.00803636 -0.0538255 0.0243748 0.0441172 -0.0146058 -0.01116 0.0345871 0.00972326 0.0335595 0.108498 -0.0490638
internal_weight=40621 3672.8 419.93 88.7471 40.2773 38.6525 48.4699 42.4779 331.183 316.906 13.0996 8.88444 37.1862 4.66297 14.2768 303.807 299.094 234.027 208.921 182.005 26.9162 25.1051 20.1333 13.2341 178.761 16.302 13.9223 11.6396 7.1779 9.37819
internal_count=304429 50738 6759 1448 561 553 887 837 5311 5187 109 73 519 138 124 5078 4637 3863 3638 3372 266 225 181 135 3340 169 146 121 66 95
cat_boundaries=0 1
cat_threshold=6553600
is_linear=0
shrinkage=0.1


Tree=68
num_leaves=31
num_cat=7
split_feature=2 1 0 3 4 2 2 3 4 2 4 0 4 2 2 2 0 4 2 4 2 0 2 0 3 4 0 4 1 0
split_gain=1.45498 4.6175 7.33048 6.18101 6.39847 6.2365 4.92782 6.60793 5.39408 4.80542 4.56783 11.8693 9.77707 8.17786 9.27905 6.19318 5.90323 11.3563 9.63832 7.61454 8.71965 10.5886 10.9966 7.87544 13.709 7.50367 6.1213 6.25652 6.06748 10.1593
threshold=6.2250000000000005 1.5000000000000002 0 0.14500000000000005 0.11610000000000002 6.3250000000000011 6.285000000000001 0.15500000000000003 0.36735000000000001 6.2350000000000012 0.21909999999999999 1 0.20554999999999998 6.6650000000000009 7.205000000000001 7.5650000000000004 2 0.41045000000000004 6.6850000000000014 0.35815000000000002 6.6250000000000009 3 6.7750000000000012 4 0.13500000000000004 0.22254999999999997 5 0.51075000000000015 2.5000000000000004 6
decision_type=2 2 9 2 2 2 2 2 2 2 2 9 2 2 2 2 9 2 2 2 2 9 2 9 2 2 9 2 2 9
left_child=-1 2 6 -4 5 -5 7 8 -2 -6 11 12 -3 -13 -15 -16 17 19 28 -12 23 -22 -23 24 -21 -20 27 -19 29 -18
right_child=1 10 3 4 9 -7 -8 -9 -10 -11 16 13 -14 14 15 -17 18 26 25 20 21 22 -24 -25 -26 -27 -28 -29 -30 -31
leaf_value=-0.00041884504885423575 -0.037312682185041274 0.015935099916157224 -0.0071330110823070742 -0.085620891589301446 0.072687192963612979 0.071012110323067215 -0.013841165556861211 0.058864552967271534 0.049820067796591892 0.004150309632412314 -0.0014445970625080191 -0.014452231137522887 0.063317355085389673 0.018605086870414397 -0.041102116139947721 0.033224777327449599 -0.0022835303337097757 -0.0015294610753085914 -0.058911500925002913 0.073387976156840118 -0.029367092516374062 0.03159948902473448 -0.0055080734712712881 -0.032572404409976573 -0.016219457327029084 -0.000169859666485209 0.012501129818942908 -0.061511434866619641 0.0050029040364575192 0.025039844475768226
leaf_weight=28051.794846293516 23.580828182399273 339.28541744500399 536.63167505711317 2.8395335674285915 10.376813039183615 24.25915938615799 683.31830304861069 22.541271761059761 10.168623983860014 723.89238958805799 2455.5392753630877 253.64510864019394 49.961745068430901 245.43783599883318 49.297835923731327 14.510029405355452 204.50762727856636 200.96858932077885 21.914738446474075 20.596760243177414 116.1862281113863 105.89512755721807 324.83035104721785 266.24159386754036 99.802457101643085 2825.9123819507658 711.88975533097982 19.036907657980919 1783.9670261107385 419.95597195625305
leaf_count=225811 184 1994 4418 20 75 185 5962 171 81 5612 14744 1520 301 1397 283 86 988 1177 127 123 667 617 1876 1573 601 16342 4045 125 11300 2024
internal_value=-1.82548e-05 0.000875935 -0.00348148 0.0010783 0.00688 0.0545993 -0.011345 0.016941 -0.0110598 0.00511888 0.00171917 0.00832494 0.0214654 -0.00112325 0.00977294 -0.0242 0.00106244 -0.00167512 0.00330978 -0.00436724 -0.0120547 -0.00392875 0.00353291 -0.0235491 -0.000821992 -0.000621891 0.00809756 -0.0064275 0.0079725 0.016456
internal_weight=40618.8 12567 2037.61 1298 761.368 27.0987 739.609 56.2907 33.7495 734.269 10529.4 952.138 389.247 562.891 309.246 63.8079 9577.24 4320.99 5256.26 3389.09 933.553 546.912 430.725 386.641 120.399 2847.83 931.895 220.005 2408.43 624.464
internal_count=304429 78618 16708 10310 5892 205 6398 436 265 5687 61910 5581 2295 3286 1766 369 56329 25548 30781 20201 5457 3160 2493 2297 724 16469 5347 1302 14312 3012
cat_boundaries=0 1 2 3 4 5 6 7
cat_threshold=27009696 21761075 6176827 4194352 5259280 4734976 25171968
is_linear=0
shrinkage=0.1


Tree=69
num_leaves=31
num_cat=6
split_feature=1 2 0 2 4 2 1 4 0 4 2 4 2 0 0 3 3 0 4 4 3 4 4 4 4 3 4 2 3 0
split_gain=1.3558 3.01124 7.88777 6.66633 6.61253 6.25558 6.07599 8.20695 7.0147 5.02207 11.3012 10.1159 9.27885 10.8921 9.3111 8.81035 7.26708 5.95566 5.7597 11.8247 5.73853 5.68763 6.74774 5.58588 5.2667 5.09222 8.475 4.93365 4.57503 4.40501
threshold=2.5000000000000004 6.5950000000000006 0 6.6150000000000011 0.33555000000000001 7.9450000000000012 3.5000000000000004 0.36325000000000002 1 0.31040000000000006 7.0650000000000004 0.20074999999999998 7.205000000000001 2 3 0.16500000000000004 0.15500000000000003 4 0.27075000000000005 0.29225000000000007 0.12500000000000003 0.29304999999999998 0.30335000000000001 0.27675000000000005 0.29825000000000007 0.13500000000000004 0.21630000000000002 7.245000000000001 0.13500000000000004 5
decision_type=2 2 9 2 2 2 2 2 9 2 2 2 2 9 9 2 2 9 2 2 2 2 2 2 2 2 2 2 2 9
left_child=-1 -2 4 6 5 -3 7 -4 -8 10 11 17 14 27 15 25 18 -5 -16 -20 -19 23 -23 -15 -21 -12 -27 -14 -24 -6
right_child=1 2 3 9 29 -7 8 -9 -10 -11 12 -13 13 21 16 -17 -18 20 19 24 -22 22 28 -25 -26 26 -28 -29 -30 -31
leaf_value=0.00068473299490574011 -0.0010525610963724342 0.013962707361806723 0.11572216773705496 0.022473558491375223 0.0079940303487572757 -0.045935939100266478 -0.035296591692133485 -0.018349938793123848 0.03255264331449792 0.0007777139910447663 0.014527912184199807 -0.0230814571702927 -0.062451080963961875 0.025255982143300906 0.11291672355946987 0.10673411284104853 -0.00258334616179533 0.10084388428444371 -0.026572891651954002 0.19021468329767202 -0.023692775262067318 -0.060486753569645529 -0.019950292707253708 0.098377410185464698 0.066082374160548879 0.036205702076025408 -0.092483636842229183 -0.01390635000019678 0.092425941696485339 -0.0049830691857478378
leaf_weight=16364.034953266382 19370.200521029998 905.31915511190891 14.614406526088716 85.498399570584297 485.06136012449861 17.777857013046741 15.285206303000448 6.6401073932647696 29.934327825903893 1860.0964574068785 19.286721207201481 485.31607555598021 25.015002459287643 45.210806451737881 22.398058272898197 5.8531443104147902 15.927113957703112 3.9181336835026732 12.85820719599724 4.7216520607471493 66.473131187260151 14.40809389203787 7.2562414929270727 13.586913280189036 12.379210233688353 7.2862764149904278 17.192438267171383 128.37554445117712 7.2350079566240311 545.30358587577939
leaf_count=101477 173082 5483 74 503 2879 106 103 33 207 11448 113 3059 162 266 137 33 102 24 80 29 420 84 42 80 76 45 109 830 43 3300
internal_value=-1.86174e-05 -0.000493234 0.0017268 -0.00156202 0.00662833 0.0128091 0.0297387 0.0738368 0.00901129 -0.00229492 -0.0080092 -0.0159628 0.00619698 -0.00504597 0.0291866 -0.0070664 0.049339 0.0061991 0.0745574 0.0458791 -0.0146759 0.0218116 -0.0120266 0.0421528 0.100356 -0.0239006 -0.0541783 -0.0204874 0.0361555 0.00115534
internal_weight=40614.5 24250.4 4880.23 2926.77 1953.46 923.097 66.474 21.2545 45.2195 2860.29 1000.2 641.206 358.99 241.088 117.903 49.6186 68.2842 155.89 52.3571 29.9591 70.3913 87.6971 28.8993 58.7977 17.1009 43.7654 24.4787 153.391 14.4912 1030.36
internal_count=304429 202952 29870 18102 11768 5589 417 107 310 17685 6237 4006 2231 1507 724 300 424 947 322 185 444 515 169 346 105 267 154 992 85 6179
cat_boundaries=0 1 2 3 4 5 6
cat_threshold=23661829 9576576 9704080 176258 8561296 18939909
is_linear=0
shrinkage=0.1


Tree=70
num_leaves=31
num_cat=1
split_feature=3 0 3 3 3 4 3 2 1 4 3 3 3 4 3 1 4 1 1 3 4 3 4 2 3 4 2 3 3 1
split_gain=1.32576 4.36831 5.16945 2.41487 3.08031 4.8808 2.83491 2.63029 3.21666 3.02028 2.44527 2.3126 4.48959 4.72225 2.2263 3.30149 2.99352 2.09191 4.27479 4.9036 3.96392 3.42548 2.7403 2.07852 3.81145 2.97729 3.3164 2.01286 1.88705 1.88283
threshold=0.29500000000000004 0 1.1850000000000003 1.3650000000000004 4.5650000000000004 0.48055000000000009 1.7050000000000003 1.8750000000000002 2.5000000000000004 0.43735000000000007 4.8150000000000004 4.035000000000001 2.8550000000000004 0.53885000000000016 1.5350000000000004 5.5000000000000009 0.43085000000000001 4.5000000000000009 5.5000000000000009 1.2150000000000001 0.65415000000000012 1.3450000000000004 0.44295000000000001 5.8650000000000011 2.9300000000000006 0.49050000000000005 3.0550000000000002 0.87000000000000011 0.28000000000000008 2.5000000000000004
decision_type=2 9 2 2 2 2 2 2 2 2 2 2 2 2 2 2 2 2 2 2 2 2 2 2 2 2 2 2 2 2
left_child=28 11 -3 17 5 7 -7 14 9 -9 -6 12 27 -14 -5 -16 -17 -4 19 -19 22 -20 -21 25 -25 -8 -27 -2 -1 -30
right_child=1 2 3 4 10 6 23 8 -10 -11 -12 -13 13 -15 15 16 -18 18 21 20 -22 -23 -24 24 -26 26 -28 -29 29 -31
leaf_value=1.0372883651951865e-05 0.17720552934569123 -0.086014479813973366 -0.10521528340491411 -0.10094613127884169 0.060596333572689169 -0.054532499419342434 0.1924119248287664 0.084325999945532915 -0.087719928469770114 -0.073305882027466004 0.0054056311537702345 -0.088734347547043887 0.070158525655224971 -0.11096082536486747 -0.052541661359838725 -0.0090336908669265449 0.20917948317340343 0.43482138146815424 -0.027118912286468629 0.22323929695679154 0.39077368541342866 0.17336540328741137 -0.030203000490084952 -0.11212562718159291 0.01444317569652173 0.0074803035913110901 0.13918554844715106 -0.063957018151668932 -0.00062740503756904546 0.11976474811397249
leaf_weight=40447.686180267949 0.35321945510805264 6.4362754193134597 0.73350472934543987 1.3268699063919509 13.188845600932835 6.1837452440522602 1.3431914635002602 2.4636025354266193 14.154321811161934 2.3992876634001732 20.514522038400173 9.1853671893477422 6.4975397661328298 1.849217854440212 1.936504913959652 1.0638121189549568 1.5369118517264722 0.55424952134489869 4.0041146147996187 0.61506692226976234 0.40396012179553498 1.0826754174195228 1.3924174555577336 2.6039345078170326 27.571594372391701 9.1164772063493711 2.419234035536646 17.155712955165654 2.5679637752473345 2.6288153370842338
leaf_count=299464 15 904 21 167 101 416 34 20 264 22 155 118 67 23 74 51 39 12 374 46 14 61 98 32 230 185 52 1284 26 60
internal_value=-1.76031e-05 -0.00915745 0.00113766 0.00604562 0.00193771 -0.00945987 0.00878182 -0.0455588 -0.0636135 0.00655245 0.0270029 -0.0355015 -0.0303209 0.0300317 0.0129927 0.0463131 0.119921 0.0564585 0.0711854 0.166608 0.104962 0.0155523 0.0474484 0.0178754 0.00352118 0.0515077 0.0351011 -0.0590919 1.81146e-05 0.0602735
internal_weight=40611 158.086 123.045 116.609 107.823 74.1195 49.2382 24.8813 19.0172 4.86289 33.7034 35.0411 25.8557 8.34676 5.8641 4.53723 2.60072 8.78599 8.05248 2.96569 2.41144 5.08679 2.00748 43.0544 30.1755 12.8789 11.5357 17.5089 40452.9 5.19678
internal_count=304429 4879 3372 2468 1842 1586 949 637 306 42 256 1507 1389 90 331 164 90 626 605 170 158 435 144 533 262 271 237 1299 299550 86
cat_boundaries=0 1
cat_threshold=5382914
is_linear=0
shrinkage=0.1


Tree=71
num_leaves=31
num_cat=6
split_feature=4 4 2 0 0 4 0 0 2 1 4 2 3 2 2 2 4 2 1 3 2 0 4 4 2 1 2 1 0 2
split_gain=1.26027 3.754 11.8729 10.6042 9.9472 7.12997 10.0783 6.27185 5.04823 11.6592 5.73983 5.03492 4.95539 4.91778 4.76117 4.4672 7.49494 5.34393 4.82929 4.41624 4.37212 4.12081 6.948 9.88397 19.8692 6.69553 7.58513 6.27107 5.75828 5.58545
threshold=0.34154999999999996 0.35095000000000004 6.955000000000001 0 1 0.34790000000000004 2 3 2.2850000000000006 4.5000000000000009 0.34734999999999999 7.6950000000000012 0.17500000000000002 6.535000000000001 6.7550000000000008 6.1050000000000013 0.34945000000000004 6.495000000000001 3.5000000000000004 0.13500000000000004 3.1750000000000003 4 0.35455000000000009 0.35645000000000004 4.3050000000000006 4.5000000000000009 7.4350000000000014 4.5000000000000009 5 6.2550000000000008
decision_type=2 2 2 9 9 2 9 9 2 2 2 2 2 2 2 2 2 2 2 2 2 9 2 2 2 2 2 2 9 2
left_child=-1 2 3 8 11 7 14 12 9 10 -2 -4 -5 19 15 18 -17 -18 -7 -8 -9 22 27 24 -24 26 28 -3 -26 -27
right_child=1 21 4 5 -6 6 13 20 -10 -11 -12 -13 -14 -15 -16 16 17 -19 -20 -21 -22 -23 23 -25 25 29 -28 -29 -30 -31
leaf_value=-0.00054283000858421689 0.11458922395210142 -0.0047071842075639345 0.024594249320338421 -0.00038626818967960877 -0.036974976435343899 0.012465249989922517 -0.098199747497302869 0.070336022328859271 0.014310569395964732 -0.048811651033321996 0.45766155081973486 -0.08294686726927257 0.037701132547204586 0.032701521290478118 -0.064777741828485516 0.014800448906674202 0.21349278939348029 0.067523444029096685 0.054260348317799925 -0.013138144238622574 -0.014681880309457832 -0.001312183621992011 -0.069937209756089538 0.0018549127315423638 0.039328967870756397 0.040997940755134916 0.15937859254686704 -0.036449710444158595 -0.0020369338476742388 0.1191505133822361
leaf_weight=21471.113114662003 0.90412397123873156 278.74212198704481 52.039409756660461 137.03109580278397 107.11115374416113 73.792110070586205 6.5303154513239852 6.1365282498300067 898.52228922210634 1.8799780556000769 1.0587415583431719 4.7510088682174674 45.502980103716254 22.876997373998165 4.9138645976781836 9.173920005559923 4.9720212146639806 5.0610049366950989 44.208735321182758 93.406739613041282 423.25378466770053 9367.7478022645228 19.917244464159012 7274.6887099309824 64.953708626329899 22.584035154432058 4.0851669311523429 80.130090534687042 67.674947775900364 15.367265671491621
leaf_count=164198 21 1762 324 955 677 453 41 140 6443 120 23 39 381 143 33 60 32 31 454 728 3042 68851 228 53288 379 226 24 831 393 109
internal_value=-1.68763e-05 0.000573165 0.00473945 0.00711194 -0.021015 -0.000790427 0.0129049 -0.00673279 0.0146375 0.129171 0.299638 0.0132622 0.00863527 -0.00843551 0.02984 0.0354034 0.0801275 0.139861 0.0281237 -0.0186964 -0.0131604 0.000102377 0.00179453 0.00244985 0.0246923 0.035483 0.0251673 -0.0117948 0.0210334 0.0726435
internal_weight=40610.1 19139 1943.13 1779.23 163.902 876.86 264.936 611.924 902.365 3.84284 1.96287 56.7904 182.534 122.814 142.122 137.208 19.2069 10.033 118.001 99.9371 429.39 17195.9 7828.14 7469.27 194.582 174.665 136.714 358.872 132.629 37.9513
internal_count=304429 140231 14140 13100 1040 6493 1975 4518 6607 164 44 363 1336 912 1063 1030 123 63 907 769 3182 126091 57240 54647 1359 1131 796 2593 772 335
cat_boundaries=0 1 2 3 4 5 6
cat_threshold=23109304 16913415 1728516 327683 26100508 25952776
is_linear=0
shrinkage=0.1


Tree=72
num_leaves=31
num_cat=7
split_feature=4 0 4 0 0 2 4 3 2 2 3 3 2 2 1 0 1 0 2 0 2 2 2 0 2 2 2 2 2 1
split_gain=1.28128 6.27815 5.96227 10.1311 4.83531 5.06022 3.38913 3.35974 7.12581 6.62649 2.95207 4.97094 5.97458 5.10864 4.38321 3.83501 4.68408 3.57985 3.50393 4.89036 5.28565 4.72459 4.36861 4.11829 4.07977 4.05687 5.10418 3.2642 8.03254 5.36626
threshold=1.0000000180025095e-35 0 0.11610000000000002 1 2 4.9650000000000007 0.10100000000000002 0.12500000000000003 4.8050000000000006 6.535000000000001 0.14500000000000005 0.13500000000000004 6.0550000000000006 7.1250000000000009 1.5000000000000002 3 2.5000000000000004 4 4.5450000000000008 5 6.9750000000000005 6.8350000000000009 7.1650000000000009 6 5.0250000000000012 4.8050000000000006 4.6650000000000009 5.995000000000001 5.8250000000000011 1.5000000000000002
decision_type=2 9 2 9 9 2 2 2 2 2 2 2 2 2 2 9 2 9 2 9 2 2 2 9 2 2 2 2 2 2
left_child=1 7 3 6 5 -5 -2 8 -1 -10 11 14 -13 17 -3 16 -16 -14 23 20 21 27 -22 -12 25 26 -21 28 29 -20
right_child=2 10 -4 4 -6 -7 -8 -9 9 -11 18 12 13 -15 15 -17 -18 -19 19 24 22 -23 -24 -25 -26 -27 -28 -29 -30 -31
leaf_value=0.17115680282592516 0.062761099328576306 -0.044840324568714153 -2.8383822906963233e-05 -0.081049322270581245 -0.0097788620804176805 -0.028947694751934091 0.0068130163843473299 0.0074794163494078872 -0.033937375123706856 0.064006262450233484 -0.038536929700968871 -0.062583405185303087 0.025944555576686609 -0.077085162487219527 0.045625862562349018 0.024974088214073327 -0.054626892726269152 -0.019532135219131753 0.048977044560351068 0.043280874653161883 0.11825538654119538 -0.06427048741206165 0.0084522554320536191 -0.002660875528453132 -0.013522695771428717 0.043634599766856005 -0.05015780102084684 0.02728739609952914 -0.038690543594465651 0.0044940770325104865
leaf_weight=3.6900829263031474 20.681420183740556 16.248739175498486 38509.167311375029 26.354676642455161 166.89929928909987 63.688012216240168 22.723581731319427 845.53302069380879 11.786562204360964 16.687700927257538 36.595670224633068 35.942146703600883 22.180540837347507 9.7648178264498693 6.475565746426585 51.93303157389164 16.627015179023147 27.590361751616001 33.714482709765434 9.8442614786326903 8.2832837104797346 8.5812997221946699 6.4408042430877677 122.94830240076408 205.12402262166142 28.078179359436035 14.394777983427046 86.856928743422031 36.08342269808054 138.64286448433995
leaf_count=26 163 127 288111 291 1294 441 166 6663 78 88 458 277 136 62 32 331 111 178 207 83 46 48 38 1449 1388 208 122 520 232 1055
internal_value=-1.68757e-05 0.00259129 -0.000137847 -0.0141727 -0.0213886 -0.0397795 0.0272035 0.00858827 0.0404079 0.0234637 -0.00317407 -0.0144361 -0.0303883 -0.010952 0.00224894 0.012446 -0.018513 0.00202307 -0.000357846 0.00327438 0.0113534 0.00887457 0.0702239 -0.0134722 -0.00689719 0.0177616 -0.0122093 0.0110002 0.00421328 0.0131953
internal_weight=40609.6 1800.05 38809.5 300.347 256.942 90.0427 43.405 877.697 32.1643 28.4743 922.351 186.762 95.4779 59.5357 91.2844 75.0356 23.1026 49.7709 735.588 576.044 318.603 303.879 14.7241 159.544 257.441 52.3172 24.239 295.298 208.441 172.357
internal_count=304429 13963 290466 2355 2026 732 329 6855 192 166 7108 1254 653 376 601 474 143 314 5854 3947 2146 2062 84 1907 1801 413 205 2014 1494 1262
cat_boundaries=0 1 2 3 4 5 6 7
cat_threshold=5836451 1196036 34362 8556544 2105360 8814848 393216
is_linear=0
shrinkage=0.1


Tree=73
num_leaves=31
num_cat=2
split_feature=3 0 2 2 2 1 2 3 4 4 2 2 0 2 2 4 2 2 2 2 1 2 4 4 1 2 4 4 4 3
split_gain=1.2259 4.30022 3.71188 5.62269 4.99738 5.91124 3.53113 4.42725 3.30596 7.56086 2.98903 7.0846 6.2468 6.03144 9.27591 5.86146 7.26117 4.25554 3.95198 7.97384 4.68989 4.54397 10.453 5.36774 3.89726 3.5487 3.44202 4.41894 3.05172 3.03464
threshold=0.19500000000000003 0 6.2550000000000008 6.0450000000000008 5.9050000000000011 3.5000000000000004 1.5450000000000002 1.2650000000000003 0.59760000000000013 0.53885000000000016 5.6450000000000005 5.6950000000000012 1 4.8850000000000007 5.245000000000001 0.28955000000000003 5.455000000000001 4.8250000000000011 4.9050000000000011 4.9650000000000007 2.5000000000000004 5.0450000000000008 0.33265000000000006 0.31345000000000006 3.5000000000000004 5.205000000000001 0.32505000000000006 0.40685000000000004 0.12590000000000004 0.20500000000000004
decision_type=2 9 2 2 2 2 2 2 2 2 2 2 9 2 2 2 2 2 2 2 2 2 2 2 2 2 2 2 2 2
left_child=-1 2 3 4 10 -6 7 -3 9 -8 13 -12 -13 17 18 24 -17 28 -15 20 -20 22 23 -21 29 -23 -19 -28 -2 -16
right_child=1 6 -4 -5 5 -7 8 -9 -10 -11 11 12 -14 14 15 16 -18 26 19 21 -22 25 -24 -25 -26 -27 27 -29 -30 -31
leaf_value=0.00012989398687464115 0.024111773259793218 -0.061765573688228305 0.021302589944991835 -0.072828002084491597 0.00099475821238657783 0.18099325930362575 0.0015530148959794219 0.0053096064711242001 0.036740383951810562 -0.052676354494884406 -0.098331467256151162 0.025319055080382565 -0.043997243180610227 0.12687359738730938 0.0092114464221962605 -0.02501641747708204 0.053896136132662878 -0.10380202522299845 -0.12497688154765502 0.078258181400947244 0.014055963913177434 0.014623619397260978 0.20452240001166186 -0.083757281923768745 -0.083443572861173501 0.11877375210547716 0.010493400360808383 -0.12048925681362516 -0.012039404532193534 -0.064942310769703734
leaf_weight=37907.660268330947 24.399122065864503 20.138506980612874 41.016911219805479 13.796193301677702 4.620058834552764 3.0152131356298923 1765.6101410496049 19.24321036785841 25.910911763086915 26.08989471103996 12.461665317416189 19.108709972351789 14.361032683402298 4.8634936586022368 16.024588420987129 24.287599228322506 22.428146779537201 8.7772526629269141 4.4445430636405927 7.5242481678724271 5.342703890055418 26.418025471270088 5.5353111773729315 2.8081140369176865 13.391623280942438 3.7339186035096636 9.9821480773389322 3.4713834263384333 543.40440779132769 8.4177689701318759
leaf_count=272998 329 2220 325 99 28 26 17455 1021 220 407 92 139 102 39 95 173 154 89 28 59 48 199 43 24 142 28 81 29 7682 55
internal_value=-1.67584e-05 -0.00207526 -0.00794543 -0.00953911 -0.00843221 0.0720772 0.000630952 -0.0289904 0.00127622 0.000763352 -0.00921911 -0.0339678 -0.0100035 -0.00767306 0.0105834 -0.0108256 0.0128694 -0.0121664 0.0404189 0.0328845 -0.049081 0.0503165 0.0936324 0.0342259 -0.0400831 0.0275212 -0.0550864 -0.0233037 -0.0104859 -0.0163266
internal_weight=40608.3 2700.63 843.634 802.617 788.821 7.63527 1856.99 39.3817 1817.61 1791.7 781.186 45.9314 33.4697 735.254 145.22 84.5497 46.7157 590.034 60.6704 55.8069 9.78725 46.0196 15.8677 10.3324 37.834 30.1519 22.2308 13.4535 567.804 24.4424
internal_count=304429 31431 10108 9783 9684 54 21323 3241 18082 17862 9630 333 241 9297 1087 619 327 8210 468 429 76 353 126 83 292 227 199 110 8011 150
cat_boundaries=0 1 2
cat_threshold=27297818 25198608
is_linear=0
shrinkage=0.1


Tree=74
num_leaves=31
num_cat=2
split_feature=1 0 2 3 2 4 4 4 4 2 4 2 0 4 3 2 2 4 3 4 2 3 4 4 3 2 4 2 4 4
split_gain=1.18672 2.7937 4.39628 7.1906 3.87919 3.89201 2.87634 2.40808 10.0882 3.30852 2.60363 2.27506 6.01365 3.58089 2.89993 2.85403 5.34664 4.29473 4.01676 5.05005 3.12875 4.98312 4.49468 4.30169 6.14254 3.194 3.00077 4.4981 2.78583 6.17276
threshold=5.5000000000000009 0 7.0250000000000012 0.13500000000000004 7.4350000000000014 0.34395000000000003 0.59760000000000013 0.29304999999999998 0.29640000000000005 6.8650000000000011 0.42120000000000007 4.1450000000000005 1 0.48300000000000004 1.7350000000000001 3.6350000000000002 4.035000000000001 0.47210000000000002 0.19500000000000003 0.36735000000000001 3.7550000000000003 0.18500000000000003 1.0000000180025095e-35 0.32434999999999997 0.16500000000000004 3.8150000000000004 0.24945000000000003 3.8750000000000004 0.26175000000000004 0.28035000000000004
decision_type=2 9 2 2 2 2 2 2 2 2 2 2 9 2 2 2 2 2 2 2 2 2 2 2 2 2 2 2 2 2
left_child=-1 2 6 -4 5 -5 7 9 -9 -2 -10 12 13 15 -15 17 18 28 20 26 21 23 -22 -17 -25 -24 -20 -28 -3 -30
right_child=1 11 3 4 -6 -7 -8 8 10 -11 -12 -13 -14 14 -16 16 -18 -19 19 -21 22 -23 25 24 -26 -27 27 -29 29 -31
leaf_value=0.00015344545972865878 -0.057502982900432355 -0.052842693810571655 -0.065011228657598771 0.030781017412273695 -0.00090013543339259301 0.17187711509395345 0.12589876997161517 0.21250667891747144 -0.012574664591353419 0.10317273772448821 -0.05543770839527689 -0.00039993335537350091 -0.020445824736106462 -0.071614192747085331 0.026984125199457521 0.03051815160389873 -0.023382200360439687 0.20828253445675135 0.17577072411139524 0.24061290458380924 0.19340895544223269 -0.10556994732566834 -0.079048201421267464 0.018155567571992142 0.26033999139640862 0.022158073137204793 -0.1051418694559404 0.14852363983486014 0.11782929237414673 -0.0067286943154145464
leaf_weight=36942.408239993732 28.219994873739783 9.9603322627954167 5.6977280676364925 3.3727138265967351 4.8248328790068618 4.6508249416947365 1.2655756305903185 1.8725859876722086 62.666610853280872 1.3425116389989842 18.312637745868415 3230.9448704607785 179.7210339307785 9.2547059222124499 4.4017293732613316 3.6529772281646693 13.37644033692777 0.96034681051969428 1.4276490975171316 2.298546489328146 1.3383889012038732 1.211897753179074 3.7729835622012642 1.6088119708001611 3.0003607422113419 17.971620671451092 1.709512719884515 1.1826499663293359 4.4189102016389361 39.934510488528758
leaf_count=253691 641 435 47 27 38 31 26 35 1173 10 403 36599 7902 498 97 67 272 34 38 39 28 25 76 30 55 350 40 27 112 1583
internal_value=-1.68142e-05 -0.00173329 -0.0154806 0.0284926 0.0699577 0.112567 -0.0240163 -0.0257041 -0.0169614 -0.0502063 -0.0222677 -0.00117151 -0.00948696 0.0077691 -0.0398341 0.0145187 0.031204 -0.00134489 0.0498425 0.120862 0.0354053 0.0837936 0.015545 0.11157 0.175807 0.00459741 0.0571435 -0.00141413 -0.00505141 0.00568096
internal_weight=40606.8 3664.37 132.226 18.5461 12.8484 8.02354 113.68 112.414 82.8518 29.5625 80.9792 3532.15 301.203 121.482 13.6564 107.826 52.5518 55.2741 39.1754 6.61836 32.557 9.47405 23.083 8.26215 4.60917 21.7446 4.31981 2.89216 54.3138 44.3534
internal_count=304429 50738 2431 143 96 58 2288 2262 1611 651 1576 48307 11708 3806 595 3211 1047 2164 775 144 631 177 454 152 85 426 105 67 2130 1695
cat_boundaries=0 1 2
cat_threshold=4194304 49687
is_linear=0
shrinkage=0.1


Tree=75
num_leaves=31
num_cat=8
split_feature=4 0 2 4 3 2 2 3 2 3 4 0 3 0 4 0 0 3 2 2 4 1 2 0 1 2 2 3 0 0
split_gain=1.06483 8.36839 5.95173 6.35859 9.91534 7.33288 7.27709 4.30176 4.20252 3.94684 3.90921 11.1789 10.5925 7.25833 5.69555 18.9135 6.67328 5.32641 4.90978 7.30844 4.39904 4.46871 4.35954 7.89483 4.81416 11.137 13.799 8.86395 8.35264 6.9773
threshold=0.23104999999999992 0 3.8750000000000004 0.22184999999999991 0.15500000000000003 5.8450000000000006 5.6450000000000005 0.14500000000000005 6.2150000000000007 0.10500000000000002 0.27215000000000006 1 0.13500000000000004 2 0.27290000000000009 3 4 0.21500000000000002 4.9050000000000011 5.1650000000000009 0.25355000000000005 1.5000000000000002 6.5950000000000006 5 1.5000000000000002 4.8650000000000011 4.7250000000000005 0.16500000000000004 6 7
decision_type=2 9 2 2 2 2 2 2 2 2 2 9 2 9 2 9 9 2 2 2 2 2 2 9 2 2 2 2 9 9
left_child=1 2 7 -4 -5 6 -6 -1 -7 -3 11 17 13 -13 15 18 -17 -2 -12 -20 21 -15 24 -24 25 26 29 -28 -27 -14
right_child=10 9 3 4 5 8 -8 -9 -10 -11 14 12 22 20 -16 16 -18 -19 19 -21 -22 -23 23 -25 -26 28 27 -29 -30 -31
leaf_value=0.1173528076814149 -0.0098888803063955661 -0.11881243877430508 0.010179666628568687 -0.0059601231720353177 0.065940662867801134 0.18312174354643043 -0.033269094549301777 -0.027060092274249575 0.075463481115906214 -0.00024599073822520988 0.053479974335448516 0.043417314918731659 0.038647324355762451 0.075015694600575458 5.3593793142321928e-05 0.019693323649565702 -0.025001935434329648 -0.096641283105075207 0.2284013032990041 0.091079773842019124 -0.010248639807194595 0.012189153577510848 -0.0085732081495629841 0.024006018021731853 -0.0057232895940096664 0.014415890738064152 0.024905798206722601 0.1804225355593875 -0.023674511352956326 -0.010777678837108333
leaf_weight=2.1514615025371304 1401.1877768989652 2.8093555187806478 576.96145581826568 31.275381252169609 31.77771432697773 6.752696864306925 9.6352382600307447 49.990589177235961 7.8305396661162376 4347.4732044679113 15.184969559311865 81.15468605607748 57.544904951006174 13.874917335808275 31730.923432489391 56.471125775016844 57.536362441256642 7.113297874107956 5.3846638500690487 13.829934924840925 76.834446918219328 61.513489840552211 127.50497382879257 160.87047839164734 1395.612355242949 100.57970255613327 5.9807764440774909 9.4652603566646558 112.1490184366703 47.425300687551498
leaf_count=23 10621 37 4162 224 270 44 64 851 49 33883 154 533 386 104 235503 438 418 158 37 92 512 399 808 975 11870 663 37 58 732 324
internal_value=-1.69501e-05 0.00133929 0.0112738 0.0139849 0.0391418 0.0643325 0.0428583 -0.0211014 0.125314 -0.00032182 -0.000210309 -0.00330617 0.00108248 0.0212569 0.000145005 0.0196896 -0.00306032 -0.0102543 0.0743607 0.129563 0.006184 0.0237521 -0.00124629 0.0101363 -0.00314503 0.00765585 0.0319577 0.120206 -0.00610032 0.0189722
internal_weight=40604.8 5066.66 716.375 664.233 87.2716 55.9962 41.413 52.1421 14.5832 4350.28 35538.1 3658.81 2250.51 233.378 31879.3 148.407 114.007 1408.3 34.3996 19.2146 152.223 75.3884 2017.13 288.375 1728.76 333.145 120.416 15.446 212.729 104.97
internal_count=304429 39607 5687 4813 651 427 334 874 93 33920 264822 28180 17401 1548 236642 1139 856 10779 283 129 1015 503 15853 1783 14070 2200 805 95 1395 710
cat_boundaries=0 1 2 3 4 5 6 7 8
cat_threshold=1573893 28452232 4214832 4211726 8557105 299553 608785 594484
is_linear=0
shrinkage=0.1


Tree=76
num_leaves=31
num_cat=3
split_feature=3 0 3 4 4 3 1 1 3 2 3 2 3 0 3 4 4 4 2 1 4 3 4 2 3 1 4 0 2 4
split_gain=1.02605 4.39476 3.3689 3.04323 3.41278 2.57002 2.4542 2.77808 3.23597 2.83094 4.54579 2.81906 2.31704 2.28779 2.23181 3.76931 2.19272 2.28168 2.10207 2.03433 2.76367 1.94771 1.9467 1.86149 4.96263 5.25177 6.73471 4.38644 3.23376 2.91557
threshold=0.58500000000000008 0 1.1850000000000003 0.47210000000000002 0.46025000000000005 1.5650000000000002 4.5000000000000009 1.5000000000000002 4.2700000000000005 4.6850000000000014 2.4900000000000007 28.170000000000005 1.2650000000000003 1 3.9700000000000002 0.45785000000000003 0.53145000000000009 0.56830000000000014 2.6050000000000004 4.5000000000000009 0.44095000000000006 1.9350000000000003 0.46440000000000009 1.0000000180025095e-35 0.13500000000000004 3.5000000000000004 0.35695000000000005 2 1.3750000000000002 0.57985000000000009
decision_type=2 9 2 2 2 2 2 2 2 2 2 2 2 9 2 2 2 2 2 2 2 2 2 2 2 2 2 9 2 2
left_child=23 2 -2 4 12 -3 7 8 -7 10 -9 -11 -4 -8 15 -14 -5 -18 21 20 -16 22 -15 24 27 26 -26 29 -25 -1
right_child=1 5 3 16 -6 6 13 9 -10 11 -12 -13 14 18 19 -17 17 -19 -20 -21 -22 -23 -24 28 25 -27 -28 -29 -30 -31
leaf_value=0.27195240907396184 -0.1005736611509605 -0.072666299478447285 0.129525970284639 0.049079917872290914 -0.10779601245021563 0.091254658332489427 0.021459443324943806 -0.1033004776322041 -0.050593829813556507 -0.077192386855830505 0.17182830295282811 -0.0040631049197587246 -0.048563189334396351 0.25612948163661314 0.13890066799659104 0.20306664170372138 -0.061426200132935774 0.01960161818548678 -0.069150667340654656 -0.040204347061263371 -0.0051124548775754288 -0.10173868280185178 0.015239023871338343 -0.049146252770468093 0.19027338176686648 0.2998590722009567 -0.10858355949051263 -0.033209249449325212 1.8767528977532758e-05 0.088546963371233217
leaf_weight=1.3168929107487204 2.6947638648562124 10.637531762244178 1.2837439179420531 24.030679416377097 3.4570801407098761 3.3517572470009318 16.423156956210732 1.0517241600900917 3.0917516499757767 20.448529310524467 1.3998414129018781 7.1021803840994826 11.658573664724827 0.5526723414659529 2.6953438222408286 0.62733492255210954 4.0537069174461093 24.3539281594567 8.1361623918637616 2.5988808274269104 2.6355095207691193 0.62942237872630347 0.85363356443122029 13.38254782813601 1.6735693775117391 1.2383334049955008 1.3723603524267671 7.5512895965948683 40420.247520926408 2.5357595905661583
leaf_count=26 508 1631 67 384 81 31 291 37 29 187 15 65 468 16 20 7 138 443 193 34 20 40 60 1211 25 43 28 321 297964 46
internal_value=-1.51366e-05 -0.00816832 0.00830319 0.0131669 -0.0155769 -0.0239495 -0.0195281 -0.0363828 0.0231923 -0.0491776 0.0537978 -0.0583407 -0.000748101 0.00356957 -0.00902083 -0.0357146 0.0268467 0.00803913 -0.0234035 0.0323371 0.0677023 0.0444694 0.109908 1.58577e-05 0.0344556 0.126217 0.0556217 -1.74627e-05 2.4951e-06 0.0420617
internal_weight=40603.1 153.768 80.0895 77.3948 24.9565 73.6784 63.0408 36.4458 6.44351 30.0023 2.45157 27.5507 21.4994 26.595 20.2156 12.2859 52.4383 28.4076 10.1719 7.92973 5.33085 2.03573 1.40631 40449.3 15.6882 4.28426 3.04593 11.4039 40433.6 3.85265
internal_count=304429 4765 2170 1662 697 2595 964 364 60 304 52 252 616 600 549 475 965 581 309 74 40 116 76 299664 489 96 53 393 299175 72
cat_boundaries=0 1 2 3
cat_threshold=19257373 4719776 9437224
is_linear=0
shrinkage=0.1


Tree=77
num_leaves=31
num_cat=7
split_feature=2 2 4 0 0 3 3 1 0 2 0 3 3 4 4 4 3 4 4 3 2 3 0 4 0 4 0 4 4 4
split_gain=1.03209 6.37176 11.0577 8.24334 5.17326 4.81788 5.30594 4.43608 5.6097 5.16284 7.64298 5.31704 4.74683 13.7235 5.21112 4.13767 10.944 9.32802 9.39603 5.58395 4.99091 5.8845 4.90508 4.79313 4.40122 4.28947 3.81889 12.0879 5.48508 6.68744
threshold=5.5850000000000009 5.6050000000000013 0.32010000000000005 0 1 0.16500000000000004 0.14500000000000005 1.5000000000000002 2 5.6450000000000005 3 0.16500000000000004 0.17500000000000002 0.34154999999999996 0.33400000000000002 0.25525000000000003 0.17500000000000002 0.1847 0.22184999999999991 0.15500000000000003 7.5650000000000004 0.13500000000000004 4 0.12590000000000004 5 0.24035000000000004 6 0.28755000000000003 0.33935000000000004 0.34475000000000006
decision_type=2 2 2 9 9 2 2 2 9 2 9 2 2 2 2 2 2 2 2 2 2 2 9 2 9 2 9 2 2 2
left_child=-1 2 3 5 -4 6 -2 8 -3 10 -10 -12 13 -13 -14 16 19 -18 -19 22 26 -22 -11 -24 25 -21 28 -28 -17 -30
right_child=1 7 4 -5 -6 -7 -8 -9 9 15 11 12 14 -15 -16 20 17 18 -20 24 21 -23 23 -25 -26 -27 27 -29 29 -31
leaf_value=-0.00054233902548255061 -0.022968367373049178 -0.0086232332919420028 0.0056733650407220435 -0.028570907488074195 0.045572878444337626 -0.0078100642975430616 0.098950040588635657 0.0009308038135049327 -0.025457683339880806 -0.0032471872467631537 0.022441386398785533 0.034037137278636213 0.10088709634348539 0.26703438049452349 -0.038124508675946148 0.012007016285065859 0.004135711833473092 0.22014401829573754 0.06538167628560837 -0.057407901775251305 -0.086518602747068796 -0.012956852555809341 0.00044651517086895394 0.043517507352592598 0.00092227512645532556 0.035523382771081212 -0.034985526720207535 -0.0020213070817907269 -0.050735399960787811 -0.0011258053389397173
leaf_weight=19387.68991558277 4.7871653065085438 1158.4449399746954 66.507898591458797 65.986931547522545 94.197394885122776 15.15646907687187 14.035294171422718 17404.663221605122 17.625961303710938 108.48299012333155 27.039454966783524 5.6436790674924868 6.5985187143087369 4.5789110064506531 4.5604328513145447 377.03573724627495 16.622700735926628 5.2607391476631191 15.426795981824396 35.920656159520149 14.722341969609259 41.605716787278652 39.815065518021584 73.59749161452055 94.221165381371975 5.7638156041502944 127.02187422662973 895.40655568242073 28.939510934054852 445.00835013389587
leaf_count=169404 33 9280 426 479 600 106 91 106104 111 833 168 35 40 28 28 2752 114 36 104 250 140 366 292 546 668 41 958 6864 213 3319
internal_value=-1.49416e-05 0.000467037 0.0160052 -0.0101089 0.0322493 0.0263869 0.0679422 0.00027374 -0.00294826 -0.000161856 0.0274074 0.0430233 0.0891733 0.138401 0.0440759 -0.000945769 0.00837753 0.0599164 0.104737 0.00300324 -0.0028547 -0.0321835 0.01278 0.0260959 -0.0129594 -0.0359369 -0.00197287 -0.00605739 0.00297082 -0.00415499
internal_weight=40602.4 21214.7 260.671 99.9659 160.705 33.9789 18.8225 20954 3549.34 2390.9 66.047 48.421 21.3815 10.2226 11.159 2324.85 395.111 37.3102 20.6875 357.801 1929.74 56.3281 221.896 113.413 135.906 41.6845 1873.41 1022.43 850.984 473.948
internal_count=304429 135025 1735 709 1026 230 124 133290 27186 17906 410 299 131 63 68 17496 2884 254 140 2630 14612 506 1671 838 959 291 14106 7822 6284 3532
cat_boundaries=0 1 2 3 4 5 6 7
cat_threshold=22546848 4465585 21553536 1181732 3414540 1052691 3150876
is_linear=0
shrinkage=0.1


Tree=78
num_leaves=31
num_cat=7
split_feature=1 3 0 0 2 0 4 4 2 4 3 2 2 1 0 2 2 2 4 1 2 0 4 2 2 2 2 4 0 0
split_gain=1.12936 2.92232 7.75647 7.51691 5.24336 7.03617 5.7224 6.52168 8.09925 10.3649 16.5398 5.79235 7.05417 5.14245 4.73633 6.43017 5.14725 6.21552 8.00867 5.64952 5.41871 6.43082 6.07434 4.61812 4.57283 6.65988 5.5958 4.49221 4.66842 4.55543
threshold=2.5000000000000004 0.15500000000000003 0 1 6.8250000000000011 2 0.48300000000000004 0.35515000000000002 7.1250000000000009 0.22254999999999997 0.13500000000000004 7.6550000000000011 7.455000000000001 1.5000000000000002 3 5.8350000000000009 6.3750000000000009 6.2550000000000008 0.34315000000000007 1.5000000000000002 6.1950000000000012 4 0.34790000000000004 7.2250000000000005 3.8450000000000002 3.7550000000000003 3.9050000000000007 0.24275000000000002 5 6
decision_type=2 2 9 9 2 9 2 2 2 2 2 2 2 2 9 2 2 2 2 2 2 9 2 2 2 2 2 2 9 9
left_child=1 2 4 24 14 -6 7 8 -7 10 -10 12 -9 -13 -1 -16 17 20 -19 -18 21 -17 -23 -12 25 -3 -26 29 -29 -4
right_child=-2 3 27 -5 5 6 -8 11 9 -11 23 13 -14 -15 15 16 19 18 -20 -21 -22 22 -24 -25 26 -27 -28 28 -30 -31
leaf_value=-0.00044879827387346783 -0.00044869644044837667 0.0013035477875071888 -0.01214362439600125 0.0029774136188340634 0.0069182806248889632 -0.048262533373848414 -0.071690111770777193 0.014035250978260083 0.22883711576197727 -0.019930803641526398 0.087454824298301981 0.0029333285052620863 -0.068048256420470576 0.15142059371570674 0.0014122977511862051 0.046513919796294372 -0.010305443525834908 0.023541945296511602 0.087599205675339353 0.019862991895463852 -0.015560759370382125 0.025785895236618801 -0.021452302184252346 -0.066878965625646922 -0.057151077595417092 0.048221058006997781 -0.0046632885666622803 -0.011255639367998269 -0.0028301567731760079 0.0090316377425373497
leaf_weight=585.92682862281799 24233.920076931361 138.06052588485181 121.74656852334738 8320.7768667768687 240.76935735344887 76.415448062121868 18.041647776961327 60.128275208175182 4.7283786609768841 53.177615784108639 3.1897802650928497 4.315141409635542 12.677071571350096 5.0758256763219833 401.55285704135895 72.249911762773991 105.09815662354231 46.066154398024082 33.865879245102406 151.62917503714561 39.196011006832123 72.810410663485527 43.47570913285017 4.9438979998230934 20.536678321659565 38.745821796357632 1853.7969848439097 895.96336481720209 2489.0754441730678 450.87965506315231
leaf_count=3529 202952 1158 750 51385 1555 506 121 398 32 353 21 43 86 24 2414 422 895 276 204 716 236 427 260 35 147 265 11496 5627 15351 2745
internal_value=-1.52807e-05 0.000626541 -0.00113144 0.00164232 0.00387547 -0.00519904 -0.0168126 -0.0131538 -0.0260961 -0.000447083 0.0801075 0.00927663 -0.00025736 0.0831908 0.00672747 0.0109716 0.0179672 0.0266907 0.0506819 0.00751274 0.01827 0.0253034 0.00748164 -0.00635397 -0.00376983 0.0115852 -0.00523839 -0.0037068 -0.00510185 0.0044752
internal_weight=40598.8 16364.9 5993 10371.9 2035.33 483.462 242.693 224.651 142.455 66.0397 12.8621 82.1963 72.8053 9.39097 1551.87 965.944 564.391 307.664 79.932 256.727 227.732 188.536 116.286 8.13368 2051.14 176.806 1874.33 3957.67 3385.04 572.626
internal_count=304429 101477 37026 64451 12553 3174 1619 1498 947 441 88 551 484 67 9379 5850 3436 1825 480 1611 1345 1109 687 56 13066 1423 11643 24473 20978 3495
cat_boundaries=0 1 2 3 4 5 6 7
cat_threshold=5818752 1575184 5783552 4734976 1048704 2101761 25231364
is_linear=0
shrinkage=0.1


Tree=79
num_leaves=31
num_cat=5
split_feature=4 3 0 0 4 4 0 2 0 2 4 4 2 2 2 2 4 2 2 2 3 2 0 2 4 4 2 4 1 2
split_gain=1.04856 3.60821 12.7493 12.639 9.15529 8.92739 11.2182 8.55366 10.5999 7.24787 6.99979 8.65796 9.74217 6.89535 6.48568 6.74495 6.14595 6.11173 5.86671 5.78241 5.54446 5.52254 5.841 5.41526 6.0292 5.33094 5.15455 10.4347 6.02826 10.5845
threshold=0.34075000000000005 0.16500000000000004 0 1 0.25865000000000005 0.32735000000000009 2 4.2250000000000005 3 4.1650000000000009 0.21909999999999999 0.31124999999999997 3.8450000000000002 4.4850000000000012 6.0450000000000008 6.0750000000000011 0.27555000000000007 2.7350000000000008 4.0550000000000006 6.6650000000000009 0.15500000000000003 6.0150000000000006 4 7.0850000000000009 0.31755000000000005 0.26715000000000005 4.3850000000000007 0.32895000000000002 4.5000000000000009 4.245000000000001
decision_type=2 2 9 9 2 2 9 2 9 2 2 2 2 2 2 2 2 2 2 2 2 2 9 2 2 2 2 2 2 2
left_child=1 2 26 4 17 7 13 8 10 -10 18 12 16 -7 21 -16 25 -3 -4 -8 -21 22 -15 -6 -25 -12 27 -1 -29 -30
right_child=-2 3 5 -5 23 6 19 -9 9 -11 11 -13 -14 14 15 -17 -18 -19 -20 20 -22 -23 -24 24 -26 -27 -28 28 29 -31
leaf_value=-0.023351349863322806 0.00051984508886485277 0.070487017240777633 0.10728344943072961 -0.0037946736984691091 0.0099102628958586767 0.051988984853570841 -0.022483961738728027 0.0039346562496186512 -0.0089757649008454909 0.065420445958395315 -0.011591773688518246 0.072251095284776551 0.041070749346769769 0.01078922947945813 0.13595135398132877 0.01218130001013162 -0.074125642970469696 -0.0050744543774206476 0.025154525078334357 -0.0089700696077221129 0.038332838846069001 -0.12784109769904708 -0.024814325803825248 0.098455358123786862 -0.019894766376909154 0.1583330798720094 -0.0025186796945055392 0.019105635619975529 0.2200186059337714 -0.10885804067901095
leaf_weight=239.21079718042165 19300.361779397121 10.881079834885893 25.172693745233119 7487.9794298370834 1148.1969179329462 31.069135770201683 366.68450427614152 5910.1439545676112 112.58813016489148 14.818661026656626 10.826015418395402 31.768482930958271 40.954248029738665 80.812183827161789 4.4998187422752371 204.61135610193014 16.76620652154088 659.32264456152916 13.289422767236827 121.40944020450115 31.133054099977016 3.9752775952219954 87.940683476626873 14.014851920306684 6.2126357182860366 2.2258392833173266 4593.8523133993149 20.218287739902738 3.9788318295031777 1.2977963164448736
leaf_count=2531 141447 438 293 64137 9703 282 2641 39974 1252 141 134 335 382 576 27 1309 172 5549 127 766 195 25 639 87 37 34 30938 157 83 18
internal_value=-1.40035e-05 -0.000497829 0.00065119 -0.00197242 0.00543995 0.00334661 -0.00577111 0.00472758 0.0221871 -0.000299266 0.0397102 0.0288807 0.00941254 0.00652789 0.00299981 0.0148447 -0.0340691 -0.00384768 0.0789063 -0.0153812 0.000684185 -0.01134 -0.00859564 0.0108139 0.0621055 0.0173869 -0.00329377 -0.0168696 0.043947 0.139131
internal_weight=40596.2 21295.9 11969.2 9326.61 1838.63 7110.69 932.135 6178.55 268.41 127.407 141.003 102.541 70.7723 412.908 381.839 209.111 29.8181 670.204 38.4621 519.227 152.542 172.728 168.753 1168.42 20.2275 13.0519 4858.56 264.706 25.4949 5.27663
internal_count=304429 162982 83031 79951 15814 49304 6460 42844 2870 1393 1477 1057 722 2858 2576 1336 340 5987 420 3602 961 1240 1215 9827 124 168 33727 2789 258 101
cat_boundaries=0 1 2 3 4 5
cat_threshold=8864410 82058 6331396 20986144 2100224
is_linear=0
shrinkage=0.1


Tree=80
num_leaves=31
num_cat=4
split_feature=1 0 4 4 4 3 2 4 3 3 2 2 4 3 3 0 2 3 4 3 2 4 2 2 4 2 0 0 2 2
split_gain=1.00269 2.50772 6.47595 5.64227 5.53807 7.08995 4.66179 5.80586 4.85923 4.36113 7.16907 3.6706 3.6953 3.66627 5.74141 3.24647 5.19949 8.23122 3.89253 3.56131 11.86 3.55271 3.06882 4.78588 7.54102 6.34968 5.78508 3.62642 7.1469 4.11109
threshold=5.5000000000000009 0 0.48640000000000005 0.53885000000000016 0.46025000000000005 0.13500000000000004 3.1750000000000003 0.45290000000000002 0.19500000000000003 0.12500000000000003 6.4050000000000011 2.4450000000000007 0.47210000000000002 0.20500000000000004 4.7900000000000009 1 3.1750000000000003 0.17500000000000002 0.65415000000000012 1.6250000000000002 2.7350000000000008 0.56830000000000014 2.0750000000000006 5.8850000000000007 0.51075000000000015 5.785000000000001 2 3 6.4050000000000011 6.2550000000000008
decision_type=2 9 2 2 2 2 2 2 2 2 2 2 2 2 2 9 2 2 2 2 2 2 2 2 2 2 9 9 2 2
left_child=-1 -2 4 22 6 9 7 -3 -9 -6 -11 12 -7 -8 -15 16 19 18 -18 20 -5 -17 -4 24 25 26 -24 28 -25 -29
right_child=1 2 3 15 5 11 13 8 -10 10 -12 -13 -14 14 -16 21 17 -19 -20 -21 -22 -23 23 27 -26 -27 -28 29 -30 -31
leaf_value=0.00014146646800288994 0.001457201271335494 -0.041877921923233613 -0.050773012309346166 -0.034700428610603462 -0.023860953731583645 -0.10091358185925847 -0.002957065702989791 0.36872283084343022 -0.10086358595173578 0.2388372180926186 0.0062936355966578296 -0.053337591168320708 0.17186375597757497 -0.046279400175006549 0.16101974654203222 -0.071779177468561758 0.065904311821121483 -0.082241766416786488 -0.072064588200675461 0.31061447921889551 0.71915636659856519 -0.0037769498611130814 -0.036302962517377392 -0.054605713993939646 0.13507886424558813 0.18767750376801273 0.043398145547087048 0.050853840329044178 0.11447511155506501 -0.038146261500160747
leaf_weight=36936.636306576431 1551.9129268531688 43.138645873870701 3.8850793796591452 1.4946923491079389 5.3207600051537138 0.7557194097898895 1831.0923539418727 0.63337385654449363 0.3379353703930974 2.2763754017651081 3.1745201125741005 53.315446864813566 1.4485874688252804 30.44572148472071 1.3973733857274044 12.657693680375813 14.748913109302526 6.9530399627983561 2.3740391284227362 0.95917022973299015 0.24255819618701924 19.546820097602904 7.7744882106781006 3.2679467722773543 11.301248589530585 2.3260098174214354 9.5379002727568238 7.1998227313160923 10.637468330562113 18.593486785888672
leaf_count=253691 20167 2984 389 183 70 107 23418 19 54 24 24 628 101 804 12 272 134 105 24 20 5 449 123 28 144 23 138 62 80 147
internal_value=-1.49505e-05 -0.00159405 -0.00383035 0.017467 -0.00529057 -0.0337045 -0.00430287 -0.036434 0.205346 0.040542 0.103407 -0.0481094 0.0783454 -0.00354208 -0.0371825 -0.00564256 0.0176656 0.00951581 0.0467754 0.155949 0.0705545 -0.0232768 0.0357556 0.0405146 0.0699989 0.0325476 0.011705 0.0175357 0.0434745 -0.00958652
internal_weight=40595.4 3658.75 2106.84 133.5 1973.34 66.2914 1907.05 44.11 0.971309 10.7717 5.4509 55.5198 2.20431 1862.94 31.8431 58.9769 26.7724 24.076 17.123 2.69642 1.73725 32.2045 74.5235 70.6384 30.9396 19.6384 17.3124 39.6987 13.9054 25.7933
internal_count=304429 50738 30571 2326 28245 954 27291 3057 73 118 48 836 208 24234 816 1192 471 263 158 208 188 721 1134 745 428 284 261 317 108 209
cat_boundaries=0 1 2 3 4
cat_threshold=1172237 21103634 8522912 5280
is_linear=0
shrinkage=0.1


Tree=81
num_leaves=31
num_cat=3
split_feature=4 0 4 0 3 2 2 2 2 2 2 2 1 4 4 4 2 1 2 0 4 1 2 2 1 3 3 2 2 2
split_gain=0.911225 5.33757 5.28399 11.11 4.807 4.30765 3.66566 5.46286 3.23489 5.59278 4.05734 11.5946 5.25351 4.8331 4.34631 4.37316 3.96409 5.02234 3.31124 3.1898 3.73465 5.77592 6.9645 9.34907 4.90711 4.83677 4.83634 4.33896 7.13093 4.27249
threshold=1.0000000180025095e-35 0 0.15829999999999991 1 0.20500000000000004 3.6750000000000003 7.8550000000000013 7.3450000000000006 6.0150000000000006 6.0950000000000006 6.2550000000000008 6.455000000000001 1.5000000000000002 0.10100000000000002 0.14335000000000003 0.11610000000000002 5.1250000000000009 1.5000000000000002 6.7350000000000012 2 0.11610000000000002 1.5000000000000002 5.1050000000000013 5.1850000000000014 4.5000000000000009 0.14500000000000005 0.20500000000000004 5.7950000000000008 6.2550000000000008 5.8650000000000011
decision_type=2 9 2 9 2 2 2 2 2 2 2 2 2 2 2 2 2 2 2 9 2 2 2 2 2 2 2 2 2 2
left_child=1 -1 3 4 8 -5 7 19 16 -10 -11 12 -12 -14 15 -13 -2 -18 -17 -7 24 -22 25 -24 -21 -23 -27 -25 29 -29
right_child=2 -3 -4 5 -6 6 -8 -9 9 10 11 14 13 -15 -16 18 17 -19 -20 20 21 22 23 27 -26 26 -28 28 -30 -31
leaf_value=0.010137970424781808 -0.020143065953658015 -0.0015175009526768245 4.6359779982652082e-05 -0.052190337628827216 0.054985783432302961 0.022337668040823749 0.10837788548892031 -0.10626353999688927 0.064699290159859452 -0.058674330947402376 0.17915363610802459 -0.048417120697945001 -0.065993837397293531 0.074931264094259473 -0.086889398159628803 0.043423686536446064 0.0019966129440624303 -0.059922710759099919 -0.030238646986207582 -0.0030593533997655183 -0.02542835478522695 0.078843067919552104 0.16904991810975428 -0.0059468695705311211 -0.049147528104655412 -0.025713821538724996 0.099261044128604106 0.025545316983173749 0.016317100431104025 0.1136693023354509
leaf_weight=564.95187696255744 109.01166054047644 1237.814828468021 38045.646152254427 14.199395933886988 7.6255957847461096 68.403370730578899 3.3256341591477385 4.5285880118608466 8.9201508536934835 19.550090841948986 3.351178556680682 21.630064353346825 3.2867823019623748 9.3751479238271695 10.411050565540789 14.730409212410452 16.009266898036003 72.070946101099253 10.418460585176943 110.21466670930386 40.621849678456783 5.6032046228647223 4.7709957659244528 30.177843917161226 29.228322805836797 53.793173935264349 3.2856365814805022 8.4095293581485766 46.278202071785927 15.910671457648276
leaf_count=4405 1110 9558 284492 281 116 482 20 29 61 135 25 141 22 61 72 97 106 546 70 709 287 53 35 218 315 527 38 54 268 96
internal_value=-1.48383e-05 0.00218291 -0.000116977 -0.00845666 -0.0226761 0.00194563 0.00380207 0.00297643 -0.0254173 -0.0109298 -0.0182031 -0.00739459 0.0678169 0.0383499 -0.0284537 -0.0154483 -0.032891 -0.0486684 0.0129075 0.00416363 -4.56969e-05 0.00841419 0.0165861 0.0322659 -0.0127198 -0.00981651 -0.0185199 0.0257902 0.0393565 0.0831975
internal_weight=40593.6 1802.77 38790.8 745.142 306.391 438.751 424.552 421.226 298.765 101.673 92.7532 73.2031 16.0131 12.6619 57.19 46.7789 197.092 88.0802 25.1489 416.697 348.294 208.851 168.229 105.547 139.443 62.682 57.0788 100.776 70.5984 24.3202
internal_count=304429 13963 290466 5974 2562 3412 3131 3111 2446 684 623 488 108 83 380 308 1762 652 167 3082 2600 1576 1289 671 1024 618 565 636 418 150
cat_boundaries=0 1 2 3
cat_threshold=4786307 23338002 1196032
is_linear=0
shrinkage=0.1


Tree=82
num_leaves=31
num_cat=1
split_feature=3 0 3 3 4 3 4 3 3 1 1 3 2 2 3 4 2 2 4 3 4 3 2 3 1 3 1 2 1 2
split_gain=0.898988 3.65589 2.93256 2.49635 2.37369 2.82301 2.44874 2.27921 2.20189 1.9875 2.40727 2.50397 2.36316 2.5376 1.8377 2.87633 1.78277 6.17123 3.43258 3.41397 1.95022 1.85915 1.97365 1.69896 2.37384 1.98724 3.91102 2.03519 3.60183 6.29117
threshold=0.58500000000000008 0 1.1850000000000003 1.3650000000000004 0.47210000000000002 1.8550000000000002 0.46440000000000009 1.5650000000000002 1.3450000000000004 4.5000000000000009 1.5000000000000002 4.2700000000000005 4.6850000000000014 28.170000000000005 3.9700000000000002 0.45785000000000003 2.0750000000000006 8.3350000000000026 0.49050000000000005 3.4650000000000003 0.5011500000000001 2.2550000000000003 1.5450000000000002 4.8150000000000004 3.5000000000000004 4.2700000000000005 2.5000000000000004 6.245000000000001 4.5000000000000009 3.0550000000000002
decision_type=2 9 2 2 2 2 2 2 2 2 2 2 2 2 2 2 2 2 2 2 2 2 2 2 2 2 2 2 2 2
left_child=-1 2 -2 8 6 -6 14 -3 -4 10 11 -9 -12 -14 15 -5 21 -18 -19 -20 -21 22 -11 25 -25 27 -27 28 -7 -30
right_child=1 7 3 4 5 23 -8 9 -10 16 12 -13 13 -15 -16 -17 17 18 19 20 -22 -23 -24 24 -26 26 -28 -29 29 -31
leaf_value=1.5110489937221196e-05 -0.10051534106488283 -0.070197065105212023 0.040264026188944729 -0.049485269940171689 -0.038601668790211374 -0.039161473586561156 -0.1073552039550203 0.07759080168393126 0.17855321546596969 0.043451580252250321 0.045864303019387653 -0.046880820717065716 -0.073806930727121592 -0.0038792519939048163 0.02732555583671252 0.15676208123551888 -0.10547909071554684 -0.042067382680277127 0.16561208254906529 0.091736624644622233 -0.0089286420895918258 -0.10211703307685703 0.20504842437621418 0.033212672615999951 -0.068310834671107518 0.16630220998196543 0.027541058666867443 0.0014165361233801298 0.053740319832242062 0.31049246473280023
leaf_weight=40439.631971201394 2.4076858495827755 9.8013929491862637 6.2366491197608402 10.080846258904788 7.4696177439764133 2.4404722675681167 2.89824289176613 3.5588841363787642 1.4120723945088682 3.3636141587048796 2.5440025413408902 2.9607009366154671 19.343601491302255 7.0921721905469886 8.1120941340923292 0.72479566186666566 5.1732538128271726 5.8537401817739037 2.1558072604238978 2.8993404954671842 5.724043320864439 0.64565873984247435 0.97483823355287302 5.5550357252359372 3.9342883825302124 3.278121739625929 5.3400277197360992 14.577818203717468 4.7769574075937271 1.1925975326448677
leaf_count=299664 508 1631 380 346 362 18 64 31 56 136 52 29 187 65 74 7 165 82 26 27 74 39 51 33 32 17 38 119 92 24
internal_value=-1.37915e-05 -0.00767653 0.00727845 0.0115373 0.00564088 0.0179495 -0.0217596 -0.0222818 0.0657944 -0.0183193 -0.0338369 0.0210652 -0.0461883 -0.0550468 -0.00864614 -0.0356511 0.00224277 -0.0100901 0.0195783 0.0530555 0.0249169 0.0562007 0.0797619 0.0282285 -0.00887913 0.0393696 0.0803222 0.0240164 0.0631907 0.105034
internal_weight=40592.2 152.528 80.4373 78.0296 70.3809 48.5649 21.816 72.0911 7.64872 62.2897 35.4994 6.51959 28.9798 26.4358 18.9177 10.8056 26.7903 21.8062 16.6329 10.7792 8.62338 4.98411 4.33845 41.0953 9.48932 31.606 8.61815 22.9878 8.41003 5.96955
internal_count=304429 4765 2170 1662 1226 735 491 2595 436 964 364 60 304 252 427 353 600 374 209 127 101 226 187 373 65 308 55 253 134 116
cat_boundaries=0 1
cat_threshold=19257373
is_linear=0
shrinkage=0.1


Tree=83
num_leaves=31
num_cat=4
split_feature=1 0 4 3 4 0 4 2 2 2 0 1 4 4 2 2 1 2 0 2 3 3 2 2 4 2 3 4 2 3
split_gain=0.884752 2.87203 6.54065 4.2915 3.8114 7.44358 7.14669 7.90615 4.5033 4.26825 3.74287 4.18935 3.23433 5.60556 5.30509 3.99382 3.46444 3.34823 3.22121 4.68416 4.48899 5.14223 5.61102 4.2503 5.6094 3.99648 3.66698 4.19432 3.17989 3.0812
threshold=3.5000000000000004 0 0.47455000000000008 0.115 0.48640000000000005 1 0.59760000000000013 4.1250000000000009 2.9150000000000005 3.5850000000000004 2 1.5000000000000002 0.59760000000000013 0.56830000000000014 3.5850000000000004 3.9850000000000008 1.5000000000000002 4.1250000000000009 3 7.2650000000000006 0.17500000000000002 0.15500000000000003 6.7350000000000012 6.5750000000000011 0.53145000000000009 5.6550000000000011 0.18500000000000003 0.52330000000000021 7.0650000000000004 0.17500000000000002
decision_type=2 9 2 2 2 9 2 2 2 2 9 2 2 2 2 2 2 2 9 2 2 2 2 2 2 2 2 2 2 2
left_child=1 2 3 28 -3 8 9 -8 -6 -7 -9 -12 13 14 -10 16 -16 -15 19 20 21 -4 23 24 -23 -26 -22 -28 -1 -19
right_child=-2 4 18 -5 5 6 7 10 12 -11 11 -13 -14 17 15 -17 -18 29 -20 -21 26 22 -24 -25 25 -27 27 -29 -30 -31
leaf_value=-0.042536268284283529 -0.00059992960634550735 -0.0005981693973559671 0.01994085289652665 0.0031876862454096617 0.13292131578790145 -0.070459568287191091 0.11791063653440891 0.039562023603608359 -0.072066624207062766 -0.0062241416519319493 0.038631731671835312 -0.028367500711676041 -0.0041547888475511399 0.15051269051586602 -0.010160888450783216 0.01496164124045932 0.10668366871149595 0.071937059571588274 -0.019335558394272395 -0.047091773489693317 0.063754280671844868 0.0025499805418824333 0.060160809935559903 -0.13738165981132225 -0.032254142281689234 -0.11418863971236903 -0.042942203016872328 0.056282074908158113 0.026824977511251555 -0.0027480713759057938
leaf_weight=33.68175670877099 15737.37353130104 17546.568828673102 51.376195006072521 6024.6277815084904 3.28104593604803 10.633097216486929 8.3192361146211606 21.178608171641827 6.781822942197322 380.84912865608931 13.638229764997957 29.562170818448067 70.557235345244408 3.6718555837869671 3.5650308653712264 283.95179060846567 8.804586395621298 17.528777137398723 189.89397545903921 19.343697771430016 20.499966040253639 33.655625335872173 7.5429335683584204 3.5482798367738715 18.663200981915001 8.7414024323225004 9.5784965790808219 7.6726671066135159 8.2233940958976728 8.065812371671198
leaf_count=199 152214 108105 295 36445 47 98 57 126 58 2229 95 154 419 26 24 1632 63 100 1133 136 124 203 42 20 113 48 67 52 54 51
internal_value=-1.32163e-05 0.000358286 0.00217471 0.00296587 -0.000277618 0.00618135 -0.0025665 0.0261723 0.0158506 -0.00796885 0.0143176 -0.00585966 0.0152907 0.0194187 0.0153833 0.0173847 0.0730081 0.0612122 -0.0107202 -0.000561131 0.00498494 -0.00423798 -0.0214548 -0.0309833 -0.0248003 -0.0583893 0.0351638 0.00118901 -0.0289249 0.048401
internal_weight=40591.4 24854 6437.05 6066.53 18417 870.388 464.18 72.6982 406.208 391.482 64.379 43.2004 402.927 332.37 303.103 296.321 12.3696 29.2664 370.516 180.622 161.279 123.528 72.1514 64.6085 61.0602 27.4046 37.7511 17.2512 41.9052 25.5946
internal_count=304429 152215 38931 36698 113284 5179 2759 432 2420 2327 375 249 2373 1954 1777 1719 87 177 2233 1100 964 721 426 384 364 161 243 119 253 151
cat_boundaries=0 1 2 3 4
cat_threshold=29884545 1491210 5632 8913024
is_linear=0
shrinkage=0.1


Tree=84
num_leaves=31
num_cat=3
split_feature=4 0 2 4 1 3 2 0 1 2 4 2 2 0 4 1 2 4 1 2 1 3 3 3 2 1 4 2 2 4
split_gain=0.8667 6.90429 6.34039 4.37179 6.1363 6.05624 5.68384 4.93634 4.79838 4.4591 5.16568 4.74045 7.72575 7.62436 9.5955 7.37541 6.18914 5.51445 5.60885 4.63595 4.40377 4.32012 4.19916 3.98892 4.92604 4.38401 4.00372 4.6079 3.96 3.85199
threshold=0.23670000000000005 0 3.8750000000000004 0.15829999999999991 1.5000000000000002 0.19500000000000003 6.4450000000000012 1 3.5000000000000004 4.0150000000000006 0.1847 5.495000000000001 5.535000000000001 2 0.21909999999999999 2.5000000000000004 5.5550000000000006 0.21630000000000002 2.5000000000000004 3.9850000000000008 5.5000000000000009 0.18500000000000003 0.18500000000000003 0.15500000000000003 5.3050000000000006 2.5000000000000004 0.19955000000000003 4.9050000000000011 4.3850000000000007 0.22605000000000003
decision_type=2 9 2 2 2 2 2 9 2 2 2 2 2 9 2 2 2 2 2 2 2 2 2 2 2 2 2 2 2 2
left_child=1 2 -1 4 6 9 21 8 -6 10 -5 13 -13 14 17 -15 -14 23 -19 -12 -17 -4 -21 25 -25 -11 27 -27 -22 -18
right_child=-2 -3 3 5 7 -7 -8 -9 -10 11 19 12 16 15 -16 20 29 18 -20 22 28 -23 -24 24 -26 26 -28 -29 -30 -31
leaf_value=-0.018686573864303536 -0.00019260154383412404 -0.0010664420826497273 -0.016820587741243523 0.15747973325568354 0.028272792843740499 -0.023846421734143055 -0.064965158657452823 -0.0040190979099402006 0.002494938762610754 -0.021150177779799391 -0.0040424204214879623 0.11144862470101363 -0.10213280167092419 0.048405270826257368 -0.052534526948646743 0.010909505662780377 0.015125886907406284 0.17071712134192138 0.020151063270728228 0.047022105441943095 0.088806930658208799 0.040259310630288002 0.22001224419269422 -0.0022581152577715855 -0.068466518073272878 0.11212252233686081 0.1337493305324173 -0.038194159767144714 -0.084980089116016858 0.03838780681131488
leaf_weight=90.573052378837019 35228.074044008506 3864.5459392508492 84.246011301875114 4.3811003770679262 152.78652089089155 40.756007833406329 21.088978491723537 224.29828401468694 136.92429509572685 9.3381092697381991 10.815561406314375 9.2479434162378293 4.1729639396071425 59.303636968135834 42.072985395789146 68.098950188606977 322.23289851099253 3.729131415486334 7.351528849452734 4.305220464244484 1.5405163466930378 15.736310876905916 2.0816816072911024 53.526300737634301 14.223750583827494 3.4796566367149335 5.5021779835224143 4.926819559186697 8.8073000945150834 91.371120125055313
leaf_count=1552 262504 30211 537 42 861 390 174 1672 1204 55 115 63 29 361 337 576 2055 24 75 43 30 100 21 453 99 31 44 42 137 592
internal_value=-1.23311e-05 0.00117215 0.00691241 0.00861022 0.00246594 0.0136696 -0.0177877 0.00723655 0.0155527 0.0157626 0.0605391 0.0143994 0.0210434 0.00433501 -0.0115462 0.0203174 0.0190422 0.0042167 0.0708232 0.0358504 0.00167361 -0.00783673 0.103405 -0.00389395 -0.0161582 0.0318488 0.0674317 0.0240258 -0.0591078 0.0202648
internal_weight=40589.5 5361.46 1496.92 1406.35 635.08 771.265 121.071 514.009 289.711 730.509 21.5836 708.926 427.025 281.901 144.15 137.75 417.777 102.077 11.0807 17.2025 78.4468 99.9823 6.3869 90.9968 67.7501 23.2468 13.9087 8.40648 10.3478 413.604
internal_count=304429 41925 11714 10162 4548 5614 811 3737 2065 5224 221 5003 2739 2264 1160 1104 2676 823 99 179 743 637 64 724 552 172 117 73 167 2647
cat_boundaries=0 1 2 3
cat_threshold=26740757 1574913 16779268
is_linear=0
shrinkage=0.1


Tree=85
num_leaves=31
num_cat=6
split_feature=4 3 0 0 2 2 0 2 4 4 2 4 3 2 2 0 2 0 2 2 0 1 1 2 2 2 2 1 3 3
split_gain=0.955193 5.58205 10.0764 9.67116 7.68126 7.33439 6.94556 6.29965 9.29417 8.32675 8.6233 7.69686 6.1385 5.81027 7.22487 10.0016 5.61578 8.5159 5.69394 5.2659 4.6893 4.55818 7.27701 4.32816 6.12748 4.21734 4.80831 4.9523 8.68635 4.07354
threshold=0.31915000000000004 0.16500000000000004 0 1 5.8650000000000011 5.8450000000000006 2 4.2250000000000005 0.19520000000000001 0.31345000000000006 3.9550000000000005 0.15829999999999991 0.10500000000000002 7.1450000000000005 7.1850000000000014 3 4.245000000000001 4 3.5450000000000004 3.8450000000000002 5 2.5000000000000004 3.5000000000000004 4.1850000000000014 4.0550000000000006 3.5450000000000004 3.8450000000000002 3.5000000000000004 0.15500000000000003 0.18500000000000003
decision_type=2 2 9 9 2 2 9 2 2 2 2 2 2 2 2 9 2 9 2 2 9 2 2 2 2 2 2 2 2 2
left_child=1 3 13 7 5 29 -6 8 11 20 19 23 -9 -3 -15 -16 17 18 -5 21 25 -11 -23 24 -1 -10 -27 -28 -29 -4
right_child=-2 2 4 16 6 -7 -8 12 9 10 -12 -13 -14 14 15 -17 -18 -19 -20 -21 -22 22 -24 -25 -26 26 27 28 -30 -31
leaf_value=0.061888825207689603 0.00039482857907455925 0.00052583910660738465 -0.0017782505592842252 0.0049977429560127754 -0.0056035097291090496 0.059729056181499096 -0.026254794796440606 -0.12658271616320801 0.083782123537833875 -0.012106154697879852 0.18598341260000406 0.16578714123798477 0.0035035169627795739 0.17442925307485393 -0.027968550142125133 0.060639627373279152 -0.001471072913061193 0.00040021460993109996 -0.058233325382942874 -0.054107460215487749 -0.011627139713126972 0.26695137489697562 0.037802251942213462 0.16381491898748884 -0.024220423914590214 -0.060531068153811499 0.0013211048603857637 -0.035297011887823387 0.14694009088128282 -0.0096752407686995744
leaf_weight=27.468209252692759 23806.218725896208 3740.181793943746 1798.7774725016207 18.044582331553102 350.06068236380816 17.809820458292961 329.11947495490313 3.6303188130259505 10.667298831045626 3.6391738951206225 4.9143234416842452 5.9855112899094811 4562.124001653865 3.596195973455905 17.604389876127243 17.618846908211708 4496.476637378335 121.42487993743271 67.56928470171988 4.7117826491594306 93.656215380877256 2.334718182682991 3.409927261993289 2.84011011943221 11.819877244532107 7.2746159248054019 21.874625638127327 4.0460799504071456 7.3978039771318436 1025.6595963449217
leaf_count=290 175342 32432 15352 260 2239 122 2152 24 135 25 44 55 30855 21 108 106 30402 1373 667 44 1027 18 53 26 114 75 150 58 102 10758
internal_value=-1.2477e-05 -0.000590272 -0.00266872 0.00101009 -0.00650715 -0.00424256 -0.0160799 0.00417387 0.0210323 0.00968985 0.0719173 0.0596767 0.00340008 0.00092287 0.0394139 0.0256292 -0.00220783 -0.0183154 -0.0402097 0.032149 0.00152696 0.07546 0.130932 0.0446007 0.0359827 0.0232859 0.0131248 0.0292065 0.0825087 -0.00464595
internal_weight=40588 16781.7 7300.43 9481.31 3521.43 2842.25 679.18 4777.79 212.04 163.927 19.0099 48.1137 4565.75 3779 38.8194 35.2232 4703.52 207.039 85.6139 14.0956 144.917 9.38382 5.74465 42.1282 39.2881 51.2604 40.5931 33.3185 11.4439 2824.44
internal_count=304429 129087 63290 65797 30623 26232 4391 33095 2216 1731 184 485 30879 32667 235 214 32702 2300 927 140 1547 96 71 430 404 520 385 310 160 26110
cat_boundaries=0 1 2 3 4 5 6
cat_threshold=12966030 24656933 2753808 38918 279050 5255168
is_linear=0
shrinkage=0.1


Tree=86
num_leaves=31
num_cat=2
split_feature=4 0 1 1 3 2 2 2 1 3 2 1 2 1 3 2 3 2 3 2 2 1 1 4 0 2 1 2 1 2
split_gain=0.821789 6.56041 3.15043 5.3484 5.91975 4.53155 3.70837 2.91037 1.5772 3.61024 1.82225 1.78936 2.77469 3.44883 1.54501 1.42559 1.40989 2.55544 2.07914 1.32851 2.93358 1.26759 1.8042 0.997401 8.6348 5.59909 4.74412 4.57904 4.73295 4.50836
threshold=0.71190000000000009 0 1.5000000000000002 3.5000000000000004 0.17500000000000002 6.0550000000000006 6.4850000000000012 5.4150000000000009 1.5000000000000002 0.14500000000000005 6.7550000000000008 3.5000000000000004 4.7650000000000006 4.5000000000000009 0.15500000000000003 5.8050000000000006 0.17500000000000002 5.2650000000000006 0.16500000000000004 6.4250000000000007 5.7550000000000008 4.5000000000000009 5.5000000000000009 0.65415000000000012 1 3.9850000000000008 3.5000000000000004 4.205000000000001 3.5000000000000004 6.1250000000000009
decision_type=2 9 2 2 2 2 2 2 2 2 2 2 2 2 2 2 2 2 2 2 2 2 2 2 9 2 2 2 2 2
left_child=23 8 -3 4 19 16 -7 -6 -2 -10 11 15 -13 -14 -8 -11 18 21 -5 20 -4 -18 -23 -1 27 -26 -27 -25 29 -29
right_child=1 2 3 5 7 6 14 -9 9 10 -12 12 13 -15 -16 -17 17 -19 -20 -21 -22 22 -24 24 25 26 -28 28 -30 -31
leaf_value=-1.2343552217065654e-05 0.020609074353511284 -0.01568458926733057 0.1301916222987928 0.018627640456362796 0.065364600274716189 0.15901732157052201 -0.027284605024134607 -0.051375095923697656 0.031255800117427103 -0.11082293616042156 -0.12875128624883014 0.070210290910384887 0.038837629823057544 -0.11607346382473407 0.073151461146017824 -0.035596487606858407 -0.11560867640332018 0.080330246616534096 -0.083393741056975113 0.15323987824158736 0.034971205235375613 0.061668915237653235 -0.10454795611858914 -0.043072227015406736 0.080953391029321101 -0.030906501728176779 -0.10393806124045966 0.041532368879479767 0.08148538435126168 -0.058521823168394396
leaf_weight=40406.412500843173 4.938653126358985 12.23850195109844 7.6189433932304436 2.9770056717097813 4.0764942318201047 2.8576450794935209 3.1794933825731277 4.4852443933486938 5.5543114393949535 5.3840125352144295 3.1988579183816901 2.7079975707456452 2.4515431225299835 3.473325677216053 2.9551964700222015 4.734303817152977 1.4673974011093367 2.9837795272469521 6.0715804174542427 4.388728216290473 5.6236106902360916 1.7387414737604558 1.0458216769620776 8.2719610510393959 3.1016979939304283 23.267134614288807 14.399564556777475 13.312633454799654 15.297719426453112 6.8057833164930335
leaf_count=302977 36 86 43 30 23 21 23 22 34 32 20 35 16 31 18 23 15 22 54 21 27 41 57 137 86 140 125 76 115 43
internal_value=-1.31069e-05 0.00922085 0.0258599 0.0407626 0.0724294 0.00794785 0.0649265 0.00420809 -0.0240202 -0.040767 -0.0589918 -0.0470912 -0.0136478 -0.0519756 0.0210974 -0.0756249 -0.0235162 0.00938835 -0.0498285 0.105558 0.0897551 -0.0403946 -0.000758546 -3.50342e-05 -0.0108909 -0.0386988 -0.0588257 0.0194618 0.0395627 0.00768541
internal_weight=40587 96.1512 63.7082 51.4697 26.193 25.2767 8.99233 8.56174 32.443 27.5044 21.95 18.7512 8.63287 5.92487 6.13469 10.1183 16.2843 7.23574 9.04859 17.6313 13.2426 4.25196 2.78456 40490.9 84.4565 40.7684 37.6667 43.6881 35.4161 20.1184
internal_count=304429 730 503 417 136 281 62 45 227 191 157 137 82 47 41 55 219 135 84 91 70 113 98 303699 722 351 265 371 234 119
cat_boundaries=0 1 2
cat_threshold=21299242 1382563
is_linear=0
shrinkage=0.1


Tree=87
num_leaves=31
num_cat=5
split_feature=3 0 0 2 4 0 4 2 4 4 0 4 4 4 4 0 2 4 4 2 4 1 4 2 1 2 2 2 1 2
split_gain=0.83203 10.276 5.92038 6.35005 7.9632 6.49328 5.93185 7.07543 11.7799 5.85893 5.85557 5.12998 4.80118 9.27322 6.65511 8.11057 9.50628 6.82427 5.11847 4.63798 4.60755 4.44688 4.42821 4.41147 12.705 8.38025 5.2685 6.95699 5.74982 4.58538
threshold=0.12500000000000003 0 1 6.8850000000000007 0.48640000000000005 2 0.40435000000000004 6.9850000000000012 0.29925000000000007 0.33265000000000006 3 0.42010000000000008 0.29304999999999998 0.27675000000000005 0.31265000000000004 4 7.0850000000000009 0.51075000000000015 0.44295000000000001 7.0050000000000008 0.36735000000000001 4.5000000000000009 0.44470000000000004 4.8050000000000006 4.5000000000000009 5.1850000000000014 6.1250000000000009 6.4850000000000012 1.5000000000000002 5.7150000000000007
decision_type=2 9 9 2 2 9 2 2 2 2 9 2 2 2 2 9 2 2 2 2 2 2 2 2 2 2 2 2 2 2
left_child=1 -1 6 4 10 12 7 20 -9 -10 -4 -8 13 19 -14 16 18 -18 -16 -5 23 -6 -12 24 -3 -25 28 -28 29 -27
right_child=-2 2 3 5 21 -7 11 8 9 -11 22 -13 14 -15 15 -17 17 -19 -20 -21 -22 -23 -24 25 -26 26 27 -29 -30 -31
leaf_value=0.017228572997959653 7.4777865114688226e-05 0.26930881427918646 0.0047267121582890417 -0.041003685585772831 0.060089768295118057 -0.0042607895002759241 -0.081195700425258477 0.010542824410348262 -0.091422668003585783 -0.028516079905158576 -0.016848062311886573 -0.025495894518858198 0.10419022775788905 -0.067932498490571189 0.14688515519835796 -0.0044758359102660874 0.04379143378576298 -0.098595312291984441 0.027925212771123843 0.054751057698201294 0.037171989522803622 -0.014477660430415549 -0.071259589312910654 -0.09364947966642681 -0.10722446808788096 0.16586274633528741 -0.043512462768492396 0.0084271888218347812 0.0073666367776064629 0.033926554292047696
leaf_weight=217.50525174662471 39130.636318266392 2.0409592688083644 153.36070290394127 6.755343139171603 25.380584791302681 168.46117779612541 21.243532247841358 40.197417199611664 29.263022266328335 29.967795692384243 302.65565628465265 74.604055372998118 12.508609987795351 14.767850786447523 14.068964496254923 52.896070100367069 29.75254412740469 3.795415297150611 4.868548944592475 20.136108823120594 30.418425913900137 11.677034566178916 15.734675680287181 10.546757932752369 1.5975763890892265 4.4687197059392911 47.083889089524746 57.01738914847374 46.5926906876266 6.416634812951088
leaf_count=1437 294738 17 1032 43 156 1044 136 240 179 188 2034 529 82 95 89 340 188 27 27 120 209 174 133 79 39 28 308 357 317 44
internal_value=-1.25533e-05 -0.00235996 -0.00589227 -0.00103609 -0.00804269 0.00980094 -0.0157435 -0.00932828 -0.0312393 -0.0595951 -0.011549 -0.0378411 0.0234457 -0.00426646 0.0352272 0.0270414 0.0501104 0.0276826 0.116302 0.0306967 0.00123795 0.0365932 -0.0189421 -0.00498092 0.103984 -0.0072843 -0.00164699 -0.0150646 0.0226542 0.0880898
internal_weight=40586.4 1455.78 1238.28 836.819 508.809 328.011 401.459 305.611 99.4282 59.2308 471.751 95.8476 159.549 41.6593 117.89 105.382 52.4855 33.548 18.9375 26.8915 206.183 37.0576 318.39 175.765 3.63854 172.126 161.579 104.101 57.478 10.8854
internal_count=304429 9691 8254 5584 3529 2055 2670 2005 607 367 3199 665 1011 258 753 671 331 215 116 163 1398 330 2167 1189 56 1133 1054 665 389 72
cat_boundaries=0 1 2 3 4 5
cat_threshold=319488 2100254 21500033 1049376 16777345
is_linear=0
shrinkage=0.1


Tree=88
num_leaves=31
num_cat=4
split_feature=4 0 4 2 2 1 2 2 3 4 4 2 2 1 3 4 2 2 0 4 2 0 4 2 0 2 3 4 4 4
split_gain=0.807181 6.54764 4.11309 16.3711 13.6264 3.73579 4.84379 3.57903 8.0873 7.30059 4.05585 3.649 4.58818 3.57194 3.49737 3.4303 3.41387 9.6092 6.70885 10.369 6.62632 6.26633 4.00865 3.67012 5.95267 6.96847 4.20375 4.02778 7.61341 3.6382
threshold=0.43085000000000001 0 0.46175000000000005 2.2850000000000006 1.8750000000000002 2.5000000000000004 7.0850000000000009 4.035000000000001 0.17500000000000002 0.45475000000000004 0.44295000000000001 5.7550000000000008 6.3750000000000009 1.5000000000000002 0.16500000000000004 0.43545000000000006 6.785000000000001 6.8650000000000011 1 0.43235000000000001 6.7550000000000008 2 0.45290000000000002 6.6650000000000009 3 6.6750000000000007 0.12500000000000003 0.4391500000000001 0.44095000000000006 0.44470000000000004
decision_type=2 9 2 2 2 2 2 2 2 2 2 2 2 2 2 2 2 2 9 2 2 9 2 2 9 2 2 2 2 2
left_child=-1 2 3 4 14 6 7 8 -5 10 -10 -9 15 -14 -2 -13 20 21 -19 -20 23 -18 -22 -3 27 -26 -27 -25 -29 -30
right_child=1 16 -4 5 -6 -7 -8 11 9 -11 -12 12 13 -15 -16 -17 17 18 19 -21 22 -23 -24 24 25 26 -28 28 29 -31
leaf_value=-0.00018493208383145085 0.28578704601901322 -0.0028630989315682493 0.0019972614286048649 -0.076953933950580714 0.44264597341874129 0.0048357182660657833 -0.027021588543399172 0.038566214847109238 0.015318787062782941 -0.066064333751182897 0.13109173286318651 0.062279702116424134 0.0046169554150122857 0.059696545411166341 0.050438322203566692 -0.014442304330948071 -0.009156228704106071 -0.012729741943101128 0.11506072031382848 0.0072459879958486116 0.022793597664828462 0.060978771928064217 -0.060228709978310396 -0.0084583716015119766 0.095416547156614184 0.080083558267134869 -0.023073390886886227 0.213913734971998 -0.016595153277827065 0.070158360722120908
leaf_weight=35301.609693697188 0.76159749366342921 2816.7991806420032 987.66339994850568 11.102167040109636 1.4603806724771855 446.98184164613485 20.731248445808887 128.61446504294872 5.868016146123411 5.2601077780127516 6.2478531822562218 6.5834028571844092 20.511686317622662 27.639317482709885 3.6940420265309513 50.764171242713928 21.11886265873909 200.63334856927395 9.1673061326146108 331.13160095736384 7.1873377710580817 36.691915079951286 30.476544998586178 8.8560410141944867 6.211749739944934 4.2494388520717612 56.13506643474102 3.2063762918114689 6.1688877195119884 22.340563554316759
leaf_count=264928 13 22251 7399 77 51 3222 131 738 42 35 41 36 165 128 192 290 126 1303 59 2110 45 216 179 52 39 26 339 20 38 138
internal_value=-1.23909e-05 0.00114027 0.00617867 0.0118721 0.177553 0.0105299 0.0195134 0.0231873 -0.0102861 0.0323105 0.07502 0.0272591 0.0134744 0.0362334 0.0906662 -0.00563475 -0.00131291 0.00557025 0.00142876 0.00986064 -0.00270889 0.0443219 -0.0443857 -0.00217205 0.0159914 -0.00472885 -0.0158139 0.0410502 0.0678176 0.0513866
internal_weight=40585.9 5284.26 1723.88 736.22 5.91602 730.304 283.322 262.591 28.4781 17.376 12.1159 234.113 105.499 48.151 4.45564 57.3476 3560.37 598.743 540.932 340.299 2961.63 57.8108 37.6639 2923.97 107.168 66.5963 60.3845 40.5719 31.7158 28.5095
internal_count=304429 39501 12560 5161 256 4905 1683 1552 195 118 83 1357 619 293 205 326 26941 3814 3472 2169 23127 342 224 22903 652 404 365 248 196 176
cat_boundaries=0 1 2 3 4
cat_threshold=3164212 562944 16843273 4293898
is_linear=0
shrinkage=0.1


Tree=89
num_leaves=31
num_cat=7
split_feature=3 0 2 0 4 0 2 0 2 2 0 2 4 2 0 4 4 2 2 2 3 0 2 4 1 1 4 3 4 2
split_gain=0.798634 9.66121 8.69314 13.323 7.24362 15.9874 7.14701 8.10228 9.42821 7.67821 7.54238 11.2302 6.70034 6.53152 4.97672 5.18514 4.93527 6.16487 7.59744 5.48911 4.83942 5.09332 4.72593 5.822 9.30713 6.42182 16.6805 4.67452 7.69639 4.63068
threshold=0.14500000000000005 0 5.9050000000000011 1 0.26835000000000003 2 6.285000000000001 3 6.2550000000000008 7.0250000000000012 4 7.6950000000000012 0.26605000000000006 5.4150000000000009 5 0.29055000000000003 0.10100000000000002 6.6850000000000014 6.6950000000000012 7.3850000000000007 0.12500000000000003 6 6.1050000000000013 0.24494999999999997 1.5000000000000002 4.5000000000000009 0.21630000000000002 0.12500000000000003 0.33265000000000006 5.9350000000000014
decision_type=2 9 2 9 2 9 2 9 2 2 9 2 2 2 9 2 2 2 2 2 2 9 2 2 2 2 2 2 2 2
left_child=1 16 3 13 5 12 7 8 -7 20 11 -11 29 -3 15 -6 19 -18 -19 -1 -8 -22 -9 25 -25 -24 -27 28 -16 -4
right_child=-2 2 4 -5 14 6 9 22 -10 10 -12 -13 -14 -15 27 -17 17 18 -20 -21 21 -23 23 24 -26 26 -28 -29 -30 -31
leaf_value=-0.022759189387872809 0.00021814627869388241 -0.012511627896292375 -0.063359636844300724 -0.0035198809163621645 -0.014638992830016673 -0.027830286006682366 0.0085882415030132109 0.012860575382036455 0.090584773052723888 0.049975787346290414 -0.012417742148139115 -0.067200840804961456 0.084550791351637677 -0.03771951282177588 -0.033604699546122725 0.0030314090841619653 0.014100403243414814 -0.1016365512708005 0.0011938587041999391 0.1000815313486258 -0.04520461961523612 -0.012492542373399727 0.06735157952012881 0.15694630772078907 -0.015336328544043296 0.000940381744678951 0.34924835752416694 -0.003067734332739359 -0.0053996649337464354 0.022394336371157928
leaf_weight=76.934760268777609 32005.235338788712 216.85078737605363 6.4100289344787589 1394.6991019770503 181.82123273611069 52.367319650948048 63.015298411250114 33.476153075695038 7.7142981663346282 64.588161587715149 71.007942743599415 9.3650126308202726 17.316377438604832 195.41483079642057 142.60969953238964 1915.7899369075894 768.30952065438032 7.2968140318989745 468.70095217227936 3.8181469291448584 64.614158108830452 216.11066746711731 19.045973636209968 3.9744920507073429 14.857803888618944 2.5372563749551764 3.0013943165540695 1899.7457476332784 300.82610856741667 357.21705531328917
leaf_count=517 247911 1804 43 10340 1169 340 397 222 48 397 439 58 106 1332 922 12144 5190 47 2897 21 412 1365 110 29 95 21 25 11917 1867 2244
internal_value=-1.15277e-05 -0.000868317 -0.00230333 -0.00831698 -0.000312765 0.00734638 -0.00261549 0.0175305 -0.0108245 -0.00831559 0.0109862 0.0309519 0.0231686 -0.023881 -0.00204891 0.00149262 0.00695292 0.00856012 -0.000382481 -0.0169511 -0.0164555 -0.0220771 0.0363646 0.0628629 0.0210233 0.0949128 0.189688 -0.00520344 -0.0144705 0.0208827
internal_weight=40584.7 8579.44 7254.38 1806.96 5447.41 1006.62 625.676 136.975 60.0816 488.701 144.961 73.9532 380.943 412.266 4440.79 2097.61 1325.06 1244.31 475.998 80.7529 343.74 280.725 76.8931 43.4169 18.8323 24.5846 5.53865 2343.18 443.436 363.627
internal_count=304429 56518 47846 13476 34370 6351 3958 890 388 3068 894 455 2393 3136 28019 13313 8672 8134 2944 538 2174 1777 502 280 124 156 46 14706 2789 2287
cat_boundaries=0 1 2 3 4 5 6 7
cat_threshold=42240 8393352 593978 20973696 22282368 13392001 1310725
is_linear=0
shrinkage=0.1


Tree=90
num_leaves=31
num_cat=3
split_feature=2 0 4 3 3 3 2 1 3 4 1 3 3 2 0 4 1 4 4 4 4 2 4 1 1 1 3 0 4 4
split_gain=0.768343 5.05995 2.86987 3.83884 2.86675 2.81886 2.65936 3.61022 2.5139 3.74986 2.33343 2.20089 2.1323 6.19622 3.66361 5.75686 6.51692 4.92875 4.18157 3.05629 7.41702 6.45588 3.25509 3.03373 3.52915 2.59494 5.32334 4.96995 6.73556 9.44362
threshold=3.3350000000000004 0 0.56830000000000014 0.12500000000000003 0.29500000000000004 2.5400000000000005 1.0000000180025095e-35 3.5000000000000004 0.25500000000000006 0.31124999999999997 1.5000000000000002 0.28000000000000008 0.16500000000000004 3.2650000000000001 1 0.22184999999999991 3.5000000000000004 0.40040000000000003 0.38365000000000005 0.39515000000000006 0.34475000000000006 3.0550000000000002 0.47210000000000002 3.5000000000000004 1.5000000000000002 4.5000000000000009 1.6150000000000004 2 0.19955000000000003 0.23445000000000002
decision_type=2 9 2 2 2 2 2 2 2 2 2 2 2 2 9 2 2 2 2 2 2 2 2 2 2 2 2 9 2 2
left_child=1 2 3 -1 6 -6 7 -5 -8 -10 -4 -11 13 14 15 -3 -17 18 -16 20 -18 22 -21 24 -15 27 -27 28 -14 -30
right_child=-2 12 10 4 5 -7 8 -9 9 11 -12 -13 25 23 17 16 19 -19 -20 21 -22 -23 -24 -25 -26 26 -28 -29 29 -31
leaf_value=-0.10362950694665363 4.9875439364271114e-05 -0.076789848481660192 0.17611804294935784 0.020992089209747811 -0.0476494674757433 0.28927969813547988 0.0044296705497007269 0.23708618637249659 0.13178236259099635 -0.067424580616122526 0.036713756005928792 0.070954655034867753 -0.070048109064582809 -0.11782294544700989 -0.0092533979373281856 0.016221084632295203 0.094184599017478554 -0.10865737597718368 0.17312438631105262 0.22793385327594026 0.31323902245957097 -0.1085251015251775 0.057634046176499254 -0.10800918671288638 0.019292951126023642 -0.030969623139055838 0.038935053691730642 -0.019101130277786885 0.1355290047994073 0.0077734442978352539
leaf_weight=3.2865198403596869 39732.448089495301 3.1828012540936497 1.3229134716093529 2.2914031837135549 12.787070020567622 0.25322906859219152 339.36444895528257 1.1667999690398572 3.8907409617677313 2.4141503674909472 12.999436608981339 2.1938308123499155 10.286124901846049 2.5134596154093725 11.904155986383559 13.770485926419498 5.5091381315141899 4.7491532620042554 1.4056193958967913 1.7836600132286546 2.1485076658427715 1.648657316341996 3.0272738132625818 5.4989363327622405 7.4145377278327942 116.62831074325368 12.01595674920827 147.02513070870191 6.0962959099560967 113.67822597362101
leaf_count=145 283775 73 10 32 1395 9 6930 28 52 53 469 32 172 20 223 137 131 151 22 30 52 26 72 91 66 6110 326 2180 91 1526
internal_value=-1.38494e-05 -0.00298472 0.00552912 0.00396304 0.00493351 -0.0411067 0.00664243 0.0939024 0.00577495 0.0594937 0.0495901 -0.0015431 -0.00980873 0.00686345 0.024224 0.0382987 0.0651668 -0.0136441 0.0100072 0.11291 0.155645 0.06225 0.120773 -0.0484238 -0.0154205 -0.0127032 -0.0244402 -0.00725402 0.00706389 0.014276
internal_weight=40584.7 852.257 381.971 367.648 364.362 13.0403 351.321 3.4582 347.863 8.49872 14.3224 4.60798 470.286 64.5564 49.1295 31.0705 27.8877 18.0589 13.3098 14.1172 7.65765 6.45959 4.81093 15.4269 9.928 405.73 128.644 277.086 130.061 119.775
internal_count=304429 20654 9155 8676 8531 1404 7127 60 7067 137 479 85 11499 1094 917 521 448 396 245 311 183 128 102 177 86 10405 6436 3969 1789 1617
cat_boundaries=0 1 2 3
cat_threshold=20130578 9207852 13157376
is_linear=0
shrinkage=0.1


Tree=91
num_leaves=31
num_cat=5
split_feature=4 0 2 4 0 1 2 0 3 1 2 2 2 4 1 2 2 2 2 2 1 2 2 2 0 0 2 2 2 2
split_gain=0.803165 4.60049 4.46748 4.27635 9.41687 3.90032 3.66463 3.63156 4.27388 4.58303 5.01402 4.28484 6.84095 4.67569 3.2765 3.1924 4.66274 3.17249 3.63814 3.32059 3.29801 2.99287 2.96302 8.21537 9.06441 5.08547 4.0884 9.03289 4.27762 4.07882
threshold=1.0000000180025095e-35 0 5.4150000000000009 0.15829999999999991 1 4.5000000000000009 5.7350000000000012 2 0.20500000000000004 1.5000000000000002 3.7150000000000003 6.0450000000000008 6.1050000000000013 0.11610000000000002 4.5000000000000009 7.8550000000000013 7.3450000000000006 4.8050000000000006 4.9650000000000007 5.3850000000000007 1.5000000000000002 4.5050000000000008 4.4650000000000007 4.6450000000000005 3 4 3.0550000000000002 2.9150000000000005 3.4550000000000005 4.4450000000000012
decision_type=2 9 2 2 9 2 2 9 2 2 2 2 2 2 2 2 2 2 2 2 2 2 2 2 9 9 2 2 2 2
left_child=1 2 17 4 -2 6 -4 14 11 -10 -11 -9 13 -13 -6 16 -14 21 20 -20 -19 -1 25 24 -24 26 27 -3 -28 -27
right_child=3 22 5 -5 7 -7 -8 8 9 10 -12 12 15 -15 -16 -17 -18 18 19 -21 -22 -23 23 -25 -26 29 28 -29 -30 -31
leaf_value=0.00022631047956209326 -0.029743716285042011 0.0098195142097917878 -0.07736130319584307 3.623701050411571e-05 0.019455733506161279 -0.064659809762387846 -0.0089350070478848229 -0.016314261012054101 -0.058280226423320695 -0.060478170767592911 0.10916078906042792 -0.006384871006867506 -0.0010032914186071697 0.11485202429143078 -0.016974235727053165 0.09241732579701753 -0.10390524702204165 -0.031057310165934111 -0.010093707534926437 0.090951314067149042 0.086196437147736601 -0.056248218769268589 -0.010611122453090191 0.0040988712262099393 0.064683317727130027 0.0080593292581364797 -0.11075098692347814 0.34976174417551315 -0.022173785092445521 -0.092770937174808235
leaf_weight=33.654306344687939 142.99652303615585 6.9766911799088112 8.8731351271271688 38041.088402401889 119.2426672577858 22.252685640007257 66.373056478798389 261.51865007262677 3.2252373695373526 2.1520565389655522 9.1519881263375265 4.9547182247042647 148.41051156818867 8.8865658938884717 31.134555843658745 3.5087244585156432 4.53810941427946 3.0120164752006522 27.156271453946832 3.6947508603334418 11.783098746091126 13.012083064764736 26.938424624502659 1245.5028252601624 36.124970782548189 180.52814670698717 5.7466185372322789 0.88028294965624798 106.35263197682798 4.1031139418482772
leaf_count=378 1241 285 61 284492 775 221 399 2281 24 82 86 33 968 54 379 20 31 17 195 25 86 119 245 8187 286 2212 88 25 1096 38
internal_value=-1.42744e-05 0.00204892 -0.0123045 -0.000110195 -0.00764065 -0.0278807 -0.0170039 -0.00181509 -0.00633888 0.0468652 0.076865 -0.00827582 0.00406838 0.0714533 0.0111703 -0.00189295 -0.00405648 0.00281393 0.0215583 0.00200755 0.0623257 -0.0155206 0.00379059 0.00588179 0.0410945 -0.00506915 -0.0201475 0.0479061 -0.0267146 0.0055196
internal_weight=40583.8 1802.97 189.811 38780.8 739.72 97.4989 75.2462 596.724 446.347 14.5293 11.304 431.817 170.299 13.8413 150.377 156.457 152.949 92.3125 45.6461 30.851 14.7951 46.6664 1613.15 1308.57 63.0634 304.587 119.956 7.85697 112.099 184.631
internal_count=304429 13963 1501 290466 5974 681 460 4733 3579 192 168 3387 1106 87 1154 1019 999 820 323 220 103 497 12462 8718 531 3744 1494 310 1184 2250
cat_boundaries=0 1 2 3 4 5
cat_threshold=16797696 2098194 1720357 763040 5677312
is_linear=0
shrinkage=0.1


Tree=92
num_leaves=31
num_cat=6
split_feature=4 3 0 0 2 2 0 4 2 2 0 0 4 4 0 2 2 2 4 2 1 4 4 4 4 2 3 3 2 1
split_gain=0.738415 4.58994 8.3717 7.94928 6.38378 6.12688 5.85473 5.03438 4.81121 5.03897 8.5974 4.22183 4.65945 4.17252 7.82521 5.97784 6.38914 5.17053 4.39762 4.08781 4.06086 10.0571 4.84318 4.44532 4.7551 5.79149 4.04751 3.96844 10.8382 8.00577
threshold=0.31915000000000004 0.16500000000000004 0 1 5.8650000000000011 5.785000000000001 2 0.22184999999999991 7.1450000000000005 7.1850000000000014 3 4 0.26025000000000004 0.31525000000000009 5 5.6050000000000013 3.8150000000000004 3.6350000000000002 0.31755000000000005 5.7350000000000012 3.5000000000000004 0.27215000000000006 0.29304999999999998 0.28605000000000008 0.25685000000000008 5.8250000000000011 0.115 0.115 6.955000000000001 4.5000000000000009
decision_type=2 2 9 9 2 2 9 2 2 2 9 9 2 2 9 2 2 2 2 2 2 2 2 2 2 2 2 2 2 2
left_child=1 3 8 26 5 13 -6 -7 -3 -10 -11 12 -9 19 -15 16 17 -16 -18 -4 23 -22 -23 24 -13 -26 -1 28 -5 -30
right_child=-2 2 4 27 6 7 -8 11 9 10 -12 20 -14 14 15 -17 18 -19 -20 -21 21 22 -24 -25 25 -27 -28 -29 29 -31
leaf_value=0.02267571422741416 0.00034461933841347595 0.00049673880006167136 -0.0032763377157551728 -0.055045512322370253 -0.0050841335889177533 0.066185600474655257 -0.024122818935104727 -0.1259249476673629 0.1431580784255137 -0.0264330076437993 0.055516220190185317 -0.024704120244384911 -0.0092356845202009614 0.018343586583109639 -0.022901189852744655 0.055163507813312744 -0.074464439906459304 0.094083324832584886 -0.026383031571172683 -0.038111041849444638 -0.0089511941557998305 0.27609575529822816 0.096725671950424433 -0.058568637537370211 -0.0003656059366254653 0.16932540271529228 -0.0026425171269823956 0.0038412473601461814 -7.7758138814656977e-05 0.15247007488971898
leaf_weight=64.101145192980766 23811.074041071581 3740.1231936761178 2583.9387453815434 35.867345786653459 348.93281781673431 20.710466742515564 324.279341686517 4.2778599709272411 3.9230516999959937 17.323949754238129 18.18807852268219 6.5142725110054043 17.102864943444729 34.986693249084055 13.593823059462013 6.6585160866379729 47.470997372642159 5.2323851641267529 31.74169247597456 34.132313951849937 6.4155726060271245 2.5280585065484047 3.7209741622209549 6.8938518762588492 3.7719459831714612 4.3088520020246506 4221.4043117202818 5145.4234711695462 12.78873520344496 4.7062834948301306
leaf_count=441 175342 32432 24163 236 2239 139 2152 29 21 108 106 37 114 322 261 46 386 53 256 237 54 20 31 39 21 24 29415 35599 75 31
internal_value=-1.33728e-05 -0.00052164 -0.00240902 0.000928429 -0.00591834 -0.00385584 -0.0146887 0.0241077 0.000860819 0.0356094 0.0237283 0.00841558 -0.0221998 -0.00462896 -0.0214688 -0.0333405 -0.0427522 0.00961242 -0.0551975 -0.00373048 0.0263625 0.0789976 0.16929 0.00760979 0.0388686 0.0901172 -0.00225855 0.00355305 -0.0235702 0.0409587
internal_weight=40582.1 16771.1 7286.77 9484.29 3507.21 2834 673.212 76.2447 3779.56 39.4351 35.512 55.5343 21.3807 2757.76 139.684 104.697 98.0389 18.8262 79.2127 2618.07 34.1535 12.6646 6.24903 21.4889 14.5951 8.0808 4285.51 5198.79 53.3624 17.495
internal_count=304429 129087 63290 65797 30623 26232 4391 508 32667 235 214 369 143 25724 1324 1002 956 314 642 24400 226 105 51 121 82 45 29856 35941 342 106
cat_boundaries=0 1 2 3 4 5 6
cat_threshold=12966030 8881050 2753808 38918 2229504 18874624
is_linear=0
shrinkage=0.1


Tree=93
num_leaves=31
num_cat=5
split_feature=4 0 4 2 0 2 2 2 2 3 3 2 4 2 3 4 4 0 1 1 2 2 2 0 4 2 0 2 4 4
split_gain=0.793256 5.86426 7.79099 5.94984 4.96651 6.07785 8.91584 4.48749 6.49352 8.07168 6.26399 6.57044 5.21651 4.08201 6.07684 6.48346 5.16109 5.75219 4.96757 4.08883 4.0806 4.8107 3.81467 7.766 4.23369 3.62493 4.69997 5.77581 5.03261 3.98687
threshold=0.23104999999999992 0 0.22184999999999991 7.1650000000000009 1 6.5150000000000006 6.5950000000000006 6.455000000000001 6.5850000000000009 0.13500000000000004 0.14500000000000005 6.5950000000000006 0.22870000000000004 6.955000000000001 0.15500000000000003 0.21284999999999996 0.21630000000000002 2 2.5000000000000004 1.5000000000000002 7.3450000000000006 7.285000000000001 7.0050000000000008 3 1.0000000180025095e-35 7.205000000000001 4 7.6950000000000012 0.16740000000000002 0.22184999999999991
decision_type=2 9 2 2 9 2 2 2 2 2 2 2 2 2 2 2 2 9 2 2 2 2 2 9 2 2 9 2 2 2
left_child=1 7 20 4 5 -4 -7 -1 9 -9 22 -12 -11 14 15 -13 17 -16 19 -19 21 -3 23 -10 -25 -24 29 28 -28 -27
right_child=-2 2 3 -5 -6 6 -8 8 10 12 11 13 -14 -15 16 -17 -18 18 -20 -21 -22 -23 25 24 -26 26 27 -29 -30 -31
leaf_value=-0.0049418682597233733 -0.00017982204938148252 0.0020605728825291258 0.027284849225973809 -0.066294336498576065 0.0081144861762054762 0.19954848084092724 0.048717127603770831 -0.03996250971147472 0.029447016044590157 0.045338871771902864 -0.12836001020644877 -0.008788283675914511 -0.075672625976757155 -0.030148114328158261 0.029903392581045754 -0.10571121967827067 0.082364484826032258 -0.04322525849080508 -0.056467056903072133 0.073032123249763811 0.032986712575666349 -0.050484411632986996 0.054972767766484659 0.019771758878489549 -0.043966146809435759 -0.039502520343024435 0.01904832178408648 -0.051593262091331485 0.10918520131526538 0.061090915098130166
leaf_weight=1783.7225317473058 35515.692029635655 2397.0183492933866 125.20157970767468 8.1574705839157087 197.64567354414612 5.1513521075248745 16.382367253303528 14.725886680185793 38.41585098952055 82.749866262078285 4.8038729205727568 29.046624757349491 3.7225151211023322 64.470346674323082 36.753923818469048 9.0526163950562459 10.406018592417238 5.2889308854937536 21.242700070142746 7.0681707412004471 42.360755655914545 17.551504455506802 31.760904036462307 13.978169791400431 40.955307938158512 22.997519962489609 12.030109152197843 5.07885518670082 12.768860660493372 4.7545215561985961
leaf_count=14852 264822 18716 1007 53 1533 31 104 96 241 525 31 184 24 405 229 59 64 40 134 35 260 107 185 87 260 143 66 31 74 31
internal_value=-1.28528e-05 0.00115787 0.00419823 0.0181152 0.0201146 0.0334459 0.0847994 -0.00263566 0.00602251 0.0284749 -0.000103956 -0.0129124 0.0401295 -0.00988729 0.0011024 -0.0318178 0.0166328 0.00691046 -0.0209158 0.0232731 0.00221842 0.00167862 0.0130825 -0.00105594 -0.0234744 0.0278471 0.0128976 0.0341365 0.0654593 -0.01637
internal_weight=40581 5065.26 2809.47 352.538 344.381 146.735 21.5337 2255.79 472.072 101.198 370.873 188.133 86.4724 183.329 118.859 38.0992 80.7597 70.3537 33.5998 12.3571 2456.93 2414.57 182.74 93.3493 54.9335 89.3908 57.6299 29.8778 24.799 27.752
internal_count=304429 39607 21811 2728 2675 1142 135 17796 2944 645 2299 1181 549 1150 745 243 502 438 209 75 19083 18823 1118 588 347 530 345 171 140 174
cat_boundaries=0 1 2 3 4 5
cat_threshold=4550826 3147029 4530304 12322 28832
is_linear=0
shrinkage=0.1


Tree=94
num_leaves=31
num_cat=7
split_feature=3 0 2 0 4 0 2 4 3 2 2 2 2 4 4 0 4 0 4 4 2 4 2 0 2 2 4 0 1 2
split_gain=0.840348 8.00392 8.46327 9.63913 6.1066 12.1548 5.56024 4.53524 5.38439 5.04867 4.806 6.50232 5.49958 4.36073 9.75546 6.53346 6.27685 6.16915 6.94602 5.89953 10.6031 9.30266 5.87752 5.47937 4.90587 4.5475 4.45483 7.63471 4.81607 4.61119
threshold=0.14500000000000005 0 5.9050000000000011 1 0.26835000000000003 2 5.4150000000000009 1.0000000180025095e-35 0.13500000000000004 6.8050000000000006 6.6850000000000014 6.6950000000000012 6.6750000000000007 0.41614999999999996 0.51075000000000015 3 0.27075000000000005 4 0.41715000000000008 0.33875000000000005 7.455000000000001 0.34734999999999999 6.9150000000000009 5 5.995000000000001 7.3450000000000006 0.30145000000000005 6 1.5000000000000002 5.9250000000000007
decision_type=2 9 2 9 2 9 2 2 2 2 2 2 2 2 2 9 2 9 2 2 2 2 2 9 2 2 2 9 2 2
left_child=1 7 3 6 5 -4 -3 8 9 -1 12 -12 -9 15 17 16 -6 18 -15 25 21 -21 -19 -22 -16 -18 27 28 -17 -28
right_child=-2 2 4 -5 13 -7 -8 10 -10 -11 11 -13 -14 14 24 26 19 22 -20 20 23 -23 -24 -25 -26 -27 29 -29 -30 -31
leaf_value=-0.012923051514668599 0.00022459195996289805 -0.011278228145350322 0.018160928194502757 -0.0041696628083890842 -0.064413800331373713 -0.0040968799917581377 -0.034726583387954472 0.0098553665338394058 -0.040775187839186988 0.063312640414467103 -0.097337025172552549 0.00044168887760116619 0.075054215556483117 0.11213132454699588 0.053017689553002671 0.0048947491059111482 0.011041110927570427 0.010062541551887037 0.016517414973209913 -0.037533583643980496 0.049812602716644949 -0.0034969349243067233 -0.015922463358711648 -0.0068604777144058108 -0.019642034864606934 -0.015811562578794597 0.045183059166513238 -0.0047084088861830999 -0.043279856732101392 -0.0057504076008343119
leaf_weight=30.649241343140602 32000.61628297111 214.92908741720021 466.89186726510525 1298.9370844094083 14.34439594298601 503.06068407744169 190.9919768050313 997.93456040881574 45.347225043922663 12.122703485190867 6.8827930688858023 573.09344945847988 13.107410863041876 7.7587187811732283 9.7870423123240453 24.66168550401926 646.65019017085433 218.67240953445435 366.58007092773914 94.885244593024254 40.840775609016418 522.38235786557198 144.61022344976664 29.168882973492146 183.86225198209286 69.881759434938431 17.992987625300884 235.68721240758896 130.89342856407166 1466.3465472683311
leaf_count=214 247911 1804 2904 9644 95 3177 1332 6707 307 70 47 3529 79 46 58 205 4149 1339 2207 610 257 3292 876 190 1130 445 119 1534 807 9345
internal_value=-1.1029e-05 -0.000889926 -0.00239644 -0.00851352 -0.000393582 0.00676203 -0.0217746 0.00528338 -0.0167682 0.00868417 0.00653792 -0.000718687 0.0107006 -0.00203633 0.00400556 -0.00374461 0.00139095 0.00924973 0.0180178 0.00207327 -0.00454595 -0.00872899 -0.000273655 0.0323355 -0.0159698 0.00842223 -0.0075946 -0.0171278 -0.0334894 -0.005133
internal_weight=40579.6 8578.95 6899.82 1704.86 5194.96 969.953 405.921 1679.14 88.1192 42.7719 1591.02 579.976 1011.04 4225.01 931.271 3293.74 1418.15 737.621 374.339 1403.81 687.277 617.268 363.283 70.0097 193.649 716.532 1875.58 391.242 155.555 1484.34
internal_count=304429 56518 45565 12780 32785 6081 3136 10953 591 284 10362 3576 6786 26704 5656 21048 9038 4468 2253 8943 4349 3902 2215 447 1188 4594 12010 2546 1012 9464
cat_boundaries=0 1 2 3 4 5 6 7
cat_threshold=58624 8393352 594494 14292996 19204273 9048064 19136528
is_linear=0
shrinkage=0.1


Tree=95
num_leaves=31
num_cat=1
split_feature=3 0 4 4 4 1 4 1 4 1 3 3 4 4 4 3 1 4 2 4 4 1 4 3 4 1 3 3 1 2
split_gain=0.745666 2.9725 2.45715 2.30265 4.38802 4.20332 2.53669 3.06504 2.21362 1.8919 2.74836 1.86989 1.84232 1.76427 1.75581 2.42865 2.97806 3.81736 2.78487 2.27747 2.05946 4.40404 4.7519 3.71117 2.71908 2.00636 1.50783 1.37039 1.23891 1.25844
threshold=0.58500000000000008 0 0.47210000000000002 0.43235000000000001 0.44095000000000006 3.5000000000000004 0.34235000000000004 1.5000000000000002 0.46025000000000005 2.5000000000000004 2.2750000000000004 4.1000000000000005 0.43735000000000007 0.24945000000000003 0.61920000000000008 1.7050000000000003 4.5000000000000009 0.51735000000000009 1.7050000000000003 0.45065000000000005 0.48055000000000009 5.5000000000000009 0.49550000000000005 4.7900000000000009 0.49550000000000005 5.5000000000000009 1.2350000000000001 4.955000000000001 1.5000000000000002 28.170000000000005
decision_type=2 9 2 2 2 2 2 2 2 2 2 2 2 2 2 2 2 2 2 2 2 2 2 2 2 2 2 2 2 2
left_child=-1 2 8 6 5 -5 7 -3 9 -2 26 -12 -7 -9 15 19 28 20 -19 25 23 24 -23 -18 -22 -6 -11 -8 -17 -30
right_child=1 3 -4 4 14 12 27 13 -10 10 11 -13 -14 -15 -16 16 17 18 -20 -21 21 22 -24 -25 -26 -27 -28 -29 29 -31
leaf_value=1.6141604982500945e-05 0.071574767468581019 0.20675564328505736 0.024840798807236979 0.27033147660123125 0.15969837704530918 0.088216890175175824 -0.10619721714183823 -0.080408417239972413 -0.10601384923394537 -0.10077806787701123 -0.10721269495324859 0.028121600623542936 -0.10625850064507297 0.013417069618691577 0.026593643599188241 0.0091035056101600887 -0.1048757384935281 0.10410490747235268 -0.046361980243639633 -0.088386528661415206 0.25435878155612818 -0.10769982143081343 0.10683252538512236 0.12272459815524538 0.088071517773783192 -0.10148971803434251 0.052225644548841647 -0.030522574057326859 -0.057968613136974836 -0.0086565378779512817
leaf_weight=40427.572982480749 2.5955172553658477 0.61058173328638332 41.784138340270147 1.0255529955029481 0.75149773387238272 1.5180276043247434 7.3298111539334041 3.4200396002270264 2.5922970678657284 0.75771722430363109 4.063041165471077 1.3635762110352514 0.71729266829788674 4.840749429538846 8.532126058591528 5.4866777472198036 1.8274613320827513 1.4080342911183823 9.7310257758945209 8.0426190725993347 1.6394215989857892 1.9055926147848365 2.2534200428053737 1.1783677637577055 2.4571754578500986 0.48321618512272835 4.295152273029089 3.5529744699597359 17.514426046982411 7.3456827700138083
leaf_count=299664 20 6 828 8 49 66 436 167 101 142 77 11 27 128 261 46 70 23 210 1344 21 39 36 11 29 67 267 36 176 63
internal_value=-1.00587e-05 -0.00702365 0.0103719 -0.0169963 -0.0106976 0.102714 -0.0491371 -0.00944725 -0.0215962 -0.00485922 -0.0237901 -0.0732065 0.0258116 -0.0254275 -0.0159391 -0.0217899 -0.0134911 0.0141652 -0.0273422 -0.0689732 0.0552215 0.0810255 0.00853726 -0.0156501 0.154618 0.0574801 0.0292815 -0.0814912 -0.0339056 -0.0433978
internal_weight=40578.6 151.023 57.4514 93.5718 73.8176 3.26087 19.7542 8.87137 15.6673 13.075 10.4795 5.42662 2.23532 8.26079 70.5567 62.0246 52.7473 22.4005 11.1391 9.27733 11.2614 8.25561 4.15901 3.00583 4.0966 1.23471 5.05287 10.8828 30.3468 24.8601
internal_count=304429 4765 1446 3319 2546 101 773 301 618 517 497 88 93 295 2445 2184 724 439 233 1460 206 125 75 81 50 116 409 472 285 239
cat_boundaries=0 1
cat_threshold=17094684
is_linear=0
shrinkage=0.1


Tree=96
num_leaves=31
num_cat=2
split_feature=1 0 2 2 4 4 4 4 2 4 4 4 4 4 4 2 2 4 4 3 2 4 4 2 2 4 4 2 4 0
split_gain=0.708015 2.36092 3.6164 6.28672 3.18792 2.68597 5.08785 3.02586 5.75007 2.97803 6.68141 2.83645 15.4765 2.57982 2.67434 3.33134 4.04916 2.49542 5.3019 2.4152 3.8845 5.27931 3.33677 2.86302 2.96911 2.53303 5.92326 5.38486 2.01849 1.90735
threshold=5.5000000000000009 0 6.285000000000001 6.3350000000000009 0.59760000000000013 0.42120000000000007 0.33935000000000004 0.34395000000000003 4.9450000000000012 0.31830000000000008 0.31590000000000001 0.29304999999999998 0.29525000000000007 0.30440000000000006 0.29925000000000007 5.2250000000000005 4.705000000000001 0.23670000000000005 0.22184999999999991 0.14500000000000005 6.6950000000000012 0.32585000000000003 0.29304999999999998 7.3850000000000007 6.9750000000000005 0.35385000000000005 0.43235000000000001 7.0450000000000008 0.34154999999999996 1
decision_type=2 9 2 2 2 2 2 2 2 2 2 2 2 2 2 2 2 2 2 2 2 2 2 2 2 2 2 2 2 9
left_child=-1 2 4 -4 5 6 9 8 -8 10 11 17 -13 14 -14 16 -16 18 -2 23 21 22 -21 24 -5 -22 27 -27 -26 -3
right_child=1 29 3 19 -6 -7 7 -9 -10 -11 -12 12 13 -15 15 -17 -18 -19 -20 20 25 -23 -24 -25 28 26 -28 -29 -30 -31
leaf_value=0.00012148788212784185 -0.052320028666041164 0.0067140189021656837 0.15444110643876841 -0.041488340767839776 0.12860394814315562 -0.078651902759377793 0.30502052122397361 0.0010718833583444191 -0.02265628940590509 -0.10509788144853022 0.23978741702286116 0.36096817364635114 -0.10595241577481732 -0.086218454905224007 0.028088256563313187 -0.03508923254511389 0.37011463835776598 -0.095741055796872171 0.19107050512139245 -0.020254661768833813 0.00065211750546881504 -0.095138994591210918 0.14456089130273772 -0.11321080440722904 0.098173553973970623 0.020074684671620421 -0.024126093230020962 0.19450394274700833 -0.016853866514892481 -0.0015392948531513242
leaf_weight=36928.920735097257 7.6188899667468011 296.80858895042911 2.636936090886592 12.59758178889752 1.2457820633426298 10.817477050470186 0.97728123888373675 20.484244388993829 1.1847324483096597 7.1492447024211279 0.86964416224509378 1.0702671352773894 1.182825038209556 5.3126032100990415 0.7654679808765652 1.4108496867120264 0.63185097649693489 10.87213355489075 1.0141332577913997 3.3151377663016302 9.325614310801031 6.2407912611961365 1.9514486044645307 3.4223060980439177 3.2055147960782042 2.9511851072311384 4.1980878710746765 4.4213841408491135 2.9108351469039917 3222.289379312424
leaf_count=253691 249 3848 30 131 25 344 26 455 20 183 23 22 27 132 41 27 15 284 28 39 76 70 21 34 24 26 33 24 22 44459
internal_value=-9.81483e-06 -0.00133868 -0.0140871 0.00363831 -0.0299856 -0.0327542 -0.0245536 0.0129472 0.125461 -0.0469626 -0.0334458 -0.0413983 0.000849933 -0.0405773 0.0201777 0.0733048 0.182749 -0.0638682 -0.0237286 -0.00365282 0.0137402 -0.0329168 0.0408151 -0.0291132 -0.0137339 0.0394338 0.0706907 0.124681 0.0434308 -0.00082614
internal_weight=40577.8 3648.88 129.784 57.1768 72.6074 71.3616 60.5442 22.6463 2.16201 37.8979 30.7487 29.879 10.3739 9.3036 3.99099 2.80817 1.39732 19.5052 8.63302 54.5399 32.4036 11.5074 5.26659 22.1362 18.7139 20.8963 11.5707 7.37257 6.11635 3519.1
internal_count=304429 50738 2431 530 1901 1876 1532 501 46 1031 848 825 264 242 110 83 56 561 277 500 289 130 60 211 177 159 83 50 46 48307
cat_boundaries=0 1 2
cat_threshold=4194304 12
is_linear=0
shrinkage=0.1


Tree=97
num_leaves=31
num_cat=4
split_feature=1 4 0 0 2 0 3 2 4 3 3 4 2 3 2 3 2 4 3 2 4 0 2 4 4 2 2 2 4 2
split_gain=0.710132 5.36099 6.79867 5.67453 5.64911 9.35375 7.17398 9.66323 4.96483 4.53367 8.81241 6.13792 6.88699 6.79271 6.45402 8.63677 6.41525 5.5788 5.43044 5.25985 8.75758 7.60008 8.86873 5.80392 5.48478 5.05387 6.3828 5.96204 4.9613 4.91551
threshold=1.5000000000000002 0.37655000000000005 0 1 7.1050000000000013 2 0.13500000000000004 7.3450000000000006 0.37825000000000003 0.18500000000000003 0.17500000000000002 0.29925000000000007 5.285000000000001 0.16500000000000004 4.5850000000000009 0.15500000000000003 5.495000000000001 0.36945 0.20500000000000004 5.6550000000000011 0.19520000000000001 3 4.1850000000000014 0.1847 0.34075000000000005 5.0650000000000004 5.1650000000000009 4.7250000000000005 0.35385000000000005 4.1250000000000009
decision_type=2 2 9 9 2 9 2 2 2 2 2 2 2 2 2 2 2 2 2 2 2 9 2 2 2 2 2 2 2 2
left_child=1 3 -3 9 -5 -6 -7 -8 -4 10 11 12 13 14 -1 25 -14 19 29 20 -12 22 24 -21 -22 27 -27 -16 -25 -11
right_child=-2 2 8 4 5 6 7 -9 -10 18 17 -13 16 -15 15 -17 -18 -19 -20 23 21 -23 -24 28 -26 26 -28 -29 -30 -31
leaf_value=0.0046485038106751173 0.0001838609436809504 0.00057686366854672964 -0.05690759083280298 0.0035893266284630198 0.015708438951332403 0.0063046886604910292 -0.077704777430410113 -0.011307745325940179 -0.009961422827049312 0.0050735598268681435 0.067729061344268454 -0.014043303607477972 -0.051996847473198715 -0.0060950990730258411 0.10410765866142119 0.10751238873419998 -0.0014992749503527439 0.097498295497835605 0.014376267707971331 -0.049041154140873879 -0.020781265318638761 0.016000091721553526 -0.079139649100507484 0.076026790953929793 0.12819303641910659 0.16843933680910775 0.0058404058072791141 -0.044382321753646141 -0.043521902832495851 -0.040636507797256111
leaf_weight=31.886909075081348 33408.174687587889 1028.4208417981863 23.042157173156738 3674.9145576730371 66.457899957895279 36.027435019612312 46.890589885413647 41.159359276294708 1007.6913972124457 30.781056094914675 17.622455522418022 491.27355174720287 27.749625816941261 54.865782052278519 3.4575547426939037 22.70686973631382 269.35469121485949 8.6401163414120656 35.234490459784865 5.4862890392541876 7.8716517984867078 50.905921369791031 26.689710974693298 29.460853852331638 3.6023499816656113 4.4129478186368924 5.3302722722291946 12.405995972454546 3.9350823163986197 99.810606569051743
leaf_count=209 253690 7317 159 25366 570 313 397 357 7289 224 114 3691 178 353 21 140 2076 59 260 38 54 328 171 211 25 27 33 78 29 652
internal_value=-9.91904e-06 -0.000913066 -0.00522073 0.000823136 0.00271184 -0.0140702 -0.0289527 -0.0466672 -0.0109051 -0.00502938 -0.00270123 -0.00639665 0.00229574 0.0210184 0.039567 0.0626131 -0.00621576 0.0194271 -0.0204627 0.0147935 0.00331844 -0.00942522 -0.0376632 0.0462807 0.0259903 0.0227985 0.0794855 -0.0120181 0.0619402 -0.0298624
internal_weight=40576.3 7168.09 2059.15 5108.93 3865.45 190.535 124.077 88.0499 1030.73 1243.48 1077.66 923.444 432.171 135.066 80.2005 48.3136 297.104 154.214 165.826 145.574 106.692 89.0696 38.1637 38.8822 11.474 25.6068 9.74322 15.8636 33.3959 130.592
internal_count=304429 50739 14765 35974 27003 1637 1067 754 7448 8971 7835 6806 3115 861 508 299 2254 1029 1136 970 692 578 250 278 79 159 60 99 240 876
cat_boundaries=0 1 2 3 4
cat_threshold=30543629 5644800 2195497 401408
is_linear=0
shrinkage=0.1


Tree=98
num_leaves=31
num_cat=4
split_feature=4 4 0 2 2 0 2 2 2 4 2 4 4 1 1 2 1 2 2 0 2 3 3 0 4 2 4 1 2 2
split_gain=0.821273 4.09595 7.35172 7.17715 10.9858 7.0263 10.35 7.0115 14.819 13.532 9.35072 7.67637 13.885 8.16682 9.3402 6.93953 9.56065 11.2242 6.87874 6.43802 6.40761 9.17203 5.54818 5.51893 5.68033 5.22314 10.1537 8.52106 12.6272 12.4326
threshold=0.31915000000000004 0.29735000000000006 0 5.4150000000000009 5.6550000000000011 1 3.8150000000000004 4.6450000000000005 4.5250000000000012 0.29825000000000007 5.0650000000000004 0.31265000000000004 0.30965000000000004 1.5000000000000002 4.5000000000000009 5.7350000000000012 2.5000000000000004 5.7150000000000007 4.2250000000000005 2 3.9550000000000005 0.18500000000000003 0.20500000000000004 3 0.31525000000000009 4.6450000000000005 0.30145000000000005 4.5000000000000009 5.1650000000000009 5.0650000000000004
decision_type=2 2 9 2 2 9 2 2 2 2 2 2 2 2 2 2 2 2 2 9 2 2 2 9 2 2 2 2 2 2
left_child=1 -1 -3 5 -5 25 23 8 11 10 -9 12 19 -14 -15 16 -6 -18 -16 -8 -21 -22 -11 -7 -25 -4 27 -27 29 -29
right_child=-2 2 3 4 15 6 7 9 -10 22 -12 -13 13 14 18 -17 17 -19 -20 20 21 -23 -24 24 -26 26 -28 28 -30 -31
leaf_value=0.00035142321424725445 0.00036797594550641252 -0.0088097997773601954 0.0049491176800591499 -0.02724789774922844 0.070450809256378588 0.049900752274127144 -0.029169847655603612 0.22393101220221384 -0.069436521738734075 0.003226492807942584 0.011283661613596799 -0.035305200477752659 0.17899006795308448 0.0088203864237534919 0.3174886319160351 -0.0031194479274804822 -0.032770329052329399 0.084145891235431688 0.061400230045778319 -0.080350900404441206 0.010901808513905702 0.12910255090068343 -0.064235093926473599 -0.012795933165804694 0.06961081020620967 0.048147851132232314 0.015940016186876824 0.14542544298736357 -0.028653249914940067 0.46751772005494563
leaf_weight=12614.006081827916 23804.76929259859 1509.0423712525517 251.8502764380537 187.0984279550612 31.232096046209335 44.39398336969316 57.558614110574126 4.6406323723494989 47.270957536995411 265.83627478778362 3.7299615070223808 64.633284198120236 5.5880260765552547 16.531348146498207 1.8857127502560604 1260.3604437410831 31.571798127144575 11.097459055483339 2.3635761104524136 5.5879362262785426 34.216743141412735 8.1234199702739698 12.776883896440266 45.70704053575173 10.238333932589738 35.524237342178822 199.30493422970176 3.9129955098032934 2.4287109822034836 1.7274587415158746
leaf_count=97319 175342 11627 2614 1339 178 560 520 37 411 2011 28 598 35 133 35 8134 249 82 37 55 308 80 109 630 141 223 1493 51 30 20
internal_value=-9.64159e-06 -0.000545656 -0.00326826 -7.57136e-05 -0.00455524 0.00597689 -0.00111044 -0.0066963 -0.0191676 0.00389661 0.129175 -0.00707396 0.00676452 0.0716696 0.0428105 -0.00137313 0.0284097 -0.00236265 0.175045 -0.00945988 0.0167929 0.0335799 0.000132781 0.0283252 0.00193849 0.0147417 0.0255021 0.069219 0.161984 0.24407
internal_weight=40575 16770.2 4156.23 2647.19 1521.36 1125.83 631.083 530.743 243.76 286.984 8.37059 196.489 131.855 26.3687 20.7806 1334.26 73.9014 42.6693 4.24929 105.487 47.9281 42.3402 278.613 100.339 55.9454 494.749 242.898 43.5934 8.06917 5.64045
internal_count=304429 129087 31768 20141 9982 10159 5728 4397 2212 2185 65 1801 1203 240 205 8643 509 331 72 963 443 388 2120 1331 771 4431 1817 324 101 71
cat_boundaries=0 1 2 3 4
cat_threshold=1451539 29360516 2643968 104448
is_linear=0
shrinkage=0.1


Tree=99
num_leaves=31
num_cat=4
split_feature=2 4 4 0 0 0 4 1 2 3 4 1 3 2 2 4 0 3 2 2 4 2 1 3 2 3 2 3 4 3
split_gain=0.779925 4.79839 8.42042 18.915 7.24128 6.61868 9.08542 9.71396 9.52797 10.1965 5.34209 8.05901 6.21492 6.38814 4.94464 4.76179 8.22995 4.75803 3.85355 3.77057 4.7124 3.65869 7.63556 7.42565 5.51737 4.12757 3.54751 5.50136 3.53141 3.26404
threshold=3.8750000000000004 0.26965000000000006 0.27790000000000009 0 1 2 0.28955000000000003 1.5000000000000002 3.3950000000000005 0.18500000000000003 0.27425000000000005 5.5000000000000009 0.17500000000000002 3.7850000000000006 3.8450000000000002 0.29425000000000007 3 0.24500000000000002 3.6750000000000003 2.0750000000000006 0.26175000000000004 2.6050000000000004 1.5000000000000002 0.18500000000000003 2.7350000000000008 0.23500000000000001 3.5850000000000004 0.16500000000000004 0.26330000000000003 0.15500000000000003
decision_type=2 2 2 9 9 9 2 2 2 2 2 2 2 2 2 2 9 2 2 2 2 2 2 2 2 2 2 2 2 2
left_child=1 4 3 26 17 6 7 -4 -9 -10 12 -12 -5 -14 29 16 18 19 -7 -1 -21 22 -8 -24 -23 -25 27 -3 -22 -6
right_child=-2 2 5 10 14 15 21 8 9 -11 11 -13 13 -15 -16 -17 -18 -19 -20 20 28 24 23 25 -26 -27 -28 -29 -30 -31
leaf_value=-0.07628971219511349 0.00010144371425184639 0.15347459376818914 -0.085918438538835185 0.12838694926796584 0.017260774380568909 -0.064023652554661387 0.20623075488878717 -0.038795212206317389 0.071712029413040376 0.27114988162488157 0.10989223919775422 0.30867066944692617 0.060476241910426637 -0.11565206432699274 -0.064689392663901404 -0.0016963797191944644 0.0061365420237383395 -0.10729648662935456 -0.016571274313753003 0.017278079099534563 0.20728186292848017 -0.073733393494318289 -0.042447652799183368 0.080687934507356979 0.0072150255905413189 -0.0082399490826177233 -0.054889594195883663 -0.011659900758778081 0.054574278147179113 -0.016484854677425425
leaf_weight=3.8965212525799862 38087.7263698522 2.2417097873985794 2.7065892219543448 9.8898717388510722 31.133665557019413 46.720102010993287 2.5028145406395188 2.8751656971871844 5.3569937869906408 4.9160140417516232 9.4145146841183287 2.6036556088365606 9.186968185938893 2.654237698763608 20.075698629021645 1462.4974138354883 67.93735140003264 3.0406231791712335 27.006232811138034 78.349805692676455 2.2158090285956851 8.7254538480192405 11.138588961213825 18.320736605674032 240.57106342446059 7.2986853022593996 17.853985484689474 20.162779529113322 4.7836487181484699 361.17714326758869
leaf_count=240 266672 27 18 117 369 786 28 61 56 49 128 54 135 27 219 21998 1001 101 270 1104 38 160 324 684 2526 625 182 351 57 6022
internal_value=-1.05941e-05 -0.00172625 0.000489789 0.0335852 -0.0104318 -0.000793532 0.0124896 0.0866017 0.122115 0.16715 0.0767238 0.152956 0.0698702 0.0209966 -0.0158983 -0.00337104 -0.0208978 0.0141816 -0.0410709 0.0199094 0.0243013 0.00885038 0.0372247 0.0257172 0.00438181 0.0553534 -0.0173314 0.00486284 0.102917 -0.0138068
internal_weight=40575 2487.25 1982.58 74.0077 504.673 1908.57 304.412 15.8548 13.1482 10.273 33.7492 12.0182 21.7311 11.8412 412.387 1604.16 141.664 92.2864 73.7263 89.2458 85.3493 288.557 39.2608 36.758 249.297 25.6194 40.2585 22.4045 6.99946 392.311
internal_count=304429 37757 29607 1021 8150 28586 4531 184 166 105 461 182 279 162 6610 24055 2057 1540 1056 1439 1199 4347 1661 1633 2686 1309 560 378 95 6391
cat_boundaries=0 1 2 3 4
cat_threshold=21844134 262426 19402752 4491064
is_linear=0
shrinkage=0.1


end of trees

feature_importances:
勝率=908
モーター=699
場=602
平均ST=398
枠番=393

parameters:
[boosting: gbdt]
[objective: binary]
[metric: binary_logloss]
[tree_learner: serial]
[device_type: cpu]
[data_sample_strategy: bagging]
[data: ]
[valid: ]
[num_iterations: 100]
[learning_rate: 0.1]
[num_leaves: 31]
[num_threads: 1]
[seed: 0]
[deterministic: 0]
[force_col_wise: 0]
[force_row_wise: 0]
[histogram_pool_size: -1]
[max_depth: -1]
[min_data_in_leaf: 20]
[min_sum_hessian_in_leaf: 0.001]
[bagging_fraction: 1]
[pos_bagging_fraction: 1]
[neg_bagging_fraction: 1]
[bagging_freq: 0]
[bagging_seed: 3]
[bagging_by_query: 0]
[feature_fraction: 1]
[feature_fraction_bynode: 1]
[feature_fraction_seed: 2]
[extra_trees: 0]
[extra_seed: 6]
[early_stopping_round: 0]
[early_stopping_min_delta: 0]
[first_metric_only: 0]
[max_delta_step: 0]
[lambda_l1: 0]
[lambda_l2: 0]
[linear_lambda: 0]
[min_gain_to_split: 0]
[drop_rate: 0.1]
[max_drop: 50]
[skip_drop: 0.5]
[xgboost_dart_mode: 0]
[uniform_drop: 0]
[drop_seed: 4]
[top_rate: 0.2]
[other_rate: 0.1]
[min_data_per_group: 100]
[max_cat_threshold: 32]
[cat_l2: 10]
[cat_smooth: 10]
[max_cat_to_onehot: 4]
[top_k: 20]
[monotone_constraints: ]
[monotone_constraints_method: basic]
[monotone_penalty: 0]
[feature_contri: ]
[forcedsplits_filename: ]
[refit_decay_rate: 0.9]
[cegb_tradeoff: 1]
[cegb_penalty_split: 0]
[cegb_penalty_feature_lazy: ]
[cegb_penalty_feature_coupled: ]
[path_smooth: 0]
[interaction_constraints: ]
[verbosity: 1]
[saved_feature_importance_type: 0]
[use_quantized_grad: 0]
[num_grad_quant_bins: 4]
[quant_train_renew_leaf: 0]
[stochastic_rounding: 1]
[linear_tree: 0]
[max_bin: 255]
[max_bin_by_feature: ]
[min_data_in_bin: 3]
[bin_construct_sample_cnt: 200000]
[data_random_seed: 1]
[is_enable_sparse: 1]
[enable_bundle: 1]
[use_missing: 1]
[zero_as_missing: 0]
[feature_pre_filter: 1]
[pre_partition: 0]
[two_round: 0]
[header: 0]
[label_column: ]
[weight_column: ]
[group_column: ]
[ignore_column: ]
[categorical_feature: 0]
[forcedbins_filename: ]
[precise_float_parser: 0]
[parser_config_file: ]
[objective_seed: 5]
[num_class: 1]
[is_unbalance: 0]
[scale_pos_weight: 1]
[sigmoid: 1]
[boost_from_average: 1]
[reg_sqrt: 0]
[alpha: 0.9]
[fair_c: 1]
[poisson_max_delta_step: 0.7]
[tweedie_variance_power: 1.5]
[lambdarank_truncation_level: 30]
[lambdarank_norm: 1]
[label_gain: ]
[lambdarank_position_bias_regularization: 0]
[eval_at: ]
[multi_error_top_k: 1]
[auc_mu_weights: ]
[num_machines: 1]
[local_listen_port: 12400]
[time_out: 120]
[machine_list_filename: ]
[machines: ]
[gpu_platform_id: -1]
[gpu_device_id: -1]
[gpu_use_dp: 0]
[num_gpu: 1]

end of parameters

pandas_categorical:[[1.0, 2.0, 3.0, 4.0, 5.0, 6.0, 6.96, 7.0, 8.0, 9.0, 10.0, 11.0, 12.0, 13.0, 14.0, 15.0, 16.0, 17.0, 18.0, 19.0, 20.0, 21.0, 22.0, 23.0, 24.0]]
