tree
version=v4
num_class=1
num_tree_per_iteration=1
label_index=0
max_feature_idx=3
objective=regression
feature_names=枠番 勝率 平均ST モーター
feature_infos=[1:6] [0:32.289999999999999] [0:4.5700000000000003] [0:1]
tree_sizes=2708 2823 2827 2831 2842 2824 2815 2816 2836 2831 2834 2844 2830 2834 2860 2835 2852 2864 2857 2870 2860 2819 2865 2832 2861 2856 2876 2870 2856 2845 2847 2879 2861 2873 2864 2855 2861 2865 2881 2845 2836 2849 2845 2865 2874 2854 2852 2855 2886 2853 2858 2846 2896 2849 2850 2867 2872 2865 2875 2859 2865 2856 2846 2835 2849 2868 2856 2862 2868 2856 2867 2866 2857 2869 2885 2917 2856 2891 2875 2851 2848 2870 2888 2856 2855 2882 2866 2871 2887 2866 2875 2896 2873 2881 2877 2861 2847 2880 2854 2894

Tree=0
num_leaves=31
num_cat=0
split_feature=0 1 1 0 1 0 1 1 1 1 0 1 0 3 3 3 2 0 1 1 3 3 1 1 3 3 3 3 2 1
split_gain=55.9324 39.3997 15.7061 8.57808 7.2612 6.58237 2.91807 2.33418 2.05013 1.45338 1.05263 1.04598 0.977526 0.869023 0.860729 0.845079 0.851723 0.840042 0.822915 0.7593 0.724701 0.764244 0.720586 0.687872 0.669509 0.647144 0.607572 0.822504 0.558237 0.556916
threshold=1.5000000000000002 5.8850000000000007 3.0800000000000005 4.5000000000000009 4.2550000000000008 4.5000000000000009 6.0650000000000004 4.8750000000000009 6.5850000000000009 6.3350000000000009 5.5000000000000009 7.3850000000000007 3.5000000000000004 0.41360000000000002 0.31945000000000007 0.32980000000000004 0.18500000000000003 5.5000000000000009 6.0550000000000006 3.8050000000000002 0.12915000000000001 0.36580000000000007 6.1950000000000012 4.9150000000000009 0.38400000000000001 0.39930000000000004 0.30720000000000003 0.34739999999999999 0.14500000000000005 4.9350000000000014
decision_type=2 2 2 2 2 2 2 2 2 2 2 2 2 2 2 2 2 2 2 2 2 2 2 2 2 2 2 2 2 2
left_child=4 2 12 7 15 9 20 13 17 22 23 -10 -2 25 -11 -1 -17 -7 -19 -12 -6 -22 28 -5 -20 -4 -9 -28 -3 -23
right_child=1 5 3 10 6 8 -8 26 11 14 19 -13 -14 -15 -16 16 -18 18 24 -21 21 29 -24 -25 -26 -27 27 -29 -30 -31
leaf_value=0.5128031491661772 0.47818776458422474 0.51999613168048442 0.48938012999351171 0.48058092706399214 0.53813648147381399 0.49876559090030737 0.53759011491823971 0.50396419804520798 0.50390690228682189 0.51114723545822682 0.46119395378914185 0.52464222936346427 0.46107154743699452 0.49769562252399696 0.52009838730874425 0.48507957180653138 0.50946981550659876 0.50386981643236728 0.49046981613335067 0.47811497734371972 0.51808683670335665 0.51687722279735571 0.50073418393796698 0.48911267315043488 0.47412097841244183 0.47578560530718167 0.48997401769560667 0.49989838750905846 0.50794439221368437 0.53381764049717151
leaf_weight=36 39 57 446 216 30 142 266 178 151 155 29 29 231 124 350 41 22 25 60 310 188 27 87 168 43 38 119 280 118 69
leaf_count=36 39 57 446 216 30 142 266 178 151 155 29 29 231 124 350 41 22 25 60 310 188 27 87 168 43 38 119 280 118 69
internal_value=0.499411 0.494171 0.486118 0.489313 0.525611 0.508582 0.529884 0.49455 0.498981 0.514216 0.480728 0.507248 0.463544 0.490226 0.517351 0.500581 0.493597 0.49347 0.487595 0.476667 0.523355 0.521794 0.508172 0.484314 0.483645 0.488313 0.499106 0.496938 0.51187 0.529053
internal_weight=4074 3395 2178 1908 679 1217 580 1185 450 767 723 180 270 608 505 99 63 270 128 339 314 284 262 384 103 484 577 399 175 96
internal_count=4074 3395 2178 1908 679 1217 580 1185 450 767 723 180 270 608 505 99 63 270 128 339 314 284 262 384 103 484 577 399 175 96
is_linear=0
shrinkage=1


Tree=1
num_leaves=31
num_cat=0
split_feature=0 1 1 0 1 0 1 1 1 1 0 1 0 3 3 3 2 0 1 1 3 3 3 1 0 3 1 3 1 1
split_gain=45.3052 31.9138 12.722 6.94825 5.88157 5.33172 2.36496 1.89069 1.66061 1.17724 0.852626 0.847246 0.791796 0.703909 0.69719 0.684514 0.689896 0.680434 0.666561 0.615033 0.600443 0.591171 0.632189 0.583675 0.580742 0.5621 0.557176 0.542302 0.474435 0.794916
threshold=1.5000000000000002 5.8850000000000007 3.0800000000000005 4.5000000000000009 4.2550000000000008 4.5000000000000009 6.0550000000000006 4.8750000000000009 6.5850000000000009 6.3350000000000009 5.5000000000000009 7.3850000000000007 3.5000000000000004 0.41360000000000002 0.31945000000000007 0.32980000000000004 0.18500000000000003 5.5000000000000009 6.0550000000000006 3.8050000000000002 0.10554999999999996 0.12915000000000001 0.36580000000000007 6.1950000000000012 3.5000000000000004 0.1716 4.9150000000000009 0.38400000000000001 5.3000000000000007 5.5950000000000006
decision_type=2 2 2 2 2 2 2 2 2 2 2 2 2 2 2 2 2 2 2 2 2 2 2 2 2 2 2 2 2 2
left_child=4 2 12 7 15 9 21 13 17 23 26 -10 -2 20 -11 -1 -17 -7 -19 -12 -4 -6 -23 -3 -9 -26 -5 -20 -27 -30
right_child=1 5 3 10 6 8 -8 24 11 14 19 -13 -14 -15 -16 16 -18 18 27 -21 -22 22 -24 -25 25 28 -28 -29 29 -31
leaf_value=0.012053019843167728 -0.019100826730330787 0.011213019030434744 -4.912294723369458e-05 -0.016946981295391364 0.034853018919626874 -0.00058078333525590504 0.034315245020300596 0.0020627721725778782 0.0040463966841729274 0.010562696649182229 -0.034395257100976746 0.022708191748323114 -0.034505422914892565 -0.0015437550121738066 0.018618733670030321 -0.012898201586269751 0.0090530195358124645 0.0040130198597908024 -0.0080469807982444779 -0.019166335242409863 -0.011236478994752087 0.016685939764463774 0.026678018264162048 0.0011909497794748724 0.010512672364711761 -0.00072665103239777655 -0.0092684092088824218 -0.022760935058427412 -0.02372705846121817 -0.0047658439781238793
leaf_weight=36 39 175 54 216 30 142 268 374 151 155 29 29 231 124 350 41 22 25 60 310 430 186 96 87 22 81 168 43 33 67
leaf_count=36 39 175 54 216 30 142 268 374 151 155 29 29 231 124 350 41 22 25 60 310 430 186 96 87 22 81 168 43 33 67
internal_value=4.38001e-11 -0.00471605 -0.0119635 -0.00908849 0.0235803 0.00825433 0.0274254 -0.00437483 -0.000386981 0.0133242 -0.0168142 0.00705302 -0.0322803 -0.00826606 0.0161461 0.00105302 -0.0052327 -0.00534698 -0.0106345 -0.0204691 -0.0099883 0.0215073 0.0200875 0.00788508 -0.000274537 -0.00458071 -0.0135876 -0.0141897 -0.00641527 -0.011023
internal_weight=4074 3395 2178 1908 679 1217 580 1185 450 767 723 180 270 608 505 99 63 270 128 339 484 312 282 262 577 203 384 103 181 100
internal_count=4074 3395 2178 1908 679 1217 580 1185 450 767 723 180 270 608 505 99 63 270 128 339 484 312 282 262 577 203 384 103 181 100
is_linear=0
shrinkage=0.1


Tree=2
num_leaves=31
num_cat=0
split_feature=0 1 1 0 1 0 1 1 1 0 1 1 3 1 1 0 3 0 1 3 3 2 0 3 3 3 1 1 1 1
split_gain=36.6972 25.8502 10.3048 5.62808 4.76407 4.31869 1.97956 1.58289 1.34509 0.986473 0.962755 0.917467 0.796203 0.719721 0.686269 0.641355 0.639732 0.63776 0.631329 0.555646 0.554457 0.558815 0.551152 0.5677 0.518774 0.510404 0.472776 0.462442 0.624884 0.4566
threshold=1.5000000000000002 5.8850000000000007 3.0800000000000005 4.5000000000000009 4.2550000000000008 4.5000000000000009 5.7150000000000007 4.6550000000000011 6.5850000000000009 3.5000000000000004 7.3150000000000004 5.6450000000000005 0.44485000000000002 4.8750000000000009 7.3850000000000007 3.5000000000000004 0.42055000000000003 3.5000000000000004 6.3350000000000009 0.51480000000000015 0.32980000000000004 0.18500000000000003 5.5000000000000009 0.29830000000000007 0.31945000000000007 0.30620000000000008 6.1950000000000012 5.0550000000000006 5.3000000000000007 6.1950000000000012
decision_type=2 2 2 2 2 2 2 2 2 2 2 2 2 2 2 2 2 2 2 2 2 2 2 2 2 2 2 2 2 2
left_child=4 2 15 7 20 10 11 -4 22 12 18 -6 16 -5 -10 -2 -9 -12 26 -14 -1 -22 29 -24 -20 -11 -3 -27 -29 -7
right_child=1 5 3 13 6 8 -8 9 14 25 17 -13 19 -15 -16 -17 -18 -19 24 -21 21 -23 23 -25 -26 27 -28 28 -30 -31
leaf_value=0.010847716799212828 -0.017190744212040535 0.010091717515672956 -0.0082674201948163949 -0.017952153996671018 0.019610155473265174 -0.0071518130352099737 0.029608710017879455 0.0015570433171882847 0.0036417576552226841 0.0013988064852223467 0.034199395679658455 -0.0027560686692595484 0.019956761167237633 -0.011601977430957131 0.02043737352922045 -0.031054880595826485 -0.012264072935323458 0.012732375085353851 0.0083769535263107254 0.00026392502629238627 -0.011608381006048947 0.0081477170979434802 0.0039466774165630341 -0.012852030124479129 0.015633239181521704 -0.016456252011385831 0.0010718555714207135 0.0052114207101495646 -0.010331729017657998 0.0043278619737886796
leaf_weight=36 39 175 493 402 221 60 339 353 151 67 31 20 38 321 29 231 37 25 146 23 41 22 25 103 303 55 87 38 81 82
leaf_count=36 39 175 493 402 221 60 339 353 151 67 31 20 38 321 29 231 37 25 146 23 41 22 25 103 303 55 87 38 81 82
internal_value=-1.01773e-10 -0.00424445 -0.0107672 -0.00817964 0.0212222 0.0074289 0.0246829 -0.00393735 -0.000348282 -0.000852481 0.0119918 0.017754 0.00190752 -0.0151328 0.00634772 -0.0290523 0.000245809 0.0246159 0.0109975 0.0125316 0.000947717 -0.00470943 -0.00481228 -0.00957103 0.0132737 -0.00601747 0.00709657 -0.00887316 -0.00536837 -0.000522705
internal_weight=4074 3395 2178 1908 679 1217 580 1185 450 692 767 241 451 723 180 270 390 56 711 61 99 63 270 128 449 241 262 174 119 142
internal_count=4074 3395 2178 1908 679 1217 580 1185 450 692 767 241 451 723 180 270 390 56 711 61 99 63 270 128 449 241 262 174 119 142
is_linear=0
shrinkage=0.1


Tree=3
num_leaves=31
num_cat=0
split_feature=0 1 1 0 1 0 1 1 1 2 0 1 1 3 2 0 0 3 3 3 2 2 3 3 2 3 3 1 3 3
split_gain=29.7248 20.9386 8.38989 4.71161 3.8589 3.49814 1.62691 1.30667 1.12268 0.902407 0.799043 0.752015 0.668006 0.644924 0.64118 0.605202 0.583524 0.556323 0.531257 0.485495 0.534387 0.474314 0.457441 0.456517 0.482355 0.456278 0.450073 0.435937 0.414977 0.413427
threshold=1.5000000000000002 5.8850000000000007 2.9350000000000005 4.5000000000000009 4.2550000000000008 4.5000000000000009 6.0650000000000004 4.6550000000000011 6.955000000000001 0.13500000000000004 3.5000000000000004 3.8050000000000002 7.1650000000000009 0.44485000000000002 0.13500000000000004 3.5000000000000004 5.5000000000000009 0.31445000000000006 0.41360000000000002 0.12915000000000001 0.18500000000000003 0.17500000000000002 0.43725000000000008 0.33255000000000007 0.18500000000000003 0.44369999999999993 0.51480000000000015 4.2150000000000007 0.48215000000000002 0.30620000000000008
decision_type=2 2 2 2 2 2 2 2 2 2 2 2 2 2 2 2 2 2 2 2 2 2 2 2 2 2 2 2 2 2
left_child=4 2 -2 7 23 9 19 18 28 12 13 -5 -3 17 -10 -11 -13 21 -4 -6 25 -9 -18 -1 -25 -21 -15 -20 -7 -12
right_child=1 5 3 11 6 8 -8 10 14 15 29 16 -14 26 -16 -17 22 -19 27 20 -22 -23 -24 24 -26 -27 -28 -29 -30 -31
leaf_value=0.0094566164440230329 -0.026926297273673117 0.014169110899838883 -0.0090461468411019152 -0.022737146335014377 0.029438289403915407 -0.0011891029363909327 0.027968894110736966 0.0088404973494071587 0.022547896845000134 0.011143875404128006 0.0012589260824580693 -0.0097607632895662377 0.030241033476927588 0.017961085509312781 0.0039003803498215148 0.0043060725602584006 -0.017199601339833701 -0.0026684201466358778 0.0051714841138433528 0.016156239215708315 0.005501557504985391 -0.0037861951582488563 -0.0054864989985760892 -0.011185504152224614 0.007332945581186902 0.028970737018971706 0.00023753299661304642 -0.0083233283702717261 -0.010279542257388433 -0.0079858442789864283
leaf_weight=38 250 156 407 83 30 308 266 102 28 385 67 339 31 38 54 195 272 246 54 211 41 42 38 39 22 32 23 43 60 174
leaf_count=38 250 156 407 83 30 308 266 102 28 385 67 339 31 38 54 195 272 246 54 211 41 42 38 39 22 32 23 43 60 174
internal_value=6.55686e-11 -0.00382 -0.00969044 -0.0074555 0.0191 0.00668601 0.0222146 -0.00358809 -0.000313455 0.0107926 -0.000767233 -0.0137744 0.0168334 0.00171677 0.0102678 0.00884496 -0.0126282 0.000221229 -0.00746116 0.0173399 0.016062 0.00515771 -0.0157638 0.000852945 -0.00450672 0.0178437 0.0112784 -0.000810752 -0.00267124 -0.00541572
internal_weight=4074 3395 2178 1928 679 1217 580 1196 450 767 692 732 187 451 82 580 649 390 504 314 284 144 310 99 61 243 61 97 368 241
internal_count=4074 3395 2178 1928 679 1217 580 1196 450 767 692 732 187 451 82 580 649 390 504 314 284 144 310 99 61 243 61 97 368 241
is_linear=0
shrinkage=0.1


Tree=4
num_leaves=31
num_cat=0
split_feature=0 1 1 0 1 0 1 1 1 1 2 0 3 2 1 3 3 0 3 3 3 2 3 1 3 2 3 3 3 2
split_gain=24.2222 10.9378 10.1312 4.78307 3.27347 3.02621 2.36319 1.59806 1.56108 0.986108 0.953395 0.870408 0.727444 0.719952 0.957022 0.565145 0.49799 0.496639 0.613686 0.421829 0.420081 0.382254 0.360971 0.360138 0.449408 0.400549 0.481144 0.599894 0.358994 0.482459
threshold=3.5000000000000004 4.8750000000000009 5.8850000000000007 1.5000000000000002 6.3050000000000006 1.5000000000000002 3.0800000000000005 3.8050000000000002 4.2150000000000007 7.3150000000000004 0.12500000000000003 5.5000000000000009 0.44485000000000002 0.18500000000000003 7.1350000000000007 0.45975000000000005 0.31945000000000007 5.5000000000000009 0.39110000000000006 0.10554999999999996 0.36020000000000002 0.15500000000000003 0.3786000000000001 4.9250000000000007 0.42055000000000003 0.16500000000000004 0.41360000000000002 0.37669999999999998 0.33255000000000007 0.18500000000000003
decision_type=2 2 2 2 2 2 2 2 2 2 2 2 2 2 2 2 2 2 2 2 2 2 2 2 2 2 2 2 2 2
left_child=2 6 3 8 11 22 -2 20 28 16 -6 -3 23 14 -12 -14 -7 19 21 -8 -5 -19 -4 25 -25 -9 27 -27 -1 -30
right_child=1 4 5 7 10 9 17 12 -10 -11 13 -13 15 -15 -16 -17 -18 18 -20 -21 -22 -23 -24 24 -26 26 -28 -29 29 -31
leaf_value=0.0080522253706648544 -0.025302460867089111 -0.0036583749355575765 0.021143397854492915 -0.018181605267283671 0.019493153723888101 0.0056377337389701123 0.00053647576964327274 -0.0086403843206472892 0.015224831291643735 0.028864219730659842 0.0021672385093363038 -0.011083915410770312 0.020837339580059053 -0.014265810495073146 0.01514406971195165 0.0029418343367675942 0.012612520961696844 -0.033341336538168516 -0.0088872949674464099 -0.012206003230272069 -0.0059630385347797226 -0.018890697676517548 0.028046323788961519 0.0020443317062441959 -0.010638349647483518 -0.00024534991983347719 0.013401825539767744 -0.014541025646030903 -0.011425235102305541 0.0075520318178903499
leaf_weight=37 231 529 176 68 40 148 28 117 275 31 346 225 25 22 68 60 332 22 57 360 48 109 133 283 31 159 20 36 37 21
leaf_count=37 231 529 176 68 40 148 28 117 275 31 346 225 25 22 68 60 332 22 57 360 48 109 133 283 31 159 20 36 37 21
internal_value=-8.99947e-11 -0.00771075 0.00771075 0.00192183 -0.0017753 0.0163024 -0.0167573 -0.00222167 0.0114071 0.0115783 0.00471752 -0.00587422 -0.000491348 0.00336196 0.0042987 0.00820522 0.010462 -0.0133304 -0.0175488 -0.0112864 -0.0131256 -0.0213175 0.0241146 -0.00163563 0.00079222 -0.00393186 -0.00136954 -0.00288455 0.000355698 -0.00455416
internal_weight=4074 2037 2037 1217 1230 820 807 847 370 511 476 754 731 436 414 85 480 576 188 388 116 131 309 646 314 332 215 195 95 58
internal_count=4074 2037 2037 1217 1230 820 807 847 370 511 476 754 731 436 414 85 480 576 188 388 116 131 309 646 314 332 215 195 95 58
is_linear=0
shrinkage=0.1


Tree=5
num_leaves=31
num_cat=0
split_feature=0 1 1 0 1 0 1 1 1 1 2 0 3 2 1 3 3 0 3 3 1 3 1 3 3 3 2 2 1 3
split_gain=19.62 8.85961 8.20631 3.87428 2.65151 2.45123 1.91418 1.29443 1.26448 0.798747 0.77225 0.705031 0.589229 0.583161 0.781248 0.457768 0.403372 0.402277 0.497086 0.352976 0.546019 0.517021 0.35111 0.341682 0.340859 0.318589 0.51292 0.309626 0.294273 0.471809
threshold=3.5000000000000004 4.8750000000000009 5.8850000000000007 1.5000000000000002 6.3050000000000006 1.5000000000000002 3.0800000000000005 3.8050000000000002 4.2150000000000007 7.3150000000000004 0.12500000000000003 5.5000000000000009 0.44485000000000002 0.18500000000000003 7.0850000000000009 0.45975000000000005 0.31945000000000007 5.5000000000000009 0.39110000000000006 0.36580000000000007 4.9350000000000014 0.12915000000000001 7.1150000000000011 0.10554999999999996 0.36315000000000003 0.34565000000000007 0.14500000000000005 0.15500000000000003 5.4050000000000011 0.32495000000000007
decision_type=2 2 2 2 2 2 2 2 2 2 2 2 2 2 2 2 2 2 2 2 2 2 2 2 2 2 2 2 2 2
left_child=2 6 3 8 11 22 -2 24 -1 16 -6 -3 28 14 -12 -14 -7 23 27 21 -21 -10 -4 -8 -5 26 -13 -19 -9 -30
right_child=1 4 5 7 10 9 17 12 19 -11 13 25 15 -15 -16 -17 -18 18 -20 20 -22 -23 -24 -25 -26 -27 -28 -29 29 -31
leaf_value=0.00032012842203441418 -0.022772214350439773 -0.0032925372115831068 0.020257521606803341 -0.016207365919170637 0.017543837985431309 0.0050739602387152817 0.00048282859580857417 -0.0027424777500659418 0.024149085581302646 0.025977798223856 0.0016281480505059985 -0.018667892336845401 0.018753605157136921 -0.012839229540391404 0.012290698692106226 0.0026476508627335232 0.011351268756461431 -0.030007202508436012 -0.0079985651694107467 0.0080015386294188164 0.02495909947732633 0.0092153992026862575 0.029563455159465474 -0.010985402565242518 -0.0051261281918572347 -0.013623134872137472 -0.0023513329259696463 -0.017001627303591563 0.007491997521684831 -0.0030771043151617051
leaf_weight=95 231 529 261 70 40 148 28 477 27 31 327 25 25 22 87 60 332 22 57 29 55 164 48 360 46 116 84 109 83 86
leaf_count=95 231 529 261 70 40 148 28 477 27 31 327 25 25 22 87 60 332 22 57 29 55 164 48 360 46 116 84 109 83 86
internal_value=7.90104e-12 -0.00693968 0.00693968 0.00172965 -0.00159777 0.0146721 -0.0150816 -0.0019995 0.0102664 0.0104205 0.00424577 -0.0052868 -0.000442213 0.00302576 0.00386883 0.0073847 0.00941577 -0.0119974 -0.0157939 0.0137023 0.0191047 0.0113264 0.0217031 -0.0101578 -0.0118131 -0.00997552 -0.00609366 -0.0191858 -0.00147207 0.00211364
internal_weight=4074 2037 2037 1217 1230 820 807 847 370 511 476 754 731 436 414 85 480 576 188 275 84 191 309 388 116 225 109 131 646 169
internal_count=4074 2037 2037 1217 1230 820 807 847 370 511 476 754 731 436 414 85 480 576 188 275 84 191 309 388 116 225 109 131 646 169
is_linear=0
shrinkage=0.1


Tree=6
num_leaves=31
num_cat=0
split_feature=0 1 1 0 1 0 1 1 1 1 2 0 3 2 1 3 3 0 3 3 2 3 3 1 1 3 2 1 3 2
split_gain=15.8922 7.17629 6.64711 3.13817 2.14772 1.98549 1.55049 1.04849 1.02423 0.646985 0.625522 0.571075 0.477276 0.47236 0.647189 0.402295 0.326731 0.325845 0.40264 0.290785 0.390792 0.286245 0.28591 0.442276 0.427284 0.437969 0.860869 0.285452 0.284592 0.394379
threshold=3.5000000000000004 4.8750000000000009 5.8850000000000007 1.5000000000000002 6.3050000000000006 1.5000000000000002 3.0800000000000005 3.8050000000000002 4.2150000000000007 7.3150000000000004 0.12500000000000003 5.5000000000000009 0.44485000000000002 0.18500000000000003 7.1350000000000007 0.53710000000000002 0.31945000000000007 5.5000000000000009 0.39110000000000006 0.33255000000000007 0.18500000000000003 0.3786000000000001 0.36580000000000007 4.9350000000000014 4.535000000000001 0.34985000000000005 0.15500000000000003 5.5750000000000011 0.37955 0.14500000000000005
decision_type=2 2 2 2 2 2 2 2 2 2 2 2 2 2 2 2 2 2 2 2 2 2 2 2 2 2 2 2 2 2
left_child=2 6 3 8 11 21 -2 -5 19 16 -6 28 -9 14 -12 -14 -7 -8 -19 -1 -21 -4 24 -24 -10 26 -26 -25 -3 -30
right_child=1 4 5 7 10 9 17 12 22 -11 13 -13 15 -15 -16 -17 -18 18 -20 20 -22 -23 23 27 25 -27 -28 -29 29 -31
leaf_value=0.0072149902380801538 -0.020494992215008962 -0.0046926029048421809 0.016886981003071098 -0.010631773858291001 0.015789454272016886 0.0045665643077243022 -0.0091420184886899115 -0.0013248626217707393 0.0200080297059483 0.023380018265977985 0.001729148197811463 -0.0089779715760507518 0.010711631175899317 -0.011555306579579008 0.012400592910981847 -0.0049956135790456433 0.010216142207451435 -0.017267192743775497 -0.0071987087822012741 -0.010314723607656118 0.0067648158719142279 0.023034018659053891 0.0072013842696645146 0.029537561429398403 0.021640855190885624 -0.0058960790559649465 0.0045009934181428476 0.015126803738099557 0.0092535544775034263 -0.0021438881434154827
leaf_weight=37 231 340 176 116 40 148 388 646 36 31 346 225 63 22 68 22 332 131 57 37 21 133 29 28 43 20 92 27 38 151
leaf_count=37 231 340 176 116 40 148 388 646 36 31 346 225 63 22 68 22 332 131 57 37 21 133 29 28 43 20 92 27 38 151
internal_value=6.42627e-11 -0.00624571 0.00624571 0.00155668 -0.00143799 0.0132049 -0.0135735 -0.00179955 0.00923974 0.00937846 0.00382119 -0.00475812 -0.000397992 0.00272319 0.00348195 0.00664623 0.00847419 -0.0107976 -0.0142145 0.000288116 -0.00413075 0.0195328 0.0123321 0.0171942 0.0101938 0.00791437 0.00996036 0.0224632 -0.00296328 0.000147661
internal_weight=4074 2037 2037 1217 1230 820 807 847 370 511 476 754 731 436 414 85 480 576 188 95 58 309 275 84 191 155 135 55 529 189
internal_count=4074 2037 2037 1217 1230 820 807 847 370 511 476 754 731 436 414 85 480 576 188 95 58 309 275 84 191 155 135 55 529 189
is_linear=0
shrinkage=0.1


Tree=7
num_leaves=31
num_cat=0
split_feature=0 1 1 0 1 0 1 1 1 2 3 1 1 1 1 0 0 1 3 3 3 2 1 3 3 3 3 3 1 2
split_gain=12.8727 5.81279 5.39064 2.54711 1.74291 1.60175 1.2559 0.972165 0.828742 0.54111 0.572135 0.520432 0.515526 0.50427 0.472168 0.441462 0.43414 0.516759 0.341129 0.408419 0.314499 0.346658 0.391424 0.311511 0.535342 0.568442 0.286885 0.375229 0.3409 0.280465
threshold=3.5000000000000004 4.8750000000000009 5.9350000000000014 1.5000000000000002 6.3450000000000006 1.5000000000000002 3.0800000000000005 4.6550000000000011 4.2150000000000007 0.13500000000000004 0.55905000000000016 7.1650000000000009 7.3150000000000004 4.5700000000000012 3.8050000000000002 5.5000000000000009 5.5000000000000009 6.6250000000000009 0.44485000000000002 0.42055000000000003 0.34565000000000007 0.14500000000000005 5.9750000000000005 0.22334999999999997 0.35280000000000006 0.4194 0.12915000000000001 0.36580000000000007 4.9350000000000014 0.13500000000000004
decision_type=2 2 2 2 2 2 2 2 2 2 2 2 2 2 2 2 2 2 2 2 2 2 2 2 2 2 2 2 2 2
left_child=2 6 3 8 15 -4 -2 13 -1 11 16 -6 29 14 -5 -3 23 -18 19 -9 21 -17 -23 -11 -25 -26 -10 -28 -29 -7
right_child=1 4 5 7 9 12 -8 18 26 10 -12 -13 -14 -15 -16 20 17 -19 -20 -21 -22 22 -24 24 25 -27 27 28 -30 -31
leaf_value=0.00025930399173184444 -0.018445492716449682 -0.0025719433665729553 0.017821191512048248 -0.0095685962812396986 0.0056610804311064793 0.012130611908029427 -0.0097178623971962627 0.0015250082758810025 0.02065926106380565 -0.0051895901638393605 -0.012875947475433351 0.020957900658249859 0.021042016028396546 -0.019848337396979332 -0.0018871105398780615 -0.013853472829968842 -0.011727112708123107 0.0032757381924652853 0.0083196212322666097 -0.0094996170619049605 -0.011319620753250395 -0.0046996464723577866 0.011004217199626423 0.013448402721661371 -0.0031730001832275139 0.012269633635878564 0.007250944346454017 0.0064812460336191903 0.019760093221376684 0.006347702310579531
leaf_weight=95 231 558 300 116 86 110 576 366 28 24 25 30 31 22 258 27 38 58 65 37 120 65 21 74 67 37 169 29 58 353
leaf_count=95 231 558 300 116 86 110 576 366 28 24 25 30 31 22 258 27 38 58 65 37 120 65 21 74 67 37 169 29 58 353
internal_value=3.61519e-11 -0.00562114 0.00562114 0.00150965 -0.0012942 0.0120576 -0.0122161 -0.00148849 0.00834444 0.0037587 0.00165474 0.00961715 0.00855751 -0.00513509 -0.0042696 -0.00409852 0.00287376 -0.00266289 0.0015971 0.000512822 -0.00775445 -0.00396843 -0.000864982 0.00550503 0.00694701 0.00232101 0.011049 0.00999786 0.0153338 0.00772161
internal_weight=4074 2037 2037 1243 1230 794 807 864 379 439 323 116 494 396 374 791 298 96 468 403 233 113 86 202 178 104 284 256 87 463
internal_count=4074 2037 2037 1243 1230 794 807 864 379 439 323 116 494 396 374 791 298 96 468 403 233 113 86 202 178 104 284 256 87 463
is_linear=0
shrinkage=0.1


Tree=8
num_leaves=31
num_cat=0
split_feature=0 1 1 0 1 0 2 1 1 0 1 1 1 0 1 1 1 1 3 1 1 3 3 3 2 3 1 1 0 3
split_gain=10.4269 4.75783 4.36642 2.06316 1.85592 1.29742 1.27358 0.7934 0.787453 0.713204 0.671281 0.523605 0.643993 0.4779 0.417576 0.408459 0.387527 0.382456 0.322935 0.282589 0.845662 0.27772 0.276314 0.330819 0.275652 0.381247 0.445636 1.27163 0.40927 0.348719
threshold=3.5000000000000004 5.9650000000000007 5.9350000000000014 1.5000000000000002 3.0800000000000005 1.5000000000000002 1.9850000000000003 7.3850000000000007 4.6550000000000011 4.5000000000000009 4.2150000000000007 6.035000000000001 6.2350000000000012 5.5000000000000009 7.3150000000000004 4.5700000000000012 3.8050000000000002 3.8050000000000002 0.42810000000000004 6.245000000000001 6.3650000000000011 0.36020000000000002 0.44485000000000002 0.42055000000000003 0.14500000000000005 0.10554999999999996 5.6150000000000011 5.6850000000000014 4.5000000000000009 0.23304999999999998
decision_type=2 2 2 2 2 2 2 2 2 2 2 2 2 2 2 2 2 2 2 2 2 2 2 2 2 2 2 2 2 2
left_child=2 4 3 10 -2 -4 7 9 15 19 -1 -11 -13 24 -7 17 -15 21 -18 -3 -21 -5 23 -10 -6 28 29 -28 -26 -27
right_child=1 6 5 8 13 14 -8 -9 22 11 -12 12 -14 16 -16 -17 18 -19 -20 20 -22 -23 -24 -25 25 26 27 -29 -30 -31
leaf_value=0.00023337396351914659 -0.016600943537372532 0.014311524863178667 0.016039072262744109 -0.012722671201781317 -0.011098982947697114 0.0069494504248220519 -0.022360073207389742 0.016125616235885678 0.0013725071667077763 0.014170038852501999 0.0099440823396844923 -0.0099081087091594539 0.0004331923902420134 -0.020927748302447386 0.018937814235687259 -0.017863504038276998 -0.01022562190447155 -0.0016983993488631046 -0.0014739324843976648 -0.0089875989800526045 0.0081600969862453392 -0.0027879132811600964 0.0074876591430690425 -0.0085496554704936785 0.013036161568015814 -0.016416810003711896 0.019219015538692475 -0.0056574370365503231 -0.0050729662394867498 -0.0059623117324928525
leaf_weight=95 231 37 300 68 77 463 21 41 366 22 284 76 290 29 31 22 269 258 50 36 143 48 65 37 24 34 27 86 26 518
leaf_count=95 231 37 300 68 77 463 21 41 366 22 284 76 290 29 31 22 269 258 50 36 143 48 65 37 24 34 27 86 26 518
internal_value=3.52361e-11 -0.00505902 0.00505902 0.00135868 -0.00842745 0.0108519 0.00187508 0.00266414 -0.00133964 0.00175036 0.00751 -0.00081353 -0.00171418 -0.00677125 0.00770176 -0.00462158 -0.00986004 -0.00384264 -0.00885388 0.00635586 0.0047114 -0.00861174 0.00143739 0.000461539 -0.00541405 -0.00480182 -0.005435 0.000286494 0.00361942 -0.00660625
internal_weight=4074 2037 2037 1243 1371 794 666 645 864 604 379 388 366 1140 494 396 348 374 319 216 179 116 468 403 792 715 665 113 50 552
internal_count=4074 2037 2037 1243 1371 794 666 645 864 604 379 388 366 1140 494 396 348 374 319 216 179 116 468 403 792 715 665 113 50 552
is_linear=0
shrinkage=0.1


Tree=9
num_leaves=31
num_cat=0
split_feature=0 1 1 0 1 0 1 1 1 3 2 0 1 1 1 2 1 3 3 3 1 3 3 1 3 1 3 2 3 1
split_gain=8.44578 3.9153 3.5368 1.67116 1.13049 1.05091 0.801084 0.637837 0.611448 0.446872 0.417854 0.378956 0.338237 0.330852 0.315023 0.306076 0.324849 0.325243 0.293776 0.40336 0.360535 0.683476 0.496727 0.372578 0.273994 0.353971 0.264233 0.370951 0.300465 0.317979
threshold=3.5000000000000004 4.8750000000000009 5.9350000000000014 1.5000000000000002 6.3050000000000006 1.5000000000000002 3.0800000000000005 4.6550000000000011 3.3850000000000002 0.12915000000000001 0.12500000000000003 4.5000000000000009 7.3150000000000004 4.5700000000000012 4.5150000000000006 0.15500000000000003 5.7150000000000007 0.36685000000000006 0.23304999999999998 0.29695000000000005 4.9850000000000012 0.34395000000000003 0.33465000000000006 5.5750000000000011 0.22334999999999997 4.955000000000001 0.35200000000000004 0.16500000000000004 0.31945000000000007 6.8150000000000004
decision_type=2 2 2 2 2 2 2 2 2 2 2 2 2 2 2 2 2 2 2 2 2 2 2 2 2 2 2 2 2 2
left_child=2 6 3 8 11 -4 -2 13 -1 -10 -6 -3 -7 14 -5 16 17 -11 -17 -20 22 -22 -21 -23 -13 -26 28 -28 29 -12
right_child=1 4 5 7 10 12 -8 -9 9 15 26 24 -14 -15 -16 18 -18 -19 19 20 21 23 -24 -25 25 -27 27 -29 -30 -31
leaf_value=-0.0098251078810010634 -0.014940849688404052 -0.00046042793740828832 0.014435165012876193 -0.0041482189096678787 0.012595532420091333 0.0062545055938574351 -0.0079704373694135539 0.0012936504172196296 0.019008554494939746 0.0034246244343618553 -0.00080208737957984839 -0.012041918619298469 0.017044033422585456 -0.016077153532850472 0.0087517908215522782 -0.0065320933148974476 0.022867114394903184 0.018042639270424845 0.018690425326878375 0.010812967699021101 -0.0025964175318849499 0.023748838876684508 -0.0034434832207122703 0.006128352899104357 0.0087014548759907478 -0.0049250931449289406 0.0016256772135429592 -0.0083065319725352787 0.012005406414920634 0.009344504467900033
leaf_weight=21 231 276 300 354 40 463 576 468 32 45 94 51 31 22 20 21 20 23 22 35 29 30 81 20 20 407 206 46 44 46
leaf_count=21 231 276 300 354 40 463 576 468 32 45 94 51 31 22 20 21 20 23 22 35 29 30 81 20 20 407 206 46 44 46
internal_value=2.81466e-12 -0.00455312 0.00455312 0.00122281 -0.00100195 0.00976669 -0.00996569 -0.00120567 0.006759 0.00773181 0.00281365 -0.00341074 0.00693158 -0.00415942 -0.00345838 0.00662489 0.011664 0.00836895 0.00476169 0.00585464 0.0044065 0.00961691 0.000858032 0.0167006 -0.00511427 -0.00428685 0.00191623 -0.000187345 0.00479722 0.00253179
internal_weight=4074 2037 2037 1243 1230 794 807 864 379 358 476 754 494 396 374 326 88 68 238 217 195 79 116 50 478 427 436 252 184 140
internal_count=4074 2037 2037 1243 1230 794 807 864 379 358 476 754 494 396 374 326 88 68 238 217 195 79 116 50 478 427 436 252 184 140
is_linear=0
shrinkage=0.1


Tree=10
num_leaves=31
num_cat=0
split_feature=0 1 1 0 1 2 0 1 0 1 1 1 1 3 0 3 2 2 3 3 1 3 1 1 1 3 3 2 1 1
split_gain=6.84108 3.20753 2.86481 1.35364 1.20399 0.958816 0.851237 0.58043 0.539958 0.523502 0.495273 0.455334 0.464829 0.361966 0.361904 0.31695 0.369092 0.344507 0.296459 0.315168 0.294777 0.32594 0.261458 0.260832 0.292021 0.256549 0.490961 0.247921 0.263128 0.283904
threshold=3.5000000000000004 5.9650000000000007 5.9350000000000014 1.5000000000000002 3.0800000000000005 1.9850000000000003 1.5000000000000002 7.4400000000000004 4.5000000000000009 3.8050000000000002 3.3850000000000002 6.035000000000001 6.1950000000000012 0.12915000000000001 5.5000000000000009 0.39110000000000006 0.18500000000000003 0.16500000000000004 0.44369999999999993 0.53710000000000002 6.3350000000000009 0.21824999999999997 7.1150000000000011 6.7150000000000007 6.955000000000001 0.28735000000000005 0.30445000000000005 0.15500000000000003 5.7150000000000007 5.205000000000001
decision_type=2 2 2 2 2 2 2 2 2 2 2 2 2 2 2 2 2 2 2 2 2 2 2 2 2 2 2 2 2 2
left_child=2 4 3 10 -2 7 22 8 -3 -5 -1 -10 -13 -12 -6 -16 17 -17 -11 -20 -8 -22 23 -4 -25 -23 -27 28 29 -15
right_child=1 5 6 9 14 -7 20 -9 11 18 13 12 -14 27 15 16 -18 -19 19 -21 21 25 -24 24 -26 26 -28 -29 -30 -31
leaf_value=-0.0088425968906709132 -0.013446764233501961 0.0055119411709009282 0.013560681185000157 -0.0073357410997890969 -0.0043484979572546009 -0.019432545772620612 0.0027733013596067707 0.014440571687914232 0.013277893547307363 -0.00090233245375098367 0.017107698845211416 -0.0095044197667329047 5.5496705075105036e-05 0.012151495859854752 -0.010214817322249917 -0.0011312522556787977 0.0078728258694437427 -0.014072228259303505 0.0078708683031528635 -0.0056625360199673612 -0.0030167181193828585 0.019808454876765608 0.019755903872040414 0.00042364299297332765 0.014252603283295265 -0.006624165944577683 0.0092625600324633232 0.0042855251992332654 0.020580403059720993 -0.0015059727810971116
leaf_weight=21 231 219 189 116 792 21 164 37 22 647 32 61 306 45 242 48 22 36 79 22 25 20 48 37 26 21 264 238 20 23
leaf_count=21 231 219 189 116 792 21 164 37 22 647 32 61 306 45 242 48 22 36 79 22 25 20 48 37 26 21 264 238 20 23
internal_value=2.0952e-11 -0.00409781 0.00409781 0.00110053 -0.00686353 0.00159558 0.00879002 0.00228022 0.0015402 -0.00108511 0.0060831 -0.00069582 -0.00153348 0.00695863 -0.00552956 -0.00821748 -0.00365753 -0.00667738 -0.000115757 0.004923 0.00623842 0.00796048 0.0129916 0.0117032 0.00613083 0.00886025 0.00809196 0.0059624 0.0104976 0.00753206
internal_weight=4074 2037 2037 1243 1371 666 794 645 608 864 379 389 367 358 1140 348 106 84 748 101 494 330 300 252 63 305 285 326 88 68
internal_count=4074 2037 2037 1243 1371 666 794 645 608 864 379 389 367 358 1140 348 106 84 748 101 494 330 300 252 63 305 285 326 88 68
is_linear=0
shrinkage=0.1


Tree=11
num_leaves=31
num_cat=0
split_feature=0 1 1 0 1 0 1 1 2 1 3 3 1 0 1 1 3 3 0 3 1 1 2 3 2 3 1 1 2 3
split_gain=5.59395 3.28001 1.81573 1.68146 0.870528 0.789439 0.53261 0.438154 0.318063 0.3172 0.305942 0.388531 0.27463 0.270609 0.28541 0.439076 0.260885 0.257563 0.256835 0.249764 0.495449 0.705209 0.439576 0.294099 0.248071 0.309669 0.27477 0.604903 0.352741 0.397056
threshold=4.5000000000000009 5.9650000000000007 3.8050000000000002 1.5000000000000002 6.2350000000000012 1.5000000000000002 2.6000000000000001 4.2550000000000008 0.13500000000000004 7.3850000000000007 0.15254999999999999 0.44369999999999993 6.0550000000000006 2.5000000000000004 6.8150000000000004 6.495000000000001 0.3786000000000001 0.43390000000000001 5.5000000000000009 0.32340000000000008 6.1250000000000009 6.3150000000000004 0.18500000000000003 0.33255000000000007 0.13500000000000004 0.52785000000000004 5.8850000000000007 6.0250000000000012 0.18500000000000003 0.3695
decision_type=2 2 2 2 2 2 2 2 2 2 2 2 2 2 2 2 2 2 2 2 2 2 2 2 2 2 2 2 2 2
left_child=1 3 18 7 24 12 -5 -1 13 -6 -8 17 -3 -7 15 -15 -14 -12 -2 20 -10 -22 23 -21 -4 26 28 -28 -26 -30
right_child=2 5 4 6 9 8 10 -9 19 -11 11 -13 16 14 -16 -17 -18 -19 -20 22 21 -23 -24 -25 25 -27 27 -29 29 -31
leaf_value=-2.0186426212089232e-06 -0.0091364429256803291 0.00126721632356445 -0.012403680214218026 -0.011130111362656644 -8.7128529882654041e-05 0.014973862043072312 0.0035182871532200254 0.007709770446106429 0.015797230657190086 0.010875000162371274 -0.002336047212464588 0.0026260542198123333 0.0096236530087284149 0.0089602640632345069 0.011882215053940725 -0.0066521709304182761 0.01589802247316887 -0.012825515171668182 -0.015499776239330704 0.017125362393562684 -0.01497780479940361 0.0023440691514781888 -0.0088014657911844561 0.0056479174757987499 -0.0064459369408525133 -0.01478115173134332 0.01104616688830512 -0.0052600084391171836 -0.0048312852278581597 0.0069110384927151478
leaf_weight=99 111 24 46 58 294 53 118 288 20 29 950 167 148 43 56 31 120 24 148 24 29 124 20 320 477 30 35 65 77 46
leaf_count=99 111 24 46 58 294 53 118 288 20 29 950 167 148 43 56 31 120 24 148 24 29 124 20 320 477 30 35 65 77 46
internal_value=-1.05228e-11 0.0026202 -0.00524039 -5.79112e-05 -0.00346528 0.00712958 -0.00176074 0.00573699 0.00535091 0.000897087 -0.00132911 -0.00183042 0.0115153 0.00895133 0.00649599 0.00241992 0.0124331 -0.00259451 -0.0127726 0.00412396 0.000995681 -0.000939162 0.00561075 0.00644867 -0.00528106 -0.00483224 -0.00440585 0.000447153 -0.00521469 -0.000439847
internal_weight=4074 2716 1358 1704 1099 1012 1317 387 720 323 1259 1141 292 183 130 74 268 974 259 537 173 153 364 344 776 730 700 100 600 123
internal_count=4074 2716 1358 1704 1099 1012 1317 387 720 323 1259 1141 292 183 130 74 268 974 259 537 173 153 364 344 776 730 700 100 600 123
is_linear=0
shrinkage=0.1


Tree=12
num_leaves=31
num_cat=0
split_feature=0 1 1 0 2 0 3 1 1 0 2 1 1 3 3 0 1 3 2 2 3 3 1 1 1 1 1 3 3 1
split_gain=4.56582 2.3016 1.86883 0.862992 0.66849 0.561872 0.54846 0.530322 0.455676 0.432409 0.488319 0.367863 0.349676 0.348515 0.898316 0.755439 0.774714 0.406454 0.418441 0.326159 0.291558 0.290149 0.276458 0.253331 0.653165 0.249777 0.245196 0.240571 0.639095 0.493446
threshold=3.5000000000000004 4.8750000000000009 5.9350000000000014 1.5000000000000002 0.16500000000000004 1.5000000000000002 0.35640000000000005 7.0850000000000009 4.6550000000000011 5.5000000000000009 0.13500000000000004 3.3850000000000002 3.8050000000000002 0.31285000000000002 0.29830000000000007 5.5000000000000009 6.2550000000000008 0.23715000000000003 0.14500000000000005 0.15500000000000003 0.1716 0.12915000000000001 4.5700000000000012 5.1250000000000009 5.3650000000000011 4.5150000000000006 7.4850000000000003 0.41360000000000002 0.4647 4.2150000000000007
decision_type=2 2 2 2 2 2 2 2 2 2 2 2 2 2 2 2 2 2 2 2 2 2 2 2 2 2 2 2 2 2
left_child=2 9 3 11 7 -4 -6 13 22 10 -2 -1 -11 14 17 16 -16 18 -3 -12 -20 -13 25 -8 -25 27 -7 -5 29 -29
right_child=1 4 5 8 6 26 23 -9 -10 12 19 21 -14 -15 15 -17 -18 -19 20 -21 -22 -23 -24 24 -26 -27 -28 28 -30 -31
leaf_value=-0.0079581354345594126 -0.02099367441609502 -0.013523790485536058 0.010551099209735793 -0.0046284323842389445 -0.00014562446716628229 0.0045950473137800416 -0.017128660071354645 0.0077256655874662107 0.001294242669072034 -0.013949798213670385 0.0026851243824146842 0.014746448467485608 -0.0071956151627800757 0.0014819334684735509 -0.015910463614596259 -0.025615081887830189 0.0096989588368506657 0.0057057648608139881 0.0059839328471571213 -0.0059247869060951742 -0.0081459496008313217 0.0047678717500615891 -0.014208951014072888 0.0083729982227087035 -0.0091939238493965163 0.008198430519551039 0.015637870416754768 0.017111278963940487 -0.011227918773889543 -0.0031669084869679954
leaf_weight=21 20 30 300 280 171 473 26 100 468 148 49 32 159 515 27 27 21 87 40 431 23 326 22 25 138 20 21 28 25 21
leaf_count=21 20 30 300 280 171 473 26 100 468 148 49 32 159 515 27 27 21 87 40 431 23 326 22 25 138 20 21 28 25 21
internal_value=2.37817e-11 -0.00334772 0.00334772 0.000926887 -0.000624996 0.00713751 -0.00424912 0.000874643 -0.000818254 -0.00749759 -0.00568377 0.00490526 -0.0104517 -1.51007e-05 -0.00303852 -0.0122335 -0.00470634 0.000792713 -0.00380337 -0.00504586 0.000825404 0.00565981 -0.00331484 -0.00796181 -0.00649961 -0.00267401 0.00506448 -0.00328827 0.0017826 0.00842063
internal_weight=4074 2037 2037 1243 1230 794 360 870 864 807 500 379 307 770 255 75 48 180 93 480 63 358 396 189 163 374 494 354 74 49
internal_count=4074 2037 2037 1243 1230 794 360 870 864 807 500 379 307 770 255 75 48 180 93 480 63 358 396 189 163 374 494 354 74 49
is_linear=0
shrinkage=0.1


Tree=13
num_leaves=31
num_cat=0
split_feature=0 1 1 0 1 0 1 1 3 3 1 3 2 1 1 0 1 1 3 1 1 3 1 1 2 3 2 3 3 2
split_gain=3.77065 2.18964 1.1816 1.10516 0.597417 0.495063 0.413513 0.32204 0.254792 0.268027 0.293315 0.244537 0.243606 0.230458 0.22245 0.213994 0.221322 0.363992 0.211317 0.229633 0.279596 0.209995 0.403583 0.565733 0.332585 0.237076 0.235276 0.280273 0.207113 0.201997
threshold=4.5000000000000009 5.9650000000000007 3.8050000000000002 1.5000000000000002 6.2350000000000012 1.5000000000000002 2.1550000000000007 4.2550000000000008 0.44770000000000004 0.15254999999999999 4.0150000000000006 0.4647 0.13500000000000004 7.3850000000000007 6.0550000000000006 2.5000000000000004 6.8150000000000004 6.495000000000001 0.3786000000000001 6.5850000000000009 7.0550000000000006 0.32340000000000008 6.1250000000000009 6.3150000000000004 0.18500000000000003 0.33255000000000007 0.15500000000000003 0.29830000000000007 0.4865000000000001 0.13500000000000004
decision_type=2 2 2 2 2 2 2 2 2 2 2 2 2 2 2 2 2 2 2 2 2 2 2 2 2 2 2 2 2 2
left_child=1 3 -2 7 29 14 -5 -1 9 10 -8 -10 15 -6 -3 -7 17 -17 19 -16 -21 22 -14 -24 25 -23 -25 -28 -13 -4
right_child=2 5 4 6 13 12 8 -9 11 -11 -12 28 21 -15 18 16 -18 -19 -20 20 -22 24 23 26 -26 -27 27 -29 -30 -31
leaf_value=-0.00025905550015394138 -0.01037865657985038 8.5384647051493326e-05 -0.010801883098547875 -0.012141573423785823 -9.5512331653462387e-05 0.012933628943766345 -0.008021910222513336 0.0063523924967739736 0.0086339510259373746 -0.0021775524619500621 0.0049453954709675714 -0.0091458685463294397 0.013843870114069432 0.0092483070903810957 0.011598775762911529 0.0077601233042430056 0.010137670708562448 -0.0064548628784963985 0.013253110840839025 -0.0012652249303128985 0.011197958942502736 0.015031351661309601 -0.013835363366223617 -0.0018415618219102424 -0.0078195836022496214 0.0047264944259768531 -0.0013101372529159894 0.013895174019314624 0.0022037613080678193 -0.00396965215052797
leaf_weight=99 259 24 46 35 294 53 21 288 48 1008 103 20 20 29 73 43 56 31 120 45 30 24 29 75 20 320 22 27 82 730
leaf_count=99 259 24 46 35 294 53 21 288 48 1008 103 20 20 29 73 43 56 31 120 45 30 24 29 75 20 320 22 27 82 730
internal_value=2.41053e-11 0.00215121 -0.00430242 -3.69419e-05 -0.00287044 0.00583561 -0.00141746 0.00466109 -0.00112468 -0.00163786 0.00274932 0.00274814 0.00442708 0.000743406 0.00930869 0.00757801 0.00539457 0.0018052 0.0101347 0.00760618 0.00372005 0.0033533 0.000484864 -0.00126141 0.00471659 0.00544544 0.00167927 0.0070683 -2.16563e-05 -0.00437466
internal_weight=4074 2716 1358 1704 1099 1012 1317 387 1282 1132 124 150 720 323 292 183 130 74 268 148 75 537 173 153 364 344 124 49 102 776
internal_count=4074 2716 1358 1704 1099 1012 1317 387 1282 1132 124 150 720 323 292 183 130 74 268 148 75 537 173 153 364 344 124 49 102 776
is_linear=0
shrinkage=0.1


Tree=14
num_leaves=31
num_cat=0
split_feature=1 0 0 0 1 2 3 3 3 3 3 3 3 2 3 2 3 3 3 3 3 3 3 1 1 1 3 1 3 0
split_gain=3.1228 1.57566 1.11417 0.7552 0.748655 0.535845 0.463232 0.456218 0.428831 0.416406 0.548316 0.404814 0.498027 0.572518 0.398763 0.854917 0.510062 0.406368 0.390712 0.478823 0.36497 0.348909 0.458525 0.343404 0.328578 0.598001 0.393471 1.29311 0.908027 0.46798
threshold=4.8750000000000009 1.5000000000000002 3.5000000000000004 5.5000000000000009 6.3350000000000009 0.18500000000000003 0.68725000000000014 0.28920000000000007 0.37755000000000005 0.3786000000000001 0.38314999999999999 0.12130000000000001 0.29830000000000007 0.20500000000000004 0.35605000000000003 0.17500000000000002 0.34859999999999997 0.30620000000000008 0.21824999999999997 0.26600000000000007 0.22334999999999997 0.31285000000000002 0.30385000000000006 7.4400000000000004 4.7950000000000008 4.7350000000000012 0.34395000000000003 4.0650000000000004 0.35310000000000002 1.5000000000000002
decision_type=2 2 2 2 2 2 2 2 2 2 2 2 2 2 2 2 2 2 2 2 2 2 2 2 2 2 2 2 2 2
left_child=2 5 11 4 6 8 9 20 -2 14 -11 -1 -13 24 16 -16 17 -3 -6 -20 -5 22 -9 -21 25 26 27 29 -28 -14
right_child=1 3 -4 7 18 -7 -8 21 -10 10 -12 12 13 -15 15 -17 -18 -19 19 23 -22 -23 -24 -25 -26 -27 28 -29 -30 -31
leaf_value=0.0066032379163780078 0.0056597507399457851 0.0016490518585323439 -0.0061811910697320751 -0.0029283116380564682 -0.0040063000405207282 -0.0055360423280827464 -0.014524156209968386 -0.003542822338985624 0.011959918890276859 0.017455053545534612 0.0021313614648698414 -0.007630941680529052 0.0042853884568268604 0.013501948248273854 -0.011004239262944214 0.010288126021623612 0.010826451531270655 -0.0038448477336088145 0.019344770778780399 0.0038238554086605474 0.011034589193554389 -0.0033941953713680067 -0.02253957107604947 0.0121375844407488 -0.012134229376912118 0.014997164672240616 -0.017966538541824433 0.012541196774691343 -0.0011318872561951064 -0.013955041321997458
leaf_weight=69 285 310 807 39 50 31 21 27 174 25 354 108 22 29 88 24 41 238 23 514 36 246 24 55 25 24 37 70 239 39
leaf_count=69 285 310 807 39 50 31 21 27 174 25 354 108 22 29 88 24 41 238 23 514 36 246 24 55 25 24 37 70 239 39
internal_value=-1.13245e-11 0.00207907 -0.00368684 0.000895289 0.00176826 0.00718865 0.000185676 -0.00319499 0.00804805 0.000471701 0.00314216 -0.000646152 -0.00148967 -0.000122133 -0.000972099 -0.00644159 6.79403e-05 -0.000736985 0.00448231 0.00519925 0.00377388 -0.00495481 -0.0124825 0.00462747 -0.000988577 -0.000342077 -0.0012466 0.00326653 -0.00338871 -0.00737653
internal_weight=4074 2605 1469 2115 1743 490 1101 372 459 1080 379 662 593 485 701 112 589 548 642 592 75 297 51 569 456 431 407 131 276 61
internal_count=4074 2605 1469 2115 1743 490 1101 372 459 1080 379 662 593 485 701 112 589 548 642 592 75 297 51 569 456 431 407 131 276 61
is_linear=0
shrinkage=0.1


Tree=15
num_leaves=31
num_cat=0
split_feature=0 1 1 0 1 1 1 2 0 1 3 1 1 3 2 1 3 3 2 3 1 2 3 1 3 3 3 1 3 3
split_gain=2.57794 1.44873 0.853841 0.749696 0.410184 0.405607 0.370487 0.334277 0.317119 0.308733 0.290518 0.496254 0.269074 0.228886 0.225073 0.281993 0.269212 0.248946 0.224819 0.379413 0.249398 0.239536 0.223705 0.222163 0.205286 0.356263 0.283169 0.382958 0.5195 0.24238
threshold=4.5000000000000009 5.9650000000000007 3.8050000000000002 1.5000000000000002 5.9150000000000009 6.0250000000000012 6.1950000000000012 0.18500000000000003 1.5000000000000002 2.1550000000000007 0.3695 4.1650000000000009 3.3850000000000002 0.12915000000000001 0.15500000000000003 5.7150000000000007 0.36685000000000006 0.33615000000000006 0.12500000000000003 0.38860000000000006 6.4000000000000012 0.13500000000000004 0.40225000000000005 6.2950000000000008 0.23304999999999998 0.29695000000000005 0.31355000000000005 5.0050000000000008 0.33465000000000006 0.34395000000000003
decision_type=2 2 2 2 2 2 2 2 2 2 2 2 2 2 2 2 2 2 2 2 2 2 2 2 2 2 2 2 2 2
left_child=1 3 -2 12 7 -6 -7 -4 -3 -5 11 -9 -1 -14 15 16 17 -15 -8 20 23 -22 -21 -20 -16 -26 -27 28 -28 -29
right_child=2 8 4 9 5 6 18 10 -10 -11 -12 -13 13 14 24 -17 -18 -19 19 22 21 -23 -24 -25 25 26 27 29 -30 -31
leaf_value=-0.007139773276590166 -0.008722671494966654 0.0075553240037638031 -0.0050284349546715059 -0.010404498738768911 0.0103418587573937 -0.007497148346155883 0.0092488429612583578 -0.015058524052922927 0.0036483212786050795 -0.0008851628812765862 0.0067212547726777138 0.0022736833887701891 0.012443823772341465 0.0067856532335281369 -0.0071019668132066734 0.017239566581944626 0.013432441149716793 -0.008182707168161869 -0.00014432500116527081 -0.013182904881735645 0.0092514115075270336 -0.0018122425830026845 -0.0024524710318027977 0.013067677736814534 0.015100800144401464 -0.0092922412435568515 0.012142716348171234 -0.0005706572532653808 -0.0045848621237205298 0.01245492509752512
leaf_weight=21 259 292 530 35 35 70 27 24 720 1282 49 53 33 25 22 24 23 20 20 24 24 106 102 35 22 21 24 20 82 50
leaf_count=21 259 292 530 35 35 70 27 24 720 1282 49 53 33 25 22 24 23 20 20 24 24 106 102 35 22 21 24 20 82 50
internal_value=3.65234e-11 0.00177873 -0.00355747 -1.11826e-06 -0.00234019 1.0745e-05 -0.000875502 -0.00392779 0.00477564 -0.00113814 0.000701922 -0.00312856 0.0038683 0.00449991 0.00371267 0.00792047 0.00463137 0.000133049 0.000495844 -0.000264062 0.00261848 0.000230278 -0.00449636 0.00826331 0.00210638 0.00303142 0.00168357 0.00299318 -0.000797486 0.00873333
internal_weight=4074 2716 1358 1704 1099 443 408 656 1012 1317 126 77 387 366 333 92 68 45 338 311 185 130 126 55 241 219 197 176 106 70
internal_count=4074 2716 1358 1704 1099 443 408 656 1012 1317 126 77 387 366 333 92 68 45 338 311 185 130 126 55 241 219 197 176 106 70
is_linear=0
shrinkage=0.1


Tree=16
num_leaves=31
num_cat=0
split_feature=0 1 1 1 2 1 3 1 1 3 0 2 1 0 2 1 2 3 3 2 1 0 3 1 1 3 1 3 3 2
split_gain=2.1124 1.04799 0.848352 0.5544 0.515827 0.409614 0.322983 0.306815 0.286209 0.40293 0.279173 0.363849 0.272337 0.349483 0.321921 0.321604 0.247756 0.246536 0.386165 0.239092 0.235944 0.393529 0.256164 0.454697 0.276171 0.226796 0.217854 0.215218 0.339758 0.433502
threshold=3.5000000000000004 4.8750000000000009 4.6550000000000011 6.955000000000001 1.9850000000000003 7.0850000000000009 0.29185000000000005 4.6050000000000013 4.4900000000000011 0.33090000000000003 5.5000000000000009 0.13500000000000004 6.8950000000000005 1.5000000000000002 0.18500000000000003 5.1400000000000015 0.15500000000000003 0.33255000000000007 0.28610000000000008 0.12500000000000003 2.3550000000000004 1.5000000000000002 0.32980000000000004 3.8050000000000002 4.1350000000000007 0.42135000000000006 3.9100000000000006 0.41360000000000002 0.45975000000000005 0.17500000000000002
decision_type=2 2 2 2 2 2 2 2 2 2 2 2 2 2 2 2 2 2 2 2 2 2 2 2 2 2 2 2 2 2
left_child=2 10 7 12 5 -3 -5 8 20 -10 11 -2 13 14 19 -16 -13 18 26 -4 -1 22 -22 -24 -25 -7 -12 -23 29 -29
right_child=1 4 3 6 -6 25 -8 -9 9 -11 17 16 -14 -15 15 -17 -18 -19 -20 -21 21 27 23 24 -26 -27 -28 28 -30 -31
leaf_value=-0.010801977723836899 -0.016835345271974802 -0.00072265939015057033 -0.0032194763394072651 -0.0018998757431594035 -0.015978113183241695 0.0032102538614223403 0.010606096390826703 -0.011890882577747107 -0.0015392282294730347 0.015650370880961419 -0.011305123324004504 0.003668745293529058 -0.0060100625707384427 0.0018721861040779119 0.0055752078692118331 -0.012143322229385377 -0.0038353134504019171 -0.0052882165811264648 -0.016561436500461376 0.0068866554302234291 0.0092099086548430176 -0.0040114404510809337 0.012495385802217894 -0.011951717927500055 0.0026343763470649722 0.014208341456949712 0.0016401360241266396 -0.0013030454373130433 -0.0078982816162434504 0.018279675757512451
leaf_weight=25 20 1109 25 24 21 75 148 25 30 25 26 49 34 844 21 20 431 194 61 368 53 254 21 27 25 25 26 26 22 20
leaf_count=25 20 1109 25 24 21 75 148 25 30 25 26 49 34 844 21 20 431 194 61 368 53 254 21 27 25 25 26 26 22 20
internal_value=2.12171e-12 -0.00227708 0.00227708 0.00352285 -0.000439831 -0.000169935 0.00886108 -0.00106601 -0.000553465 0.00627423 -0.00507734 -0.00361992 0.00282302 0.00305801 0.00536409 -0.00306798 -0.00306927 -0.00745098 -0.011164 0.00624377 -0.00134738 -0.000819782 0.00391818 7.62483e-05 -0.00493917 0.00595978 -0.00483249 -0.00267377 0.00232283 0.00721118
internal_weight=4074 2037 2037 1484 1230 1209 172 553 528 55 807 500 1312 1278 434 41 480 307 113 393 473 448 126 73 52 100 52 322 68 46
internal_count=4074 2037 2037 1484 1230 1209 172 553 528 55 807 500 1312 1278 434 41 480 307 113 393 473 448 126 73 52 100 52 322 68 46
is_linear=0
shrinkage=0.1


Tree=17
num_leaves=31
num_cat=0
split_feature=0 1 1 1 0 1 1 1 2 3 1 0 3 3 1 1 1 1 1 2 3 3 3 1 3 2 3 0 3 3
split_gain=1.74283 1.03079 0.576235 0.547235 0.536659 0.331838 0.286389 0.28276 0.281945 0.249217 0.296909 0.237759 0.210983 0.351465 0.291231 0.264296 0.349155 0.199989 0.243475 0.239253 0.212279 0.203899 0.465396 0.285924 0.185674 0.177309 0.307782 0.229705 0.261486 0.635721
threshold=4.5000000000000009 6.035000000000001 5.9150000000000009 2.3550000000000004 1.5000000000000002 6.0250000000000012 6.1950000000000012 3.8050000000000002 0.18500000000000003 0.34859999999999997 4.1850000000000014 1.5000000000000002 0.32340000000000008 0.35280000000000006 6.8750000000000009 6.245000000000001 6.3350000000000009 5.7000000000000011 5.535000000000001 0.15500000000000003 0.45975000000000005 0.34000000000000002 0.32980000000000004 4.205000000000001 0.40225000000000005 0.12500000000000003 0.38860000000000006 5.5000000000000009 0.28920000000000007 0.31945000000000007
decision_type=2 2 2 2 2 2 2 2 2 2 2 2 2 2 2 2 2 2 2 2 2 2 2 2 2 2 2 2 2 2
left_child=1 3 7 -1 -5 -4 -7 -2 17 10 -10 -3 14 -14 15 -13 -17 18 20 -19 21 22 -9 -23 -25 -8 27 -27 -29 -30
right_child=2 11 5 4 -6 6 25 8 9 -11 -12 12 13 -15 -16 16 -18 19 -20 -21 -22 23 -24 24 -26 26 -28 28 29 -31
leaf_value=-0.010176421879042014 -0.0071560455452017923 0.006613120737465044 0.0093799385854176128 0.0035420697206864134 -0.00064167781585329356 -0.0065879934653639803 0.0082127925594923674 -0.0044362153029469265 -0.01344809712842107 0.0055890002425332541 0.0011954847123059962 0.0072142467151085536 0.011548093718997503 0.0032775929376094529 0.0074032300351453686 -0.013846472419798375 -0.00084636844533198202 -0.002700547872368118 0.0027092330454086717 -0.014905461491111461 0.0041935425838110626 -0.00010155958377502182 0.011058805290270937 -0.011757406755581056 -0.0044487599529466539 0.0060205200917265392 -0.0040472578144602712 0.0058580733090639117 -0.017660673009231687 0.0032366946792683087
leaf_weight=51 259 272 35 400 1313 70 27 163 20 61 45 30 59 398 49 25 119 29 55 36 27 44 22 101 53 89 126 35 24 37
leaf_count=51 259 272 35 400 1313 70 27 163 20 61 45 30 59 398 49 25 119 29 55 36 27 44 22 101 53 89 126 35 24 37
internal_value=2.41135e-11 0.00146252 -0.00292504 3.13534e-05 0.000335263 3.54168e-05 -0.000766197 -0.00435835 -0.00325377 0.000998126 -0.00331023 0.00411438 0.00311489 0.00434534 0.000593301 -0.00132444 -0.00310333 -0.0042646 -0.00353834 -0.00946019 -0.00437643 -0.00498058 -0.00259356 -0.00721086 -0.00924209 0.000439501 -0.000235351 0.00236087 -0.00103194 -0.00498522
internal_weight=4074 2716 1358 1764 1713 443 408 915 656 126 65 952 680 457 223 174 144 530 465 65 410 383 185 198 154 338 311 185 96 61
internal_count=4074 2716 1358 1764 1713 443 408 915 656 126 65 952 680 457 223 174 144 530 465 65 410 383 185 198 154 338 311 185 96 61
is_linear=0
shrinkage=0.1


Tree=18
num_leaves=31
num_cat=0
split_feature=1 0 0 2 2 1 3 1 3 1 1 2 3 1 0 2 3 3 3 0 1 1 3 3 3 1 1 2 1 1
split_gain=1.45931 0.732391 0.524474 0.512761 0.412167 0.381529 0.315608 0.471482 0.3339 0.305729 0.324381 0.272952 0.39807 0.348508 0.317142 0.302274 0.68607 0.556267 0.498527 0.423543 0.327228 0.278657 0.269143 0.267814 0.326304 0.2594 0.281764 0.348863 0.404094 0.318
threshold=4.8750000000000009 3.5000000000000004 5.5000000000000009 0.13500000000000004 1.9850000000000003 6.955000000000001 0.10554999999999996 4.2550000000000008 0.29830000000000007 5.9650000000000007 6.0250000000000012 0.15500000000000003 0.32180000000000003 4.4450000000000012 2.5000000000000004 0.17500000000000002 0.34645000000000004 0.35200000000000004 0.35464999999999997 2.5000000000000004 4.1350000000000007 4.4900000000000011 0.29185000000000005 0.28610000000000008 0.27955000000000008 4.955000000000001 5.0050000000000008 0.14500000000000005 5.745000000000001 5.7000000000000011
decision_type=2 2 2 2 2 2 2 2 2 2 2 2 2 2 2 2 2 2 2 2 2 2 2 2 2 2 2 2 2 2
left_child=2 5 3 -1 9 -2 7 -5 23 25 -11 13 -13 -10 -15 17 20 19 -18 -14 -17 -21 -7 24 -8 -3 -27 28 -28 -29
right_child=1 4 -4 6 -6 22 8 -9 11 10 -12 12 15 14 -16 16 18 -19 -20 21 -22 -23 -24 -25 -26 26 27 29 -30 -31
leaf_value=-0.014917582325870172 0.0023772645417924039 0.0051417665641602817 -0.0061964010316211161 -0.0023255982602547322 -0.014241103242550577 -0.0024107059869493243 -0.0059681828131701439 0.011034407310187816 -0.0012995128602293941 0.013038846299700117 0.00094545359380855416 0.0051046078883205791 0.01179730816069862 0.018969006413085895 0.0026554212833826362 -0.013191766967927968 0.014645857156978715 -0.0077014634071789047 0.0003871406292044017 -0.0090730463649379093 0.00029130473181053447 0.0059738334640860556 0.0090054273710749744 -0.012629593771305823 0.0059227894357373493 -0.0099411338284287765 -0.013931658645677898 0.0012360112162412963 0.0017278158499930915 -0.0049685183442874344
leaf_weight=28 1203 49 307 56 21 24 113 50 60 23 622 79 29 22 26 54 27 201 267 32 27 20 148 42 29 46 45 281 26 117
leaf_count=28 1203 49 307 56 21 24 113 50 60 23 622 79 29 22 26 54 27 201 267 32 27 20 148 42 29 46 45 281 26 117
internal_value=7.81621e-12 0.00142125 -0.00252032 -0.0015491 -0.000351579 0.00300712 -0.00121902 0.00397629 -0.00175472 -0.000110322 0.00137669 -0.00091323 -0.00160211 0.00378137 0.0101325 -0.00240855 -0.000548495 -0.00488203 0.00169661 0.00211433 -0.00869741 -0.00328578 0.00741248 -0.0056146 -0.00353974 -0.00181089 -0.00247241 -0.00173987 -0.0081972 -0.000587933
internal_weight=4074 2605 1469 1162 1230 1375 1134 106 1028 1209 645 844 736 108 48 657 375 282 294 81 81 52 172 184 142 564 515 469 71 398
internal_count=4074 2605 1469 1162 1230 1375 1134 106 1028 1209 645 844 736 108 48 657 375 282 294 81 81 52 172 184 142 564 515 469 71 398
is_linear=0
shrinkage=0.1


Tree=19
num_leaves=31
num_cat=0
split_feature=0 1 0 1 1 3 1 1 3 3 1 1 1 3 3 3 3 1 1 3 3 3 1 3 3 3 1 0 0 2
split_gain=1.21413 0.988177 0.453461 0.387591 0.36792 0.356704 0.346077 0.380658 0.254611 0.51686 0.217412 0.204778 0.313675 0.374301 0.898286 0.411789 0.328386 0.280069 0.327362 0.225673 0.451021 0.876607 0.509025 0.445695 0.316638 0.434669 0.269738 0.250006 0.22285 0.211817
threshold=5.5000000000000009 5.9650000000000007 1.5000000000000002 7.4400000000000004 6.5850000000000009 0.69485000000000008 6.4000000000000012 6.2950000000000008 0.28920000000000007 0.36220000000000002 3.6200000000000006 4.285000000000001 4.1650000000000009 0.35310000000000002 0.36525000000000002 0.38970000000000005 0.32180000000000003 4.0050000000000008 4.0850000000000009 0.45070000000000005 0.35575000000000007 0.35865000000000008 4.9250000000000007 0.34739999999999999 0.41040000000000004 0.39585000000000004 4.6950000000000012 3.5000000000000004 4.5000000000000009 0.16500000000000004
decision_type=2 2 2 2 2 2 2 2 2 2 2 2 2 2 2 2 2 2 2 2 2 2 2 2 2 2 2 2 2 2
left_child=1 2 -1 -3 6 11 7 10 -6 -10 -2 12 13 16 -15 -16 29 28 -19 20 23 -22 26 -13 25 27 -23 -24 -17 -4
right_child=4 3 5 -5 8 -7 -8 -9 9 -11 -12 19 -14 14 15 17 -18 18 -20 -21 21 22 24 -25 -26 -27 -28 -29 -30 -31
leaf_value=0.0025930356800445485 -0.0082626603529430357 0.0025757068386898715 -0.011323126757051797 0.0098175489166869405 0.011382730169729753 -0.013837827145206658 -0.014429770005600792 0.0087136528539386669 -0.012869487050920725 0.0051673881392529679 -0.0035538508581875227 -8.6992155891811229e-05 -0.0086572991149197961 0.018260469874022186 -0.0084747853888464831 0.002171157174452674 -0.0093540734965989192 0.017729973570676523 0.00040709075886600962 0.0036364389487492446 -0.02254959306801143 -0.003033548275178129 0.0043751995023339988 0.0087270645779513184 -0.0046136955365561599 0.01134441949841049 -0.01298315040767193 -0.0057832479625544025 -0.0066253553413682517 -0.00030117668776416827
leaf_weight=387 130 1146 20 79 22 22 35 22 24 47 399 642 74 27 56 80 88 20 24 131 23 55 50 63 81 45 54 47 45 136
leaf_count=387 130 1146 20 79 22 22 35 22 24 47 399 642 74 27 56 80 88 20 24 131 23 55 50 63 81 45 54 47 45 136
internal_value=5.84077e-12 0.000772034 -0.000509812 0.00304273 -0.00386017 -0.00118328 -0.0047875 -0.00417501 0.00198301 -0.000929584 -0.00471103 -0.00102519 -0.00258396 -0.00167785 0.00102526 -0.00104296 -0.00446959 0.00141965 0.00828113 -0.000279185 -0.000763097 -0.00366997 -0.00236204 0.000700647 0.000375502 0.00322145 -0.00796271 -0.000546935 -0.000995587 -0.00171425
internal_weight=4074 3395 2170 1225 679 1783 586 551 93 71 529 1761 570 496 252 225 244 169 44 1191 1060 355 332 705 223 142 109 97 125 156
internal_count=4074 3395 2170 1225 679 1783 586 551 93 71 529 1761 570 496 252 225 244 169 44 1191 1060 355 332 705 223 142 109 97 125 156
is_linear=0
shrinkage=0.1


Tree=20
num_leaves=31
num_cat=0
split_feature=0 1 0 1 1 3 1 1 1 2 0 1 1 3 1 1 1 3 3 3 1 3 2 1 1 1 0 0 2 1
split_gain=0.983441 0.800424 0.367304 0.313949 0.298015 0.28893 0.280322 0.308333 0.240428 0.183377 0.17939 0.259934 0.179055 0.176254 0.176103 0.17063 0.24135 0.269519 0.75399 0.303389 0.27831 0.265993 0.223562 0.210647 0.286132 0.205169 0.400755 0.182224 0.171572 0.168581
threshold=5.5000000000000009 5.9650000000000007 1.5000000000000002 7.4400000000000004 6.5850000000000009 0.69485000000000008 6.4000000000000012 6.2950000000000008 6.705000000000001 0.14500000000000005 1.5000000000000002 6.0250000000000012 3.3850000000000002 0.59630000000000016 3.6200000000000006 4.285000000000001 4.1650000000000009 0.35310000000000002 0.36525000000000002 0.38970000000000005 3.6200000000000006 0.32180000000000003 0.19500000000000003 4.5700000000000012 4.7950000000000008 4.0650000000000004 3.5000000000000004 2.5000000000000004 0.16500000000000004 4.3550000000000013
decision_type=2 2 2 2 2 2 2 2 2 2 2 2 2 2 2 2 2 2 2 2 2 2 2 2 2 2 2 2 2 2
left_child=1 2 12 10 6 13 7 14 -6 -10 -3 -12 -1 15 -2 16 17 21 -19 -20 -21 28 29 -24 -25 26 -22 -23 -4 -17
right_child=4 3 5 -5 8 -7 -8 -9 9 -11 11 -13 -14 -15 -16 22 -18 18 19 20 25 27 23 24 -26 -27 -28 -29 -30 -31
leaf_value=-0.0066461112350225454 -0.0074363941711803466 0.0045772128528028169 -0.010190814035013318 0.0088357942237789876 0.011199439884651274 -0.012454044870206748 -0.012986792825894164 0.0078422879450954497 0.0034270308025908178 -0.0067651242708727235 0.010618861530336643 0.0012956609733014129 0.0028489689034145184 0.0075884003347406791 -0.003198465668972124 0.0058048105320746175 -0.0077915693032303574 0.016434422883860492 -0.0076273067471837363 -0.0031224948021450214 0.016950082253398641 -0.016809412986040117 -0.0043875890225172041 0.016624048877168784 0.0026025501729617286 -0.0019763100909552089 -0.00046912156790494927 -0.0059507996720426226 -0.00027105910729219697 -0.00097535286812081554
leaf_weight=21 130 269 20 79 21 22 35 22 41 31 31 846 366 24 399 38 74 27 56 84 28 20 20 22 43 27 25 68 136 1049
leaf_count=21 130 269 20 79 21 22 35 22 41 31 31 846 366 24 399 38 74 27 56 84 28 20 20 22 43 27 25 68 136 1049
internal_value=1.5247e-11 0.00069483 -0.000458831 0.00273846 -0.00347415 -0.00106496 -0.00430875 -0.00375751 0.00178471 -0.000961258 0.00231814 0.00162522 0.00233373 -0.000922674 -0.00423992 -0.00104027 -0.00246774 -0.00166537 0.000663257 -0.00127229 0.000897709 -0.00402264 -0.000352112 0.00458691 0.00734829 0.00511892 0.00873348 -0.00841867 -0.00154282 -0.000738328
internal_weight=4074 3395 2170 1225 679 1783 586 551 93 72 1146 877 387 1761 529 1737 565 491 247 220 164 244 1172 85 65 80 53 88 156 1087
internal_count=4074 3395 2170 1225 679 1783 586 551 93 72 1146 877 387 1761 529 1737 565 491 247 220 164 244 1172 85 65 80 53 88 156 1087
is_linear=0
shrinkage=0.1


Tree=21
num_leaves=31
num_cat=0
split_feature=0 1 1 0 1 1 3 3 3 3 3 3 1 3 0 3 3 1 1 1 3 2 3 3 2 1 3 3 2 0
split_gain=0.818708 0.499309 0.366759 0.266623 0.250286 0.181754 0.167977 0.254501 0.258553 0.540497 0.224629 0.211208 0.198377 0.191834 0.140895 0.158968 0.28391 0.219671 0.212587 0.295757 0.239769 0.181381 0.162334 0.226528 0.193378 0.272208 0.247101 0.224482 0.210328 0.181655
threshold=4.5000000000000009 6.035000000000001 2.3550000000000004 1.5000000000000002 3.8050000000000002 7.3850000000000007 0.44369999999999993 0.33644999999999997 0.36425000000000002 0.38640000000000002 0.31155000000000005 0.34985000000000005 5.455000000000001 0.39710000000000006 1.5000000000000002 0.32340000000000008 0.35280000000000006 6.8750000000000009 6.245000000000001 6.4850000000000012 0.29485 0.14500000000000005 0.36685000000000006 0.37425000000000003 0.14500000000000005 6.9050000000000011 0.40525 0.43619999999999998 0.12500000000000003 2.5000000000000004
decision_type=2 2 2 2 2 2 2 2 2 2 2 2 2 2 2 2 2 2 2 2 2 2 2 2 2 2 2 2 2 2
left_child=1 2 -1 6 -2 -6 7 10 11 -10 12 -9 -4 -11 -3 17 -17 18 -16 20 -20 -21 -18 -24 28 26 -26 -28 -25 -30
right_child=4 14 3 -5 5 -7 -8 8 9 13 -12 -13 -14 -15 15 16 22 -19 19 21 -22 -23 23 24 25 -27 27 -29 29 -31
leaf_value=-0.0083503649330369245 -0.0048013087752199661 0.004771584084579338 0.0048769748844325741 -0.0004334749119094363 -0.0015574528296912202 0.0064657913071328194 0.0080648596403383021 -0.0012252138336984123 0.01254927661608566 -0.010826652141457255 0.0090021203630245659 -0.012492223562938828 -0.00329380425294706 0.0009650469405224195 0.0058822774297247332 0.009620327313067549 -0.0027027362507992779 0.0058042365544456612 -0.0016323366165161134 -0.0040135468052619186 -0.014702725861570799 0.0051335685239059896 0.012387283284139509 -0.0020908878233871961 0.0073385078251916678 -0.0087415686478057222 -0.0093478356380588736 0.002919080861444984 0.0013268467737361789 0.0089299305881997883
leaf_weight=51 259 272 78 1313 1070 29 48 41 33 22 65 28 48 37 30 59 58 49 25 46 32 41 24 38 47 31 26 35 48 91
leaf_count=51 259 272 78 1313 1070 29 48 41 33 22 65 28 48 37 30 59 58 49 25 46 32 41 24 38 47 31 26 35 48 91
internal_value=-1.67922e-11 0.0010024 6.32758e-06 0.000255126 -0.00200479 -0.00134574 0.00251546 0.00175872 -0.00117 0.00230051 0.00422743 -0.00579733 0.0017643 -0.00343186 0.00284805 0.00207864 0.00314669 -0.000110164 -0.00177571 -0.00337113 -0.0089701 0.000297163 0.00218704 0.00302117 0.00230982 -0.000481688 0.0018892 -0.00230944 0.00450203 0.00630441
internal_weight=4074 2716 1764 1713 1358 1099 400 352 161 92 191 69 126 59 952 680 457 223 174 144 57 87 398 340 316 139 108 61 177 139
internal_count=4074 2716 1764 1713 1358 1099 400 352 161 92 191 69 126 59 952 680 457 223 174 144 57 87 398 340 316 139 108 61 177 139
is_linear=0
shrinkage=0.1


Tree=22
num_leaves=31
num_cat=0
split_feature=1 2 1 1 0 1 3 3 3 2 0 1 3 3 3 1 1 3 0 3 1 1 0 3 1 3 2 3 2 1
split_gain=0.701525 0.415485 0.421606 0.559567 0.390919 0.369179 0.363652 0.327191 0.763902 0.450315 0.426929 0.426389 0.333494 0.463468 0.452246 0.353887 0.293675 0.299337 0.273804 0.277342 0.332403 0.239726 0.416477 0.223758 0.221892 0.216147 0.550649 0.329382 0.208657 0.206488
threshold=5.0050000000000008 1.9850000000000003 6.955000000000001 6.9300000000000006 2.5000000000000004 4.995000000000001 0.42810000000000004 0.23715000000000003 0.28610000000000008 0.14500000000000005 1.5000000000000002 5.785000000000001 0.35945000000000005 0.41204999999999997 0.31285000000000002 5.5250000000000012 6.1250000000000009 0.30660000000000004 5.5000000000000009 0.15254999999999999 4.0150000000000006 5.7150000000000007 1.5000000000000002 0.37085000000000007 5.8150000000000004 0.31285000000000002 0.14500000000000005 0.31135000000000002 0.22500000000000003 6.1450000000000005
decision_type=2 2 2 2 2 2 2 2 2 2 2 2 2 2 2 2 2 2 2 2 2 2 2 2 2 2 2 2 2 2
left_child=5 2 3 4 7 18 -4 9 10 -2 -9 -11 14 23 16 -15 -10 -18 19 20 -1 22 -16 -14 -17 26 -6 -28 -21 -26
right_child=1 -3 6 -5 25 -7 -8 8 12 11 -12 -13 13 15 21 24 17 -19 -20 28 -22 -23 -24 -25 29 -27 27 -29 -30 -31
leaf_value=-0.004550410400291807 0.0090703300316818062 -0.011483685056177471 0.0029727013360590065 -0.014145064890384675 -0.0079669756579946373 -0.015085204504430294 0.011638128988017313 0.0054240156127058946 0.010655339766293764 -0.015556968853718812 0.023964331043815172 0.00015530586123275452 0.016039342409931125 0.013160473092769584 -0.00064687941755567282 -0.0092998425550758837 -0.0067289754073938425 0.0091734785842709256 -0.004015807449638557 -0.0015250795057433328 0.0064069147545880835 0.00027980871646749703 -0.015416933468409947 0.0066828929219673585 0.0072731637874165105 0.00073457294170699284 0.0011297167727676648 -0.012158710770308973 0.005823344923555851 -0.0016928435702409064
leaf_weight=38 24 26 235 25 113 20 61 23 50 31 27 39 32 21 42 25 29 20 325 1137 102 88 35 127 37 921 277 20 40 84
leaf_count=38 24 26 235 25 113 20 61 23 50 31 27 39 32 21 42 25 29 20 325 1137 102 88 35 127 37 921 277 20 40 84
internal_value=-4.52765e-12 0.00108928 0.00122628 0.000726028 0.000906065 -0.00158083 0.00475848 0.00275885 0.00356799 -0.00275023 0.0154358 -0.00680299 0.00256225 0.00470174 -7.97052e-05 0.00102265 0.0052636 -0.000238178 -0.00141634 -0.000774861 0.00343278 -0.00328569 -0.00736054 0.00856595 -0.000723205 -0.000115679 -0.00202564 0.000234873 -0.00127535 0.00104883
internal_weight=4074 2412 2386 2090 2065 1662 296 734 640 94 50 70 590 326 264 167 99 49 1642 1317 140 165 77 159 146 1331 410 297 1177 121
internal_count=4074 2412 2386 2090 2065 1662 296 734 640 94 50 70 590 326 264 167 99 49 1642 1317 140 165 77 159 146 1331 410 297 1177 121
is_linear=0
shrinkage=0.1


Tree=23
num_leaves=31
num_cat=0
split_feature=0 1 0 3 1 2 1 1 3 3 1 1 1 3 1 3 3 3 1 1 2 3 3 1 3 1 3 2 0 1
split_gain=0.604368 0.462414 0.2667 0.348256 0.308921 0.236884 0.238511 0.237703 0.225471 0.479406 0.220184 0.207899 0.262899 0.309843 0.306541 0.270262 0.411577 0.213356 0.212239 0.197341 0.359276 0.341567 0.386668 0.370392 0.297586 0.337716 0.296873 0.345366 0.245076 0.244526
threshold=5.5000000000000009 6.3050000000000006 1.5000000000000002 0.70715000000000006 6.285000000000001 0.27500000000000008 6.5950000000000006 6.4000000000000012 0.38860000000000006 0.28920000000000007 6.2950000000000008 7.4400000000000004 6.5250000000000012 0.22334999999999997 7.0850000000000009 0.49690000000000006 0.58545000000000014 0.27430000000000004 6.4850000000000012 4.9250000000000007 0.13500000000000004 0.37955 0.38640000000000002 4.955000000000001 0.30620000000000008 6.1150000000000011 0.29485 0.17500000000000002 4.5000000000000009 5.7250000000000005
decision_type=2 2 2 2 2 2 2 2 2 2 2 2 2 2 2 2 2 2 2 2 2 2 2 2 2 2 2 2 2 2
left_child=1 2 -1 4 19 6 7 10 9 -8 -2 12 18 14 -14 17 -17 -15 -3 20 -4 23 -23 -21 26 29 27 28 -25 -26
right_child=5 11 3 -5 -6 -7 8 -9 -10 -11 -12 -13 13 15 -16 16 -18 -19 -20 21 -22 22 -24 24 25 -27 -28 -29 -30 -31
leaf_value=0.0020150916695240001 -0.0030076227629326712 0.0035187037414892621 -0.013199893325567248 -0.013159639718519016 -0.010940010180430754 -0.012698672436501669 0.0099842169459655201 -0.010874065683802239 0.009005334634672511 -0.0090732238509438259 0.0072104713329198683 0.0073923317715525634 -0.012648169595286163 0.012006272731179541 0.0023023996734991671 -0.012085857293145224 0.005572022700851614 0.0019102263023491773 0.011809414780873341 0.010568164767963547 -0.0010573625867143211 0.015190902411472052 0.0022641783533018933 0.0042425880325026814 -0.0035303014559958145 -0.010810725264794504 0.0095947297829154302 -0.0083819757588207734 -0.0038984474974523226 0.0025439426814124963
leaf_weight=462 509 217 25 22 28 23 22 37 33 33 22 79 32 22 24 33 22 431 36 28 963 25 311 128 237 48 38 40 52 92
leaf_count=462 509 217 25 22 28 23 22 37 33 33 22 79 32 22 24 33 22 431 36 28 963 25 311 128 237 48 38 40 52 92
internal_value=-5.36749e-12 0.000544697 -0.000154125 -0.000646112 -0.000509488 -0.00272349 -0.00237375 -0.00312428 0.0024706 -0.00145025 -0.00258427 0.00249376 0.00202009 0.00081864 -0.00624078 0.00159684 -0.00502271 0.00240054 0.00469841 -0.000362505 -0.00136461 0.000628568 0.00322599 -0.000687771 -0.0011841 -0.00297494 0.00143276 2.2968e-05 0.00189073 -0.00183173
internal_weight=4074 3395 2499 2037 2015 679 656 568 88 55 531 896 817 564 56 508 55 453 253 1987 988 999 336 663 635 377 258 220 180 329
internal_count=4074 3395 2499 2037 2015 679 656 568 88 55 531 896 817 564 56 508 55 453 253 1987 988 999 336 663 635 377 258 220 180 329
is_linear=0
shrinkage=0.1


Tree=24
num_leaves=31
num_cat=0
split_feature=0 2 1 1 1 1 3 1 2 3 3 2 1 2 3 1 1 1 0 3 3 3 3 3 0 3 3 2 1 2
split_gain=0.49007 0.401456 0.306036 0.261803 0.248697 0.209001 0.389391 0.175671 0.242127 0.22013 0.31126 0.275402 0.263451 0.226896 0.698948 0.259969 0.220549 0.339267 0.243002 0.215728 0.212278 0.310093 0.345076 0.241302 0.406121 0.445053 0.464559 0.355356 0.308798 0.264853
threshold=3.5000000000000004 1.3800000000000001 5.9650000000000007 6.0250000000000012 4.4450000000000012 4.3550000000000013 0.35280000000000006 6.955000000000001 0.20500000000000004 0.12915000000000001 0.34859999999999997 0.14500000000000005 6.8050000000000006 0.12500000000000003 0.35160000000000008 6.6450000000000005 6.5550000000000006 6.2950000000000008 1.5000000000000002 0.29185000000000005 0.33644999999999997 0.34240000000000009 0.34500000000000003 0.23715000000000003 2.5000000000000004 0.28610000000000008 0.29830000000000007 0.16500000000000004 5.1250000000000009 0.14500000000000005
decision_type=2 2 2 2 2 2 2 2 2 2 2 2 2 2 2 2 2 2 2 2 2 2 2 2 2 2 2 2 2 2
left_child=4 2 -2 -4 5 -1 -7 8 9 11 20 -6 13 -12 -15 16 17 18 -16 -9 23 -22 -23 -11 25 -25 -27 -26 -28 -30
right_child=1 -3 3 -5 7 6 -8 19 -10 10 12 -13 -14 14 15 -17 -18 -19 -20 -21 21 22 -24 24 27 26 28 -29 29 -31
leaf_value=-0.00026233397382959916 -0.0017797713837033457 -0.01298821589776448 0.011340821923121164 0.00047637243419017201 0.014611902087479115 0.0018159854853444773 -0.016585121239009109 -0.0040982402531274907 0.012238321658223868 -0.0048792228340929335 -0.0047037462175295169 0.0024343199408254947 -0.0040409733358925835 0.021285530073302136 0.0052233484457246959 0.012288055044633373 -0.0060993881151080141 0.0082984803037510976 -1.2394386798417489e-05 0.0061224761016264156 -0.012814108967123664 0.0080555148720741262 -0.0076246216893196108 0.010780455936062134 4.8634145059622824e-05 -0.0090574090614130628 0.010513885145963625 -0.01048933295533061 0.0064688825636710001 -0.0019980813337800401
leaf_weight=395 1364 28 23 622 26 23 23 24 20 86 37 65 60 21 126 27 30 90 299 148 34 25 32 59 96 38 43 48 57 105
leaf_count=395 1364 28 23 622 26 23 23 24 20 86 37 65 60 21 126 27 30 90 299 148 34 25 32 59 96 38 43 48 57 105
internal_value=1.14722e-11 -0.00109678 -0.000931043 0.000863787 0.00109678 -0.00100524 -0.00738457 0.0016776 0.00131298 0.00115735 0.000827702 0.00591363 0.00229072 0.00289373 0.00336778 0.00270996 0.00223545 0.00272097 0.00153985 0.00469633 -0.000792651 -0.00525582 -0.000747369 -2.92144e-05 0.000905989 0.0029897 0.00109812 -0.00346402 0.00298061 0.000981036
internal_weight=4074 2037 2009 645 2037 441 46 1596 1424 1404 1313 91 690 630 593 572 545 515 425 172 623 91 57 532 446 302 243 144 205 162
internal_count=4074 2037 2009 645 2037 441 46 1596 1424 1404 1313 91 690 630 593 572 545 515 425 172 623 91 57 532 446 302 243 144 205 162
is_linear=0
shrinkage=0.1


Tree=25
num_leaves=31
num_cat=0
split_feature=0 1 1 1 3 1 1 3 3 3 3 1 2 3 0 1 3 1 1 3 3 0 3 2 2 3 3 3 1 1
split_gain=0.447329 0.316881 0.292267 0.24673 0.195316 0.237126 0.23228 0.192367 0.330285 0.295575 0.276487 0.243333 0.181125 0.178373 0.287332 0.425642 0.284997 0.969542 0.449882 0.353593 0.924172 0.329101 0.276957 0.312781 0.302311 0.270628 0.631608 0.25709 0.228954 0.22164
threshold=5.5000000000000009 5.0050000000000008 5.1400000000000015 7.4400000000000004 0.15254999999999999 4.9850000000000012 4.0150000000000006 0.28840000000000005 0.31285000000000002 0.27005000000000007 0.30720000000000003 5.1050000000000013 0.27500000000000008 0.29830000000000007 2.5000000000000004 4.8750000000000009 0.35160000000000008 4.0950000000000006 4.0650000000000004 0.34859999999999997 0.34395000000000003 2.5000000000000004 0.40310000000000001 0.17500000000000002 0.15500000000000003 0.28920000000000007 0.27005000000000007 0.24744999999999998 4.535000000000001 4.0050000000000008
decision_type=2 2 2 2 2 2 2 2 2 2 2 2 2 2 2 2 2 2 2 2 2 2 2 2 2 2 2 2 2 2
left_child=1 4 -3 -4 6 13 -1 9 10 -2 11 -9 -10 14 25 27 17 29 -18 20 21 28 23 24 -20 26 -6 -16 -19 -15
right_child=7 2 3 -5 5 -7 -8 8 12 -11 -12 -13 -14 16 15 -17 18 19 22 -21 -22 -23 -24 -25 -26 -27 -28 -29 -30 -31
leaf_value=-0.0038957122125123679 -0.0013207679354728988 0.006754551870930616 0.00075937715654118224 0.0064634452208499373 -0.011507035166268116 -0.011204588700733755 0.0052518352142815455 -0.012017500996589662 -0.0017121839065589177 0.010422013313681991 -0.019308730540797115 0.00082847246065221995 -0.010812236692594446 -0.0026771387397109166 0.0028176854523580251 0.011858176543255864 0.0014530562405249501 0.019855664803513459 0.00073825888335704809 0.017558918306604027 -0.014831022315082097 0.0037123068757764586 -0.0013403965370549311 -0.0013375445914965483 -0.012941834178110141 -0.017478900572115725 0.0087887356543670525 -0.0075278757380899692 0.0076446525314274958 -0.013430671069933021
leaf_weight=38 104 92 1891 79 46 23 103 30 446 27 20 29 23 115 41 23 267 28 20 25 21 91 186 62 84 22 23 58 34 23
leaf_count=38 104 92 1891 79 46 23 103 30 446 27 20 29 23 115 41 23 267 28 20 25 21 91 186 62 84 22 23 58 34 23
internal_value=-1.27427e-11 0.000468617 0.0012454 0.000988119 -0.000732977 -0.0011493 0.00278654 -0.00234309 -0.00316604 0.0010995 -0.00914777 -0.00570338 -0.00215846 -0.000951458 -0.00356841 -0.000396341 -0.000368392 0.00197164 -0.00164237 0.00643828 0.00484049 0.0075405 -0.00399031 -0.0069595 -0.010311 -0.00782108 -0.00474178 -0.00324335 0.0131593 -0.00446939
internal_weight=4074 3395 2062 1970 1333 1192 141 679 548 131 79 59 469 1169 213 122 956 337 619 199 174 153 352 166 104 91 69 99 62 138
internal_count=4074 3395 2062 1970 1333 1192 141 679 548 131 79 59 469 1169 213 122 956 337 619 199 174 153 352 166 104 91 69 99 62 138
is_linear=0
shrinkage=0.1


Tree=26
num_leaves=31
num_cat=0
split_feature=2 1 1 0 1 3 1 3 2 0 3 0 1 1 3 1 3 3 3 3 2 3 1 2 1 1 3 0 1 3
split_gain=0.363414 0.373201 0.398289 0.31304 0.280045 0.2976 0.362159 0.27657 0.225651 0.262539 0.166874 0.148296 0.186785 0.191027 0.189124 0.1692 0.150918 0.311264 0.260956 0.141778 0.300763 0.137161 0.131128 0.126946 0.25068 0.200769 0.20896 0.17199 0.144936 0.144171
threshold=1.3800000000000001 6.955000000000001 6.9300000000000006 2.5000000000000004 4.0850000000000009 0.38970000000000005 3.4950000000000006 0.42810000000000004 0.17500000000000002 1.5000000000000002 0.32380000000000003 5.5000000000000009 6.5950000000000006 6.4000000000000012 0.34985000000000005 6.2950000000000008 0.49690000000000006 0.46925000000000006 0.45635000000000009 0.34310000000000002 0.14500000000000005 0.65990000000000015 3.6450000000000005 0.14500000000000005 6.8050000000000006 5.745000000000001 0.31555000000000005 3.5000000000000004 6.5950000000000006 0.32340000000000008
decision_type=2 2 2 2 2 2 2 2 2 2 2 2 2 2 2 2 2 2 2 2 2 2 2 2 2 2 2 2 2 2
left_child=1 2 3 4 5 8 -7 19 9 -1 -10 16 13 15 -14 -13 17 18 23 -3 -21 22 -18 25 28 26 -5 -27 -25 -29
right_child=-2 7 -4 11 -6 6 -8 -9 10 -11 -12 12 14 -15 -16 -17 21 -19 -20 20 -22 -23 -24 24 -26 27 -28 29 -30 -31
leaf_value=0.0081434396594496708 -0.010451475830014909 0.0047029652514118843 -0.012764661848545076 -0.01277015335632093 0.001817154208168589 0.014253346119076013 -0.0027053394259008417 0.0095032652397258367 -0.0041727184376213703 -0.006435036500915885 -0.014307599755446779 -0.0024496759677993182 -0.0033770651556551457 -0.0095135254974200115 0.0094528932814244883 0.0065026474058289419 -0.0012217179324258776 -0.008978549902446481 0.0080601963434471843 0.0028206053119833752 -0.0077381959871241929 -0.0026467063010503084 0.0060050535988314859 -0.00015938332355068671 0.0095755069767339881 -0.0046276752757174631 -0.0025963746673929003 -0.0024697266919538382 -0.0064261629356463486 0.0045821166583809303
leaf_weight=21 33 104 25 33 1054 20 34 61 32 30 33 523 20 37 27 22 34 43 36 93 38 39 96 1281 26 70 52 50 38 69
leaf_count=21 33 104 25 33 1054 20 34 61 32 30 33 523 20 37 27 22 34 43 36 93 38 39 96 1281 26 70 52 50 38 69
internal_value=-3.00432e-12 8.53498e-05 -0.000184826 -0.000100284 0.00120968 -0.00255665 0.00357566 0.00350362 -0.00541135 -0.000432135 -0.00931812 -0.000742671 -0.00207065 -0.00256035 0.00399334 -0.0020883 -0.000295271 -0.000578914 -0.000360676 0.00194627 -0.000242253 0.00255459 0.00411497 -0.000547922 -0.000148254 -0.0025098 -0.00654619 -0.000694484 -0.000339927 0.00161916
internal_weight=4074 4041 3745 3720 1224 170 54 296 116 51 65 2496 629 582 47 545 1867 1698 1655 235 131 169 130 1619 1345 274 85 189 1319 119
internal_count=4074 4041 3745 3720 1224 170 54 296 116 51 65 2496 629 582 47 545 1867 1698 1655 235 131 169 130 1619 1345 274 85 189 1319 119
is_linear=0
shrinkage=0.1


Tree=27
num_leaves=31
num_cat=0
split_feature=1 1 1 2 2 1 1 3 1 0 3 3 3 2 3 3 3 1 1 0 3 3 2 3 2 3 1 3 3 0
split_gain=0.310425 0.268622 0.249033 0.273192 0.203076 0.212158 0.350971 0.224021 0.176634 0.170396 0.238948 0.525876 0.366044 0.288932 0.181778 0.409824 0.339885 0.269828 0.206948 0.168515 0.167381 0.192918 0.159371 0.150894 0.465138 0.401978 0.295725 0.254514 0.257817 0.243424
threshold=5.0050000000000008 4.995000000000001 5.0950000000000006 0.16500000000000004 1.9850000000000003 6.955000000000001 6.9300000000000006 0.42810000000000004 2.9350000000000005 2.5000000000000004 0.23715000000000003 0.27005000000000007 0.21824999999999997 0.16500000000000004 0.35945000000000005 0.31285000000000002 0.41204999999999997 6.5950000000000006 5.4050000000000011 1.5000000000000002 0.37085000000000007 0.39930000000000004 0.16500000000000004 0.31555000000000005 0.14500000000000005 0.32240000000000008 5.7550000000000008 0.26385000000000008 0.2849000000000001 5.5000000000000009
decision_type=2 2 2 2 2 2 2 2 2 2 2 2 2 2 2 2 2 2 2 2 2 2 2 2 2 2 2 2 2 2
left_child=1 8 3 -2 5 6 9 -7 -1 10 12 -12 13 -4 15 17 20 -13 19 -17 -16 -22 -20 24 26 -25 -11 -26 -29 -28
right_child=2 -3 4 -5 -6 7 -8 -9 -10 23 11 14 -14 -15 16 18 -18 -19 22 -21 21 -23 -24 25 27 -27 29 28 -30 -31
leaf_value=-0.0032916098864187436 0.012478500790894033 -0.012570904046297075 0.0044196621926967062 -0.00048452541232109071 -0.008234489909731425 0.001751642277900209 -0.011488195598125459 0.0085529386272012713 -0.00045934826596759083 -0.016365288949950978 0.014854062953963876 0.0065989194582461528 -0.014696836427208924 -0.0098018798418343083 0.013524321948446822 -0.0036366836478312816 0.00012412200846068308 -0.0061806317605078223 -0.003017181957532701 -0.01606536202132702 0.0028150373772579309 0.011804470891365782 0.0064283034679564564 0.010842041400933845 0.003826265254513904 4.835317916298532e-05 -0.0015109440147438469 -0.009687095246691672 -0.00023213904800600018 -0.013828162955386298
leaf_weight=262 37 20 50 29 26 235 25 61 1380 27 32 95 21 20 29 24 162 20 95 20 94 32 22 36 120 830 68 36 145 21
leaf_count=262 37 20 50 29 26 235 25 61 1380 27 32 95 21 20 29 24 162 20 95 20 94 32 22 36 120 830 68 36 145 21
internal_value=-1.66715e-11 -0.00105158 0.000724594 0.00678263 0.000554163 0.000652657 0.000286956 0.00315326 -0.000911268 0.000434219 0.00167011 0.00236718 -0.00311745 0.000356364 0.00169335 -0.000183016 0.00332703 0.00437639 -0.00343973 -0.00928608 0.00667459 0.00509807 -0.00124111 -0.000255491 -0.00181833 0.000497052 -0.00719826 0.000255004 -0.00211268 -0.00441725
internal_weight=4074 1662 2412 66 2346 2320 2024 296 1642 1999 716 625 91 70 593 276 317 115 161 44 155 126 117 1283 417 866 116 301 181 89
internal_count=4074 1662 2412 66 2346 2320 2024 296 1642 1999 716 625 91 70 593 276 317 115 161 44 155 126 117 1283 417 866 116 301 181 89
is_linear=0
shrinkage=0.1


Tree=28
num_leaves=31
num_cat=0
split_feature=0 1 1 3 3 3 3 1 1 1 1 3 3 1 1 3 3 1 3 3 3 0 1 1 3 2 3 3 3 3
split_gain=0.273791 0.209058 0.192916 0.168781 0.244953 0.242055 0.209239 0.204329 0.171807 0.365671 0.175402 0.155717 0.303164 0.252097 0.237127 0.142372 0.166889 0.176973 0.140863 0.136195 0.209354 0.139226 0.132188 0.183762 0.234615 0.276556 0.523501 0.12784 0.266302 0.237912
threshold=5.5000000000000009 6.3050000000000006 6.285000000000001 0.28840000000000005 0.31285000000000002 0.27430000000000004 0.30720000000000003 5.1050000000000013 7.1250000000000009 6.5950000000000006 6.4350000000000014 0.23715000000000003 0.27005000000000007 6.455000000000001 7.0850000000000009 0.70715000000000006 0.45415000000000005 2.3550000000000004 0.29185000000000005 0.43390000000000001 0.43910000000000005 3.5000000000000004 6.0650000000000004 5.9050000000000011 0.45475000000000004 0.18500000000000003 0.51765000000000005 0.32240000000000008 0.33255000000000007 0.34355000000000008
decision_type=2 2 2 2 2 2 2 2 2 2 2 2 2 2 2 2 2 2 2 2 2 2 2 2 2 2 2 2 2 2
left_child=1 2 15 5 6 -2 7 -5 9 10 27 13 -13 -3 -15 16 19 -18 -14 -1 -21 -22 23 24 -19 -26 -27 -6 -29 -30
right_child=3 11 -4 4 8 -7 -8 -9 -10 -11 -12 12 18 14 -16 -17 17 22 -20 20 21 -23 -24 -25 25 26 -28 28 29 -31
leaf_value=-5.0792331449142706e-05 -0.00053961453126282041 0.0072845507302277158 -0.0073707107609758786 -0.010544930510222914 0.0060662792995572097 0.010959594205699185 -0.016594659769907594 0.0012265481054782867 -0.010804863946978003 0.007920705875716149 -0.010898630922152238 0.011653377510083374 -0.0061663195310922509 -0.0097528618733735521 0.002494449296034873 -0.0075050697624683381 -0.0043242100839103971 0.013322786992371438 0.0019515286026903457 -0.011566799596095315 0.0028039526380598547 -0.0062080047124375903 0.0087853639311081654 -0.0059333480273683868 0.0049290400308192421 -0.012969556065468952 0.0063800471763695689 -0.011012559648483031 0.0070206158463993378 -0.0021728951436409643
leaf_weight=2054 109 21 36 30 20 22 20 29 20 39 22 32 22 43 25 25 35 21 753 26 40 30 37 24 115 29 27 31 31 306
leaf_count=2054 109 21 36 30 20 22 20 29 20 39 22 32 22 43 25 25 35 21 753 26 40 30 37 24 115 29 27 31 31 306
internal_value=-2.08107e-11 0.000366618 -0.00010326 -0.00183309 -0.00260394 0.00139155 -0.00775533 -0.00475895 -0.00173623 -0.00133228 -0.00221244 0.00167714 0.00211493 -0.00229254 -0.00525017 2.96387e-06 7.99536e-05 0.00234053 0.00172109 -0.000222859 -0.00390436 -0.00105831 0.00326253 0.00231649 0.00334772 0.00212271 -0.00364028 -0.00171992 -0.00214309 -0.0013272
internal_weight=4074 3395 2499 679 548 131 79 59 469 449 410 896 807 89 68 2463 2438 288 775 2150 96 70 253 216 192 171 56 388 368 337
internal_count=4074 3395 2499 679 548 131 79 59 469 449 410 896 807 89 68 2463 2438 288 775 2150 96 70 253 216 192 171 56 388 368 337
is_linear=0
shrinkage=0.1


Tree=29
num_leaves=31
num_cat=0
split_feature=2 1 1 3 3 1 1 1 1 2 3 3 2 1 0 2 3 3 3 3 3 1 3 1 1 1 1 2 3 3
split_gain=0.240887 0.236051 0.312842 0.258462 0.30566 0.269868 0.365051 0.282159 0.314406 0.258347 0.235318 0.222565 0.20286 0.462789 0.373124 0.29699 0.365311 0.439478 0.256576 0.42587 0.401879 0.588781 0.363087 0.306584 0.303704 0.348286 0.29119 0.383929 0.488592 0.27638
threshold=1.3800000000000001 4.285000000000001 4.3550000000000013 0.35280000000000006 0.36525000000000002 4.0650000000000004 4.0150000000000006 3.9450000000000007 2.6000000000000001 0.19500000000000003 0.32240000000000008 0.76390000000000013 0.16500000000000004 6.3050000000000006 3.5000000000000004 0.19500000000000003 0.29485 0.35025000000000001 0.38025000000000003 0.41150000000000003 0.34395000000000003 5.5150000000000006 0.36020000000000002 6.9300000000000006 5.2150000000000007 5.455000000000001 4.9250000000000007 0.15500000000000003 0.4093 0.15254999999999999
decision_type=2 2 2 2 2 2 2 2 2 2 2 2 2 2 2 2 2 2 2 2 2 2 2 2 2 2 2 2 2 2
left_child=1 3 -3 10 -5 6 7 8 -6 -10 -1 12 18 15 -15 -14 -17 -18 20 26 24 22 -22 -23 29 -26 -20 28 -28 -4
right_child=-2 2 11 4 5 -7 -8 -9 9 -11 -12 -13 13 14 -16 16 17 -19 19 -21 21 23 -24 -25 25 -27 27 -29 -30 -31
leaf_value=-0.0015356911086899497 -0.0085091012896913471 0.007885941864099421 0.012212149134358845 0.0072546084993518889 -0.0029125571486372081 -0.0056325519200542884 0.0097129874862730507 -0.0094479701529962771 0.0069083868043630248 -0.0029087323468717698 -0.0065800220714128735 -0.0092482575060178832 -0.0022913805992144827 0.01086717672999306 -0.00074024918831814581 -0.0082271932255631938 0.013530746047816625 0.00026959850633829775 -0.0056922416601862223 0.00070375484000605604 -0.01774565700049463 0.0015913216016233277 -0.0030290592089295392 -0.0063190190452218492 -0.011012910785912364 0.00055141074077676047 0.0031319124143450493 0.015415663877502084 0.018581825948279836 0.0027693034371870685
leaf_weight=289 33 56 37 55 133 87 39 32 91 38 136 24 749 58 53 24 41 64 21 505 38 169 30 69 27 735 186 41 23 191
leaf_count=289 33 56 37 55 133 87 39 32 91 38 136 24 749 58 53 24 41 64 21 505 38 169 30 69 27 735 186 41 23 191
internal_value=5.39642e-12 6.94878e-05 0.000478604 -0.00135833 0.00024464 -0.000673332 0.000622321 -0.000583584 0.000499089 0.00401652 -0.00314988 0.000344143 0.000419353 -0.000758967 0.00532489 -0.00152811 0.00290358 0.00544776 0.000981785 0.00241987 0.000120709 -0.00304669 -0.011253 -0.000702012 0.00109972 0.000141651 0.0056178 0.00656784 0.00483214 0.0043017
internal_weight=4074 4041 3141 900 475 420 333 294 262 129 425 3085 3061 989 111 878 129 105 2072 776 1296 306 68 238 990 762 271 250 209 228
internal_count=4074 4041 3141 900 475 420 333 294 262 129 425 3085 3061 989 111 878 129 105 2072 776 1296 306 68 238 990 762 271 250 209 228
is_linear=0
shrinkage=0.1


Tree=30
num_leaves=31
num_cat=0
split_feature=0 3 1 1 1 1 3 3 3 3 1 3 3 1 1 3 3 3 3 1 2 3 2 1 2 1 3 2 2 0
split_gain=0.22285 0.272974 0.192004 0.278049 0.195184 0.615278 0.237 0.308414 0.546918 0.169518 0.157734 0.130122 0.198751 0.164665 0.144891 0.178056 0.215355 0.308774 0.294436 0.208322 0.432197 0.357269 0.189188 0.164582 0.26746 0.131977 0.126574 0.223246 0.119668 0.202081
threshold=1.5000000000000002 0.76390000000000013 5.0050000000000008 4.9850000000000012 5.3350000000000009 5.3750000000000009 0.44369999999999993 0.41040000000000004 0.36315000000000003 0.48215000000000002 5.1250000000000009 0.12915000000000001 0.28735000000000005 6.955000000000001 6.660000000000001 0.31680000000000003 0.36425000000000002 0.37555000000000005 0.34985000000000005 6.035000000000001 0.17500000000000002 0.34095000000000003 0.15500000000000003 4.4750000000000005 0.17500000000000002 5.5750000000000011 0.21824999999999997 0.15500000000000003 0.13500000000000004 4.5000000000000009
decision_type=2 2 2 2 2 2 2 2 2 2 2 2 2 2 2 2 2 2 2 2 2 2 2 2 2 2 2 2 2 2
left_child=11 2 3 -2 6 -6 7 8 10 -8 -4 -1 26 14 15 22 18 -18 19 20 21 -17 -14 24 -19 -25 -13 -28 29 -7
right_child=1 -3 4 -5 5 28 9 -9 -10 -11 -12 12 13 -15 -16 16 17 23 -20 -21 -22 -23 -24 25 -26 -27 27 -29 -30 -31
leaf_value=0.0060208336118751414 -0.00093348774900052175 -0.011188027716201285 0.0051625474744165937 -0.010825737488680874 -0.015557492510415613 0.0038585164065177489 0.015007520943880082 -0.0091486853469784062 0.018489412534981969 0.0033621512502431867 -0.0016323505710530027 0.0028267882602370305 0.013474301058799029 0.0067546005390824813 -0.0042607712556694656 0.0015394468496485456 0.013439399719238283 -0.012285815291106702 -0.010125428518136581 -0.0088278118008747707 -0.0070980276213958859 0.017110984788640687 0.0023850275645963849 0.0076676076743751771 0.0033721369380752247 0.0012155138435499633 -0.013042174011468888 -0.00043016987619921566 -0.00016051451844293049 -0.0014545448471538047
leaf_weight=62 1406 23 54 29 25 205 25 24 20 25 93 23 25 62 43 41 25 20 34 20 32 23 40 46 24 102 25 32 1356 110
leaf_count=62 1406 23 54 29 25 205 25 24 20 25 93 23 25 62 43 41 25 20 34 20 32 23 40 46 24 102 25 32 1356 110
internal_value=1.09593e-11 -0.000330758 -0.000256702 -0.0011334 0.000392789 1.43873e-05 0.00305573 0.00145125 0.00297459 0.00918484 0.000863734 0.00165379 0.00121496 0.0019077 0.00127505 0.00182607 0.000971675 0.00298568 -0.00194192 0.000456697 0.00239097 0.00713547 0.00665013 0.00162452 -0.00374511 0.00322089 -0.00343505 -0.00596175 0.00024736 0.00200316
internal_weight=4074 3395 3372 1435 1937 1696 241 191 167 50 147 679 617 537 475 432 367 217 150 116 96 64 65 192 44 148 80 57 1671 315
internal_count=4074 3395 3372 1435 1937 1696 241 191 167 50 147 679 617 537 475 432 367 217 150 116 96 64 65 192 44 148 80 57 1671 315
is_linear=0
shrinkage=0.1


Tree=31
num_leaves=31
num_cat=0
split_feature=2 1 1 3 0 1 3 3 2 3 3 1 3 3 2 1 3 3 3 1 3 3 1 1 1 1 2 3 1 1
split_gain=0.194533 0.193133 0.255377 0.177534 0.166613 0.246756 0.125554 0.160071 0.374581 0.229955 0.225166 0.31046 0.186305 0.159461 0.192748 0.153278 0.147834 0.357064 0.343556 0.331296 0.305121 0.397789 0.297611 0.436789 0.284815 0.491361 0.226714 0.228341 0.236485 0.303285
threshold=1.3800000000000001 6.955000000000001 6.9300000000000006 0.42810000000000004 4.5000000000000009 2.1550000000000007 0.12915000000000001 0.26770000000000005 0.17500000000000002 0.20225000000000001 0.28610000000000008 5.4750000000000005 0.26600000000000007 0.18265000000000003 0.14500000000000005 4.0150000000000006 0.34645000000000004 0.34985000000000005 0.34395000000000003 5.1050000000000013 0.34240000000000009 0.34134999999999999 3.3350000000000004 5.0050000000000008 5.3350000000000009 5.6150000000000011 0.12500000000000003 0.41150000000000003 5.8050000000000006 6.455000000000001
decision_type=2 2 2 2 2 2 2 2 2 2 2 2 2 2 2 2 2 2 2 2 2 2 2 2 2 2 2 2 2 2
left_child=1 2 4 -3 5 -1 15 8 12 -10 11 -9 13 -8 -15 -7 18 19 20 -18 21 -12 -19 -24 -25 -26 -27 28 -28 -30
right_child=-2 3 -4 -5 -6 6 7 10 9 -11 16 -13 -14 14 -16 -17 17 22 -20 -21 -22 -23 23 24 25 26 27 -29 29 -31
leaf_value=-0.0073750621639192106 -0.0076466982450449118 0.0012737291237894209 -0.010205096244812013 0.0073283583822767026 -0.00099877299620710095 -0.0046517865165420207 -0.0058903057593852285 0.012423640779043371 -0.0016458436294838235 -0.013783327057152182 -0.00011456619574121985 -0.0015329689319644657 -0.0084942574834539781 -0.0032721661510212081 0.0054872795311587579 0.0040526026956892265 0.019480578936636447 0.0097284592025163076 -0.010856369580142201 0.001279040277004242 0.011331753669814631 -0.01230166011622974 -0.0020441654585423201 0.0070286850300953566 -0.0070976657296341729 -0.0048359395589592851 0.011935201688454702 0.00055431414199953906 0.00091288512218073992 0.0085111159522784884
leaf_weight=40 33 235 25 61 1261 23 24 37 27 37 616 28 21 35 89 168 20 36 32 20 22 28 427 97 64 43 39 253 153 80
leaf_count=40 33 235 25 61 1261 23 24 37 27 37 616 28 21 35 89 168 20 36 32 20 22 28 427 97 64 43 39 253 153 80
internal_value=-1.33535e-11 6.24452e-05 -0.000131913 0.00252147 -6.42172e-05 0.000415033 0.000543848 0.000332909 -0.00214732 -0.00866283 0.00062258 0.00641156 0.000320091 0.00157078 0.00301486 0.00300443 0.000427614 0.00108638 -0.000735135 0.0103798 -0.00024883 -0.00064444 0.00077452 0.000495677 0.00198335 0.00120899 0.00214495 0.00271671 0.00472806 0.00352172
internal_weight=4074 4041 3745 296 3720 2459 2419 2228 233 64 1995 65 169 148 124 191 1930 1232 698 40 666 644 1192 1156 729 632 568 525 272 233
internal_count=4074 4041 3745 296 3720 2459 2419 2228 233 64 1995 65 169 148 124 191 1930 1232 698 40 666 644 1192 1156 729 632 568 525 272 233
is_linear=0
shrinkage=0.1


Tree=32
num_leaves=31
num_cat=0
split_feature=0 3 2 3 1 1 1 1 3 3 2 1 3 1 1 1 1 3 1 1 1 1 3 3 2 3 3 0 3 3
split_gain=0.166654 0.213663 0.145647 0.21956 0.135388 0.102657 0.121022 0.142622 0.129294 0.250712 0.19576 0.125591 0.111448 0.107527 0.128576 0.0999603 0.376535 0.248922 0.202856 0.259889 0.199982 0.220691 0.199443 0.196644 0.187526 0.239562 0.309443 0.167562 0.166333 0.191317
threshold=1.5000000000000002 0.76390000000000013 1.3800000000000001 0.62285000000000013 7.6250000000000009 3.3850000000000002 3.8050000000000002 4.1350000000000007 0.21824999999999997 0.28735000000000005 0.15500000000000003 5.2150000000000007 0.35310000000000002 6.955000000000001 6.660000000000001 5.535000000000001 5.6650000000000009 0.35765000000000008 5.3350000000000009 5.3750000000000009 5.0050000000000008 4.9850000000000012 0.31555000000000005 0.34355000000000008 0.17500000000000002 0.36315000000000003 0.34395000000000003 3.5000000000000004 0.29740000000000005 0.31680000000000003
decision_type=2 2 2 2 2 2 2 2 2 2 2 2 2 2 2 2 2 2 2 2 2 2 2 2 2 2 2 2 2 2
left_child=5 2 3 4 15 -1 -7 12 11 10 -10 -9 -8 14 -11 18 17 22 20 -20 21 -2 -17 27 25 26 28 -21 -22 -30
right_child=1 -3 -4 -5 -6 6 7 8 9 13 -12 -13 -14 -15 -16 16 -18 -19 19 23 24 -23 -24 -25 -26 -27 -28 -29 29 -31
leaf_value=-0.0054526085477499741 -0.00075438675530749082 -0.009891638240736465 -0.0069348790624644613 0.0064884299564422392 0.0058437715232786212 0.0086202278303971983 0.00088460166007280354 0.011075386349801665 -0.011799884974956513 0.0019334182773982471 0.00084411790594458587 0.0026690136892004654 -0.0096722720190882683 0.0057903757318854337 -0.0038513066915816865 0.0051889070524147865 -0.00018375407743000523 0.00062435789183133618 -0.013576876737177371 0.0041046795571067687 -0.0025892527344135142 -0.0095687884195097567 0.01642956809502923 -0.0085898959322979578 -0.0020254585245210264 0.0089286995009474814 -0.0097343302376213525 -0.0041670350814238194 0.014017726723914561 0.001804922397473249
leaf_weight=21 1385 23 32 49 36 24 20 27 25 361 24 52 20 62 43 38 1328 53 25 48 26 29 27 38 72 63 21 50 23 29
leaf_count=21 1385 23 32 49 36 24 20 27 25 361 24 52 20 62 43 38 1328 53 25 48 26 29 27 38 72 63 21 50 23 29
internal_value=5.46786e-12 -0.000286031 -0.000220512 -0.000156183 -0.000255115 0.00143015 0.00164982 0.00138595 0.00177516 0.00119733 -0.0056069 0.00554208 -0.00439384 0.00191279 0.00131772 -0.000322568 0.000297263 0.00571074 -0.000818022 -0.00420599 -0.000487037 -0.000935163 0.0098581 -0.00248341 0.00222087 0.00410813 0.00104049 -0.000115583 0.00394141 0.00720674
internal_weight=4074 3395 3372 3340 3291 679 658 634 594 515 49 79 40 466 404 3255 1446 118 1809 161 1648 1414 65 136 234 162 99 98 78 52
internal_count=4074 3395 3372 3340 3291 679 658 634 594 515 49 79 40 466 404 3255 1446 118 1809 161 1648 1414 65 136 234 162 99 98 78 52
is_linear=0
shrinkage=0.1


Tree=33
num_leaves=31
num_cat=0
split_feature=0 1 3 3 1 1 3 3 3 3 3 3 3 2 1 3 2 3 3 3 3 0 2 2 3 1 1 3 0 3
split_gain=0.157594 0.153408 0.14132 0.195756 0.23437 0.229611 0.189428 0.170664 0.143662 0.16586 0.196224 0.192551 0.246233 0.275701 0.153221 0.133794 0.131187 0.121283 0.146288 0.123956 0.108178 0.095538 0.110059 0.125841 0.0930737 0.259143 0.154257 0.146218 0.352955 0.186716
threshold=5.5000000000000009 7.4400000000000004 0.28610000000000008 0.33255000000000007 5.0650000000000004 5.7150000000000007 0.22334999999999997 0.34310000000000002 0.35865000000000008 0.36580000000000007 0.38235000000000002 0.46345000000000008 0.43725000000000008 0.14500000000000005 5.3950000000000005 0.4865000000000001 0.15500000000000003 0.40310000000000001 0.41600000000000009 0.39110000000000006 0.30385000000000006 1.5000000000000002 0.27500000000000008 0.22500000000000003 0.45415000000000005 6.9150000000000009 6.5550000000000006 0.43390000000000001 4.5000000000000009 0.43090000000000006
decision_type=2 2 2 2 2 2 2 2 2 2 2 2 2 2 2 2 2 2 2 2 2 2 2 2 2 2 2 2 2 2
left_child=1 21 6 4 -4 -6 -2 -5 14 -10 -11 12 13 -12 -9 -13 -8 19 -19 -15 -7 -1 23 24 27 26 -26 29 -29 -23
right_child=2 -3 3 7 5 20 16 8 9 10 11 15 -14 17 -16 -17 -18 18 -20 -21 -22 22 -24 -25 25 -27 -28 28 -30 -31
leaf_value=0.0012552519583195823 -0.0013042351051878471 0.0046332468695738181 -0.0094461584841643558 0.0060625531477853656 0.0069463548129019533 0.0006259652830305554 0.012123824931357219 -0.013399332202970982 0.0077340660882847653 -0.0089996833910023968 0.0075052350886504766 -0.010940881732052991 0.0090237820574215477 -0.0045230279210954905 -0.0010210677376016975 -0.0021451940641225298 0.0013225347819653425 -0.012593760205940767 -0.0017799402105397192 0.0056404696447619551 -0.0085552339166910813 -0.00023684870050267866 -0.0068334089902540047 0.0073337234556674962 0.0015095597859697356 0.01146225892007351 -0.0052047596838420791 -0.00079643276736273295 -0.014331580117344856 0.0094703556620515886
leaf_weight=656 78 79 69 32 23 21 23 20 21 31 33 21 35 24 20 98 22 22 29 24 33 2142 24 23 279 24 39 84 25 20
leaf_count=656 78 79 69 32 23 21 23 20 21 31 33 21 35 24 20 98 22 22 29 24 33 2142 24 23 279 24 39 84 25 20
internal_value=1.76738e-12 0.000278147 -0.00139073 -0.00206928 -0.00521367 -0.00142093 0.00167653 -0.000949575 -0.00154319 -0.000872543 -0.0014427 -0.000623583 0.00156672 -0.000410528 -0.0072102 -0.00369737 0.00684319 -0.00304912 -0.00644473 0.000558721 -0.00498477 0.000174392 -9.21666e-05 -3.07895e-05 -9.5613e-05 0.00144233 0.000686106 -0.000327218 -0.00390082 -0.00014705
internal_weight=4074 3395 679 556 146 77 123 410 378 338 317 286 167 132 40 119 45 99 51 48 54 3316 2660 2636 2613 342 318 2271 109 2162
internal_count=4074 3395 679 556 146 77 123 410 378 338 317 286 167 132 40 119 45 99 51 48 54 3316 2660 2636 2613 342 318 2271 109 2162
is_linear=0
shrinkage=0.1


Tree=34
num_leaves=31
num_cat=0
split_feature=1 0 3 2 3 0 1 2 3 3 1 1 3 3 1 1 0 3 3 0 3 3 1 3 0 2 1 1 1 3
split_gain=0.127776 0.116796 0.178572 0.102829 0.202161 0.163759 0.0897586 0.0902153 0.170817 0.221865 0.232745 0.723327 0.252025 0.380861 0.239148 0.208744 0.203186 0.164934 0.183417 0.175243 0.120903 0.19429 0.152146 0.175556 0.183481 0.134891 0.275935 0.23807 0.31306 0.242295
threshold=2.9350000000000005 1.5000000000000002 0.76390000000000013 1.5350000000000004 0.59040000000000015 4.5000000000000009 7.6250000000000009 0.18500000000000003 0.47120000000000006 0.42810000000000004 4.1850000000000014 4.0450000000000008 0.39065 0.27955000000000008 3.9850000000000008 3.7750000000000004 4.5000000000000009 0.32240000000000008 0.34739999999999999 3.5000000000000004 0.49690000000000006 0.48040000000000005 6.3650000000000011 0.52785000000000004 3.5000000000000004 0.16500000000000004 4.2250000000000005 4.4900000000000011 4.5450000000000008 0.35640000000000005
decision_type=2 2 2 2 2 2 2 2 2 2 2 2 2 2 2 2 2 2 2 2 2 2 2 2 2 2 2 2 2 2
left_child=-1 -2 3 4 6 -6 7 20 9 10 11 14 13 -12 15 -9 -17 19 -19 -15 21 25 23 24 -22 26 -3 -27 -29 -30
right_child=1 2 -4 -5 5 -7 -8 8 -10 -11 12 -13 -14 17 -16 16 -18 18 -20 -21 22 -23 -24 -25 -26 27 -28 28 29 -31
leaf_value=-0.0021361919948191363 0.001348769540302986 -0.0049236978264073439 -0.0088871784589212872 -0.0059703775039263848 0.010485994336054181 -0.00012570829488910162 0.0048629949904150441 0.0034486037598032019 -0.0077954268595203761 0.0086390231906368249 -0.0020935249285742876 -0.01768132947618142 -0.0073516074152264223 0.019312984142452479 0.0095084363594651229 -0.012743760046103728 0.00040929240252201757 -0.0009094315792687914 0.0089058772888448504 0.0065139820232339527 0.015480414348775926 -0.0086711895876917348 -0.0018330517050344497 -0.00075924592713514966 0.0033259734787322859 0.00074345256907446628 0.00042412913543912658 -0.014773824881939663 -4.6073145349510013e-05 -0.0045210909219573206
leaf_weight=262 667 103 23 29 33 26 36 46 20 41 63 25 21 20 26 23 24 33 45 23 23 29 48 30 27 298 1525 21 240 244
leaf_count=262 667 103 23 29 33 26 36 46 20 41 63 25 21 20 26 23 24 33 45 23 23 29 48 30 27 298 1525 21 240 244
internal_value=-7.06736e-12 0.000146821 -0.000108091 -4.34151e-05 1.21562e-05 0.00580965 -0.000100584 -0.000160186 0.00121802 0.00168025 0.000862742 -0.00221848 0.00302712 0.00421164 0.00103001 -0.0013403 -0.00602731 0.0074945 0.00475325 0.012467 -0.000378527 -0.000534436 0.00261787 0.00528842 0.00891702 -0.000437371 8.57838e-05 -0.00149801 -0.0028207 -0.00230207
internal_weight=4074 3812 3145 3122 3093 59 3034 2998 410 390 349 144 205 184 119 93 47 121 78 43 2588 2460 128 80 50 2431 1628 803 505 484
internal_count=4074 3812 3145 3122 3093 59 3034 2998 410 390 349 144 205 184 119 93 47 121 78 43 2588 2460 128 80 50 2431 1628 803 505 484
is_linear=0
shrinkage=0.1


Tree=35
num_leaves=31
num_cat=0
split_feature=0 1 3 3 1 1 1 3 3 1 2 3 3 3 3 1 3 2 1 1 1 1 1 1 3 1 1 2 2 0
split_gain=0.115562 0.118499 0.109297 0.178775 0.160821 0.248835 0.194774 0.150794 0.117762 0.336655 0.105407 0.101177 0.17747 0.150245 0.132009 0.152366 0.237958 0.0956178 0.0897553 0.0789142 0.135823 0.0788283 0.0875686 0.0696977 0.103594 0.0638818 0.112106 0.123689 0.103254 0.0802832
threshold=5.5000000000000009 7.4400000000000004 0.28610000000000008 0.31215000000000009 7.1250000000000009 6.5850000000000009 6.4350000000000014 0.22334999999999997 0.30385000000000006 5.1050000000000013 0.15500000000000003 0.32025000000000003 0.33255000000000007 0.34355000000000008 0.35310000000000002 4.7250000000000005 0.39930000000000004 0.16500000000000004 5.6150000000000011 5.5150000000000006 4.5050000000000008 3.6450000000000005 1.5300000000000002 6.0650000000000004 0.41815000000000002 2.6000000000000001 1.4400000000000002 0.17500000000000002 0.21500000000000002 1.5000000000000002
decision_type=2 2 2 2 2 2 2 2 2 2 2 2 2 2 2 2 2 2 2 2 2 2 2 2 2 2 2 2 2 2
left_child=1 25 7 8 5 6 11 19 9 -4 -9 -5 -13 -14 -15 16 -16 23 -19 20 -2 22 -18 24 -17 26 -1 -28 -29 -27
right_child=2 -3 3 4 -6 -7 -8 10 -10 -11 -12 12 13 14 15 17 21 18 -20 -21 -22 -23 -24 -25 -26 29 27 28 -30 -31
leaf_value=0.0026380885599388022 0.0008503921329975129 0.0040658222733189267 -0.011055308269957702 0.0060437311232089995 -0.009812068037572317 0.0067804929164306423 -0.010770425279181274 0.010849730216938518 -0.01107486183444659 0.004887393962305326 0.0011677345768971877 -0.0081437598037369108 0.0060705389466977891 -0.0086979538032954384 0.0077793177065634449 -0.0025372725945931895 -0.0006312758696300013 -0.0024080313509330154 -0.010280380471210396 0.0032185779108355444 -0.0096354168440614431 0.0028826801468514736 -0.0081159495642747406 -0.0051200647741400955 0.0069582564011216172 0.0012284804416343232 0.0023397711632044418 -0.0094670236785299126 -0.001422292097575135 -1.9090020635206277e-05
leaf_weight=36 30 79 27 20 20 41 21 23 30 26 22 34 31 22 43 27 54 30 28 27 21 36 22 24 20 647 23 39 27 2544
leaf_count=36 30 79 27 20 20 41 21 23 30 26 22 34 31 22 43 27 54 30 28 27 21 36 22 24 20 647 23 39 27 2544
internal_value=-1.18758e-11 0.000238183 -0.00119092 -0.00178765 -0.00103651 -0.000649067 -0.00138842 0.00150653 -0.00606828 -0.00323436 0.00611631 -0.000884523 -0.00125801 -0.000563309 -0.00123537 -0.000657278 0.00145579 -0.00319624 -0.00620848 -0.00115295 -0.00346729 -0.000971994 -0.00279789 -0.000735532 0.00150338 0.000146994 -0.00207064 -0.00397529 -0.006176 0.000233865
internal_weight=4074 3395 679 556 473 453 412 123 83 53 45 391 371 337 306 284 155 129 58 78 51 112 76 71 47 3316 125 89 66 3191
internal_count=4074 3395 679 556 473 453 412 123 83 53 45 391 371 337 306 284 155 129 58 78 51 112 76 71 47 3316 125 89 66 3191
is_linear=0
shrinkage=0.1


Tree=36
num_leaves=31
num_cat=0
split_feature=2 2 1 3 3 1 0 2 2 3 3 1 1 1 0 3 3 2 3 3 0 1 1 1 1 1 3 3 3 3
split_gain=0.100228 0.13895 0.175715 0.269868 0.596326 0.166831 0.0962631 0.103455 0.0834533 0.0814613 0.105037 0.0762179 0.190537 0.100938 0.0719285 0.103335 0.635551 0.31504 0.336026 0.237465 0.241239 0.362648 0.222955 0.170026 0.259808 0.226309 0.170164 0.156161 0.279123 0.270987
threshold=1.3800000000000001 0.22500000000000003 3.7500000000000004 0.36020000000000002 0.38314999999999999 2.0550000000000002 2.5000000000000004 0.17500000000000002 0.115 0.76390000000000013 0.59040000000000015 3.4950000000000006 2.6000000000000001 1.5300000000000002 3.5000000000000004 0.35605000000000003 0.35865000000000008 0.12500000000000003 0.34739999999999999 0.38970000000000005 4.5000000000000009 5.1700000000000008 6.3150000000000004 4.2150000000000007 4.035000000000001 4.1250000000000009 0.32380000000000003 0.39930000000000004 0.40225000000000005 0.39455000000000007
decision_type=2 2 2 2 2 2 2 2 2 2 2 2 2 2 2 2 2 2 2 2 2 2 2 2 2 2 2 2 2 2
left_child=1 2 3 6 -5 -3 7 -1 -4 10 14 12 13 -6 -10 17 -17 -16 23 20 21 -18 -23 24 26 -26 -19 29 -29 -21
right_child=-2 5 8 4 11 -7 -8 -9 9 -11 -12 -13 -14 -15 15 16 19 18 -20 27 -22 22 -24 -25 25 -27 -28 28 -30 -31
leaf_value=-0.0038544372767210008 -0.0054887349406878153 -0.00064730724053723484 0.0057348538983475281 0.015818654739743341 -0.0001270597158321019 0.010085490321119626 -0.0032980890421449773 -0.013046186867480478 0.00054914477224812254 -0.0057777876439301865 0.0042071554387803191 -0.0061162513913586743 0.0053265364056952844 -0.0066568210232071578 -0.012019761726260186 -0.016890007644891739 -0.01819899024457023 0.0082270881719887258 0.007828015499733023 0.00044708551669662652 -0.00080779248336017545 0.0022097095395579485 -0.0093287942054517126 0.00064560680454703616 -0.016957896544287601 -0.0025995664784441825 -0.0042622459461805796 -0.0088406250154709123 0.00059356284705290368 0.013841419958549997
leaf_weight=25 33 28 27 23 58 30 162 24 1832 23 64 28 41 40 20 25 23 20 61 44 149 33 34 698 21 23 24 34 404 23
leaf_count=25 33 28 27 23 58 30 162 24 1832 23 64 28 41 40 20 25 23 20 61 44 149 33 34 698 21 23 24 34 404 23
internal_value=5.44072e-12 4.48226e-05 -2.59382e-05 -0.00201107 0.000722735 0.00490414 -0.0044728 -0.00835652 0.000196295 0.00015423 0.000192859 -0.00135634 -0.000397513 -0.00279227 0.000118777 -0.000363151 -0.00120703 0.000385339 0.000678258 -0.000680046 -0.00327697 -0.00736484 -0.00364565 0.000123379 -0.00401884 -0.00945241 0.00141472 0.000548995 -0.000138771 0.00504514
internal_weight=4074 4041 3983 401 190 58 211 49 3582 3555 3532 167 139 98 3468 1636 769 867 847 744 239 90 67 786 88 44 44 505 438 67
internal_count=4074 4041 3983 401 190 58 211 49 3582 3555 3532 167 139 98 3468 1636 769 867 847 744 239 90 67 786 88 44 44 505 438 67
is_linear=0
shrinkage=0.1


Tree=37
num_leaves=31
num_cat=0
split_feature=0 1 3 3 3 2 1 1 1 1 1 3 3 3 3 1 1 3 3 3 1 3 1 1 1 2 1 1 2 0
split_gain=0.0920533 0.0964637 0.087224 0.171774 0.161658 0.174822 0.126885 0.193461 0.164061 0.082011 0.232393 0.0991235 0.252131 0.0834328 0.116546 0.323206 0.366504 0.215126 0.157497 0.161597 0.191365 0.0784472 0.0774717 0.106632 0.0701566 0.0621341 0.0588274 0.052132 0.188178 0.157493
threshold=5.5000000000000009 7.4400000000000004 0.28840000000000005 0.27430000000000004 0.31215000000000009 0.16500000000000004 7.1250000000000009 6.5850000000000009 6.4350000000000014 6.2350000000000012 6.0550000000000006 0.32240000000000008 0.33255000000000007 0.34095000000000003 0.39110000000000006 4.3250000000000011 5.4250000000000007 0.40060000000000007 0.41360000000000002 0.46345000000000008 4.2550000000000008 0.5495000000000001 3.9100000000000006 4.9350000000000014 6.4850000000000012 0.16500000000000004 6.8450000000000006 5.9750000000000005 0.17500000000000002 3.5000000000000004
decision_type=2 2 2 2 2 2 2 2 2 2 2 2 2 2 2 2 2 2 2 2 2 2 2 2 2 2 2 2 2 2
left_child=1 27 3 22 5 -4 7 8 9 10 11 -6 -13 -14 15 -15 -17 -16 -19 20 -20 25 -2 -24 -25 -21 -9 -1 -29 -30
right_child=2 -3 4 -5 6 -7 -8 26 -10 -11 -12 12 13 14 17 16 -18 18 19 21 -22 -23 23 24 -26 -27 -28 28 29 -31
leaf_value=-0.00015591799762351504 -0.0052584385573863981 0.0036660507008952057 -0.010095278253822133 0.0093154121190309521 0.0061158045594181332 -0.00033370708551956342 -0.0087279905294417402 0.0098434072732925416 -0.0098514786795324966 0.0046479046774598274 -0.011377534571857681 -0.0098701900738323561 0.0058264687996019025 0.0042211301186505486 0.010407816405807223 -0.014222450709591309 0.0024008070783955709 -0.0084291001515729089 -0.0021483142436905345 -0.00094232972372661943 0.0098921920821973784 0.0013858939592654889 0.0061215135401913104 -0.0041782088737402643 0.003132923617072049 -0.0083758733923668446 0.0022653631533363036 0.00036770857781395734 0.010608817045302954 0.00057738544098262133
leaf_weight=2180 25 79 43 22 21 32 20 20 21 26 21 29 22 34 21 36 21 21 22 22 33 39 28 35 21 23 21 1073 34 29
leaf_count=2180 25 79 43 22 21 32 20 20 21 26 21 29 22 34 21 36 21 21 22 22 33 39 28 35 21 23 21 1073 34 29
internal_value=1.11268e-11 0.000212581 -0.0010629 0.00125523 -0.00161706 -0.00593034 -0.000933131 -0.000588987 -0.0012409 -0.000778442 -0.00116498 -0.000541535 -0.000974366 -9.68862e-05 -0.000575981 -0.00349531 -0.00809809 0.000891746 -0.000357238 0.000862251 0.00507599 -0.00189674 -0.000371601 0.00108282 -0.00143653 -0.0047417 0.00596197 0.000130306 0.000679573 0.00599117
internal_weight=4074 3395 679 131 548 75 473 453 412 391 365 344 323 294 272 91 57 181 160 139 55 84 109 84 56 45 41 3316 1136 63
internal_count=4074 3395 679 131 548 75 473 453 412 391 365 344 323 294 272 91 57 181 160 139 55 84 109 84 56 45 41 3316 1136 63
is_linear=0
shrinkage=0.1


Tree=38
num_leaves=31
num_cat=0
split_feature=2 2 1 3 3 2 0 2 2 1 1 3 3 1 3 0 2 1 1 1 1 2 1 3 0 1 3 2 3 1
split_gain=0.0791195 0.117872 0.134809 0.213514 0.474835 0.130188 0.0820589 0.0766878 0.156453 0.0674068 0.226745 0.130618 0.0989112 0.160525 0.155084 0.132475 0.0797527 0.0580448 0.057959 0.197688 0.126563 0.180045 0.166048 0.0874963 0.195189 0.263421 0.16124 0.151176 0.142572 0.138504
threshold=1.3800000000000001 0.22500000000000003 3.7500000000000004 0.36020000000000002 0.38314999999999999 0.27500000000000008 1.5000000000000002 0.17500000000000002 0.19500000000000003 6.955000000000001 6.9300000000000006 0.42810000000000004 0.32640000000000008 7.6700000000000008 0.30720000000000003 1.5000000000000002 0.14500000000000005 7.3850000000000007 6.9050000000000011 6.8850000000000007 6.8150000000000004 0.14500000000000005 6.7750000000000012 0.15254999999999999 4.5000000000000009 4.7350000000000012 0.23304999999999998 0.16500000000000004 0.24744999999999998 6.3650000000000011
decision_type=2 2 2 2 2 2 2 2 2 2 2 2 2 2 2 2 2 2 2 2 2 2 2 2 2 2 2 2 2 2
left_child=1 2 3 6 -5 -3 -1 -6 -9 10 18 12 14 15 -11 -14 -17 -13 19 20 22 -22 23 24 -4 -26 -25 -27 -28 -30
right_child=-2 5 9 4 7 -7 -8 8 -10 11 -12 17 13 -15 -16 16 -18 -19 -20 -21 21 -23 -24 26 25 27 28 -29 29 -31
leaf_value=-0.0097339711469513462 -0.004876616765095881 0.0090925320858756698 0.0036727234642729974 0.014138197515200339 -0.0034493853231962728 -0.00038859418460300993 -0.003280967192123176 0.0040300414564886262 -0.0047351982473628597 0.00058694143511661115 -0.0094481419771909724 0.0080546213540797825 0.0042206283303953358 0.0056969511081223136 0.0095809373574761245 -0.002287034515968778 -0.0085053929776856396 0.0016306608322669159 0.0050079479658355318 -0.0082905929136489111 -0.00012996677645376974 0.011406838692103823 -0.0057710788401891481 -0.0032183456712880651 0.0055796610536398717 -0.002108928008840002 0.0074018838160015924 -0.013410146465757861 -0.00019738048299509193 0.0018506290924004303
leaf_weight=22 33 30 184 23 79 28 189 56 32 73 25 39 21 27 26 55 33 22 24 28 31 24 48 148 27 29 27 20 2285 386
leaf_count=22 33 30 184 23 79 28 189 56 32 73 25 39 21 27 26 55 33 22 24 28 31 24 48 148 27 29 27 20 2285 386
internal_value=-2.12099e-12 3.98239e-05 -2.53495e-05 -0.00176413 0.000667543 0.00451544 -0.00395379 -0.0011877 0.000842682 0.000169305 3.91078e-05 0.00161467 0.000544413 -0.00120599 0.002949 -0.00291589 -0.00461892 0.00573778 0.00011184 7.55394e-05 0.000148538 0.00490428 6.56064e-05 0.000155806 0.00191181 -0.00235146 -4.61556e-06 -0.00672167 0.000171675 9.8588e-05
internal_weight=4074 4041 3983 401 190 58 211 167 88 3582 3286 296 235 136 99 109 88 61 3261 3237 3209 55 3154 3106 260 76 2846 49 2698 2671
internal_count=4074 4041 3983 401 190 58 211 167 88 3582 3286 296 235 136 99 109 88 61 3261 3237 3209 55 3154 3106 260 76 2846 49 2698 2671
is_linear=0
shrinkage=0.1


Tree=39
num_leaves=31
num_cat=0
split_feature=0 3 3 1 1 3 1 1 3 3 3 3 1 3 1 1 3 3 3 0 2 2 1 3 1 2 3 3 1 3
split_gain=0.0670832 0.0805237 0.126023 0.126561 0.243493 0.11932 0.126361 0.158215 0.113093 0.196706 0.165375 0.111093 0.105862 0.0895416 0.07982 0.0738053 0.117588 0.10497 0.0864826 0.0821901 0.0695263 0.131744 0.0679501 0.155513 0.0827023 0.0624913 0.0584348 0.0690429 0.058111 0.047513
threshold=5.5000000000000009 0.28610000000000008 0.33644999999999997 5.0650000000000004 5.7150000000000007 0.34565000000000007 4.7250000000000005 5.1400000000000015 0.46345000000000008 0.39405000000000007 0.37555000000000005 0.39930000000000004 3.9100000000000006 0.30385000000000006 6.0750000000000011 7.1350000000000007 0.51480000000000015 0.38400000000000001 0.35280000000000006 2.5000000000000004 0.17500000000000002 0.21500000000000002 4.6950000000000012 0.22334999999999997 5.6850000000000014 0.17500000000000002 0.29830000000000007 0.32025000000000003 6.245000000000001 0.45415000000000005
decision_type=2 2 2 2 2 2 2 2 2 2 2 2 2 2 2 2 2 2 2 2 2 2 2 2 2 2 2 2 2 2
left_child=15 12 3 26 -5 -4 11 -8 9 10 -9 25 -2 -6 -11 29 17 18 19 -17 -13 -22 -14 24 -24 -7 -3 -28 -10 -1
right_child=1 2 5 4 13 6 7 8 28 14 -12 20 22 -15 -16 16 -18 -19 -20 -21 21 -23 23 -25 -26 -27 27 -29 -30 -31
leaf_value=-7.4490488746272213e-05 -0.0042585508324778998 -0.011140306404029783 0.0059545349743631154 0.0069040230117165119 0.00058262853750160764 0.0083900186198729073 -0.009546631268624749 0.00064515886016381101 -0.0098037958424538382 0.00773634234443307 -0.0091400647986560109 -0.0026999105873983355 0.007961897126265936 -0.007516644618067986 0.00070694926727030963 -0.00021782967227476613 -0.0048741260753013202 0.006932634915060857 -0.0028143524220495516 0.0075848351957069505 0.0069551021740254437 -0.0036056271532461759 -0.007071354873478413 0.0068398474395507947 0.0016355659657468398 0.001116592405984799 -0.00038312024669721727 -0.0078729347384069118 -0.0026340081302735669 0.001038111771201503
leaf_weight=2792 26 22 27 26 21 27 28 39 20 30 31 64 21 39 35 27 20 51 33 27 27 21 20 32 24 21 20 32 26 445
leaf_count=2792 26 22 27 26 21 27 28 39 20 30 31 64 21 39 35 27 20 51 33 27 27 21 20 32 24 21 20 32 26 445
internal_value=-7.37258e-12 -0.000907363 -0.00141957 -0.00378808 -0.00117918 -0.000462592 -0.000932138 -0.00255126 -0.0014691 -9.98014e-06 -0.0036883 0.00118284 0.00140796 -0.0046819 0.00395128 0.000181473 0.00229188 0.00333043 0.0012188 0.0036835 -0.000542185 0.00233478 0.00292682 0.00153555 -0.00232213 0.00520789 -0.00682004 -0.00499224 -0.00575131 7.84622e-05
internal_weight=4074 679 556 160 86 396 369 209 181 135 70 160 123 60 65 3395 158 138 87 54 112 48 97 76 44 48 74 52 46 3237
internal_count=4074 679 556 160 86 396 369 209 181 135 70 160 123 60 65 3395 158 138 87 54 112 48 97 76 44 48 74 52 46 3237
is_linear=0
shrinkage=0.1


Tree=40
num_leaves=31
num_cat=0
split_feature=1 1 1 1 3 3 2 3 1 1 0 1 2 3 3 1 1 1 0 1 0 0 2 3 3 1 0 3 3 1
split_gain=0.0578817 0.162173 0.288625 0.274504 0.193956 0.295276 0.140116 0.129935 0.113062 0.180513 0.176994 0.167013 0.14093 0.186162 0.289632 0.163597 0.140268 0.131557 0.127555 0.126453 0.123998 0.112434 0.110042 0.416986 0.65453 0.415443 0.195531 0.143303 0.135646 0.110518
threshold=5.9750000000000005 5.6650000000000009 5.535000000000001 5.5250000000000012 0.35765000000000008 0.32150000000000001 0.16500000000000004 0.62285000000000013 5.3350000000000009 5.3750000000000009 3.5000000000000004 5.0050000000000008 0.17500000000000002 0.36120000000000002 0.34395000000000003 5.245000000000001 5.1950000000000012 5.2150000000000007 2.5000000000000004 4.995000000000001 4.5000000000000009 3.5000000000000004 0.15500000000000003 0.39065 0.34645000000000004 5.7350000000000012 1.5000000000000002 0.31215000000000009 0.32724999999999999 5.8050000000000006
decision_type=2 2 2 2 2 2 2 2 2 2 2 2 2 2 2 2 2 2 2 2 2 2 2 2 2 2 2 2 2 2
left_child=1 2 3 7 5 6 -4 8 11 -10 18 19 13 14 17 16 -14 21 -11 -1 -15 -13 25 24 27 -3 -27 -24 29 -28
right_child=-2 22 4 -5 -6 -7 -8 -9 9 10 -12 12 15 20 -16 -17 -18 -19 -20 -21 -22 -23 23 -25 -26 26 28 -29 -30 -31
leaf_value=-0.00031158217326609795 0.00051475073500377889 -0.0090027760914635178 0.0079513118005706939 -0.010902237791257601 0.00034849335493492912 0.016604088056832552 -0.0020403272500261666 0.005726865447453551 -0.0097350786005457254 -0.0010391997630623253 -0.0051899987127399074 0.011774395204459628 -0.00053972871974110608 0.010517331155948342 -0.0085338319186121225 0.005438681727705094 -0.010886051151901485 -0.0017438985664269019 0.0071569208569567779 -0.0083121225982904431 0.0018918530344963075 0.0030316780590893405 -0.002830469269183991 -0.010483498781104572 0.0095236817352651135 0.010486644320189954 0.0010533706728546393 -0.012118588739003127 0.0033318716101348404 -0.009333500415086746
leaf_weight=1617 1422 43 32 24 69 25 25 37 30 55 64 24 38 50 24 26 20 29 29 20 25 38 46 64 42 24 21 26 65 20
leaf_count=1617 1422 43 32 24 69 25 25 37 30 55 64 24 38 50 24 26 20 29 29 20 25 38 46 64 42 24 21 26 65 20
internal_value=-6.00436e-12 -0.000276009 2.94116e-05 -0.000267398 0.00425551 0.00754312 0.00356901 -0.000147343 -0.000251386 -0.0026619 -0.00122814 -2.68596e-05 0.00225818 0.00376614 0.0012383 -0.00115268 -0.00410743 0.00381556 0.00179041 -0.000409329 0.00764217 0.00641596 -0.00227821 -0.00402379 -0.000397283 -0.000482182 0.00233617 -0.00618451 0.000490778 -0.0040134
internal_weight=4074 2652 2301 2150 151 82 57 2126 2089 178 148 1911 274 190 115 84 58 91 84 1637 75 62 351 178 114 173 130 72 106 41
internal_count=4074 2652 2301 2150 151 82 57 2126 2089 178 148 1911 274 190 115 84 58 91 84 1637 75 62 351 178 114 173 130 72 106 41
is_linear=0
shrinkage=0.1


Tree=41
num_leaves=31
num_cat=0
split_feature=2 2 1 1 3 3 0 2 1 1 1 3 2 3 3 2 3 3 3 1 1 3 3 0 1 3 3 1 3 3
split_gain=0.0589866 0.0995587 0.117035 0.10187 0.160974 0.378766 0.0742366 0.0824963 0.0659611 0.14217 0.0934496 0.066903 0.0634504 0.0624404 0.0793697 0.0701334 0.157157 0.17289 0.181041 0.13906 0.268963 0.127227 0.411416 0.928489 0.343984 0.26277 0.227927 0.374027 0.183526 0.179217
threshold=1.3800000000000001 0.22500000000000003 2.5000000000000004 3.7500000000000004 0.36020000000000002 0.38314999999999999 2.5000000000000004 0.17500000000000002 3.4950000000000006 2.6000000000000001 1.5300000000000002 0.53195000000000014 0.115 0.76390000000000013 0.59040000000000015 0.18500000000000003 0.46345000000000008 0.42810000000000004 0.40310000000000001 3.9450000000000007 4.0050000000000008 0.26505000000000006 0.31680000000000003 2.5000000000000004 4.3550000000000013 0.34739999999999999 0.33644999999999997 4.5050000000000008 0.12130000000000001 0.36580000000000007
decision_type=2 2 2 2 2 2 2 2 2 2 2 2 2 2 2 2 2 2 2 2 2 2 2 2 2 2 2 2 2 2
left_child=1 3 -3 4 6 -6 7 -1 9 10 11 -7 -5 14 15 19 17 18 21 -14 -21 24 23 -23 -17 26 27 -24 -26 -27
right_child=-2 2 -4 12 5 8 -8 -9 -10 -11 -12 -13 13 -15 -16 16 -18 -19 -20 20 -22 22 25 -25 28 29 -28 -29 -30 -31
leaf_value=-0.0028285775193944577 -0.0042106948877600114 0.00076347865365646982 0.010110232979059219 0.0049730909608856396 0.012605418845930179 0.0046498276293277744 -0.0024066796936640907 -0.011036622167254489 -0.0055106512836313676 0.0047538459550861903 -0.0059776274906471376 -0.002349788167824348 0.0052482253250976411 -0.005086471261861532 0.0036303681699791923 0.0059589468600118869 -0.0062533236180360502 0.0085909578137729758 -0.0076584990559653808 -0.010949495260644218 -9.3832433321337761e-05 0.025285908207297328 -0.01015041178578268 0.00093018849483794642 -0.00074107070331988132 0.0079511953883019161 -0.011599766348416989 0.0063610415850930361 -0.013118648489937188 -0.00017531863413751126
leaf_weight=25 33 37 21 27 23 22 162 24 28 41 40 36 48 23 64 34 26 34 22 23 2972 24 23 45 23 51 26 34 25 58
leaf_count=25 33 37 21 27 23 22 162 24 28 41 40 36 48 23 64 34 26 34 22 23 2972 24 23 45 23 51 26 34 25 58
internal_value=-1.77423e-11 3.43858e-05 0.00414765 -2.55111e-05 -0.00153701 0.000574383 -0.00343827 -0.00684884 -0.00108259 -0.000190601 -0.0022592 0.000305239 0.0001437 0.000107021 0.00014084 7.64428e-05 0.00127976 0.00177064 0.00113532 -9.1618e-05 -0.000177198 0.00169935 0.00277887 0.00940174 -0.00173667 0.000398773 -0.0038407 -0.000301475 -0.00718773 0.003627
internal_weight=4074 4041 58 3983 401 190 211 49 167 139 98 58 3582 3555 3532 3468 425 399 365 3043 2995 343 261 69 82 192 83 57 48 109
internal_count=4074 4041 58 3983 401 190 211 49 167 139 98 58 3582 3555 3532 3468 425 399 365 3043 2995 343 261 69 82 192 83 57 48 109
is_linear=0
shrinkage=0.1


Tree=42
num_leaves=31
num_cat=0
split_feature=2 2 2 1 3 3 0 2 0 1 1 1 1 3 1 3 2 1 1 3 1 3 1 1 1 1 2 0 2 1
split_gain=0.0477792 0.0806426 0.096544 0.0825149 0.130389 0.3068 0.0601316 0.066822 0.0558997 0.113421 0.26305 0.0976602 0.0550501 0.0658528 0.0988202 0.0526047 0.0513949 0.0508536 0.28014 0.273334 0.403195 0.272575 0.31146 0.217161 0.202084 0.266142 0.18093 0.160516 0.134936 0.0876832
threshold=1.3800000000000001 0.22500000000000003 0.27500000000000008 3.7500000000000004 0.36020000000000002 0.38314999999999999 2.5000000000000004 0.17500000000000002 4.5000000000000009 3.4950000000000006 2.6000000000000001 1.5300000000000002 3.7000000000000006 0.23715000000000003 3.0800000000000005 0.53195000000000014 0.115 4.0650000000000004 4.0950000000000006 0.38970000000000005 4.0050000000000008 0.28735000000000005 4.0050000000000008 3.9100000000000006 4.1650000000000009 4.2250000000000005 0.18500000000000003 3.5000000000000004 0.17500000000000002 4.3550000000000013
decision_type=2 2 2 2 2 2 2 2 2 2 2 2 2 2 2 2 2 2 2 2 2 2 2 2 2 2 2 2 2 2
left_child=1 3 -3 4 6 -6 7 -1 9 10 -7 15 13 -8 -15 -10 -5 19 -19 21 -21 -18 23 27 28 26 -26 -23 -20 -27
right_child=-2 2 -4 16 5 8 12 -9 11 -11 -12 -13 -14 14 -16 -17 17 18 24 20 -22 22 -24 -25 25 29 -28 -29 -30 -31
leaf_value=-0.0025457200873643163 -0.0037896254749009103 0.0076744334523876512 -0.0004902054688760213 0.0044757820631342905 0.01134487695830024 -0.0045245675547491938 -0.0052411865990828069 -0.0099329600731531791 0.0041829910306703478 -0.005093779237940908 0.010398159614177767 -0.006149550216893355 -0.0066977512253367389 -0.0024879501652104587 0.0038959837714700324 -0.0021148092423876126 0.0071378145476474475 -0.0087762099385321965 3.3529976812692788e-05 -0.00013625861670917426 0.015009102222393267 -0.0084478271372902865 -0.0097207258849679925 0.0084830065518617642 -0.0091718107309693899 0.003114092157369382 0.0014799290701099064 0.0024638103853378977 0.0093339271079271278 2.917186664118729e-05
leaf_weight=25 33 30 28 27 23 21 34 24 21 20 27 42 23 67 38 36 34 36 26 39 32 26 44 25 52 95 23 28 39 3056
leaf_count=25 33 30 28 27 23 21 34 24 21 20 27 42 23 67 38 36 34 36 26 39 32 26 44 25 52 95 23 28 39 3056
internal_value=4.56173e-11 3.09472e-05 0.00373288 -2.29599e-05 -0.00138331 0.000516945 -0.00309445 -0.00616396 -0.000974327 0.00123322 0.00386947 -0.00249062 -0.00216601 -0.00141616 -0.000177574 0.000205433 0.00012933 9.63187e-05 -2.69204e-06 0.00154109 0.00668982 -0.000787311 -0.002978 0.000777447 9.32808e-05 -1.79503e-05 -0.00590528 -0.00278994 0.00561377 0.00012218
internal_weight=4074 4041 58 3983 401 190 211 49 167 68 48 99 162 139 105 57 3582 3555 3327 228 71 157 123 79 3291 3226 75 54 65 3151
internal_count=4074 4041 58 3983 401 190 211 49 167 68 48 99 162 139 105 57 3582 3555 3327 228 71 157 123 79 3291 3226 75 54 65 3151
is_linear=0
shrinkage=0.1


Tree=43
num_leaves=31
num_cat=0
split_feature=0 3 3 2 3 1 1 1 1 1 3 3 3 3 3 1 3 1 1 3 3 1 0 1 1 2 1 1 3 1
split_gain=0.0444679 0.0680293 0.102026 0.150139 0.14655 0.103054 0.222268 0.113935 0.115654 0.169235 0.0893582 0.1585 0.147127 0.11183 0.164947 0.0786786 0.0713063 0.0658227 0.0921859 0.301949 0.133994 0.0635611 0.101764 0.053122 0.0915935 0.039381 0.0355501 0.327427 0.337347 0.180955
threshold=5.5000000000000009 0.28610000000000008 0.31445000000000006 0.16500000000000004 0.29830000000000007 7.1250000000000009 6.5950000000000006 6.4350000000000014 6.2350000000000012 6.0550000000000006 0.39110000000000006 0.40060000000000007 0.41360000000000002 0.46345000000000008 0.43725000000000008 3.9100000000000006 0.57320000000000004 5.535000000000001 4.3250000000000011 0.34355000000000008 0.35310000000000002 7.1350000000000007 4.5000000000000009 4.9350000000000014 5.9750000000000005 0.12500000000000003 6.5550000000000006 6.5650000000000004 0.22334999999999997 6.3350000000000009
decision_type=2 2 2 2 2 2 2 2 2 2 2 2 2 2 2 2 2 2 2 2 2 2 2 2 2 2 2 2 2 2
left_child=21 15 3 4 -3 6 7 8 9 10 17 -12 -13 14 -14 -2 -15 18 20 -20 -4 26 25 -17 -25 -23 29 -28 -29 -1
right_child=1 2 5 -5 -6 -7 -8 -9 -10 -11 11 12 13 16 -16 23 -18 -19 19 -21 -22 22 -24 24 -26 -27 27 28 -30 -31
leaf_value=-5.4390126807059264e-05 -0.0034957389992017018 -0.00044704472878947854 -0.0046135521086398514 0.00071097070804650067 -0.011022542647429204 -0.0076111656182911245 0.0070386725563654001 -0.0079593438464640228 0.0061615006842960923 -0.0097187988460063941 0.0092100676149129874 -0.0078318068535909776 -0.00053156132394335527 -0.0032069006103223989 0.010437446504902956 0.0061134096715719476 0.0029736961304609264 0.0021504184364208151 0.0011547148326468287 -0.012178363643054453 0.0050512952801699826 0.0047615121118724348 0.0084161938231607728 -0.0033822886542313629 0.0041945841163396839 0.00029778155980498665 -0.013275901507586242 -0.0093315476181561365 0.0006457112448766052 0.002886104544884068
leaf_weight=2549 26 20 32 38 38 20 38 22 24 21 21 21 29 56 26 31 28 28 33 35 26 24 22 27 39 112 20 37 403 228
leaf_count=2549 26 20 32 38 38 20 38 22 24 21 21 21 29 56 26 31 28 28 33 35 26 24 22 27 39 112 20 37 403 228
internal_value=1.21752e-11 -0.000738751 -0.00120954 -0.0041748 -0.00737582 -0.000590706 -0.000271594 -0.000962614 -0.00055754 -0.00101051 -0.000464617 0.00104187 -3.02035e-05 0.00114846 0.00465379 0.00138938 -0.0011467 -0.00223523 -0.00320982 -0.0057079 -0.000281034 0.00014775 0.00210623 0.00269879 0.00109495 0.0010855 5.21556e-05 -0.000762095 -0.000193286 0.000187033
internal_weight=4074 679 556 96 58 460 440 402 380 356 335 181 160 139 55 123 84 154 126 68 58 3395 158 97 66 136 3237 460 440 2777
internal_count=4074 679 556 96 58 460 440 402 380 356 335 181 160 139 55 123 84 154 126 68 58 3395 158 97 66 136 3237 460 440 2777
is_linear=0
shrinkage=0.1


Tree=44
num_leaves=31
num_cat=0
split_feature=1 1 1 2 2 3 1 2 1 3 3 0 0 3 1 3 3 3 2 1 1 1 1 3 2 3 0 3 3 2
split_gain=0.0390352 0.136149 0.250047 0.566359 0.110136 0.290327 0.119359 0.0930371 0.338261 0.336991 0.534354 0.157565 0.122473 0.105307 0.0887743 0.081205 0.165495 0.302234 0.167589 0.131188 0.125703 0.116879 0.122538 0.13222 0.303681 0.315273 0.303536 0.225001 0.256996 0.166252
threshold=5.9750000000000005 5.6650000000000009 5.6250000000000009 0.16500000000000004 0.17500000000000002 0.5192500000000001 6.0250000000000012 0.15500000000000003 5.7350000000000012 0.39065 0.34645000000000004 1.5000000000000002 3.5000000000000004 0.32724999999999999 5.8050000000000006 0.51480000000000015 0.46345000000000008 0.45415000000000005 0.18500000000000003 5.2550000000000008 4.7950000000000008 1.4400000000000002 1.8700000000000003 0.35160000000000008 0.17500000000000002 0.35310000000000002 1.5000000000000002 0.34645000000000004 0.34395000000000003 0.19500000000000003
decision_type=2 2 2 2 2 2 2 2 2 2 2 2 2 2 2 2 2 2 2 2 2 2 2 2 2 2 2 2 2 2
left_child=1 2 15 -4 6 -6 -2 8 -3 10 12 -10 -9 14 -13 16 17 21 20 -17 -18 -1 -23 27 25 -25 -26 28 -24 -28
right_child=4 7 3 -5 5 -7 -8 9 11 -11 -12 13 -14 -15 -16 19 18 -19 -20 -21 -22 22 23 24 26 -27 29 -29 -30 -31
leaf_value=0.00587704793860515 0.0057164999754413179 -0.0080982365363905604 0.013757995195919649 -0.004249946747515952 0.0075540598363630354 -0.0046840734447219541 3.0264097375021668e-05 -0.0095363446364277304 0.0094498848309740435 -0.0094733762758551169 0.008557941149254995 0.001049209993687414 -0.0012749273686067147 0.0029800639172586113 -0.008259960676077753 0.00080546915220717585 0.0034998054546304044 0.0072024254145270049 -0.0094182953507137984 0.0086917192833498129 -0.0062098300608340656 -0.0061924774432554845 0.00032614326260704905 -0.013846335992217063 0.010816502558688323 -0.0022939282242794325 0.0019735509807315586 0.0064336457723302059 -0.0082668819076692057 -0.003781767541895042
leaf_weight=30 38 43 40 31 63 28 1293 38 24 64 42 21 34 65 20 135 30 55 39 25 24 36 1048 25 30 429 156 58 36 74
leaf_count=30 38 43 40 31 63 28 1293 38 24 64 42 21 34 65 20 135 30 55 39 25 24 36 1048 25 30 429 156 58 36 74
internal_value=1.0485e-11 -0.000226663 5.31811e-05 0.00589537 0.000422722 0.00378848 0.000192606 -0.0020612 -0.000409761 -0.00366624 -0.000406097 0.00213335 -0.00563512 0.000476777 -0.00349185 -0.000132826 -0.000300596 -0.000106666 -0.00442318 0.0020377 -0.000815588 -0.000315823 -0.000414018 -0.000301936 -0.00136938 -0.00293007 0.00135584 0.000365448 4.0766e-05 0.00012184
internal_weight=4074 2652 2301 71 1422 91 1331 351 173 178 114 130 72 106 41 2230 2070 1977 93 160 54 1922 1892 1856 714 454 260 1142 1084 230
internal_count=4074 2652 2301 71 1422 91 1331 351 173 178 114 130 72 106 41 2230 2070 1977 93 160 54 1922 1892 1856 714 454 260 1142 1084 230
is_linear=0
shrinkage=0.1


Tree=45
num_leaves=31
num_cat=0
split_feature=1 1 3 3 3 3 1 0 2 0 2 3 1 1 3 0 2 2 1 1 1 3 3 3 3 2 3 3 3 3
split_gain=0.0392144 0.1876 0.0646278 0.112189 0.0803151 0.138069 0.115824 0.102947 0.0698158 0.135582 0.0527324 0.181181 0.110183 0.0964356 0.0620282 0.0587047 0.15427 0.175951 0.235513 0.165142 0.17198 0.162354 0.166186 0.496527 0.19895 0.473747 0.25266 0.261209 0.336086 0.162606
threshold=6.955000000000001 6.9300000000000006 0.42810000000000004 0.51480000000000015 0.32640000000000008 0.30720000000000003 7.6700000000000008 1.5000000000000002 0.13500000000000004 3.5000000000000004 0.12500000000000003 0.36555000000000004 6.2950000000000008 5.745000000000001 0.76390000000000013 2.5000000000000004 0.21500000000000002 0.17500000000000002 6.0950000000000006 6.705000000000001 6.6450000000000005 0.45475000000000004 0.25150000000000006 0.12130000000000001 0.32180000000000003 0.18500000000000003 0.34645000000000004 0.37755000000000005 0.41360000000000002 0.35765000000000008
decision_type=2 2 2 2 2 2 2 2 2 2 2 2 2 2 2 2 2 2 2 2 2 2 2 2 2 2 2 2 2 2
left_child=1 10 4 -4 5 -2 7 -6 -9 -10 11 13 -13 -1 15 16 17 19 21 20 -12 22 23 -19 25 -24 -26 29 -29 -28
right_child=2 -3 3 -5 6 -7 -8 8 9 -11 14 12 -14 -15 -16 -17 -18 18 -20 -21 -22 -23 24 -25 26 -27 27 28 -30 -31
leaf_value=-0.012175523675978184 0.00016837272767538896 -0.0087236747592687614 0.0062108373396836643 -0.0016144539096525738 0.003491640552168801 0.0086546568486552972 0.0045165607291791175 0.0005779039368710735 -0.0013945064563868625 -0.010459313406185671 0.0013551096481326872 -0.0017744017001758848 0.0050012533759905241 -0.0032109818172951542 -0.0053719632682346164 -0.00020746692756779103 0.0085911321453750137 0.0027879450179170819 0.0083118557929992686 -0.0034132608863472625 0.0097831117957830442 -0.010891980003742946 -0.0059165503829717641 -0.01801062481985851 -0.0085620783269405362 0.012797518706910552 0.00055085427087286248 -0.011353944993267457 0.0038795489402088735 0.012879728698171675
leaf_weight=20 73 25 53 28 21 26 27 22 33 33 768 72 36 30 21 2375 24 24 22 71 25 21 24 22 46 31 23 30 28 20
leaf_count=20 73 25 53 28 21 26 27 22 33 33 768 72 36 30 21 2375 24 24 22 71 25 21 24 22 46 31 23 30 28 20
internal_value=-1.34932e-11 -8.99658e-05 0.00106991 0.0035058 0.000230305 0.00239709 -0.00134699 -0.00279943 -0.00430071 -0.00592691 -3.21456e-05 -0.00181995 0.00048415 -0.0067968 4.68677e-05 7.88867e-05 0.000655723 0.000490831 -0.00163591 0.00120713 0.00162081 -0.00244948 -0.00173459 -0.0071592 -0.00049929 0.00463138 -0.00241893 0.000378943 -0.00399984 0.00628521
internal_weight=4074 3758 316 81 235 99 136 109 88 66 3733 158 108 50 3575 3554 1179 1155 291 864 793 269 248 46 202 55 147 101 58 43
internal_count=4074 3758 316 81 235 99 136 109 88 66 3733 158 108 50 3575 3554 1179 1155 291 864 793 269 248 46 202 55 147 101 58 43
is_linear=0
shrinkage=0.1


Tree=46
num_leaves=31
num_cat=0
split_feature=1 1 3 3 3 3 2 3 3 2 3 1 1 1 2 1 0 2 3 3 3 3 3 3 3 1 1 3 3 3
split_gain=0.0317637 0.151956 0.0523485 0.090873 0.0650552 0.111836 0.0990842 0.0765672 0.0748231 0.0427133 0.146757 0.0892481 0.0781129 0.0513517 0.092406 0.0885347 0.0637571 0.0729211 0.430278 0.288785 0.308298 0.301747 0.196035 0.223393 0.193472 0.339596 0.183717 0.295172 0.12431 0.124292
threshold=6.955000000000001 6.9300000000000006 0.42810000000000004 0.51480000000000015 0.32640000000000008 0.30720000000000003 0.14500000000000005 0.37325000000000003 0.40175000000000005 0.12500000000000003 0.36555000000000004 6.2950000000000008 5.745000000000001 1.4400000000000002 0.21500000000000002 2.0550000000000002 1.5000000000000002 0.14500000000000005 0.40525 0.39710000000000006 0.38755000000000001 0.36525000000000002 0.41360000000000002 0.43910000000000005 0.33465000000000006 5.455000000000001 5.7350000000000012 0.30620000000000008 0.34645000000000004 0.31285000000000002
decision_type=2 2 2 2 2 2 2 2 2 2 2 2 2 2 2 2 2 2 2 2 2 2 2 2 2 2 2 2 2 2
left_child=1 9 4 -4 5 -2 7 -6 -9 10 12 -12 -1 14 -11 -15 17 18 -17 20 21 24 -21 -24 25 29 -27 -28 -26 -19
right_child=2 -3 3 -5 6 -7 -8 8 -10 13 11 -13 -14 15 -16 16 -18 19 -20 22 -22 -23 23 -25 28 26 27 -29 -30 -31
leaf_value=-0.010957971829921007 0.00015153558159323587 -0.0078513075560331345 0.0055897535633225486 -0.0014530086357678687 -0.0045315469699827114 0.0077891913170997917 -0.005181829152672097 0.0059078485494659799 -0.00063755325740203264 0.0079005364328622821 -0.0015969616930103965 0.0045011281656722225 -0.002889883437504371 -0.003689712056075223 -0.00052434016019105908 0.0072130541842526348 -0.00012726483140680897 0.0014137251742745507 -0.0072380571360034611 0.013659006499108815 -0.012647542929542916 0.0078796770605372209 -0.0042886847630143167 0.006400749455982198 -0.010544551908969879 -0.010386436594830406 0.0034318636055104437 -0.0097977122900864272 -0.0021960378050737616 0.0081909984003665833
leaf_weight=20 73 25 53 28 22 26 43 31 40 23 72 36 30 64 30 78 2886 73 28 21 21 41 29 60 31 31 48 26 42 43
leaf_count=20 73 25 53 28 22 26 43 31 40 23 72 36 30 64 30 78 2886 73 28 21 21 41 29 60 31 31 48 26 42 43
internal_value=1.45851e-11 -8.09692e-05 0.000962919 0.00315522 0.000207275 0.00215738 -0.00121229 0.000623088 0.0022203 -2.8931e-05 -0.00163795 0.000435735 -0.00611712 4.2181e-05 0.00313174 -4.31149e-06 6.38972e-05 0.0010284 0.00339578 0.000489893 -0.000893882 -0.000157086 0.00496829 0.00291768 -0.00127786 0.00019649 -0.00392372 -0.00121637 -0.0057413 0.00392599
internal_weight=4074 3758 316 81 235 99 136 93 71 3733 158 108 50 3575 53 3522 3458 572 106 466 356 335 110 89 294 221 105 74 73 116
internal_count=4074 3758 316 81 235 99 136 93 71 3733 158 108 50 3575 53 3522 3458 572 106 466 356 335 110 89 294 221 105 74 73 116
is_linear=0
shrinkage=0.1


Tree=47
num_leaves=31
num_cat=0
split_feature=2 2 1 1 3 3 3 3 3 3 0 2 1 1 3 1 3 1 1 1 1 2 0 2 1 3 1 3 3 1
split_gain=0.0291546 0.0651047 0.0802984 0.054851 0.100859 0.234946 0.0533836 0.15602 0.0984887 0.0903656 0.0529332 0.0539807 0.0443734 0.222424 0.21423 0.340616 0.20825 0.240793 0.165626 0.165276 0.215035 0.141855 0.123933 0.106652 0.0771251 0.0641456 0.0596862 0.235737 0.395202 0.127541
threshold=1.3800000000000001 0.22500000000000003 2.5000000000000004 3.7500000000000004 0.36020000000000002 0.38314999999999999 0.41360000000000002 0.4647 0.39930000000000004 0.57320000000000004 2.5000000000000004 0.17500000000000002 4.0650000000000004 4.0950000000000006 0.38970000000000005 4.0050000000000008 0.28735000000000005 4.0050000000000008 3.9100000000000006 4.1650000000000009 4.2250000000000005 0.18500000000000003 3.5000000000000004 0.17500000000000002 4.205000000000001 0.76390000000000013 4.3550000000000013 0.24744999999999998 0.34645000000000004 4.4350000000000014
decision_type=2 2 2 2 2 2 2 2 2 2 2 2 2 2 2 2 2 2 2 2 2 2 2 2 2 2 2 2 2 2
left_child=1 3 -3 4 10 -6 8 -8 -7 -9 11 -1 14 -14 16 -16 -5 18 22 23 21 24 -18 -15 -21 26 27 -22 -29 -28
right_child=-2 2 -4 12 5 6 7 9 -10 -11 -12 -13 13 19 15 -17 17 -19 -20 20 25 -23 -24 -25 -26 -27 29 28 -30 -31
leaf_value=-0.002266211586073041 -0.00296026346358386 0.00054724701755755659 0.0082893144871507372 0.0063156538259457138 0.010013383602642496 0.00076186538145910695 0.0072659518856268666 -0.0039005753322782222 -0.0077853468103477588 0.0028799483055869739 -0.0017672342016867557 -0.0089058066407839472 -0.007809878224765675 0.00012479891928915795 -0.00026598803890057101 0.013654492173373001 -0.0073112942367935408 -0.0084550044499337677 0.0075051267647650091 -0.004189365353435278 0.0088626382419386435 0.0012399860212336418 0.0022766403720847202 0.0083932309268185731 -0.011897471050421398 -0.0050321944834043585 -0.0046478206603621534 -0.011535653077146929 0.005338646918535233 0.00016880079456943933
leaf_weight=25 33 37 21 34 23 28 26 57 26 30 162 24 36 26 39 32 26 44 25 25 37 23 28 39 27 24 56 23 35 3003
leaf_count=25 33 37 21 34 23 28 26 57 26 30 162 24 36 26 39 32 26 44 25 25 37 23 28 39 27 24 56 23 35 3003
internal_value=-3.34214e-12 2.41744e-05 0.00335041 -2.42619e-05 -0.00113338 0.000537902 -0.000767104 0.000468853 -0.00335346 -0.00156246 -0.00263833 -0.00551826 9.99023e-05 8.13577e-06 0.00144984 0.00600803 -0.000611513 -0.00252634 0.000775702 9.29605e-05 -6.80534e-06 -0.00529928 -0.00233977 0.00508586 -0.00819165 0.000118096 0.000157286 0.00262579 -0.00135289 8.06247e-05
internal_weight=4074 4041 58 3983 401 190 167 113 54 87 211 49 3582 3354 228 71 157 123 79 3318 3253 75 54 65 52 3178 3154 95 58 3059
internal_count=4074 4041 58 3983 401 190 167 113 54 87 211 49 3582 3354 228 71 157 123 79 3318 3253 75 54 65 52 3178 3154 95 58 3059
is_linear=0
shrinkage=0.1


Tree=48
num_leaves=31
num_cat=0
split_feature=1 2 2 2 1 3 3 2 2 0 3 0 3 1 0 3 2 2 3 3 1 3 3 3 3 3 0 1 1 1
split_gain=0.0296627 0.0582717 0.0500382 0.0767509 0.0433798 0.0816958 0.190306 0.0455676 0.111134 0.043576 0.0450797 0.0813682 0.0621802 0.146985 0.0853752 0.0523455 0.0404629 0.0394185 0.0450195 0.0600694 0.0502145 0.0497408 0.424971 0.37378 0.358894 0.2966 0.119598 0.111421 0.103151 0.189553
threshold=7.9000000000000012 1.3400000000000003 0.22500000000000003 0.24500000000000002 3.7500000000000004 0.36020000000000002 0.38314999999999999 0.17500000000000002 0.19500000000000003 1.5000000000000002 0.32240000000000008 4.5000000000000009 0.30720000000000003 3.2350000000000008 5.5000000000000009 0.26770000000000005 0.16500000000000004 0.115 0.76390000000000013 0.59040000000000015 6.245000000000001 0.35575000000000007 0.35865000000000008 0.35310000000000002 0.35200000000000004 0.34859999999999997 2.5000000000000004 4.9450000000000012 3.9450000000000007 4.0050000000000008
decision_type=2 2 2 2 2 2 2 2 2 2 2 2 2 2 2 2 2 2 2 2 2 2 2 2 2 2 2 2 2 2
left_child=1 2 4 -4 5 9 -7 16 -9 -1 12 -12 13 14 15 -11 -8 -6 19 21 -21 23 26 24 25 -19 -23 -27 -24 -30
right_child=-2 -3 3 -5 17 6 7 8 -10 10 11 -13 -14 -15 -16 -17 -18 18 -20 20 -22 22 28 -25 -26 27 -28 -29 29 -31
leaf_value=-0.0065866265975108203 0.0032436130302292963 -0.0049352717469446361 0.0069371261562292397 -0.00067508893984335452 0.0038833799875444839 0.0090120455958759005 -0.00098340564540454331 0.0035610627116901537 -0.0038264171686023477 0.0056717294667448315 -0.0077234758199342798 -0.00077802952177621226 0.0039528920760621197 -0.0086250124809642628 -0.0042342315356318763 -0.001026596101000905 -0.0059651819257693292 0.00011549432618829713 -0.0043619066638791049 0.00064206886001759108 0.0062885052038057308 -0.0024881800890646198 0.0049544636369682855 0.012280635736309567 -0.011693745672702789 0.011837063319291231 -0.011627829479189909 0.003564050893594579 -0.0094049208437685262 -5.4244579092316672e-05
leaf_weight=22 28 24 26 27 27 23 56 56 32 28 31 37 23 24 26 20 23 1723 23 36 28 22 40 26 25 27 41 41 22 1487
leaf_count=22 28 24 26 27 27 23 56 56 32 28 31 37 23 24 26 20 23 1723 23 36 28 22 40 26 25 27 41 41 22 1487
internal_value=-6.95556e-12 -2.24472e-05 6.86856e-06 0.00305921 -3.38908e-05 -0.00102004 0.000484112 -0.000690394 0.000874706 -0.00237449 -0.00188419 -0.00394434 -0.000726424 -0.00182463 0.000380898 0.00288076 -0.0024338 7.69406e-05 4.79166e-05 7.67472e-05 0.00311238 2.04991e-05 -0.000385157 0.000375503 0.000205055 0.000371147 -0.00843621 0.00684892 -5.77091e-05 -0.00019057
internal_weight=4074 4046 4022 53 3969 401 190 167 88 211 189 68 121 98 74 48 79 3568 3541 3518 64 3454 1612 1842 1816 1791 63 68 1549 1509
internal_count=4074 4046 4022 53 3969 401 190 167 88 211 189 68 121 98 74 48 79 3568 3541 3518 64 3454 1612 1842 1816 1791 63 68 1549 1509
is_linear=0
shrinkage=0.1


Tree=49
num_leaves=31
num_cat=0
split_feature=3 3 1 3 2 1 1 0 1 1 1 3 2 2 3 3 3 2 1 3 1 2 2 0 3 1 1 1 1 1
split_gain=0.0264921 0.338715 0.183938 0.145767 0.525145 0.551998 0.292667 0.234676 0.220578 0.194783 0.106805 0.0929923 0.0892408 0.247852 0.0733144 0.314599 0.314782 0.271299 0.251185 0.221071 0.213747 0.194172 0.180105 0.327424 0.139968 0.106158 0.108627 0.110577 0.0831238 0.0818371
threshold=0.39110000000000006 0.39845000000000003 4.1350000000000007 0.37669999999999998 0.16500000000000004 6.6450000000000005 5.6750000000000007 4.5000000000000009 6.2550000000000008 4.535000000000001 5.9650000000000007 0.38640000000000002 0.20500000000000004 0.22500000000000003 0.36020000000000002 0.35575000000000007 0.35310000000000002 0.15500000000000003 3.9450000000000007 0.35200000000000004 5.245000000000001 0.13500000000000004 0.17500000000000002 3.5000000000000004 0.34859999999999997 5.0050000000000008 6.9300000000000006 6.4350000000000014 5.8050000000000006 4.7550000000000008
decision_type=2 2 2 2 2 2 2 2 2 2 2 2 2 2 2 2 2 2 2 2 2 2 2 2 2 2 2 2 2 2
left_child=3 2 -2 14 5 6 -5 11 10 -9 -8 -6 -3 -14 15 16 19 -17 -16 24 -19 -20 25 -24 -1 -23 27 28 -27 -26
right_child=1 12 -4 4 7 -7 8 9 -10 -11 -12 -13 13 -15 18 17 -18 20 21 -21 -22 22 23 -25 29 26 -28 -29 -30 -31
leaf_value=-5.1243613410615383e-05 0.013577351530759849 0.00010191568299852273 0.0035294340835567914 -0.004096760378114038 -0.015713621390362583 -0.01300735223763199 0.0072114722049307261 0.0039072767055282993 0.002241375599987805 -0.0094550204277038582 0.017181783431971614 -0.0080209696312632528 -0.010996119435211379 0.00013609617931901343 0.010915666260720734 -0.014154035956771286 0.011052571896177072 -0.0077877522103096319 0.0068724636165868672 -0.0080165621084982864 0.0028187778055373779 -0.0073667371786679293 0.010494942430273763 -0.003742013815790415 -0.0012076449568849059 0.0023162349062557852 -0.00543130977700154 0.007240924718124527 -0.0045785547508036392 0.0062271347432805782
leaf_weight=1941 22 1124 106 31 30 22 21 24 44 20 22 33 28 70 26 27 26 38 42 34 38 33 35 30 20 36 39 21 34 57
leaf_count=1941 22 1124 106 31 30 22 21 24 44 20 22 33 28 70 26 27 26 38 42 34 38 33 35 30 20 36 39 21 34 57
internal_value=-7.13773e-12 0.00036223 0.00525642 -0.000179519 -0.00249606 0.001535 0.00424628 -0.00777034 0.00721909 -0.00216649 0.0123126 -0.0116841 -0.000150418 -0.00304454 5.14803e-05 -0.000148944 0.000118447 -0.0055435 0.00152825 -2.00941e-05 -0.00248449 0.00062428 -0.000526701 0.00392404 0.000114633 -0.00230154 -0.00101575 0.000876627 -0.00103266 0.00429602
internal_weight=4074 1350 128 2724 247 140 118 107 87 44 43 63 1222 98 2477 2181 2078 103 296 2052 76 270 228 65 2018 163 130 91 70 77
internal_count=4074 1350 128 2724 247 140 118 107 87 44 43 63 1222 98 2477 2181 2078 103 296 2052 76 270 228 65 2018 163 130 91 70 77
is_linear=0
shrinkage=0.1


Tree=50
num_leaves=31
num_cat=0
split_feature=1 2 2 1 1 2 0 3 3 3 0 3 3 0 3 1 1 3 1 1 1 1 0 3 3 3 3 1 1 0
split_gain=0.0313554 0.0474295 0.0348703 0.0598271 0.0342031 0.0554378 0.110694 0.0856438 0.101949 0.176113 0.132155 0.121958 0.0884369 0.048659 0.0368062 0.198526 0.339023 0.483317 0.130388 0.12731 0.24282 0.157755 0.140723 0.107925 0.206034 0.203533 0.28319 0.257064 0.189479 0.144717
threshold=7.9000000000000012 1.3400000000000003 0.22500000000000003 2.5000000000000004 3.6450000000000005 0.19500000000000003 4.5000000000000009 0.30720000000000003 0.40445000000000003 0.36020000000000002 4.5000000000000009 0.32940000000000008 0.49690000000000006 5.5000000000000009 0.45070000000000005 6.9150000000000009 6.5550000000000006 0.58545000000000014 7.0050000000000008 4.7950000000000008 4.9750000000000005 4.4750000000000005 4.5000000000000009 0.41150000000000003 0.41270000000000001 0.40225000000000005 0.40154999999999996 4.9250000000000007 4.0850000000000009 4.5000000000000009
decision_type=2 2 2 2 2 2 2 2 2 2 2 2 2 2 2 2 2 2 2 2 2 2 2 2 2 2 2 2 2 2
left_child=1 2 4 -4 5 7 -7 -1 9 11 -10 -9 -12 -8 23 16 19 -18 -17 21 -21 -16 -22 25 -25 26 -6 -27 -26 -29
right_child=-2 -3 3 -5 14 6 13 8 10 -11 12 -13 -14 -15 15 18 17 -19 -20 20 22 -23 -24 24 28 27 -28 29 -30 -31
leaf_value=-0.0034910561413400705 0.0033348776533135348 -0.0044553543149959294 -0.00017030627932399512 0.0066988313836710799 8.7237466081651808e-05 -0.0074054648090774826 0.0036973031237721443 0.00612614510411566 0.0033658780056882547 0.0089940727660150245 -0.0092752856625752025 -0.0029926845211197032 -0.0015665870645771855 -0.0027608485892415048 0.0017666627563773952 0.012213190248155077 -0.013812488695052831 0.005482187492307276 0.0025206928585456423 -0.009298007950807612 0.0028312157937990766 0.011873785927942348 -0.0021481446644646073 -0.010417003773152828 0.0079636969561265279 -0.003038872461766005 -0.011057031263961742 0.0050674454388307767 -0.0016184089178682304 0.015223709638230505
leaf_weight=63 28 24 32 21 2650 36 20 22 37 33 22 44 46 28 47 23 37 20 35 24 175 23 84 25 22 30 23 47 333 20
leaf_count=63 28 24 32 21 2650 36 20 22 37 33 22 44 46 28 47 23 37 20 35 24 175 23 84 25 22 30 23 47 333 20
internal_value=-9.13192e-12 -2.30787e-05 3.36944e-06 0.00255143 -3.0656e-05 -0.000973138 -0.00321374 -0.000268228 0.000727057 0.00302931 -0.00144364 4.69254e-05 -0.00406058 -6.9952e-05 6.07788e-05 0.000888261 0.000113606 -0.00704243 0.00636427 0.00126911 0.000324616 0.00508757 0.00121629 -6.21614e-05 -0.00164251 0.000154637 -8.65411e-06 0.00465441 -0.00102459 0.00809917
internal_weight=4074 4046 4022 53 3969 351 84 267 204 99 105 66 68 48 3618 468 410 57 58 353 283 70 259 3150 380 2770 2673 97 355 67
internal_count=4074 4046 4022 53 3969 351 84 267 204 99 105 66 68 48 3618 468 410 57 58 353 283 70 259 3150 380 2770 2673 97 355 67
is_linear=0
shrinkage=0.1


Tree=51
num_leaves=31
num_cat=0
split_feature=1 1 0 1 2 1 2 3 1 3 0 0 3 3 3 1 3 1 2 1 1 3 2 3 1 2 2 3 2 1
split_gain=0.0287558 0.135497 0.271287 0.0714537 0.138036 0.114379 0.0531838 0.118538 0.141656 0.0990796 0.0547196 0.0482473 0.153339 0.144467 0.177406 0.105567 0.119821 0.224806 0.254525 0.17975 0.185735 0.146432 0.280917 0.162766 0.2429 0.142918 0.13336 0.124441 0.146114 0.140392
threshold=6.955000000000001 6.8950000000000005 2.5000000000000004 6.8150000000000004 0.14500000000000005 6.7750000000000012 0.12500000000000003 0.38860000000000006 6.2950000000000008 0.34739999999999999 5.5000000000000009 1.5000000000000002 0.12915000000000001 0.26505000000000006 0.21824999999999997 3.8050000000000002 0.29695000000000005 4.455000000000001 0.17500000000000002 4.6350000000000007 4.8550000000000013 0.34645000000000004 0.14500000000000005 0.32724999999999999 5.5150000000000006 0.14500000000000005 0.17500000000000002 0.44369999999999993 0.16500000000000004 5.8350000000000009
decision_type=2 2 2 2 2 2 2 2 2 2 2 2 2 2 2 2 2 2 2 2 2 2 2 2 2 2 2 2 2 2
left_child=1 3 -3 5 -5 6 7 9 10 -1 -9 12 -8 14 -14 -15 -17 18 -18 -19 -21 22 -22 24 -24 -23 27 28 29 -27
right_child=-2 2 -4 4 -6 -7 11 8 -10 -11 -12 -13 13 15 -16 16 17 19 -20 20 21 25 23 -25 -26 26 -28 -29 -30 -31
leaf_value=-0.0020154713947129876 0.00091619273375784628 -0.013628378019414165 0.00032524275838544499 -0.00058165640969361579 0.0082996433662871523 -0.0049115624172069751 0.0063425959262531258 -0.0053629581230106183 0.0070690400588015725 -0.010222586384043098 0.0004934208515362862 -7.9989198634137712e-05 0.0016660371228404667 0.0059584574314216392 -0.010390745991697679 0.0063917704042978588 -0.011884554884126111 0.0099782803583712814 0.001676962155092042 -0.0075045847368461109 0.0074394067247899685 -0.0022342549111598578 0.0076070757582783703 -0.010211146508734073 -0.006359167079525916 -0.0056337592657655479 -0.0025937130586022421 0.011458405065200022 0.010360392245153588 0.0051125640177258087
leaf_weight=38 316 22 38 42 30 48 48 27 24 24 39 2878 23 39 26 32 31 21 25 27 26 39 20 31 33 20 21 31 24 31
leaf_count=38 316 22 38 42 30 48 48 27 24 24 39 2878 23 39 26 32 31 21 25 27 26 39 20 31 33 20 21 31 24 31
internal_value=1.22195e-11 -7.70401e-05 -0.00479108 -5.5483e-07 0.00311889 -6.24963e-05 2.55548e-06 -0.00182783 0.000490006 -0.00519242 -0.00190237 8.37633e-05 0.000943763 0.000425475 -0.00473144 0.00098576 0.000515044 2.01614e-05 -0.00583031 0.00103135 0.000411269 0.00118565 -0.00164393 -0.00445544 -0.00108889 0.00306066 0.00468666 0.006129 0.00392618 0.00089832
internal_weight=4074 3758 60 3698 72 3626 3578 152 90 62 66 3426 548 500 49 451 412 380 56 324 303 276 110 84 53 166 127 106 75 51
internal_count=4074 3758 60 3698 72 3626 3578 152 90 62 66 3426 548 500 49 451 412 380 56 324 303 276 110 84 53 166 127 106 75 51
is_linear=0
shrinkage=0.1


Tree=52
num_leaves=31
num_cat=0
split_feature=1 1 1 1 1 2 1 2 3 1 2 1 1 2 3 1 3 3 1 3 1 1 3 3 3 3 1 3 0 3
split_gain=0.024105 0.167121 0.091034 0.0720502 0.0578775 0.111809 0.0926467 0.0430789 0.10237 0.0648084 0.050031 0.139791 0.165164 0.170073 0.148619 0.133336 0.137339 0.253959 0.202061 0.18763 0.124722 0.1491 0.121958 0.246346 0.240394 0.224077 0.248434 0.159751 0.114138 0.11371
threshold=6.9450000000000012 6.8950000000000005 6.9750000000000005 6.9150000000000009 6.8150000000000004 0.14500000000000005 6.7750000000000012 0.12500000000000003 0.36555000000000004 5.745000000000001 0.16500000000000004 4.4350000000000014 4.0650000000000004 0.14500000000000005 0.35280000000000006 4.5150000000000006 0.41150000000000003 0.38235000000000002 6.5550000000000006 0.38314999999999999 6.4000000000000012 5.745000000000001 0.23304999999999998 0.32180000000000003 0.32840000000000003 0.10554999999999996 4.4350000000000014 0.31355000000000005 4.5000000000000009 0.4169000000000001
decision_type=2 2 2 2 2 2 2 2 2 2 2 2 2 2 2 2 2 2 2 2 2 2 2 2 2 2 2 2 2 2
left_child=1 4 -2 -3 6 -6 7 8 9 -1 11 12 14 -14 -9 -13 17 -17 -18 -19 21 22 25 27 28 -12 -27 -24 -25 -23
right_child=2 3 -4 -5 5 -7 -8 10 -10 -11 20 15 13 -15 -16 16 18 19 -20 -21 -22 29 23 24 -26 26 -28 -29 -30 -31
leaf_value=-0.0097610475402325411 0.0058005030520937662 -0.010270136224359952 0.00026692283463974794 -0.0020811348532636959 -0.00052349068712265721 0.0074696793500334023 -0.0044204062840435656 -0.0034415154919229651 0.00017193680190864732 -0.0024121038926144442 0.00017798007875680923 0.0054133943231621136 -0.012299937187609349 -0.0025884467109572144 0.0049185750894248492 0.00046927867557412838 -0.00014358569280484645 0.013698395406827331 -0.0070394010408781479 0.0034285927270915105 0.0043781818974424494 -0.0049276347429403067 0.0017420602891758418 -0.010141450086155454 -0.00015913589057796028 -0.0020902833779868875 -0.013787247805545728 0.008138969461889127 -0.0007650175644084811 0.00055615528740666131
leaf_weight=20 33 22 300 21 42 30 48 37 102 30 125 60 22 100 50 930 283 20 50 161 55 121 258 37 920 46 30 46 20 55
leaf_count=20 33 22 300 21 42 30 48 37 102 30 125 60 22 100 50 930 283 20 50 161 55 121 258 37 920 46 30 46 20 55
internal_value=9.79272e-12 -7.25724e-05 0.000815296 -0.00627086 -4.99346e-07 0.002807 -5.62467e-05 2.29993e-06 -0.00164504 -0.00535168 7.53869e-05 0.00045753 -0.00196579 -0.0043397 0.00136313 0.000794281 0.000602352 0.00113627 -0.00117899 0.00456338 -0.000306756 -0.000462167 -0.00013537 0.00022397 -0.000549579 -0.00242549 -0.00670751 0.00271001 -0.00685147 -0.00321395
internal_weight=4074 3741 333 43 3698 72 3626 3578 152 50 3426 1713 209 122 87 1504 1444 1111 333 181 1713 1658 1482 1281 977 201 76 304 57 176
internal_count=4074 3741 333 43 3698 72 3626 3578 152 50 3426 1713 209 122 87 1504 1444 1111 333 181 1713 1658 1482 1281 977 201 76 304 57 176
is_linear=0
shrinkage=0.1


Tree=53
num_leaves=31
num_cat=0
split_feature=1 2 2 2 1 3 3 3 3 3 3 0 2 3 3 3 0 1 0 1 3 2 0 1 1 0 3 3 1 1
split_gain=0.0234351 0.0390046 0.0292414 0.0569752 0.0310645 0.0528277 0.106584 0.046637 0.115716 0.0741561 0.069247 0.041808 0.0329643 0.143166 0.0937096 0.282135 0.630126 0.256361 0.194538 0.191873 0.176159 0.211605 0.233157 0.226437 0.154713 0.193558 0.137469 0.101589 0.0764073 0.223793
threshold=7.9000000000000012 1.3400000000000003 0.22500000000000003 0.24500000000000002 3.7500000000000004 0.36020000000000002 0.38314999999999999 0.41360000000000002 0.4647 0.39930000000000004 0.57320000000000004 1.5000000000000002 0.18500000000000003 0.46345000000000008 0.26505000000000006 0.31680000000000003 2.5000000000000004 3.8750000000000004 2.5000000000000004 4.3550000000000013 0.34859999999999997 0.19500000000000003 4.5000000000000009 4.6550000000000011 5.2150000000000007 1.5000000000000002 0.33644999999999997 0.12130000000000001 3.9450000000000007 4.0050000000000008
decision_type=2 2 2 2 2 2 2 2 2 2 2 2 2 2 2 2 2 2 2 2 2 2 2 2 2 2 2 2 2 2
left_child=1 2 4 -4 5 11 -7 9 -9 -8 -10 -1 28 14 19 16 -16 -17 24 -14 26 22 -22 -23 25 -19 -20 -21 -6 -30
right_child=-2 -3 3 -5 12 6 7 8 10 -11 -12 -13 13 -15 15 17 -18 18 20 27 21 23 -24 -25 -26 -27 -28 -29 29 -31
leaf_value=-0.0060766035436906601 0.0028830784639077532 -0.0040393446960176032 0.0056785702705383304 -0.00088004616123658636 0.0039126416086219251 0.0067300227273296084 0.00062248745234683156 0.0064778690011455461 -0.0031719741356363036 -0.0067941083214603931 0.0027635903035600983 -0.0014705521207322521 0.0041557131198180072 -0.0052488940714725436 0.02094218593944485 -0.0099434665803398419 0.00087777696135971279 0.0070088478552255157 0.0032429840601980692 -0.00086665353535310082 0.018090403207537274 -0.0055098960253720485 0.0045020692075403148 0.0080887722074985506 -0.0098230489485320593 -0.004953071940690279 -0.0073061684767405204 -0.0100756119415164 -0.0099353527174452731 -3.42350902710817e-05
leaf_weight=22 28 24 26 27 48 23 28 26 57 26 30 189 34 35 24 21 45 24 30 23 23 24 28 25 21 31 21 25 23 3063
leaf_count=22 28 24 26 27 48 23 28 26 57 26 30 189 34 35 24 21 45 24 30 23 23 24 28 25 21 31 21 25 23 3063
internal_value=-1.2375e-11 -1.99521e-05 4.03233e-06 0.00233739 -2.71261e-05 -0.000861637 0.000347911 -0.000531062 0.000624157 -0.00294847 -0.00112523 -0.0019508 6.66628e-05 0.000883459 0.00142139 0.00220083 0.0078567 0.000627215 0.00160512 -0.00159182 0.00368198 0.00612119 0.0106301 0.0014282 -0.00252128 0.000266675 -0.00110078 -0.00566299 -4.64481e-05 -0.000108028
internal_weight=4074 4046 4022 53 3969 401 190 167 113 54 87 211 3568 434 399 317 69 248 227 82 151 100 51 49 76 55 51 48 3134 3086
internal_count=4074 4046 4022 53 3969 401 190 167 113 54 87 211 3568 434 399 317 69 248 227 82 151 100 51 49 76 55 51 48 3134 3086
is_linear=0
shrinkage=0.1


Tree=54
num_leaves=31
num_cat=0
split_feature=3 3 2 0 1 1 2 1 2 1 2 0 3 0 2 1 1 0 1 1 3 0 2 1 1 3 1 3 3 1
split_gain=0.0232126 0.0400937 0.089854 0.108722 0.0712781 0.0629867 0.0308437 0.0349682 0.0825762 0.0450434 0.0325366 0.194138 0.0785671 0.0294799 0.0286999 0.409107 0.339077 0.254439 0.203591 0.266721 0.104554 0.0888348 0.0526703 0.152273 0.351264 0.200291 0.24602 0.179026 0.0733679 0.149739
threshold=0.76390000000000013 0.57980000000000009 0.21500000000000002 4.5000000000000009 6.1350000000000007 5.8250000000000011 1.0000000180025095e-35 1.4400000000000002 0.21500000000000002 2.0550000000000002 0.21500000000000002 2.5000000000000004 0.38400000000000001 4.5000000000000009 0.19500000000000003 4.5150000000000006 4.9250000000000007 3.5000000000000004 4.0450000000000008 4.0050000000000008 0.35464999999999997 4.5000000000000009 0.18500000000000003 4.3550000000000013 3.9850000000000008 0.39065 5.245000000000001 0.29830000000000007 0.38400000000000001 3.8250000000000006
decision_type=2 2 2 2 2 2 2 2 2 2 2 2 2 2 2 2 2 2 2 2 2 2 2 2 2 2 2 2 2 2
left_child=1 6 3 4 -3 -5 -1 8 -8 13 14 -12 -13 -9 22 18 20 -18 19 21 -17 -16 -11 24 28 26 -25 -28 29 -24
right_child=-2 2 -4 5 -6 -7 7 9 -10 10 11 12 -14 -15 15 16 17 -19 -20 -21 -22 -23 23 25 -26 -27 27 -29 -30 -31
leaf_value=-0.0032843628063284123 -0.0028693613629522073 0.010832296019153935 -0.0041209383756809293 0.0028204034371622677 0.0031252617918653414 -0.0043707873672246935 0.0070196492354507034 -0.0057938373337189358 -0.0011342732718697302 -8.9287020189287607e-05 0.0093290660157799715 0.0025258751264933886 -0.0047735180209080384 -0.0011252275422999733 -0.011079156641305115 0.011907778098247945 -0.011122774358161471 0.0044616247341036797 -0.011405816873363955 0.0059573621600866322 0.0037591298741679042 -0.0020551918447017669 0.0022291055040025132 -0.0042662905489510676 0.012089406890240876 -0.0078364993525610778 -0.00092497717842679082 0.010029778222420387 0.0050604501292109494 -0.0079975742508064628
leaf_weight=29 28 21 21 29 28 21 23 21 27 3227 25 29 30 38 24 32 22 20 38 25 31 20 41 47 37 32 26 35 25 22
leaf_count=29 28 21 21 29 28 21 23 21 27 3227 25 29 30 38 24 32 22 20 38 25 31 20 41 47 37 32 26 35 25 22
internal_value=-9.62144e-12 1.98572e-05 0.00182043 0.00308071 0.00642828 -0.000199897 -3.5178e-05 -1.09988e-05 0.00261653 -4.51492e-05 -2.44449e-06 0.00194371 -0.00118568 -0.00278694 -4.65797e-05 -0.00117631 0.00325822 -0.00370163 -0.00552795 -0.00229086 0.00789813 -0.00697735 2.20063e-05 0.00137726 0.00391413 -0.000887791 0.00117108 0.00536054 0.000476795 -0.00134212
internal_weight=4074 4046 120 99 49 50 3926 3897 50 3847 3788 84 59 59 3704 212 105 42 107 69 63 44 3492 265 125 140 108 61 88 63
internal_count=4074 4046 120 99 49 50 3926 3897 50 3847 3788 84 59 59 3704 212 105 42 107 69 63 44 3492 265 125 140 108 61 88 63
is_linear=0
shrinkage=0.1


Tree=55
num_leaves=31
num_cat=0
split_feature=3 3 3 2 1 1 0 1 1 1 1 2 0 2 3 3 0 1 3 3 3 1 3 2 2 1 1 3 3 3
split_gain=0.0244124 0.227312 0.13944 0.382447 0.425775 0.226398 0.187847 0.148952 0.136615 0.132687 0.123291 0.0761425 0.0715148 0.120463 0.0607376 0.16858 0.165991 0.147373 0.0543438 0.173605 0.100681 0.0996292 0.173153 0.150442 0.191369 0.180649 0.111409 0.154145 0.167448 0.160036
threshold=0.39110000000000006 0.39845000000000003 0.37669999999999998 0.16500000000000004 6.6450000000000005 4.9450000000000012 4.5000000000000009 4.535000000000001 6.2550000000000008 5.8650000000000011 4.1350000000000007 0.17500000000000002 2.5000000000000004 0.14500000000000005 0.40225000000000005 0.40445000000000003 2.5000000000000004 4.7750000000000012 0.44770000000000004 0.46055000000000007 0.49690000000000006 5.9350000000000014 0.41204999999999997 0.13500000000000004 0.14500000000000005 6.205000000000001 5.0650000000000004 0.41360000000000002 0.41600000000000009 0.40845000000000004
decision_type=2 2 2 2 2 2 2 2 2 2 2 2 2 2 2 2 2 2 2 2 2 2 2 2 2 2 2 2 2 2
left_child=2 10 -1 4 5 -4 11 -8 9 -7 -2 -5 -12 -14 16 -16 -3 -18 21 -20 -21 26 -23 -24 -25 -26 27 29 -29 -17
right_child=1 14 3 6 -6 8 7 -9 -10 -11 12 -13 13 -15 15 18 17 -19 19 20 -22 22 23 24 25 -27 -28 28 -30 -31
leaf_value=5.3602060856810882e-05 0.011169513947838411 0.0041953025385737417 -0.0050650356784462929 -0.0074298925943569183 -0.011769890556619927 0.0039751095144310968 0.0033859740321834884 -0.008299025492742659 0.0016096137432296846 0.014384774930775166 -0.00060388643445598116 -0.014454964989865269 0.00084477598882383778 0.0092093444655113165 0.0079278432164789619 -0.00022937995584114738 0.0015056513063609602 -0.0090076791448518625 0.0039368323219770738 -0.0025284131609719131 0.00057895304245100202 0.0088596706744283448 -0.0066255807888228454 0.0076541533063658896 0.0064663263280754502 -0.0038251279333825087 -0.004853795564941768 0.0080036681007455892 -0.00071924092999401225 -0.012460455037653447
leaf_weight=2477 22 25 25 36 22 24 24 20 44 25 37 27 36 33 27 23 20 40 121 143 385 24 30 34 23 66 95 27 119 20
leaf_count=2477 22 25 25 36 22 24 24 20 44 25 37 27 36 33 27 23 20 40 121 143 385 24 30 34 23 66 95 27 119 20
internal_value=-1.1086e-11 0.000347721 -0.000172329 -0.00243804 0.00100201 0.00338321 -0.00693904 -0.00192539 0.00565425 0.00928616 0.00435708 -0.0104406 0.00294317 0.00484522 -7.22442e-05 0.000120518 -0.00265072 -0.00550324 -6.93897e-05 0.000520324 -0.000262625 -0.000899595 0.000962559 -0.000276204 0.00127242 -0.00116554 -0.00206016 -0.000655955 0.0008939 -0.00591825
internal_weight=4074 1350 2724 247 140 118 107 44 93 49 128 63 106 69 1222 1137 85 60 1110 649 528 461 177 153 123 89 284 189 146 43
internal_count=4074 1350 2724 247 140 118 107 44 93 49 128 63 106 69 1222 1137 85 60 1110 649 528 461 177 153 123 89 284 189 146 43
is_linear=0
shrinkage=0.1


Tree=56
num_leaves=31
num_cat=0
split_feature=1 2 3 3 1 1 3 3 1 1 3 1 1 1 1 1 1 3 3 3 0 1 3 1 1 1 0 3 3 3
split_gain=0.0236221 0.0262316 0.0275671 0.224132 0.138112 0.180875 0.358649 0.12265 0.148547 0.150348 0.270725 0.263686 0.0696146 0.0831933 0.0675554 0.149763 0.0968175 0.0640636 0.131741 0.12383 0.225921 0.0514986 0.0491877 0.0457337 0.0573344 0.0433072 0.0402263 0.0393539 0.0814966 0.0372893
threshold=7.9000000000000012 1.3400000000000003 0.45415000000000005 0.46055000000000007 6.9150000000000009 6.5550000000000006 0.57660000000000011 0.49690000000000006 6.245000000000001 5.5250000000000012 0.65990000000000015 5.245000000000001 4.8200000000000012 3.6450000000000005 6.285000000000001 5.8850000000000007 4.7550000000000008 0.43390000000000001 0.4321000000000001 0.43910000000000005 4.5000000000000009 5.3950000000000005 0.56890000000000007 1.4400000000000002 1.8700000000000003 5.3000000000000007 3.5000000000000004 0.42560000000000003 0.42910000000000004 0.4169000000000001
decision_type=2 2 2 2 2 2 2 2 2 2 2 2 2 2 2 2 2 2 2 2 2 2 2 2 2 2 2 2 2 2
left_child=1 2 17 21 5 7 -7 14 9 11 -11 12 13 22 15 16 -5 18 23 -19 25 26 -9 -1 -25 -21 -4 29 -29 -26
right_child=-2 -3 3 4 -6 6 -8 8 -10 10 -12 -13 -14 -15 -16 -17 -18 19 -20 20 -22 -23 -24 24 27 -27 -28 28 -30 -31
leaf_value=0.0038250648354490597 0.0028945607399301874 -0.0033162429337001719 0.010192373167309497 0.00080096404378612841 0.0058097023749724037 -0.013157240761023377 0.0027686804577779886 -0.0019961606478318575 0.0069931203594956644 0.00077779006567739309 -0.013128133260068439 0.012644790103659036 -0.0034775498722280774 0.0058720412748781122 -0.0067736903462430531 0.0063983162492513655 -0.0067984288582872412 -0.0068806149985175579 0.0080793971661478284 0.0051860287679093226 -0.006810627043198206 0.0024104114621877671 0.0027370526014189973 -0.0040659377506623668 -5.9813858440409657e-05 0.0005182586822901731 0.0043567901565915064 -0.0054369848146027817 0.0024860456457827243 0.0021824500437727886
leaf_weight=30 28 24 27 30 36 31 26 52 39 42 21 20 35 33 29 20 38 40 20 35 38 31 38 36 3075 46 21 37 20 76
leaf_count=30 28 24 27 30 36 31 26 52 39 42 21 20 35 33 29 20 38 40 20 35 38 31 38 36 3075 46 21 37 20 76
internal_value=1.26253e-11 -2.00315e-05 -3.62461e-07 0.000644574 -0.000152341 -0.000625102 -0.00589279 0.000131216 0.00126741 0.000340842 -0.00385752 0.00182678 0.00045741 0.00157711 -0.00258788 -0.00120847 -0.00344576 -0.000106638 -1.20045e-05 -0.00206715 -0.000449184 0.00558746 2.30717e-06 -6.14327e-05 -9.73744e-05 0.0025352 0.00763931 -5.28394e-05 -0.00265697 -5.73196e-06
internal_weight=4074 4046 4022 569 490 454 57 397 280 241 63 178 158 123 117 88 68 3453 3294 159 119 79 90 3274 3244 81 48 3208 57 3151
internal_count=4074 4046 4022 569 490 454 57 397 280 241 63 178 158 123 117 88 68 3453 3294 159 119 79 90 3274 3244 81 48 3208 57 3151
is_linear=0
shrinkage=0.1


Tree=57
num_leaves=31
num_cat=0
split_feature=0 1 1 1 1 1 1 1 1 1 1 3 1 3 2 2 1 3 1 2 3 1 3 1 3 2 1 1 0 2
split_gain=0.0194203 0.0575379 0.0637589 0.101659 0.0925207 0.0876442 0.0835948 0.102081 0.374778 0.244143 0.196178 0.0993173 0.179102 0.0959463 0.0651043 0.144395 0.0832393 0.182934 0.102066 0.0747704 0.19071 0.0429613 0.0425246 0.0392577 0.0284335 0.027151 0.0439022 0.0486871 0.080033 0.0471879
threshold=5.5000000000000009 7.2250000000000005 6.5850000000000009 6.705000000000001 6.9150000000000009 6.4000000000000012 6.2950000000000008 5.7250000000000005 5.8850000000000007 5.535000000000001 6.0550000000000006 0.43910000000000005 3.6450000000000005 0.38400000000000001 0.15500000000000003 0.14500000000000005 4.6950000000000012 0.32640000000000008 4.1350000000000007 0.18500000000000003 0.33935000000000004 7.9000000000000012 0.34355000000000008 4.5050000000000008 0.76390000000000013 0.23500000000000001 1.4400000000000002 2.6000000000000001 4.5000000000000009 0.18500000000000003
decision_type=2 2 2 2 2 2 2 2 2 2 2 2 2 2 2 2 2 2 2 2 2 2 2 2 2 2 2 2 2 2
left_child=21 2 5 -4 -5 6 7 9 -9 11 -10 14 -13 -12 15 -2 18 -18 19 20 -16 24 -21 -20 25 26 -1 28 29 -28
right_child=1 -3 3 4 -6 -7 -8 8 10 -11 13 12 -14 -15 16 -17 17 -19 23 22 -22 -23 -24 -25 -26 -27 27 -29 -30 -31
leaf_value=0.0043817441910505295 0.00083729533685578247 -0.0055187312632121828 0.0083491153882018151 -0.0042435313956375471 0.00435975556448102 -0.0055150342732667931 0.0056854811110745446 -0.014085387125611304 0.0072820185683667663 0.0087515009691317893 0.00028219863306730989 -0.00078794621070151904 0.0083060591561661574 -0.0089305934496223937 -0.0044690018461551522 -0.0091656525739498684 0.001969916469627811 -0.0083814779161720688 0.0052491413266939485 -0.001933882818557322 0.0080316881284765579 0.0041469682008028032 -0.0074909437092996779 0.00020066815001579621 -0.0033633180350686113 -0.0026796078256198339 -0.0014472889285534621 0.00014997505512947466 0.0020838750181374727 -0.0074245793611875596
leaf_weight=24 27 22 21 25 25 35 22 25 25 30 26 67 32 20 26 31 31 38 43 40 23 26 21 24 24 35 25 3206 27 28
leaf_count=24 27 22 21 25 25 35 22 25 25 30 26 67 32 20 26 31 31 38 43 40 23 26 21 24 24 35 25 3206 27 28
internal_value=5.13992e-12 -0.000488205 -0.000319755 0.00251038 5.81121e-05 -0.000662656 -0.000354428 -0.000605616 -0.00355582 4.84718e-05 0.000151771 -0.000599396 0.00215153 -0.00372336 -0.00149526 -0.00450911 -0.000784675 -0.00373085 0.000363835 -0.00151028 0.00139867 9.7641e-05 -0.00384697 0.00344073 6.63907e-05 9.09984e-05 0.000120295 8.91705e-05 -0.00234757 -0.0046051
internal_weight=4074 679 657 71 50 586 551 529 96 433 71 403 99 46 304 58 246 69 177 110 49 3395 61 67 3369 3345 3310 3286 80 53
internal_count=4074 679 657 71 50 586 551 529 96 433 71 403 99 46 304 58 246 69 177 110 49 3395 61 67 3369 3345 3310 3286 80 53
is_linear=0
shrinkage=0.1


Tree=58
num_leaves=31
num_cat=0
split_feature=3 3 3 2 1 1 0 2 3 3 3 2 3 3 3 3 0 2 0 3 3 2 3 3 1 2 2 0 3 0
split_gain=0.0190101 0.192404 0.118368 0.211835 0.246759 0.10045 0.0608464 0.0935263 0.05002 0.147653 0.136788 0.122098 0.0458545 0.260668 0.20202 0.187461 0.310816 0.0850426 0.102129 0.0526523 0.237561 0.254754 0.236808 0.18709 0.146804 0.166225 0.152653 0.274101 0.119047 0.10323
threshold=0.39110000000000006 0.39845000000000003 0.38755000000000001 0.15500000000000003 4.0650000000000004 4.1350000000000007 2.5000000000000004 0.14500000000000005 0.40225000000000005 0.40154999999999996 0.40445000000000003 0.15500000000000003 0.38235000000000002 0.37669999999999998 0.38314999999999999 0.3786000000000001 3.5000000000000004 0.14500000000000005 4.5000000000000009 0.36020000000000002 0.35575000000000007 0.18500000000000003 0.35310000000000002 0.35200000000000004 3.9450000000000007 0.13500000000000004 0.17500000000000002 3.5000000000000004 0.34859999999999997 4.5000000000000009
decision_type=2 2 2 2 2 2 2 2 2 2 2 2 2 2 2 2 2 2 2 2 2 2 2 2 2 2 2 2 2 2
left_child=2 5 12 -4 -5 -2 -7 -8 9 11 -10 -3 13 19 -14 -15 -17 -16 -19 20 22 29 23 28 -21 -26 -27 -28 -1 -22
right_child=1 8 3 4 -6 6 7 -9 10 -11 -12 -13 14 15 17 16 -18 18 -20 24 21 -23 -24 -25 25 26 27 -29 -30 -31
leaf_value=-3.3692208798036039e-05 0.010144616771404717 -0.0054649534751661129 0.0025277892367974405 -0.0018890127273542539 -0.016228893002075244 -0.0005525140746219739 0.00094883542300926323 0.0083191005908178559 0.0071281107073580784 -0.0092624265862547833 -7.5666292018345177e-05 0.0036457513459026815 0.0110504580847919 -0.012852399509686691 0.0048327279317638147 0.0066980197183078242 -0.0099607288255356263 -0.0058661971728063448 0.0031898771016858523 0.0084810863392284289 -0.0051557087223045531 0.0037539599929004908 0.0095991978466582421 -0.007360931866637924 0.0063945002765173013 -0.0020855100876851682 0.0096580980066210045 -0.0033680990058928733 0.0039755440528758549 -0.012975180387496949
leaf_weight=1941 22 24 31 28 21 37 36 33 27 23 1110 38 20 26 23 21 24 33 20 26 52 26 26 34 42 163 35 30 77 25
leaf_count=1941 22 24 31 28 21 37 36 33 27 23 1110 38 20 26 23 21 24 33 20 26 52 26 26 34 42 163 35 30 77 25
internal_value=-4.99155e-12 0.000306845 -0.000152071 -0.00394172 -0.00803468 0.00399552 0.0027193 0.00447374 -7.95309e-05 -0.00241948 9.53997e-05 0.000119027 -3.74064e-05 -0.000118241 0.00210807 -0.00609241 -0.00218665 -0.000245187 -0.00244881 5.30012e-05 -0.000116848 -0.0048046 0.000115509 -4.65466e-06 0.00130449 0.000613412 -0.000451525 0.00364601 0.000119287 -0.0076945
internal_weight=4074 1350 2724 80 49 128 106 69 1222 85 1137 62 2644 2548 96 71 45 76 53 2477 2181 103 2078 2052 296 270 228 65 2018 77
internal_count=4074 1350 2724 80 49 128 106 69 1222 85 1137 62 2644 2548 96 71 45 76 53 2477 2181 103 2078 2052 296 270 228 65 2018 77
is_linear=0
shrinkage=0.1


Tree=59
num_leaves=31
num_cat=0
split_feature=1 1 1 1 1 2 1 0 3 3 0 1 3 0 1 2 0 0 2 2 1 1 3 1 3 3 3 3 3 1
split_gain=0.0189372 0.131011 0.0415219 0.115646 0.084911 0.0873854 0.0646942 0.039383 0.101998 0.103746 0.11148 0.0941425 0.100338 0.0886102 0.0974412 0.0627857 0.0576378 0.0363801 0.0973438 0.146344 0.128641 0.196498 0.197265 0.149523 0.140092 0.410351 0.18585 0.18501 0.121518 0.100299
threshold=6.955000000000001 6.9300000000000006 6.9050000000000011 6.8850000000000007 6.8150000000000004 0.14500000000000005 6.7750000000000012 2.5000000000000004 0.29830000000000007 0.35640000000000005 1.5000000000000002 7.2650000000000006 0.38400000000000001 3.5000000000000004 7.1350000000000007 0.14500000000000005 4.5000000000000009 2.5000000000000004 0.17500000000000002 0.21500000000000002 4.035000000000001 3.4950000000000006 0.37755000000000005 4.1650000000000009 0.29830000000000007 0.32940000000000008 0.12130000000000001 0.34645000000000004 0.37555000000000005 5.2150000000000007
decision_type=2 2 2 2 2 2 2 2 2 2 2 2 2 2 2 2 2 2 2 2 2 2 2 2 2 2 2 2 2 2
left_child=1 2 3 4 6 -6 17 8 -2 -10 -11 13 -13 -9 16 -14 -15 18 -1 20 21 -20 -23 -22 26 -26 -25 -27 -29 -30
right_child=7 -3 -4 -5 5 -7 -8 11 9 10 -12 12 15 14 -16 -17 -18 -19 19 -21 23 22 -24 24 25 27 -28 28 29 -31
leaf_value=0.0010143339197968332 -0.0068173214496875358 -0.007277490764856339 0.0041318306233733898 -0.0064434022742456618 0.00040015694685280323 0.0084375318411427248 -0.0036983340968921165 0.0081441664888012803 0.0061453806881148088 0.0020481532744532969 -0.0056726656825048854 -0.0046454639762247866 0.0054222787833876082 -0.0048967188177630313 0.007013257931005986 -0.0018682590641436122 0.0020337569372107585 -0.00022327228624471234 0.0012518890983154697 0.0064505347904438778 0.0072557881798433234 -0.003426497365380156 -0.015983905508288775 0.0024420669162645938 0.010563026993505416 -0.011238069050014019 -0.0094672979203383693 0.003997313863981296 0.00087337436154484756 -0.0091415775567293169
leaf_weight=847 22 25 24 28 31 24 48 31 26 45 32 38 27 20 24 21 30 2419 31 24 23 29 22 20 31 20 38 34 20 20
leaf_count=847 22 25 24 28 31 24 48 31 26 45 32 38 27 20 24 21 30 2419 31 24 23 29 22 20 31 20 38 34 20 20
internal_value=-3.396e-12 -6.2519e-05 -1.42002e-05 -4.10281e-05 7.67238e-06 0.00390738 -5.14792e-05 0.000743502 -0.000636477 0.000683704 -0.0011605 0.00164663 -0.000806506 0.00365586 0.00177563 0.00223267 -0.000738433 -2.5555e-06 0.000458112 -0.00105189 -0.00167709 -0.0050269 -0.00884342 -0.000343669 -0.00129879 0.000585897 -0.00536062 -0.00270443 -0.000398046 -0.0041341
internal_weight=4074 3758 3733 3709 3681 55 3626 316 125 103 77 191 86 105 74 48 50 3578 1159 312 288 82 51 206 183 125 58 94 74 40
internal_count=4074 3758 3733 3709 3681 55 3626 316 125 103 77 191 86 105 74 48 50 3578 1159 312 288 82 51 206 183 125 58 94 74 40
is_linear=0
shrinkage=0.1


Tree=60
num_leaves=31
num_cat=0
split_feature=1 1 1 1 2 1 1 0 2 1 0 1 3 3 1 3 2 2 3 1 3 1 2 2 1 1 1 2 3 0
split_gain=0.0162444 0.137673 0.0731707 0.05069 0.0658835 0.0524023 0.0474396 0.0376608 0.0984439 0.113129 0.0612867 0.0525326 0.0957654 0.142188 0.0985019 0.0812742 0.0508564 0.0366702 0.0866366 0.055107 0.0372366 0.0346604 0.0380073 0.0503089 0.0406205 0.130935 0.159837 0.126525 0.147739 0.124321
threshold=6.9450000000000012 6.8950000000000005 6.9750000000000005 6.8150000000000004 0.14500000000000005 6.7750000000000012 6.9150000000000009 2.5000000000000004 0.12500000000000003 7.2650000000000006 1.5000000000000002 7.2650000000000006 0.37955 0.42135000000000006 7.1350000000000007 0.38400000000000001 0.14500000000000005 0.12500000000000003 0.36555000000000004 5.745000000000001 0.4647 1.0000000180025095e-35 0.27500000000000008 0.22500000000000003 5.9750000000000005 5.745000000000001 5.7250000000000005 0.15500000000000003 0.43090000000000006 1.5000000000000002
decision_type=2 2 2 2 2 2 2 2 2 2 2 2 2 2 2 2 2 2 2 2 2 2 2 2 2 2 2 2 2 2
left_child=1 3 -2 5 -5 17 -3 8 -4 10 -10 12 14 -14 -9 -13 -17 18 19 -1 -20 -19 23 24 25 26 -23 29 -29 -27
right_child=2 6 7 4 -6 -7 -8 11 9 -11 -12 15 13 -15 -16 16 -18 21 20 -21 -22 22 -24 -25 -26 27 -28 28 -30 -31
leaf_value=-0.0089980638585984707 0.0051386971703984525 -0.0089304579506543549 0.0044864130681768677 7.6663104395958655e-05 0.0062124347655723496 -0.0033285005323705264 -0.0022856268300009623 0.0016186785366800096 -0.0026590579219402805 0.0014988512670817344 -0.0093900347827002417 -0.0041809177026152613 -0.0066920510005383273 0.004371216896778116 0.010524245286765307 0.0048800509457510933 -0.0016814331124935832 0.0039340577371742421 0.0030409179868236668 -0.0022214491292834281 -0.0011131633335435896 -1.9533398574708425e-05 -0.004307505446486175 0.0041415537645419437 0.00062454082102866241 0.0070903033927260418 0.0085460359738631694 -0.0029912866019756248 -0.012106545163052422 -0.0014728557667694987
leaf_weight=20 33 22 24 42 30 48 21 27 31 38 24 38 21 26 23 27 21 23 31 30 71 2233 20 30 852 21 22 116 21 88
leaf_count=20 33 22 24 42 30 48 21 27 31 38 24 38 21 26 23 27 21 23 31 30 71 2233 20 30 852 21 22 116 21 88
internal_value=2.11706e-12 -5.95757e-05 0.000669287 5.83982e-06 0.00263323 -4.63313e-05 -0.00568531 0.000177652 -0.0012236 -0.00269715 -0.00559621 0.00107354 0.00266887 -0.000571945 0.00571524 -0.000725856 0.0020094 -2.29994e-06 -0.00152218 -0.0049321 0.000149352 6.51318e-05 3.89828e-05 6.46788e-05 2.82022e-05 -0.000174949 6.40331e-05 -0.00236562 -0.00438852 0.000176927
internal_weight=4074 3741 333 3698 72 3626 43 300 117 93 55 183 97 47 50 86 48 3578 152 50 102 3426 3403 3383 3353 2501 2255 246 137 109
internal_count=4074 3741 333 3698 72 3626 43 300 117 93 55 183 97 47 50 86 48 3578 152 50 102 3426 3403 3383 3353 2501 2255 246 137 109
is_linear=0
shrinkage=0.1


Tree=61
num_leaves=31
num_cat=0
split_feature=3 3 3 3 3 0 3 0 1 1 1 1 1 0 1 1 1 1 3 3 1 1 3 1 2 0 1 1 1 3
split_gain=0.0175893 0.182866 0.0694446 0.0542422 0.11151 0.101343 0.225313 0.208612 0.0685694 0.0424207 0.0418822 0.103507 0.10311 0.0966107 0.0357923 0.216192 0.0942097 0.118215 0.254725 0.148248 0.296403 0.0815604 0.0606719 0.0596051 0.0382794 0.0339578 0.0335997 0.0319216 0.125726 0.251607
threshold=0.45415000000000005 0.46055000000000007 0.49690000000000006 0.43390000000000001 0.4321000000000001 4.5000000000000009 0.44369999999999993 5.5000000000000009 5.3000000000000007 5.3950000000000005 5.6150000000000011 6.285000000000001 4.6750000000000007 3.5000000000000004 5.5250000000000012 5.245000000000001 6.1350000000000007 6.3650000000000011 0.58545000000000014 0.5495000000000001 6.9150000000000009 4.7550000000000008 0.65990000000000015 3.6450000000000005 0.70000000000000018 3.5000000000000004 6.5550000000000006 6.3350000000000009 6.4000000000000012 0.31285000000000002
decision_type=2 2 2 2 2 2 2 2 2 2 2 2 2 2 2 2 2 2 2 2 2 2 2 2 2 2 2 2 2 2
left_child=3 9 10 4 27 6 -5 -7 -8 25 12 -12 -3 -13 15 21 22 18 -18 20 -19 23 -16 24 -4 -2 -10 -1 29 -29
right_child=1 2 14 5 -6 7 8 -9 26 -11 11 13 -14 -15 16 -17 17 19 -20 -21 -22 -23 -24 -25 -26 -27 -28 28 -30 -31
leaf_value=-0.00022014663748171957 0.0091917578475894761 -0.00054705789578812466 -0.00069513218477368355 -0.0063525212415231347 0.0074441063310950991 -0.01205358961794991 0.0067363826589037978 0.0011428514637214981 -0.0024896773602813486 0.0021003273225599721 0.0030304885562509303 -0.00023298290148941856 -0.0099481380870565777 -0.0087880920280109763 -0.0012693729118577071 0.011335439253598452 0.01309995259202662 -0.013219129262775506 -0.0024755102626624562 0.002164113571146323 0.0034263489022850996 -0.0038088437597695239 -0.0084807891398668289 0.0051844180730933496 0.0041961510831242778 0.0038301013055301852 0.0031735764901069082 0.01131737906666052 4.427361780188095e-05 0.00031278027768527703
leaf_weight=2502 27 28 80 39 20 25 30 23 20 31 40 33 20 22 28 20 21 23 21 62 20 37 20 33 20 21 22 31 692 63
leaf_count=2502 27 28 80 39 20 25 30 23 20 31 40 33 20 22 28 20 21 23 21 62 20 37 20 33 20 21 22 31 692 63
internal_value=-5.52805e-12 0.000496589 -0.000174792 -8.69424e-05 -2.24761e-07 -0.00189111 -0.000230916 -0.00573029 0.00308495 0.00498379 -0.00205655 -0.000840073 -0.00446417 -0.00365503 0.000524148 0.00150095 -0.000427605 0.000828404 0.00531222 -0.000965123 -0.00547705 0.000343947 -0.00427413 0.00149923 0.000283124 0.00684603 0.000476789 -4.55066e-05 0.000510409 0.00394196
internal_weight=4074 607 528 3467 3308 159 111 48 72 79 143 95 48 55 385 190 195 147 42 105 43 170 48 133 100 48 42 3288 786 94
internal_count=4074 607 528 3467 3308 159 111 48 72 79 143 95 48 55 385 190 195 147 42 105 43 170 48 133 100 48 42 3288 786 94
is_linear=0
shrinkage=0.1


Tree=62
num_leaves=31
num_cat=0
split_feature=1 1 1 3 3 2 0 1 2 1 1 3 3 1 1 1 3 3 3 1 3 0 3 1 1 3 1 3 3 3
split_gain=0.0156603 0.158591 0.149259 0.111669 0.247878 0.111216 0.163628 0.0821662 0.0798438 0.0998219 0.0673187 0.152867 0.0654509 0.0589339 0.17856 0.123512 0.196561 0.107931 0.21458 0.190473 0.173042 0.124505 0.145535 0.122551 0.0776758 0.0679439 0.0654251 0.0582019 0.200959 0.147958
threshold=4.285000000000001 4.205000000000001 4.3550000000000013 0.27955000000000008 0.28920000000000007 0.17500000000000002 3.5000000000000004 3.1650000000000005 0.17500000000000002 4.0150000000000006 4.4350000000000014 0.35280000000000006 0.28225000000000006 4.0950000000000006 4.0650000000000004 4.1650000000000009 0.36525000000000002 0.35280000000000006 0.37325000000000003 4.0150000000000006 0.32240000000000008 3.5000000000000004 0.33935000000000004 3.9450000000000007 3.7500000000000004 0.31355000000000005 3.6450000000000005 0.41360000000000002 0.45239999999999997 0.40445000000000003
decision_type=2 2 2 2 2 2 2 2 2 2 2 2 2 2 2 2 2 2 2 2 2 2 2 2 2 2 2 2 2 2
left_child=1 3 12 7 -5 6 -3 -1 -9 -10 11 -4 -2 14 17 16 -15 20 26 23 25 24 -23 27 -22 -6 -19 29 -29 -20
right_child=2 5 10 4 13 -7 -8 8 9 -11 -12 -13 -14 15 -16 -17 -18 18 19 -21 21 22 -24 -25 -26 -27 -28 28 -30 -31
leaf_value=0.00011227250129717296 0.0093166690481745681 -0.0018430807531393809 0.0024676677103763305 0.0096068781896911822 -0.00028338431171616733 0.0010775011168637624 -0.012660947345473149 -0.0089338785101627499 -0.00672654906368774 0.002809440557445799 7.7917377344244779e-05 -0.0077183910344234292 0.0023675312908987209 0.01235872671291556 -0.0081212225758160155 -0.0035346537239092871 0.00015757507494380398 0.0042568808607757096 0.00063913359838937013 0.0068578944863894806 -0.0041893117891793905 -0.0050915310722450882 0.0045032180696725852 -0.0064235859601467389 -0.012592546506361527 0.0059640537947416306 0.011930380323901773 0.0099657361638610786 -0.00014661096415861889 -0.0080750037260629518
leaf_weight=61 23 29 26 29 49 24 27 29 23 21 3053 34 33 23 27 22 31 25 70 39 22 43 25 32 22 27 20 23 135 27
leaf_count=61 23 29 26 29 49 24 27 29 23 21 3053 34 33 23 27 22 31 25 70 39 22 43 25 32 22 27 20 23 135 27
internal_value=1.27392e-11 -0.000366881 0.000104774 4.53421e-05 0.000557675 -0.00461794 -0.00705884 -0.00259661 -0.0048602 -0.00217528 1.27259e-05 -0.00330443 0.00522164 0.00016126 -0.000178531 0.00278123 0.00535436 0.000205105 0.00119425 0.000300726 -0.00174688 -0.00424604 -0.00156405 -0.000590317 -0.00839093 0.0019361 0.00766733 0.000141701 0.00132544 -0.00178645
internal_weight=4074 905 3169 825 691 80 56 134 73 44 3113 60 56 662 586 76 54 559 371 326 188 112 68 287 44 76 45 255 158 97
internal_count=4074 905 3169 825 691 80 56 134 73 44 3113 60 56 662 586 76 54 559 371 326 188 112 68 287 44 76 45 255 158 97
is_linear=0
shrinkage=0.1


Tree=63
num_leaves=31
num_cat=0
split_feature=3 3 3 2 1 1 0 3 2 2 2 1 1 1 3 3 1 3 3 3 3 1 3 1 1 0 0 1 3 3
split_gain=0.01715 0.138925 0.0984926 0.158028 0.188624 0.0783443 0.0517825 0.0956911 0.121913 0.0451787 0.145977 0.0476869 0.390628 0.285914 0.19485 0.184238 0.128754 0.104246 0.100422 0.292186 0.0948737 0.0946325 0.0944546 0.119497 0.188909 0.115181 0.0852952 0.0857362 0.0921653 0.233183
threshold=0.39110000000000006 0.39845000000000003 0.38755000000000001 0.15500000000000003 4.0650000000000004 4.1350000000000007 2.5000000000000004 0.39455000000000007 0.14500000000000005 0.20500000000000004 0.22500000000000003 5.4750000000000005 5.2650000000000006 5.6150000000000011 0.41360000000000002 0.40975 4.5050000000000008 0.41600000000000009 0.41150000000000003 0.4093 0.42810000000000004 5.1250000000000009 0.4169000000000001 6.9150000000000009 6.9750000000000005 3.5000000000000004 5.5000000000000009 6.5550000000000006 0.57660000000000011 0.46055000000000007
decision_type=2 2 2 2 2 2 2 2 2 2 2 2 2 2 2 2 2 2 2 2 2 2 2 2 2 2 2 2 2 2
left_child=2 5 -1 -4 -5 -2 -7 8 -8 11 -11 12 14 -13 15 16 -3 -16 19 -15 -19 -22 -20 26 -25 -26 27 -24 29 -29
right_child=1 9 3 4 -6 6 7 -9 -10 10 -12 13 -14 18 17 -17 -18 20 22 -21 21 -23 23 24 25 -27 -28 28 -30 -31
leaf_value=-3.984391224850075e-05 0.0088563546877015713 0.0020573533728326624 0.001986467135289023 -0.001763273303263954 -0.014300676670280241 -0.00071953970032769292 -0.0040930148976092992 0.0091838203279463494 0.0062129190890118481 -0.0081984657727714096 0.00034486776616956508 -0.010516097317277283 0.010472624471936471 -0.00035689951674569223 0.007001279218605271 -0.012669813265529229 -0.0069742184684232437 -0.0042382085293128681 -0.0045689554455188601 0.012811863803021288 0.00054405721109676162 0.0062694867257960148 0.00071462371467757944 0.010317740544605141 -0.0032166721578687427 0.0047644658889057058 -0.0048077000799227739 0.00035764848392817283 0.0021669941245699704 -0.012771691618642458
leaf_weight=2644 22 38 31 28 21 37 22 23 24 28 70 27 39 63 27 20 27 37 52 23 295 32 218 26 40 33 49 31 23 24
leaf_count=2644 22 38 31 28 21 37 22 23 24 28 70 27 39 63 27 20 27 37 52 23 295 32 218 26 40 33 49 31 23 24
internal_value=1.83596e-12 0.000291446 -0.000144439 -0.00360132 -0.00713645 0.00342585 0.00229876 0.00391727 0.00128399 -3.68705e-05 -0.00209608 0.00014267 0.000850976 -0.000456309 6.26482e-05 -0.00427671 -0.00169422 0.00100599 1.03819e-05 0.00316498 0.000561282 0.00110434 -0.000536584 -6.43248e-05 0.0029982 0.00039124 -0.000943136 -0.000303394 -0.00314862 -0.00537152
internal_weight=4074 1350 2724 80 49 128 106 69 46 1222 98 1124 515 609 476 85 65 391 582 86 364 327 496 444 99 73 345 296 78 55
internal_count=4074 1350 2724 80 49 128 106 69 46 1222 98 1124 515 609 476 85 65 391 582 86 364 327 496 444 99 73 345 296 78 55
is_linear=0
shrinkage=0.1


Tree=64
num_leaves=31
num_cat=0
split_feature=3 1 2 3 3 1 1 3 0 0 0 1 1 1 0 1 1 1 0 2 1 3 3 1 3 0 3 1 1 2
split_gain=0.0167607 0.113904 0.196069 0.111365 0.255352 0.109628 0.204945 0.0932166 0.0853274 0.0841228 0.196899 0.0789332 0.0721412 0.172492 0.226242 0.0701083 0.0622711 0.111544 0.095547 0.0610434 0.0682903 0.0429041 0.340429 0.259315 0.42804 0.224805 0.175055 0.293252 0.167093 0.138835
threshold=0.15254999999999999 6.5250000000000012 0.16500000000000004 0.23304999999999998 0.24744999999999998 5.8050000000000006 5.5150000000000006 1.0000000180025095e-35 3.5000000000000004 3.5000000000000004 2.5000000000000004 4.7550000000000008 4.3850000000000007 5.3350000000000009 2.5000000000000004 7.0050000000000008 4.8200000000000012 4.2550000000000008 3.5000000000000004 0.17500000000000002 4.1650000000000009 0.2849000000000001 0.28610000000000008 5.5600000000000014 0.26505000000000006 2.5000000000000004 0.29185000000000005 5.9350000000000014 4.4000000000000012 0.16500000000000004
decision_type=2 2 2 2 2 2 2 2 2 2 2 2 2 2 2 2 2 2 2 2 2 2 2 2 2 2 2 2 2 2
left_child=1 2 7 5 -5 6 16 12 -7 10 11 -4 -1 -14 -15 -3 17 -2 -18 -11 -21 23 -23 25 -25 -6 27 28 -24 -27
right_child=3 15 9 4 21 8 -8 -9 -10 19 -12 -13 13 14 -16 -17 18 -19 -20 20 -22 22 26 24 -26 29 -28 -29 -30 -31
leaf_value=-0.0021211203113198282 -0.0042057496440761231 -0.0069273136090487247 0.0011648710661878189 0.0081058885615605588 0.0016326262095176123 -0.010660847194492819 0.0070997346173971897 0.0081938668631198943 -0.0021217514506795192 -0.0080306690762795147 0.0082747715023847729 -0.0073413262562826284 0.0099225789743165177 0.0078213178552687165 -0.0067212842607303801 -0.00012410753124365303 -0.0013633374367297316 0.0052058847248554231 -0.010487028617750515 -0.0049411058159811163 0.0024128618285707806 0.0093420102261006829 -0.003793523420712778 0.010321497406738883 -0.0033744668791239915 -0.0013727209949865938 4.5872863105722998e-05 0.0043719383510982708 -0.016408450788419165 -0.011320420137626377
leaf_weight=25 34 28 24 39 34 25 25 41 22 21 26 20 30 20 23 33 24 20 22 28 23 39 21 39 55 20 3224 21 21 47
leaf_count=25 34 28 24 39 34 25 25 41 22 21 26 20 30 20 23 33 24 20 22 28 23 39 21 39 55 20 3224 21 21 47
internal_value=6.9452e-12 0.000670028 0.00152032 -6.14013e-05 5.86711e-05 -0.00254662 -0.000998553 0.00419018 -0.00666382 -0.00109313 0.00137535 -0.00270158 0.00251517 0.00410293 4.27167e-05 -0.00324689 -0.00302313 -0.000719959 -0.00572684 -0.00349304 -0.00162461 -3.0463e-05 5.40595e-05 -0.00147211 0.0023079 -0.00499015 -5.61414e-05 -0.00527668 -0.010101 -0.00835096
internal_weight=4074 342 281 3732 3560 172 125 139 47 142 70 44 98 73 43 61 100 54 46 72 51 3521 3326 195 94 101 3287 63 42 67
internal_count=4074 342 281 3732 3560 172 125 139 47 142 70 44 98 73 43 61 100 54 46 72 51 3521 3326 195 94 101 3287 63 42 67
is_linear=0
shrinkage=0.1


Tree=65
num_leaves=31
num_cat=0
split_feature=3 3 3 2 2 1 2 3 2 1 3 3 3 3 0 3 2 2 3 3 3 0 1 3 3 3 0 3 3 2
split_gain=0.0156274 0.0256619 0.0426955 0.0309048 0.0208977 0.018482 0.0625689 0.0268158 0.0363875 0.0414101 0.0423331 0.167685 0.0504862 0.0396245 0.0418661 0.0885287 0.108841 0.0395385 0.0775658 0.0747297 0.090034 0.206908 0.13018 0.0995582 0.0689919 0.229642 0.163785 0.105137 0.0897481 0.335946
threshold=0.74340000000000017 0.65990000000000015 0.57980000000000009 0.16500000000000004 1.0000000180025095e-35 1.4400000000000002 0.21500000000000002 0.55905000000000016 0.22500000000000003 3.7500000000000004 0.41360000000000002 0.39930000000000004 0.4647 0.36020000000000002 4.5000000000000009 0.32340000000000008 0.17500000000000002 0.18500000000000003 0.46345000000000008 0.42810000000000004 0.39065 3.5000000000000004 5.7150000000000007 0.37555000000000005 0.31680000000000003 0.27955000000000008 3.5000000000000004 0.12130000000000001 0.34739999999999999 0.19500000000000003
decision_type=2 2 2 2 2 2 2 2 2 2 2 2 2 2 2 2 2 2 2 2 2 2 2 2 2 2 2 2 2 2
left_child=1 2 4 -4 -1 6 -6 8 9 10 11 13 -12 14 15 16 -7 -11 19 20 22 -22 23 24 25 27 -27 -19 -26 -30
right_child=-2 -3 3 -5 5 7 -8 -9 -10 17 12 -13 -14 -15 -16 -17 -18 18 -20 -21 21 -23 -24 -25 28 26 -28 -29 29 -31
leaf_value=-0.0027071581061544094 0.0021039533189364844 -0.0023166416290526588 0.00071336976497581137 0.0051381902044845959 0.0057302227405750241 0.0035547637031413618 -0.0013674921735569283 -0.0029668569474691348 0.0031069513712380387 -7.0610392931787439e-05 0.004586345028991883 -0.010224727425901664 -0.0016454739711032466 0.0016299340037667022 9.8548732091521105e-05 -0.0067480921598249369 -0.0043142230279791432 0.0019246986582099153 -0.0043330507711149182 0.0057880723520236863 -0.010188712882386014 0.0036884899118116926 0.0076207101765659556 0.0071179084884731673 -0.00350199267032403 0.013010211430490019 0.0013172635727602504 -0.0050654057150658896 0.011300316215916114 -0.0047522729830234318
leaf_weight=29 35 48 38 27 23 32 27 31 37 3037 26 21 26 49 86 38 39 48 26 34 22 21 31 23 79 25 23 39 22 32
leaf_count=29 35 48 38 27 23 32 27 31 37 3037 26 21 26 49 86 38 39 48 26 34 22 21 31 23 79 25 23 39 22 32
internal_value=-1.00042e-11 -1.82318e-05 9.41127e-06 0.00255137 -3.26742e-05 -1.27717e-05 0.00189746 -3.75992e-05 -1.38028e-05 -4.43579e-05 -0.00113831 -0.00165022 0.00147044 -0.000912245 -0.00155105 -0.00285257 -0.000767637 5.58104e-05 0.000959199 0.00130406 0.000886368 -0.00341147 0.0014603 0.00080404 0.000262179 0.00185472 0.00740734 -0.0012088 -0.00135431 0.00178767
internal_weight=4074 4039 3991 65 3926 3897 50 3847 3816 3779 317 265 52 244 195 109 71 3462 425 399 365 43 322 291 268 135 48 87 133 54
internal_count=4074 4039 3991 65 3926 3897 50 3847 3816 3779 317 265 52 244 195 109 71 3462 425 399 365 43 322 291 268 135 48 87 133 54
is_linear=0
shrinkage=0.1


Tree=66
num_leaves=31
num_cat=0
split_feature=3 3 2 2 1 1 3 3 0 3 1 0 2 3 1 0 0 1 3 3 0 1 1 3 1 1 3 1 3 3
split_gain=0.0166351 0.350488 0.114939 0.0608883 0.336041 0.267824 0.186294 0.122189 0.224455 0.200572 0.174878 0.276645 0.156516 0.131115 0.103291 0.17754 0.0967887 0.149468 0.0587266 0.061472 0.0577233 0.0921132 0.146869 0.171486 0.216555 0.213257 0.139617 0.106088 0.088182 0.1397
threshold=0.31945000000000007 0.32180000000000003 0.14500000000000005 0.15500000000000003 4.8750000000000009 5.1400000000000015 0.24744999999999998 0.29270000000000007 1.5000000000000002 0.23715000000000003 6.4000000000000012 2.5000000000000004 0.14500000000000005 0.27005000000000007 6.495000000000001 4.5000000000000009 2.5000000000000004 5.7000000000000011 0.32360000000000005 0.32285000000000003 4.5000000000000009 5.8250000000000011 5.4750000000000005 0.29390000000000005 4.9350000000000014 4.4750000000000005 0.26770000000000005 6.3750000000000009 0.10554999999999996 0.27955000000000008
decision_type=2 2 2 2 2 2 2 2 2 2 2 2 2 2 2 2 2 2 2 2 2 2 2 2 2 2 2 2 2 2
left_child=3 2 -2 4 6 -6 -1 9 -9 10 16 -12 -11 -14 15 -10 -7 -18 19 -3 28 22 23 24 26 -25 -22 -23 -5 -30
right_child=1 18 -4 20 5 7 -8 8 14 12 11 -13 13 -15 -16 -17 17 -19 -20 -21 21 27 -24 25 -26 -27 -28 -29 29 -31
leaf_value=-0.0017887133794526262 0.0042575211474636136 0.00020727230043246828 0.014204375414798657 0.003347090000814173 0.0074677728434524894 0.0048544940110799434 -0.013443717339396245 0.0049513830000470424 -0.010926098177636352 5.9024817264620585e-05 -0.014093143597245218 -0.0004759808461106307 0.014198954086750745 0.0035978134590550328 -0.0015499375488919518 -0.0014812545481083148 -0.0077744347508996725 0.002358444640412927 6.1824176830491665e-05 -0.0061979541012401424 0.00084447816842132145 -0.010386438053101302 0.0069068966847327029 -0.0011875765893848674 -0.012398913367651403 0.012057083621621133 -0.0068459971094853248 -0.0012565693578549795 -0.0019514234864286013 0.0017671848263466833
leaf_weight=24 26 29 21 113 41 37 32 29 48 51 25 37 20 28 60 34 24 37 2638 31 90 20 27 31 20 20 32 35 175 239
leaf_count=24 26 29 21 113 41 37 32 29 48 51 25 37 20 28 60 34 24 37 2638 31 90 20 27 31 20 20 32 35 175 239
internal_value=-4.40344e-12 0.000140603 0.00870186 -0.000290409 -0.00112541 -0.000254697 -0.00844872 -0.000991026 -0.00306562 0.000378689 -0.0018103 -0.00596677 0.00391645 0.00801496 -0.0047029 -0.00700994 0.000819309 -0.00162826 -8.53725e-06 -0.00310209 0.000258275 -0.000916156 -1.06423e-06 -0.000967463 -0.00275385 0.00400641 -0.0011727 -0.00457652 0.000871118 0.000195309
internal_weight=4074 2745 47 1329 527 471 56 430 171 259 160 62 99 48 142 82 98 61 2698 60 802 275 220 193 142 51 122 55 527 414
internal_count=4074 2745 47 1329 527 471 56 430 171 259 160 62 99 48 142 82 98 61 2698 60 802 275 220 193 142 51 122 55 527 414
is_linear=0
shrinkage=0.1


Tree=67
num_leaves=31
num_cat=0
split_feature=3 3 3 3 2 1 1 3 0 0 1 0 2 0 3 3 3 2 3 3 1 3 2 1 2 0 3 1 1 0
split_gain=0.0142014 0.113528 0.0875824 0.273102 0.206849 0.160099 0.256712 0.141331 0.326333 0.212524 0.10953 0.086582 0.148687 0.119458 0.06918 0.0396027 0.196707 0.20381 0.167493 0.153806 0.140253 0.110947 0.0972277 0.121126 0.121151 0.213527 0.0883746 0.0894026 0.0947068 0.0678129
threshold=0.39110000000000006 0.39845000000000003 0.37669999999999998 0.3786000000000001 0.13500000000000004 6.3150000000000004 6.0950000000000006 0.38755000000000001 2.5000000000000004 4.5000000000000009 4.0650000000000004 4.5000000000000009 0.17500000000000002 2.5000000000000004 0.39405000000000007 0.36020000000000002 0.35575000000000007 0.15500000000000003 0.35310000000000002 0.35200000000000004 5.245000000000001 0.34859999999999997 0.13500000000000004 3.9450000000000007 0.17500000000000002 3.5000000000000004 0.37285000000000007 6.495000000000001 7.0550000000000006 2.5000000000000004
decision_type=2 2 2 2 2 2 2 2 2 2 2 2 2 2 2 2 2 2 2 2 2 2 2 2 2 2 2 2 2 2
left_child=2 11 15 -4 -5 6 7 8 -6 -10 -9 12 13 -2 -13 16 18 -18 19 21 -19 -1 -17 -24 26 -26 27 -25 -29 -23
right_child=1 -3 3 4 5 -7 -8 10 9 -11 -12 14 -14 -15 -16 22 17 20 -20 -21 -22 29 23 24 25 -27 -28 28 -30 -31
leaf_value=-2.4614882564756566e-05 -0.0020826160667404051 -3.1582414802871098e-05 -0.011621541673174272 0.0070853883207871995 0.0090715827819492136 -0.0075172046744605391 0.0090139968863998856 -0.0019095006432118162 -0.012037376953022821 0.0016085702171549203 -0.011016103323549034 -0.0049176877643913033 0.011762297104882158 0.0065004679100478403 0.0033997647091746335 0.0055899853995513352 -0.011828447598963976 -0.0060098267429949427 0.0080876124807848383 -0.0066591992809930268 0.0025818616139555452 0.00023081978602755454 0.0068627131529725525 -0.0025926391058026551 0.0086152780714577864 -0.0028818202701707684 -0.006249951709594046 0.0071009634286165234 -0.0018952167169614274 0.006282025130222673
leaf_weight=1941 31 1222 26 29 28 41 24 28 21 25 25 20 23 34 20 42 27 38 26 34 38 31 26 81 35 30 35 25 22 46
leaf_count=1941 31 1222 26 29 28 41 24 28 21 25 25 20 23 34 20 42 27 38 26 34 38 31 26 81 35 30 35 25 22 46
internal_value=1.17444e-12 0.000265211 -0.000131437 -0.00192708 -0.000786553 -0.00197554 -0.000470854 -0.00226327 0.000559914 -0.0046211 -0.00620507 0.00309867 0.00485213 0.002407 -0.000758962 4.76192e-05 -9.96857e-05 -0.00436535 0.00011175 1.06912e-05 -0.00171398 0.000123068 0.001133 0.000396015 -0.000341415 0.00330892 -0.00179707 -0.000579488 0.00288999 0.00384583
internal_weight=4074 1350 2724 247 221 192 151 127 74 46 53 128 88 65 40 2477 2181 103 2078 2052 76 2018 296 254 228 65 163 128 47 77
internal_count=4074 1350 2724 247 221 192 151 127 74 46 53 128 88 65 40 2477 2181 103 2078 2052 76 2018 296 254 228 65 163 128 47 77
is_linear=0
shrinkage=0.1


Tree=68
num_leaves=31
num_cat=0
split_feature=3 3 3 3 0 3 0 3 1 3 0 0 2 3 2 1 1 1 3 1 1 3 1 1 1 3 2 1 1 3
split_gain=0.0143679 0.133584 0.052273 0.0476235 0.0858203 0.179266 0.172161 0.0808136 0.0541371 0.0473656 0.0680002 0.133849 0.113963 0.0381496 0.0784671 0.0289477 0.0285227 0.21065 0.106528 0.131586 0.0920372 0.149452 0.136376 0.0618749 0.0471039 0.0299143 0.0485608 0.0249157 0.0358133 0.0310196
threshold=0.45415000000000005 0.46055000000000007 0.49235000000000001 0.43390000000000001 4.5000000000000009 0.44369999999999993 5.5000000000000009 0.4321000000000001 5.3000000000000007 0.48215000000000002 3.5000000000000004 5.5000000000000009 0.15500000000000003 0.45635000000000009 0.16500000000000004 6.5550000000000006 6.3350000000000009 6.245000000000001 0.58545000000000014 6.9150000000000009 5.5250000000000012 0.5495000000000001 5.245000000000001 4.7550000000000008 3.6450000000000005 0.52450000000000008 0.18500000000000003 1.4400000000000002 1.8700000000000003 0.42560000000000003
decision_type=2 2 2 2 2 2 2 2 2 2 2 2 2 2 2 2 2 2 2 2 2 2 2 2 2 2 2 2 2 2
left_child=3 13 9 7 5 -5 -6 27 -7 10 12 -12 -3 14 -2 -10 17 20 19 -18 22 -22 23 24 25 -4 -27 -1 -29 -30
right_child=1 2 16 4 6 8 -8 -9 15 -11 11 -13 -14 -15 -16 -17 18 -19 -20 -21 21 -23 -24 -25 -26 26 -28 28 29 -31
leaf_value=0.0028328304955114922 -0.0020902402166809355 0.00075088296601149651 -0.0030547642503820716 -0.0057016872347165383 -0.011046375713776799 0.0059608503989875316 0.00094180978915613632 0.0063400643877685077 -0.0023545770440250636 -0.006192384327628783 0.0051413391199376856 -0.0044997481318811575 -0.0085381682664155967 0.0068121195654384792 0.006279942257485043 0.0029020248742943461 -0.0070386101282201713 0.0099506655242294073 0.0030674159438127562 0.0018084864549595733 0.0032037104666233066 -0.0064785939387299804 0.0091045179817592723 -0.0032423893367317883 0.0046569549845475134 -0.0013837189266556189 0.0035784634693366729 -0.0031988822078953187 1.4397897156202611e-05 -0.0023393321271757027
leaf_weight=30 21 28 21 39 25 30 23 20 20 21 36 24 25 34 24 22 40 24 42 29 25 44 20 37 33 38 41 36 3165 57
leaf_count=30 21 28 21 39 25 30 23 20 20 21 36 24 25 34 24 22 40 24 42 29 25 44 20 37 33 38 41 36 3165 57
internal_value=3.30472e-12 0.000448816 -0.000125008 -7.85784e-05 -0.00176909 -0.000241327 -0.00530204 2.6765e-06 0.00271637 -0.00183116 -0.00102067 0.0012849 -0.00363074 0.004284 0.00237386 0.000398881 0.000455256 0.000988119 -0.000903305 -0.00332027 0.000157613 -0.00297051 0.00129362 0.000374687 0.00138094 0.000299856 0.00119159 -3.58721e-05 -6.22874e-05 -2.72416e-05
internal_weight=4074 607 528 3467 159 111 48 3308 72 134 113 60 53 79 45 42 394 283 111 69 259 69 190 170 133 100 79 3288 3258 3222
internal_count=4074 607 528 3467 159 111 48 3308 72 134 113 60 53 79 45 42 394 283 111 69 259 69 190 170 133 100 79 3288 3258 3222
is_linear=0
shrinkage=0.1


Tree=69
num_leaves=31
num_cat=0
split_feature=3 3 1 1 1 2 3 3 3 1 2 1 3 1 3 1 3 0 3 1 3 1 1 2 3 1 0 3 1 1
split_gain=0.014493 0.0291559 0.0128168 0.124172 0.11786 0.0971279 0.129834 0.077427 0.197859 0.0722455 0.0623543 0.0665124 0.0578062 0.0507906 0.124059 0.0578526 0.20486 0.457507 0.230591 0.0794529 0.156251 0.0661131 0.290427 0.218983 0.216112 0.215111 0.208869 0.441325 0.0507345 0.0487107
threshold=0.76390000000000013 0.67575000000000018 4.285000000000001 4.3550000000000013 4.205000000000001 0.17500000000000002 0.29695000000000005 0.27955000000000008 0.28920000000000007 3.1650000000000005 0.17500000000000002 4.0150000000000006 0.34095000000000003 4.4350000000000014 0.35280000000000006 4.5050000000000008 0.34240000000000009 3.5000000000000004 0.41040000000000004 4.5450000000000008 0.31555000000000005 4.7950000000000008 4.8350000000000009 0.19500000000000003 0.33935000000000004 4.6350000000000007 3.5000000000000004 0.3786000000000001 4.7250000000000005 4.8750000000000009
decision_type=2 2 2 2 2 2 2 2 2 2 2 2 2 2 2 2 2 2 2 2 2 2 2 2 2 2 2 2 2 2
left_child=1 2 4 12 7 6 -6 9 -9 -1 -11 -12 -4 14 -5 16 17 -15 -18 20 -17 23 -23 24 25 -21 27 -26 -27 -24
right_child=-2 -3 3 13 5 -7 -8 8 -10 10 11 -13 -14 15 -16 19 18 -19 -20 21 -22 22 29 -25 26 28 -28 -29 -30 -31
leaf_value=0.00035816177718158142 -0.0022672686925423995 0.0028488534399204787 0.0019701223180163653 0.0020727006002114372 -0.00030111699280413717 0.0013165706691021721 -0.010160212240674918 0.0085298058544767321 8.8685668616154056e-05 -0.0079044455983515449 -0.0056468666490653296 0.0021371537021228244 0.0084624537266790867 -0.012352988777844154 -0.0073648846521973607 -0.0085468868191744523 0.012449123741437992 0.0075927397884104561 -0.001213546194845722 -0.0024416774000612 0.0017588305220540082 -0.0092680248020983787 -0.0033433732621016956 0.0091030822354642785 -0.0071793590743954366 0.01109460495343363 -0.0075345309465774338 0.011836963292697202 0.0047755889439334478 9.0044251529620869e-05
leaf_weight=61 28 36 32 26 22 24 34 29 654 29 23 21 24 23 30 31 30 23 21 31 28 34 42 34 26 27 48 23 24 2556
leaf_count=61 28 36 32 26 22 24 34 29 654 29 23 21 24 23 30 31 30 23 21 31 28 34 42 34 26 27 48 23 24 2556
internal_value=2.17657e-11 1.56905e-05 -9.74442e-06 8.62232e-05 -0.000342796 -0.00400593 -0.006287 1.58948e-05 0.000447093 -0.00218193 -0.00430447 -0.00193177 0.00475255 7.42604e-07 -0.00298315 5.64233e-05 0.0024588 -0.00238012 0.00682332 -2.38213e-05 -0.00365604 5.15041e-05 -8.56312e-05 0.00174606 0.000348636 0.00412776 -0.00284609 0.00174667 0.00812095 3.45387e-05
internal_weight=4074 4046 4010 3113 897 80 56 817 683 134 73 44 56 3057 56 3001 97 46 51 2904 59 2845 2632 213 179 82 97 49 51 2598
internal_count=4074 4046 4010 3113 897 80 56 817 683 134 73 44 56 3057 56 3001 97 46 51 2904 59 2845 2632 213 179 82 97 49 51 2598
is_linear=0
shrinkage=0.1


Tree=70
num_leaves=31
num_cat=0
split_feature=2 1 0 1 1 3 0 3 1 1 3 1 3 3 2 1 3 0 1 1 1 1 3 3 1 2 1 1 1 3
split_gain=0.0133955 0.107887 0.149053 0.133217 0.0755383 0.121671 0.0853014 0.146386 0.104543 0.213021 0.0717109 0.162896 0.158435 0.19414 0.1047 0.147837 0.12753 0.119742 0.10897 0.119838 0.0811678 0.160367 0.133295 0.0781848 0.115648 0.084064 0.0631316 0.144327 0.134249 0.123801
threshold=0.16500000000000004 6.4000000000000012 2.5000000000000004 6.6750000000000007 5.745000000000001 0.35280000000000006 3.5000000000000004 0.39150000000000001 6.0950000000000006 5.8850000000000007 0.23304999999999998 5.455000000000001 0.32240000000000008 0.32840000000000003 0.17500000000000002 5.2550000000000008 0.29830000000000007 2.5000000000000004 4.0450000000000008 4.7150000000000007 5.535000000000001 5.3000000000000007 0.40845000000000004 0.10554999999999996 4.0150000000000006 0.19500000000000003 4.4350000000000014 4.5700000000000012 4.6550000000000011 0.33255000000000007
decision_type=2 2 2 2 2 2 2 2 2 2 2 2 2 2 2 2 2 2 2 2 2 2 2 2 2 2 2 2 2 2
left_child=26 4 -3 -4 10 -6 7 -7 9 -8 11 23 14 -14 15 -12 18 -18 -16 -20 21 -15 -22 24 -2 -26 -1 29 -29 -28
right_child=1 2 3 -5 5 6 8 -9 -10 -11 12 -13 13 20 16 -17 17 -19 19 -21 22 -23 -24 -25 25 -27 27 28 -30 -31
leaf_value=-0.001323179939572583 -0.0035982740018516779 0.0082455536403826298 0.0051413123977595366 -0.0040237940395517011 -0.0073689093445672808 -0.0039436801623266475 -0.0076834359602071349 0.0059034042784737216 -0.0075732498731667878 0.0062904562180240951 0.0064645197764448409 -0.0094766169488430044 -0.0065897665470838543 -0.00014652096965729264 0.0035112271240601936 -0.00065071268635260508 0.0092049536593258371 0.00080913207405861824 -0.0071927070490677252 0.0011760067568892347 0.0077231357223354283 -0.0069643713508008263 -0.0021355730365030467 -0.0036730164233299474 0.0058465507685799495 -0.0010883631441613725 -0.00088531908033222988 -0.0064692019671201712 0.00027166741641649581 0.0071892760914157739
leaf_weight=256 40 35 29 35 38 26 20 36 32 24 91 25 50 828 27 43 25 53 44 28 32 36 24 63 44 29 29 30 1947 55
leaf_count=256 40 35 29 35 38 26 20 36 32 24 91 25 50 828 27 43 25 53 44 28 32 36 24 63 44 29 29 30 1947 55
internal_value=-3.73942e-12 -0.000208231 0.00299858 0.000129145 -0.000399712 -0.00235837 -0.000978659 0.00177398 -0.00322423 -6.1313e-05 -0.000167104 -0.00192319 0.00010844 -0.000521277 0.00207251 0.00418127 0.000476045 0.0035001 -0.00190654 -0.00393821 -0.000191468 -0.000430598 0.00349797 -0.000850257 0.000723493 0.00309158 0.000157903 0.000341871 0.000169378 0.00440162
internal_weight=4074 1757 99 64 1658 176 138 62 76 44 1482 201 1281 970 311 134 177 78 99 72 920 864 56 176 113 73 2317 2061 1977 84
internal_count=4074 1757 99 64 1658 176 138 62 76 44 1482 201 1281 970 311 134 177 78 99 72 920 864 56 176 113 73 2317 2061 1977 84
is_linear=0
shrinkage=0.1


Tree=71
num_leaves=31
num_cat=0
split_feature=1 1 1 3 3 1 1 2 1 1 1 3 3 3 0 1 1 0 1 2 3 1 1 3 0 0 1 0 1 2
split_gain=0.0153377 0.279739 0.127102 0.34998 0.216987 0.111576 0.0660083 0.147111 0.0589929 0.203619 0.125669 0.0963152 0.0742403 0.094599 0.154641 0.0888636 0.292918 0.112233 0.107085 0.16866 0.200712 0.105826 0.102205 0.1016 0.101309 0.0830702 0.0748464 0.06954 0.066073 0.062496
threshold=5.6550000000000011 5.6350000000000007 5.7250000000000005 0.37425000000000003 0.32495000000000007 5.745000000000001 5.8150000000000004 0.15500000000000003 5.535000000000001 5.5750000000000011 5.5250000000000012 0.40445000000000003 0.5051000000000001 0.46925000000000006 4.5000000000000009 5.3350000000000009 5.3750000000000009 3.5000000000000004 5.0050000000000008 0.17500000000000002 0.36580000000000007 5.2150000000000007 5.245000000000001 0.34395000000000003 1.5000000000000002 2.5000000000000004 4.995000000000001 3.5000000000000004 5.1950000000000012 0.13500000000000004
decision_type=2 2 2 2 2 2 2 2 2 2 2 2 2 2 2 2 2 2 2 2 2 2 2 2 2 2 2 2 2 2
left_child=1 8 3 4 -2 -4 7 -7 10 -10 12 -11 13 15 -15 18 -17 24 26 20 21 23 25 27 -18 -21 29 -20 -14 -1
right_child=2 -3 5 -5 -6 6 -8 -9 9 11 -12 -13 28 14 -16 16 17 -19 19 22 -22 -23 -24 -25 -26 -27 -28 -29 -30 -31
leaf_value=-0.0045009119135718196 -0.0029634976608213038 0.009606638178229333 0.0070587708096189255 0.0052767182172586517 -0.014441383420489728 0.0014487838320848016 2.3767065854107894e-05 -0.0075916011740143107 0.0094768564377365454 0.0021643405383888711 -0.0072640489801415247 -0.0056217952320973081 0.0013198964594714885 -0.0088131870259530853 0.0013629853925002473 -0.012705577181085295 -0.0032173767065008484 -0.0037300087904441172 0.0099547700025141243 0.0011093124037697202 0.0091821803208440543 -0.0025570866838097572 0.0040907830677249218 -0.0023072135102536 0.0042187247719419636 -0.0067652463636084185 -0.0062178081687306987 0.0030790893262938449 0.0074700511170522083 3.7383365385473686e-05
leaf_weight=31 40 31 22 30 28 36 1601 36 29 47 24 24 138 32 28 23 27 64 24 21 50 40 22 21 57 37 20 38 20 1433
leaf_count=31 40 31 22 30 28 36 1601 36 29 47 24 24 138 32 28 23 27 64 24 21 50 40 22 21 57 37 20 38 20 1433
internal_value=1.4631e-11 0.000172027 -0.000218848 -0.00372038 -0.00768969 -1.63996e-05 -0.000109438 -0.00307141 4.20395e-05 0.0024163 -6.83912e-05 -0.000467593 1.28392e-05 -0.000154599 -0.00406431 -3.16521e-05 -0.00220673 -0.000575151 0.000182475 0.00208408 0.00383985 0.00166817 -0.00171277 0.00370444 0.00182855 -0.00391411 -0.000141721 0.00574064 0.0020984 -5.87144e-05
internal_weight=4074 2281 1793 98 68 1695 1673 72 2250 100 2150 71 2126 1968 60 1908 171 148 1737 253 173 123 80 83 84 58 1484 62 158 1464
internal_count=4074 2281 1793 98 68 1695 1673 72 2250 100 2150 71 2126 1968 60 1908 171 148 1737 253 173 123 80 83 84 58 1484 62 158 1464
is_linear=0
shrinkage=0.1


Tree=72
num_leaves=31
num_cat=0
split_feature=3 3 2 3 1 1 1 1 2 0 3 1 1 1 0 1 0 2 2 3 3 1 1 2 3 3 0 1 3 3
split_gain=0.0151725 0.274941 0.08954 0.056078 0.0630374 0.35532 0.287164 0.0976376 0.0855783 0.279842 0.113651 0.0789257 0.230444 0.163844 0.0863396 0.0863343 0.185419 0.196034 0.158749 0.0851631 0.149973 0.293414 0.241076 0.237804 0.11515 0.0796424 0.168912 0.068924 0.106642 0.19205
threshold=0.31945000000000007 0.32180000000000003 0.14500000000000005 0.31680000000000003 6.4000000000000012 6.4850000000000012 6.3350000000000009 6.5250000000000012 0.14500000000000005 2.5000000000000004 0.23304999999999998 5.955000000000001 5.8250000000000011 6.1550000000000011 3.5000000000000004 5.5600000000000014 3.5000000000000004 0.16500000000000004 0.15500000000000003 0.29830000000000007 0.28610000000000008 4.6350000000000007 5.4400000000000004 0.16500000000000004 0.30210000000000009 0.27955000000000008 3.5000000000000004 7.0550000000000006 0.12130000000000001 0.26600000000000007
decision_type=2 2 2 2 2 2 2 2 2 2 2 2 2 2 2 2 2 2 2 2 2 2 2 2 2 2 2 2 2 2
left_child=3 2 -2 4 6 -6 8 -7 9 10 -1 12 15 -13 -14 19 17 -17 -18 20 22 23 25 -22 -21 -10 -27 28 -9 -30
right_child=1 -3 -4 -5 5 7 -8 27 11 -11 -12 13 14 -15 -16 16 18 -19 -20 24 21 -23 -24 -25 -26 26 -28 -29 29 -31
leaf_value=0.0096259154169820258 0.0037942430147757896 2.1872882871017665e-06 0.012573566447411264 -0.0044128575034847019 -0.013427602937040123 0.0054957990795373923 0.0088290298672241956 -0.0079990358471318523 0.00015476661825847458 -0.0058086892619707391 -0.00090714211442640856 0.0066034287644120369 -0.0028501986828632655 -0.0024053646731331496 -0.012142108627595009 0.0055275949082620769 0.0012721699936082587 -0.0072648191750049598 0.013335335305115829 0.008852347731590271 -0.016669968402256135 0.0030230117030441762 -0.010114692948462274 -0.0034240224878444819 0.00086303084299288457 0.011077725581292596 -0.0017632338777184488 0.0015106991453069276 0.0052016993851533959 -0.0035701996973319643
leaf_weight=20 26 2698 21 32 23 25 37 27 349 86 21 52 20 33 20 23 20 25 24 21 23 33 22 33 128 21 20 69 35 87
leaf_count=20 26 2698 21 32 23 25 37 27 349 86 21 52 20 33 20 23 20 25 24 21 23 33 22 33 128 21 20 69 35 87
internal_value=-7.59064e-12 0.000134279 0.00771692 -0.000277349 -0.000175316 -0.00154783 0.000178796 -0.00042341 -0.000143195 -0.00256755 0.00423093 0.00021193 -0.000102632 0.0031059 -0.00749615 0.000295941 0.0031631 -0.00113512 0.00785208 -0.000109873 -0.000734101 -0.00445666 7.00434e-05 -0.00886432 0.00198904 0.000644567 0.00481384 -0.00110222 -0.00231223 -0.00105367
internal_weight=4074 2745 47 1329 1297 266 1031 243 994 127 41 867 782 85 40 742 92 48 44 650 501 89 412 56 149 390 41 218 149 122
internal_count=4074 2745 47 1329 1297 266 1031 243 994 127 41 867 782 85 40 742 92 48 44 650 501 89 412 56 149 390 41 218 149 122
is_linear=0
shrinkage=0.1


Tree=73
num_leaves=31
num_cat=0
split_feature=2 2 0 3 3 0 1 1 1 1 0 1 1 3 3 1 1 1 1 1 1 1 3 3 0 0 0 3 3 1
split_gain=0.0134429 0.0411329 0.0377936 0.0137528 0.0929974 0.0910606 0.113964 0.097453 0.0728022 0.122246 0.0951791 0.156907 0.290701 0.0641382 0.189949 0.107219 0.284784 0.0857114 0.065262 0.0504631 0.0595068 0.0408938 0.0350901 0.208394 0.18055 0.256653 0.224441 0.172044 0.0988177 0.176079
threshold=0.27500000000000008 0.22500000000000003 4.5000000000000009 0.12915000000000001 1.0000000180025095e-35 4.5000000000000009 4.9350000000000014 4.1650000000000009 6.3750000000000009 4.3850000000000007 3.5000000000000004 5.8650000000000011 5.0550000000000006 0.23304999999999998 0.24744999999999998 5.8050000000000006 5.5150000000000006 6.495000000000001 4.995000000000001 4.2550000000000008 4.8200000000000012 6.8650000000000011 0.2849000000000001 0.28610000000000008 2.5000000000000004 1.5000000000000002 4.5000000000000009 0.26770000000000005 0.29185000000000005 5.9350000000000014
decision_type=2 2 2 2 2 2 2 2 2 2 2 2 2 2 2 2 2 2 2 2 2 2 2 2 2 2 2 2 2 2
left_child=1 3 -2 4 5 8 7 -7 9 -1 11 12 -11 15 -15 16 18 -17 19 -5 -21 -6 24 -24 25 -16 -26 -28 29 -25
right_child=2 -3 -4 13 21 6 -8 -9 -10 10 -12 -13 -14 14 22 17 -18 -19 -20 20 -22 -23 23 28 26 -27 27 -29 -30 -31
leaf_value=-0.001872678094033925 -0.0046727762193135595 0.0037113608916600547 0.00046314329252039133 -0.0047175708298499777 0.0059429855562928256 -0.0040873352289199838 -0.0076398228280595507 0.0051531962872970669 -0.0035251294583852951 0.0056829310587740373 0.0097258211781635229 0.0093043001196664674 -0.010102259907871485 0.0069768374642500512 -0.0037163593475857092 -0.0090669576589378614 0.008024149367045012 -0.00067025966942310341 -0.0065665280164191224 0.0048950216174125675 -0.0023603623732924464 0.00042746205581352116 0.0073026126298384791 -0.0077112063632479733 -0.0080642591137833654 0.0087784698658755853 0.0055580154258870716 -0.0043734021189093999 2.6980941801558259e-05 0.0035035599023103717
leaf_weight=53 23 30 38 26 41 25 32 21 29 28 23 22 20 39 31 31 31 20 33 20 26 20 39 42 59 35 33 37 3146 21
leaf_count=53 23 30 38 26 41 25 32 21 29 28 23 22 20 39 31 31 31 20 33 20 26 20 39 42 59 35 33 37 3146 21
internal_value=-5.81041e-12 2.23958e-05 -0.00147335 -5.38952e-06 0.000629795 -0.000215241 -0.00305693 0.000131168 0.00105134 0.00196037 0.00414479 0.00231102 -0.000894232 -5.97498e-05 3.71428e-05 -0.00186392 -0.000397593 -0.00577413 -0.00288401 -0.00119619 0.000794152 0.00413462 -4.14654e-05 3.67574e-05 -0.00134438 0.00290969 -0.00352087 0.000308552 -5.15469e-05 -0.00397295
internal_weight=4074 4013 61 3983 314 253 78 46 175 146 93 70 48 3669 3482 187 136 51 105 72 46 61 3443 3248 195 66 129 70 3209 63
internal_count=4074 4013 61 3983 314 253 78 46 175 146 93 70 48 3669 3482 187 136 51 105 72 46 61 3443 3248 195 66 129 70 3209 63
is_linear=0
shrinkage=0.1


Tree=74
num_leaves=31
num_cat=0
split_feature=1 2 2 1 3 3 1 1 3 1 2 0 0 1 3 2 2 3 3 0 3 0 0 3 3 3 1 1 3 2
split_gain=0.0135142 0.0218346 0.033522 0.0228205 0.0134383 0.10646 0.074054 0.0845608 0.176918 0.0616233 0.0511515 0.194319 0.0976371 0.10357 0.0739448 0.0637841 0.066496 0.0444783 0.05765 0.0531338 0.0366465 0.0672429 0.136535 0.134281 0.0670594 0.0507287 0.0457502 0.0426598 0.0358128 0.0597989
threshold=7.9000000000000012 0.27500000000000008 0.22500000000000003 1.0000000180025095e-35 0.45415000000000005 0.46055000000000007 6.9150000000000009 6.5550000000000006 0.58545000000000014 1.4400000000000002 0.18500000000000003 3.5000000000000004 4.5000000000000009 5.0650000000000004 0.51480000000000015 0.13500000000000004 0.17500000000000002 0.56890000000000007 0.49690000000000006 2.5000000000000004 0.43390000000000001 4.5000000000000009 5.5000000000000009 0.44369999999999993 0.42910000000000004 0.42560000000000003 5.3000000000000007 1.8700000000000003 0.45635000000000009 0.16500000000000004
decision_type=2 2 2 2 2 2 2 2 2 2 2 2 2 2 2 2 2 2 2 2 2 2 2 2 2 2 2 2 2 2
left_child=1 2 4 -3 9 28 7 10 -9 -1 12 -12 15 -14 -15 -7 17 18 19 -17 24 23 -23 -22 25 27 -25 -11 29 -6
right_child=-2 3 -4 -5 5 6 -8 8 -10 20 11 -13 13 14 -16 16 -18 -19 -20 -21 21 22 -24 26 -26 -27 -28 -29 -30 -31
leaf_value=0.0050705393411866993 0.0021893644572368691 0.00029385739139148169 0.0033402245988448463 -0.0041382977882256878 -0.0019073605714809328 -0.0020303767625122304 0.0042231515632011 -0.0081808249063387121 0.0034928468894213438 -0.0036886575719108808 -0.0084381351953950433 0.0032411855512431693 0.0013399743729016998 -0.0076169670869906739 -0.0010188902781477997 0.0057399228370438021 -0.0023984495550394059 0.0010947144703894126 0.0077472852010812086 -0.0012390476185828447 -0.0049788932213955259 -0.0098482281547039759 0.00082777072169372575 0.0052893899381160738 0.0040187095792498439 -0.0035961883892191623 0.00017637171383414949 -1.8867492734341912e-05 0.0062898765975499859 0.0053996137226931754
leaf_weight=23 28 21 30 26 21 31 36 37 20 32 29 28 66 33 35 24 20 41 42 20 39 25 23 30 40 41 42 3133 34 24
leaf_count=23 28 21 30 26 21 31 36 37 20 32 29 28 66 33 35 24 20 41 42 20 39 25 23 30 40 41 42 3133 34 24
internal_value=2.55516e-12 -1.51513e-05 1.00331e-05 -0.00215797 -1.51384e-05 0.000448045 -0.000132034 -0.000500078 -0.0040848 -8.8237e-05 5.36594e-05 -0.00270093 0.000556901 -0.00148196 -0.0042209 0.00209177 0.00296107 0.00380509 0.00509725 0.00256766 -0.000123083 -0.00160537 -0.00473265 -0.000253041 -5.04757e-05 -0.000101245 0.0023068 -5.59712e-05 0.0038404 0.00198969
internal_weight=4074 4046 3999 47 3969 541 462 426 57 3428 369 57 312 134 68 178 147 127 86 44 3405 159 48 111 3246 3206 72 3165 79 45
internal_count=4074 4046 3999 47 3969 541 462 426 57 3428 369 57 312 134 68 178 147 127 86 44 3405 159 48 111 3246 3206 72 3165 79 45
is_linear=0
shrinkage=0.1


Tree=75
num_leaves=31
num_cat=0
split_feature=3 3 2 2 3 3 1 3 3 1 2 1 1 1 0 0 3 1 2 3 1 0 3 3 3 3 3 0 1 1
split_gain=0.0126387 0.0221181 0.0143752 0.0381324 0.0162208 0.0463018 0.0222488 0.0217381 0.0214617 0.0272803 0.0267916 0.0254174 0.0622094 0.0366846 0.0628314 0.0568739 0.0778808 0.040151 0.0355364 0.0219021 0.0208238 0.0200618 0.0175377 0.130314 0.10672 0.13427 0.175717 0.0871296 0.0825169 0.0772924
threshold=0.76390000000000013 0.67575000000000018 1.1850000000000003 0.23500000000000001 0.60555000000000014 0.57980000000000009 5.8250000000000011 0.54275000000000018 0.51765000000000005 1.4400000000000002 0.14500000000000005 3.5950000000000002 3.2350000000000008 2.6000000000000001 4.5000000000000009 4.5000000000000009 0.36820000000000003 2.1550000000000007 0.21500000000000002 0.32940000000000008 3.3850000000000002 4.5000000000000009 0.35200000000000004 0.34859999999999997 0.35310000000000002 0.35575000000000007 0.35865000000000008 2.5000000000000004 5.3350000000000009 5.6550000000000011
decision_type=2 2 2 2 2 2 2 2 2 2 2 2 2 2 2 2 2 2 2 2 2 2 2 2 2 2 2 2 2 2
left_child=1 2 3 4 5 7 -6 8 9 -1 -10 12 13 15 19 17 -17 -11 22 -15 -14 -9 23 29 -24 -26 27 -27 -29 -13
right_child=-2 -3 -4 -5 6 -7 -8 21 10 11 -12 18 20 14 -16 16 -18 -19 -20 -21 -22 -23 24 -25 25 26 -28 28 -30 -31
leaf_value=0.0027302048608867664 -0.0021172595476465568 0.002482295522673263 0.0021035166922956706 -0.0036374092744342213 0.00010311940684914588 0.0036446492320724895 -0.0043716928455978634 -0.0042508161140848762 -2.1480356476136618e-05 -0.0069195392197402925 0.0045847025254498359 0.0006219767834568892 -0.0060820879787206652 0.0017109992634505033 -0.0019458809931730402 0.003470361980332716 -0.0042749107629060741 -0.00087168797007983645 0.0035791531537792513 0.0062833664261481978 -0.0022302141296677291 -0.00023175571803693421 -0.0057797699509298103 0.0043844613492385383 0.007009601263472668 -0.00033350537785074928 -2.0337984600006586e-05 -0.01273149263113737 -0.0037564052357560115 -0.00071333654338240392
leaf_weight=36 28 36 32 29 25 35 20 23 28 23 23 1002 25 20 29 37 20 21 28 22 32 27 34 72 26 22 1514 20 21 764
leaf_count=36 28 36 32 29 25 35 20 23 28 23 23 1002 25 20 29 37 20 21 28 22 32 27 34 72 26 22 1514 20 21 764
internal_value=-1.0006e-11 1.46523e-05 -7.5011e-06 -2.44826e-05 2.04936e-06 2.38086e-05 -0.00188569 -8.94648e-06 1.81755e-05 -9.40405e-06 0.00205582 -3.58311e-05 -0.00105653 -0.00010771 0.00163413 -0.00133217 0.000752722 -0.00403306 3.08945e-05 0.00410605 -0.00391963 -0.00208052 2.3042e-06 0.000214316 -0.00023574 -0.000118149 -0.000235665 -0.00541034 -0.0081345 4.42988e-05
internal_weight=4074 4046 4010 3978 3949 3904 45 3869 3819 3768 51 3732 229 172 71 101 57 44 3503 42 57 50 3475 1838 1637 1603 1577 63 41 1766
internal_count=4074 4046 4010 3978 3949 3904 45 3869 3819 3768 51 3732 229 172 71 101 57 44 3503 42 57 50 3475 1838 1637 1603 1577 63 41 1766
is_linear=0
shrinkage=0.1


Tree=76
num_leaves=31
num_cat=0
split_feature=3 3 2 3 2 0 1 3 3 1 3 3 1 3 3 3 2 3 1 0 1 3 3 2 1 1 1 3 2 1
split_gain=0.0126006 0.223684 0.0703264 0.0462775 0.0517811 0.135676 0.216236 0.210897 0.182859 0.153273 0.152161 0.122829 0.0973033 0.093868 0.0418291 0.0552039 0.0499617 0.166211 0.405389 0.267117 0.19587 0.0865837 0.238426 0.146935 0.173937 0.171501 0.0766476 0.073464 0.171167 0.196773
threshold=0.31945000000000007 0.32180000000000003 0.14500000000000005 0.31680000000000003 0.14500000000000005 3.5000000000000004 5.7550000000000008 0.21824999999999997 0.29830000000000007 6.3350000000000009 0.27430000000000004 0.27430000000000004 6.3350000000000009 0.3004 0.32360000000000005 0.32285000000000003 0.16500000000000004 0.34134999999999999 6.0250000000000012 2.5000000000000004 6.3450000000000006 0.34240000000000009 0.34500000000000003 0.17500000000000002 4.0150000000000006 5.3000000000000007 5.3750000000000009 0.36020000000000002 0.15500000000000003 4.4900000000000011
decision_type=2 2 2 2 2 2 2 2 2 2 2 2 2 2 2 2 2 2 2 2 2 2 2 2 2 2 2 2 2 2
left_child=3 2 -2 4 5 6 -1 -7 10 -8 -9 -11 -10 -13 15 -3 17 18 19 -16 -20 23 -23 25 -25 -18 -21 28 -19 -30
right_child=1 14 -4 -5 -6 7 9 8 12 11 -12 13 -14 -15 16 -17 21 27 20 26 -22 22 -24 24 -26 -27 -28 -29 29 -31
leaf_value=0.0072859124658075543 0.0034853410871269613 0.00052849687635898597 0.011265918372997216 -0.0040095438409480265 0.00016542812811335685 -0.011453787912614644 -0.0086176166640749823 -0.0023801696053224394 -0.011467992961406707 0.0055838207093377914 0.0085114087909460064 -0.0074353876523673536 -0.0021099519580602649 0.00094766027074964614 0.0008022917484914934 -0.0055413927116821854 -0.0029120998971988092 -0.0038030157984746981 -0.0097256820086234555 0.0091127116931602366 0.0013777887805345211 0.010495134584960484 -0.00027671850008794953 -0.0052983623496148484 0.0026600774573652371 -0.013808483052998782 0.016634230797644707 0.0003748234707662047 -0.0050692289513314054 0.0069924245275998194
leaf_weight=37 26 29 21 32 1025 28 24 29 20 30 23 22 25 34 37 31 52 129 24 42 47 21 955 43 76 20 20 1113 21 38
leaf_count=37 26 29 21 32 1025 28 24 29 20 30 23 22 25 34 37 31 52 129 24 42 47 21 955 43 76 20 20 1113 21 38
internal_value=2.25137e-12 0.00012237 0.00696177 -0.000252751 -0.000160062 -0.00138664 0.000672874 -0.00380862 -0.00160176 -0.00155151 0.00243726 0.000420425 -0.00626908 -0.00234568 3.22578e-06 -0.00260761 6.2608e-05 0.000450232 0.00339084 0.0075263 -0.0023755 -0.00042599 -4.49471e-05 -0.0023731 -0.000215661 -0.00593887 0.011539 6.5986e-05 -0.0017624 0.00269929
internal_weight=4074 2745 47 1329 1297 272 147 125 97 110 52 86 45 56 2698 60 2638 1471 170 99 71 1167 976 191 119 72 62 1301 188 59
internal_count=4074 2745 47 1329 1297 272 147 125 97 110 52 86 45 56 2698 60 2638 1471 170 99 71 1167 976 191 119 72 62 1301 188 59
is_linear=0
shrinkage=0.1


Tree=77
num_leaves=31
num_cat=0
split_feature=1 2 2 1 3 3 3 0 3 1 1 1 2 0 2 1 1 3 3 1 3 3 3 3 0 1 3 1 0 3
split_gain=0.0115884 0.0177872 0.0296705 0.0191937 0.0117268 0.0138218 0.0170693 0.0221629 0.0175456 0.0131696 0.0976528 0.0811914 0.0886882 0.119226 0.0741289 0.106573 0.134602 0.0904072 0.280896 0.0771051 0.0765866 0.0561384 0.103196 0.11776 0.100746 0.203268 0.148848 0.124209 0.0942822 0.146299
threshold=7.9000000000000012 0.27500000000000008 0.22500000000000003 1.0000000180025095e-35 0.74340000000000017 0.65990000000000015 0.57980000000000009 4.5000000000000009 0.56305000000000016 4.285000000000001 4.3550000000000013 4.205000000000001 0.17500000000000002 3.5000000000000004 0.19500000000000003 3.4950000000000006 4.0150000000000006 0.27955000000000008 0.28920000000000007 3.9100000000000006 0.34134999999999999 0.45070000000000005 0.35280000000000006 0.36820000000000003 5.5000000000000009 4.0650000000000004 0.32340000000000008 3.8250000000000006 5.5000000000000009 0.39455000000000007
decision_type=2 2 2 2 2 2 2 2 2 2 2 2 2 2 2 2 2 2 2 2 2 2 2 2 2 2 2 2 2 2
left_child=1 2 4 -3 5 6 8 -8 9 11 -11 14 13 -13 17 -16 -17 19 -19 -1 -18 22 24 -24 25 26 -20 -28 29 -25
right_child=-2 3 -4 -5 -6 -7 7 -9 -10 10 -12 12 -14 -15 15 16 20 18 21 -21 -22 -23 23 28 -26 -27 27 -29 -30 -31
leaf_value=-0.00061903597357181408 0.0020273773066167319 0.00030049394283975872 0.0031417468811074894 -0.0037642391040348094 0.0018073739856481552 -0.0020387079238015061 0.0037152805365622044 -0.00010981111025268381 -0.0025802735998122781 0.0042107887699135713 -4.5029748608605785e-06 -0.0011322829101620049 0.0016812418703921141 -0.010366450201857974 0.00058730604882905452 -0.010634864279283928 -0.0057682198006659751 0.011522435412431758 0.0030714718457311393 -0.0070624944252463493 0.0029831578116863971 -0.0023984207791518651 0.0068528414562182595 -0.0039856427899477159 -0.005212443964215132 0.0086210332252085221 -0.00140129699981932 -0.010085728877912398 0.0060331615921313643 0.0026807690198283373
leaf_weight=65 28 21 30 26 35 34 28 33 27 56 2953 29 24 27 69 26 20 24 50 26 20 61 46 55 41 25 58 23 32 82
leaf_count=65 28 21 30 26 35 34 28 33 27 56 2953 29 24 27 69 26 20 24 50 26 20 61 46 55 41 25 58 23 32 82
internal_value=-2.58641e-12 -1.40303e-05 8.70049e-06 -0.00194808 -1.49809e-05 -3.1194e-05 -1.36926e-05 0.00164597 -4.00639e-05 -2.20718e-05 7.39471e-05 -0.000381874 -0.00340476 -0.00558447 -4.73917e-05 -0.00216062 -0.00503345 0.000437788 0.000968373 -0.00246002 -0.00139253 0.000432861 0.000852055 0.002367 -0.000801308 0.000358028 -0.00121888 -0.00386725 0.001146 4.47231e-06
internal_weight=4074 4046 3999 47 3969 3934 3900 61 3839 3812 3009 803 80 56 723 135 66 588 497 91 40 473 412 215 197 156 131 81 169 137
internal_count=4074 4046 3999 47 3969 3934 3900 61 3839 3812 3009 803 80 56 723 135 66 588 497 91 40 473 412 215 197 156 131 81 169 137
is_linear=0
shrinkage=0.1


Tree=78
num_leaves=31
num_cat=0
split_feature=3 3 2 2 2 3 3 1 1 1 1 0 1 1 1 3 3 0 3 3 3 1 1 3 1 1 1 2 3 3
split_gain=0.0126329 0.0196661 0.0128203 0.0319391 0.0140583 0.0445434 0.0844477 0.0674603 0.165633 0.140093 0.153417 0.141659 0.205322 0.116857 0.113545 0.0956949 0.245035 0.0740051 0.0860603 0.0618903 0.0582772 0.0571826 0.0583336 0.0424981 0.0297739 0.221926 0.189731 0.153147 0.0892812 0.0701025
threshold=0.76390000000000013 0.67575000000000018 1.1850000000000003 0.23500000000000001 0.18500000000000003 0.47320000000000001 0.44369999999999993 4.1850000000000014 4.0450000000000008 4.3550000000000013 4.5700000000000012 3.5000000000000004 5.1250000000000009 4.0150000000000006 5.4750000000000005 0.33255000000000007 0.35865000000000008 1.5000000000000002 0.29485 0.15254999999999999 0.52450000000000008 3.8750000000000004 3.7300000000000009 0.2849000000000001 4.9250000000000007 4.7750000000000012 4.955000000000001 0.15500000000000003 0.34859999999999997 0.29830000000000007
decision_type=2 2 2 2 2 2 2 2 2 2 2 2 2 2 2 2 2 2 2 2 2 2 2 2 2 2 2 2 2 2
left_child=1 2 3 4 24 6 7 8 13 -9 -11 12 -12 17 -14 23 -17 -6 19 -19 -7 22 -20 -13 25 29 28 -27 -26 -1
right_child=-2 -3 -4 -5 5 20 -8 9 -10 10 11 15 14 -15 -16 16 -18 18 21 -21 -22 -23 -24 -25 26 27 -28 -29 -30 -31
leaf_value=-0.0015833974147422447 -0.0021167725923338107 0.0023414925051232177 0.0019873406476108358 -0.0033288174019805317 -0.0064059642143547537 -0.0061001625883838409 0.0053178472910076387 0.0075845086185092284 -0.0079102868760197332 -0.0064640749659803185 0.0045920153863208239 0.0047756256910202952 -0.0089753126019033892 0.0070439642972566878 -0.00071287885642586611 -0.0065871868692781964 0.0083533828025278839 -0.00036987604883809887 -0.0011833389827483139 0.0064951867796480657 0.00094398779328912501 0.0023839597341914973 -0.0068861158797517419 0.01092337194660848 0.0019188010133802892 0.00054342001094482846 -1.321946684882113e-05 -0.0079293514962046185 0.010457710638642311 0.0004496102450634806
leaf_weight=225 28 36 32 29 20 23 37 33 29 27 43 23 29 22 39 21 23 24 71 29 24 30 24 22 24 32 2297 64 25 689
leaf_count=225 28 36 32 29 20 23 37 33 29 27 43 23 29 22 39 21 23 24 71 29 24 30 24 22 24 32 2297 64 25 689
internal_value=-1.19223e-11 1.46489e-05 -6.24044e-06 -2.22773e-05 2.00472e-06 0.00045086 0.000705143 0.000369838 -0.000806554 0.00149646 0.000611413 0.0015666 -0.000816484 0.000129847 -0.00423656 0.00453877 0.00122266 -0.000638389 9.65357e-06 0.00338648 -0.00250315 -0.00142212 -0.00262404 0.00778119 -7.73073e-05 -0.000531259 0.000118128 -0.00510509 0.00627539 -5.08566e-05
internal_weight=4074 4046 4010 3978 3949 593 546 509 249 260 227 200 111 220 68 89 44 198 178 53 47 125 95 45 3356 1010 2346 96 49 914
internal_count=4074 4046 4010 3978 3949 593 546 509 249 260 227 200 111 220 68 89 44 198 178 53 47 125 95 45 3356 1010 2346 96 49 914
is_linear=0
shrinkage=0.1


Tree=79
num_leaves=31
num_cat=0
split_feature=3 3 0 0 1 2 2 1 2 2 2 3 3 0 1 2 1 1 0 1 3 1 3 3 0 2 2 3 1 1
split_gain=0.0131669 0.073511 0.0683433 0.100437 0.107992 0.08405 0.0752952 0.0877791 0.12886 0.0815976 0.0678503 0.0453872 0.155741 0.113453 0.372601 0.504835 0.0992708 0.176421 0.122784 0.0318589 0.0291756 0.175564 0.27544 0.153597 0.127418 0.11734 0.202473 0.0814543 0.14908 0.0936471
threshold=0.12915000000000001 1.0000000180025095e-35 4.5000000000000009 5.5000000000000009 4.5050000000000008 0.17500000000000002 0.15500000000000003 5.4050000000000011 0.16500000000000004 0.18500000000000003 0.14500000000000005 0.23304999999999998 0.24744999999999998 2.5000000000000004 5.7000000000000011 0.16500000000000004 5.4750000000000005 4.6950000000000012 4.5000000000000009 6.8650000000000011 0.2849000000000001 5.5600000000000014 0.26600000000000007 0.28610000000000008 2.5000000000000004 0.16500000000000004 0.17500000000000002 0.29185000000000005 5.9350000000000014 4.4000000000000012
decision_type=2 2 2 2 2 2 2 2 2 2 2 2 2 2 2 2 2 2 2 2 2 2 2 2 2 2 2 2 2 2
left_child=1 2 6 4 -4 -5 10 8 -8 -10 -1 13 -13 14 15 -2 17 -15 -18 -3 21 24 -23 -22 -14 -26 -27 28 29 -25
right_child=11 19 3 5 -6 -7 7 -9 9 -11 -12 12 20 16 -16 -17 18 -19 -20 -21 23 22 -24 27 25 26 -28 -29 -30 -31
leaf_value=0.0018485389326909378 0.010695738508366049 0.0053348923510894543 -0.00089539846405386938 0.0049931829552287647 -0.011287303781136871 -0.0038707031309604643 0.007562161948193204 0.0077085710596293214 -0.0055948893897808522 0.0018957882840891904 -0.0044937859742423978 0.0063135621615518361 0.00086183537496253848 0.0031435531331226231 -0.015188668384824112 -0.0092372547835111625 0.0083073459565639503 -0.0071296035352029974 -0.0012294983655145324 0.00046663887216709556 0.0062678122319854233 0.0070682885928307574 -0.00376781331633942 -0.0023238345182367733 -0.00023904902394860985 -0.015809620922664181 -0.002679672806888171 2.4623666656629366e-05 0.0032733975953999021 -0.011767761178669477
leaf_weight=31 24 41 20 23 20 20 22 26 26 33 37 39 34 32 23 27 27 35 27 20 39 49 45 21 20 24 23 3224 21 21
leaf_count=31 24 41 20 23 20 20 22 26 26 33 37 39 34 32 23 27 27 35 27 20 39 49 45 21 20 24 23 3224 21 21
internal_value=1.31032e-11 0.000616794 -0.000121341 -0.00248464 -0.00609135 0.000870445 0.000999537 0.00265312 0.00103039 -0.00140519 -0.00160243 -5.23988e-05 2.89693e-05 -0.00153789 -0.00462226 0.000142977 0.000348425 -0.00222302 0.00353892 0.00373874 -4.06414e-05 -0.00122947 0.00188079 2.90587e-05 -0.00412418 -0.00665439 -0.00938433 -4.49636e-05 -0.00360607 -0.0070458
internal_weight=4074 319 258 83 40 43 175 107 81 59 68 3755 3560 195 74 51 121 67 54 61 3521 195 94 3326 101 67 47 3287 63 42
internal_count=4074 319 258 83 40 43 175 107 81 59 68 3755 3560 195 74 51 121 67 54 61 3521 195 94 3326 101 67 47 3287 63 42
is_linear=0
shrinkage=0.1


Tree=80
num_leaves=31
num_cat=0
split_feature=3 3 3 2 2 2 1 1 1 0 1 0 3 3 3 3 3 3 1 1 3 1 3 1 3 1 1 3 1 3
split_gain=0.0107707 0.0201967 0.0162326 0.0166728 0.0149139 0.0152981 0.0128655 0.104221 0.0773091 0.120175 0.078346 0.065018 0.126667 0.23136 0.241852 0.128312 0.122081 0.110664 0.102744 0.100019 0.0835112 0.192823 0.187664 0.140741 0.154043 0.0849064 0.195121 0.119737 0.0809219 0.0913806
threshold=0.74340000000000017 0.65990000000000015 0.57980000000000009 0.16500000000000004 1.0000000180025095e-35 0.115 6.5250000000000012 6.4850000000000012 6.5650000000000004 2.5000000000000004 6.5850000000000009 2.5000000000000004 0.23715000000000003 0.37325000000000003 0.39355000000000001 0.45635000000000009 0.31135000000000002 0.45239999999999997 6.995000000000001 7.2650000000000006 0.37669999999999998 6.7950000000000008 0.372 6.6750000000000007 0.26600000000000007 6.9300000000000006 7.3600000000000003 0.34000000000000002 6.8850000000000007 0.41815000000000002
decision_type=2 2 2 2 2 2 2 2 2 2 2 2 2 2 2 2 2 2 2 2 2 2 2 2 2 2 2 2 2 2
left_child=1 2 4 -4 -1 -6 7 -7 9 -8 -10 12 -12 16 -15 28 -14 20 -18 -19 22 -22 23 -13 -25 27 -27 -26 -16 -30
right_child=-2 -3 3 -5 5 6 8 -9 10 -11 11 17 13 14 15 -17 18 19 -20 -21 21 -23 -24 24 25 26 -28 -29 29 -31
leaf_value=-0.0022759249498104229 0.0017466863191553527 -0.0020541661593597381 0.00022674359283164928 0.0034767752478796024 0.0026297848841006109 8.6112527592517385e-06 0.0018759664502881824 0.0053471432696725876 0.0049807030643368591 -0.0078009495116544494 -0.0085047540875772647 -0.0075458260591734537 -0.0020826635540878349 -0.013381390527568079 0.0058664515614509586 -0.0072401498187461806 0.0084070049369564439 0.0081075035148497794 0.0005473960126782286 -0.0008545580878853798 -0.010174574933946134 -0.00014240379876843314 0.010159025178290905 0.0068662283409919068 -0.0065587908402085313 0.0058109356255994903 -0.0048214002312826259 0.0026259870437735865 -0.0064251397603324479 0.0027971834198317748
leaf_weight=29 35 48 38 27 22 3139 21 37 29 33 24 22 37 22 21 29 39 33 29 20 25 82 20 35 40 45 28 22 21 22
leaf_count=29 35 48 38 27 22 3139 21 37 29 33 24 22 37 22 21 29 39 33 29 20 25 82 20 35 40 45 28 22 21 22
internal_value=-1.20194e-12 -1.51359e-05 9.38761e-06 0.00157676 -1.65622e-05 2.51112e-07 -1.46779e-05 7.08045e-05 -0.000403078 -0.0040377 -9.8784e-05 -0.000337916 -0.00160645 -0.00085391 -0.0039526 -0.00172214 0.0025399 0.000494135 0.00505511 0.00472559 -0.000208897 -0.00248637 0.000940582 -1.96729e-05 0.0009543 -0.000578422 0.00173278 -0.00329968 0.000778212 -0.00170674
internal_weight=4074 4039 3991 65 3926 3897 3875 3176 699 54 645 616 244 220 115 93 105 372 68 53 319 107 212 192 170 135 73 62 64 43
internal_count=4074 4039 3991 65 3926 3897 3875 3176 699 54 645 616 244 220 115 93 105 372 68 53 319 107 212 192 170 135 73 62 64 43
is_linear=0
shrinkage=0.1


Tree=81
num_leaves=31
num_cat=0
split_feature=3 3 3 3 0 1 2 1 2 2 2 3 3 0 1 2 2 1 1 0 1 3 1 3 3 3 0 0 3 1
split_gain=0.0122239 0.0179335 0.011853 0.0579129 0.0582909 0.0860148 0.0594993 0.0752769 0.104377 0.0660941 0.0548717 0.0366128 0.12509 0.0902643 0.298986 0.408917 0.0810372 0.177501 0.103567 0.0282197 0.0281716 0.0239982 0.140524 0.218483 0.126607 0.113949 0.179431 0.0703285 0.0646208 0.122771
threshold=0.76390000000000013 0.67575000000000018 0.12915000000000001 1.0000000180025095e-35 4.5000000000000009 4.7350000000000012 0.15500000000000003 5.4050000000000011 0.16500000000000004 0.18500000000000003 0.14500000000000005 0.23304999999999998 0.24744999999999998 2.5000000000000004 5.7000000000000011 0.16500000000000004 0.18500000000000003 5.5150000000000006 6.2550000000000008 3.5000000000000004 3.8750000000000004 0.2849000000000001 5.5600000000000014 0.26505000000000006 0.28610000000000008 0.26600000000000007 2.5000000000000004 4.5000000000000009 0.29185000000000005 5.9350000000000014
decision_type=2 2 2 2 2 2 2 2 2 2 2 2 2 2 2 2 2 2 2 2 2 2 2 2 2 2 2 2 2 2
left_child=1 2 3 4 6 20 10 8 -8 -10 -1 13 -13 14 15 -4 17 -15 -19 -5 -6 22 25 -24 -23 -14 -27 -25 29 -26
right_child=-2 -3 11 19 5 -7 7 -9 9 -11 -12 12 21 16 -16 -17 -18 18 -20 -21 -22 24 23 27 28 26 -28 -29 -30 -31
leaf_value=0.001749706917232083 -0.0020822264719754457 0.0022363921730882592 0.0096253037685528411 0.0050825540572593643 -0.001639436259865761 -0.0058478938113595991 0.006805084747346965 0.0071108297301599611 -0.0050362612765568956 0.0017053482677455935 -0.0039538661798311251 0.0056500427667439609 -0.0079476581241648935 -0.0053382420276951361 -0.013606040999698249 -0.0083143903908354262 0.0052396963278834637 0.0079026611211399245 -0.0014878477698758892 0.00067969502415508041 0.0033288347579184031 0.0056826858852918336 0.0073850261143002752 -0.005319647163604245 -0.0063420794416396394 0.0062052446332844825 -0.0050382864614948635 0.0019796082940460604 1.3879431771553604e-05 0.0030224019750243144
leaf_weight=31 28 36 24 37 25 37 22 26 26 33 37 39 39 48 23 27 26 24 23 24 21 39 39 33 42 22 40 22 3160 21
leaf_count=31 28 36 24 37 25 37 22 26 26 33 37 39 39 48 23 27 26 24 23 24 21 39 39 33 42 22 40 22 3160 21
internal_value=7.78674e-13 1.44099e-05 -5.5381e-06 0.000579278 -7.58816e-05 -0.00225846 0.000959286 0.00242923 0.000926488 -0.00126553 -0.00135371 -5.60817e-05 1.83017e-05 -0.00138964 -0.00414081 0.000127819 0.000292891 -0.00106097 0.00330731 0.00335028 0.000628687 -4.52325e-05 -0.00112285 0.00165978 1.91867e-05 -0.00371262 -0.00104865 -0.00239994 -4.93447e-05 -0.00322059
internal_weight=4074 4046 4010 319 258 83 175 107 81 59 68 3691 3496 195 74 51 121 95 47 61 46 3457 195 94 3262 101 62 55 3223 63
internal_count=4074 4046 4010 319 258 83 175 107 81 59 68 3691 3496 195 74 51 121 95 47 61 46 3457 195 94 3262 101 62 55 3223 63
is_linear=0
shrinkage=0.1


Tree=82
num_leaves=31
num_cat=0
split_feature=1 2 2 1 3 3 3 1 3 3 0 2 2 0 0 1 3 1 2 1 0 1 1 2 0 3 0 0 3 3
split_gain=0.0112859 0.0154147 0.0259264 0.0157095 0.0103096 0.0116127 0.0299138 0.0258345 0.0154173 0.0119745 0.0931928 0.386943 0.11819 0.337081 0.121551 0.136389 0.314916 0.111008 0.109843 0.0900433 0.0777038 0.162121 0.0484751 0.0418349 0.0413399 0.0304711 0.0525647 0.108623 0.103377 0.0494923
threshold=7.9000000000000012 0.27500000000000008 0.22500000000000003 1.0000000180025095e-35 0.74340000000000017 0.60555000000000014 0.57980000000000009 5.1050000000000013 0.56305000000000016 0.45415000000000005 2.5000000000000004 0.14500000000000005 0.14500000000000005 3.5000000000000004 3.5000000000000004 4.7350000000000012 0.46055000000000007 6.4000000000000012 0.16500000000000004 5.2750000000000012 1.5000000000000002 5.6150000000000011 1.4400000000000002 0.13500000000000004 5.5000000000000009 0.43390000000000001 4.5000000000000009 5.5000000000000009 0.44369999999999993 0.42910000000000004
decision_type=2 2 2 2 2 2 2 2 2 2 2 2 2 2 2 2 2 2 2 2 2 2 2 2 2 2 2 2 2 2
left_child=1 2 4 -3 5 6 8 -7 9 22 11 17 13 -12 19 -16 -17 -11 -18 -14 21 -13 -1 24 -15 29 28 -28 -27 -24
right_child=-2 3 -4 -5 -6 7 -8 -9 -10 10 12 20 14 23 15 16 18 -19 -20 -21 -22 -23 25 -25 -26 26 27 -29 -30 -31
leaf_value=0.0044978182904584253 0.0020007412913920627 0.00021997388629686266 0.0029360187115768594 -0.0034573651671123045 0.0016938676259347371 -0.0041377055712721565 0.0029016138613224031 0.00016828219798442566 -0.0024163386612026782 -0.0046602140950120011 0.015946189910173419 -0.0060841966744350356 -0.00067565724363221843 -0.003087056986987591 0.006866900179837202 0.0094404586793287934 0.0001169391375567232 -0.01484690913464874 -0.0085918945912271741 -0.0090039890969083429 0.0065309848455744309 0.0055492038456723099 -8.5942710701365161e-05 0.0049942301674967722 0.0026683700270950794 -0.0044110366504472231 -0.0087879643104970453 0.00073445466266054173 0.0019815177527359794 0.0034534717700444163
leaf_weight=23 28 21 30 26 35 22 35 38 27 23 20 23 34 26 37 23 28 20 30 21 29 25 3206 21 24 39 25 23 72 40
leaf_count=23 28 21 30 26 35 22 35 38 27 23 20 23 34 26 37 23 28 20 30 21 29 25 3206 21 24 39 25 23 72 40
internal_value=-6.70088e-13 -1.3846e-05 7.31465e-06 -0.0018143 -1.48222e-05 -3.00241e-05 -8.64219e-06 -0.00141058 -3.51749e-05 -1.83093e-05 0.00051124 -0.00179942 0.00156154 0.0044789 2.6978e-05 0.00183664 -0.000461136 -0.00939821 -0.00438763 -0.00385557 0.00244405 -2.51339e-05 -7.76288e-05 0.00124868 -0.000324452 -0.000108535 -0.00146017 -0.00422514 -0.000264515 -4.2327e-05
internal_weight=4074 4046 3999 47 3969 3934 3874 60 3839 3812 384 120 264 91 173 118 81 43 58 55 77 48 3428 71 50 3405 159 48 111 3246
internal_count=4074 4046 3999 47 3969 3934 3874 60 3839 3812 384 120 264 91 173 118 81 43 58 55 77 48 3428 71 50 3405 159 48 111 3246
is_linear=0
shrinkage=0.1


Tree=83
num_leaves=31
num_cat=0
split_feature=3 3 2 2 2 3 3 1 1 0 3 3 3 1 1 1 0 3 3 3 3 3 1 1 1 1 1 2 3 1
split_gain=0.0117722 0.0163668 0.0118042 0.0262133 0.0124294 0.0377577 0.0655204 0.0570806 0.232377 0.131271 0.151245 0.127781 0.116616 0.108035 0.0932216 0.0932211 0.114225 0.099973 0.134436 0.0455409 0.0374956 0.0472222 0.0273938 0.0270299 0.0198983 0.161933 0.145784 0.116672 0.0766819 0.067781
threshold=0.76390000000000013 0.68725000000000014 1.1850000000000003 0.23500000000000001 0.18500000000000003 0.47320000000000001 0.44369999999999993 4.1350000000000007 4.035000000000001 4.5000000000000009 0.26505000000000006 0.33255000000000007 0.39065 3.9850000000000008 5.7150000000000007 5.1250000000000009 2.5000000000000004 0.35025000000000001 0.2849000000000001 0.52450000000000008 0.29485 0.20225000000000001 3.8750000000000004 3.7300000000000009 4.9250000000000007 4.7750000000000012 4.955000000000001 0.15500000000000003 0.34859999999999997 4.6550000000000011
decision_type=2 2 2 2 2 2 2 2 2 2 2 2 2 2 2 2 2 2 2 2 2 2 2 2 2 2 2 2 2 2
left_child=1 2 3 4 24 6 7 8 13 12 -11 -12 14 20 15 17 -17 18 -9 -7 21 -6 23 -22 25 29 28 -27 -26 -1
right_child=-2 -3 -4 -5 5 19 -8 9 -10 10 11 -13 -14 -15 -16 16 -18 -19 -20 -21 22 -23 -24 -25 26 27 -28 -29 -30 -31
leaf_value=-0.00032315560979269512 -0.002043390380484717 0.0023411865408221881 0.0017508855579715028 -0.0030155230313539507 -0.00081789856021468709 -0.0054754157915063535 0.0047211942294411169 -0.0012185240770561686 -0.011088385060429574 -0.0023914084725436711 0.013498316840692002 0.003717483747202684 -0.0058804207112126312 0.0057473506281773253 0.0070550407579338011 -0.007038063537038397 0.0019833088368177414 -0.0041051617637276648 0.0077718993410086021 0.00075160240909705569 -0.0014548279387368397 0.0050325222609734002 0.0013553233235143126 -0.0051839665294839792 0.001446945065011581 0.00057948520989157257 -2.7941963622778027e-05 -0.0068157769914250826 0.0093604478538036346 0.0025253307143156167
leaf_weight=821 28 30 38 29 37 23 37 29 20 21 22 34 29 30 22 32 25 20 39 24 77 22 24 26 24 32 2297 64 25 93
leaf_count=821 28 30 38 29 37 23 37 29 20 21 22 34 29 30 22 32 25 20 39 24 77 22 24 26 24 32 2297 64 25 93
internal_value=5.25408e-12 1.41411e-05 -3.24219e-06 -1.99986e-05 1.99946e-06 0.00042405 0.000658165 0.000362817 -0.000776149 0.00134742 0.00484595 0.00755995 -2.7005e-05 0.000178688 0.000989456 6.91609e-05 -0.00308132 0.00210981 0.00393775 -0.00229566 -0.000719483 0.00136361 -0.00168722 -0.00239616 -7.25763e-05 -0.000443684 8.71932e-05 -0.00435069 0.00548445 -3.33206e-05
internal_weight=4074 4046 4016 3978 3949 593 546 509 236 273 77 56 196 216 167 145 57 88 68 47 186 59 127 103 3356 1010 2346 96 49 914
internal_count=4074 4046 4016 3978 3949 593 546 509 236 273 77 56 196 216 167 145 57 88 68 47 186 59 127 103 3356 1010 2346 96 49 914
is_linear=0
shrinkage=0.1


Tree=84
num_leaves=31
num_cat=0
split_feature=3 3 0 0 1 2 1 1 0 1 1 2 3 3 0 1 2 2 1 0 1 3 0 0 0 3 3 3 1 1
split_gain=0.0107564 0.047276 0.0483601 0.081919 0.0766829 0.0699831 0.0509349 0.0929394 0.0662002 0.193515 0.138147 0.0896972 0.0275743 0.101291 0.0702727 0.246902 0.32234 0.06436 0.142586 0.085986 0.0272581 0.0210292 0.112806 0.198227 0.154785 0.11876 0.0994316 0.0535486 0.10089 0.0730005
threshold=0.12915000000000001 1.0000000180025095e-35 4.5000000000000009 5.5000000000000009 4.5050000000000008 0.17500000000000002 6.3750000000000009 5.8650000000000011 3.5000000000000004 5.0550000000000006 4.4350000000000014 0.17500000000000002 0.23304999999999998 0.24744999999999998 2.5000000000000004 5.7000000000000011 0.16500000000000004 0.18500000000000003 5.5150000000000006 4.5000000000000009 6.8650000000000011 0.2849000000000001 2.5000000000000004 1.5000000000000002 4.5000000000000009 0.26770000000000005 0.28610000000000008 0.29185000000000005 5.9350000000000014 4.4000000000000012
decision_type=2 2 2 2 2 2 2 2 2 2 2 2 2 2 2 2 2 2 2 2 2 2 2 2 2 2 2 2 2 2
left_child=1 2 6 4 -4 -5 7 8 9 10 11 -1 14 -14 15 16 -2 18 -16 -20 -3 22 23 -15 -24 -26 -23 28 29 -28
right_child=12 20 3 5 -6 -7 -8 -9 -10 -11 -12 -13 13 21 17 -17 -18 -19 19 -21 -22 26 24 -25 25 -27 27 -29 -30 -31
leaf_value=-0.0062411955473097892 0.0086787121525655191 0.0045375203713774685 -0.00090130753815174111 0.0047695527906003211 -0.0096581824123859409 -0.0033186470530927182 -0.0029195348154111155 0.0075033740140497684 0.0042563501439456426 -0.0095321481861174104 0.0075690816789865502 0.0028957822024711366 0.0050843368523204938 -0.0035100254801011853 -0.0047607766871806236 -0.01223404860407438 -0.0072490541712829362 0.0046878426837233395 0.0071751602382088709 -0.0013812852618486984 3.4480534959584472e-05 0.005038693703663273 -0.0065428164401841434 0.0074708986282348636 0.0047718173683141225 -0.0034795597636115717 -0.0015884442875782651 1.5962746081902734e-05 0.002731550005929811 -0.009926569266688258
leaf_weight=22 24 41 20 23 20 20 29 23 35 20 25 21 39 31 48 23 27 26 24 23 20 39 59 35 33 37 21 3224 21 21
leaf_count=22 24 41 20 23 20 20 29 23 35 20 25 21 39 31 48 23 27 26 24 23 20 39 59 35 33 37 21 3224 21 21
internal_value=-1.43412e-13 0.000557484 -3.44592e-05 -0.00202245 -0.00527974 0.0010076 0.000908415 0.00166876 0.000577735 -0.00088535 0.00165783 -0.00177895 -4.73602e-05 1.60618e-05 -0.00120522 -0.00363268 0.000246365 0.000279346 -0.000927189 0.00298796 0.00306111 -4.00764e-05 -0.00104938 0.00231319 -0.00276977 0.000410375 1.90981e-05 -4.0459e-05 -0.00292782 -0.00575751
internal_weight=4074 319 258 83 40 43 175 146 123 88 68 43 3755 3560 195 74 51 121 95 47 61 3521 195 66 129 70 3326 3287 63 42
internal_count=4074 319 258 83 40 43 175 146 123 88 68 43 3755 3560 195 74 51 121 95 47 61 3521 195 66 129 70 3326 3287 63 42
is_linear=0
shrinkage=0.1


Tree=85
num_leaves=31
num_cat=0
split_feature=1 1 3 3 1 2 1 1 0 1 1 1 1 1 3 3 1 2 3 3 3 0 1 1 0 2 3 1 2 3
split_gain=0.0103916 0.136211 0.153701 0.241378 0.113631 0.209026 0.0872224 0.0882614 0.0845919 0.0516631 0.19364 0.0877114 0.291824 0.16527 0.151047 0.120386 0.0868772 0.0767486 0.0994281 0.129242 0.0700883 0.102275 0.0652292 0.0990376 0.0884474 0.125147 0.10428 0.0604556 0.173176 0.115689
threshold=5.6650000000000009 5.7250000000000005 0.37425000000000003 0.32495000000000007 5.6150000000000011 0.16500000000000004 5.7550000000000008 5.8150000000000004 3.5000000000000004 5.5750000000000011 5.535000000000001 5.4400000000000004 5.4050000000000011 5.3350000000000009 0.39110000000000006 0.34985000000000005 5.0050000000000008 0.17500000000000002 0.34739999999999999 0.41040000000000004 0.29390000000000005 3.5000000000000004 5.0950000000000006 5.1250000000000009 3.5000000000000004 0.16500000000000004 0.34739999999999999 4.7950000000000008 0.15500000000000003 0.35025000000000001
decision_type=2 2 2 2 2 2 2 2 2 2 2 2 2 2 2 2 2 2 2 2 2 2 2 2 2 2 2 2 2 2
left_child=4 2 3 -2 9 -6 -3 8 -8 10 11 12 13 16 -15 20 27 22 -19 -20 -13 -22 -18 -24 25 -25 -26 -1 -29 -30
right_child=1 6 -4 -5 5 -7 7 -9 -10 -11 -12 15 -14 14 -16 -17 17 18 19 -21 21 -23 23 24 26 -27 -28 28 29 -31
leaf_value=0.00012823285003712873 -0.0018029931194282003 0.0050199685289579283 0.0030455405247353374 -0.015170202395794067 0.0089462116603317553 -0.0013422608805390506 -0.0076168500445783138 4.4567045806002555e-05 -0.00010721396965285144 -0.0034248279970745706 0.0081922969796919612 -0.0045866986109306005 0.010255598024066006 -0.0085275101298022838 0.0018595453529130846 -0.0093786666423759674 0.0059696637599628566 -0.0048043694214097094 0.0061997720331419259 -0.0032921647652983665 0.0046365822129177323 -0.0040501793231511414 -0.0042061429956684942 0.0046669220959302043 0.0011151226758956911 -0.0044029491086458343 0.0098599311585227667 0.0024973050449285418 -0.00083430229993627491 -0.0057567759835569377
leaf_weight=1393 35 34 21 22 40 39 30 1601 30 43 29 36 28 42 21 22 51 35 32 26 33 23 23 32 25 29 30 77 103 89
leaf_count=1393 35 34 21 22 40 39 30 1601 30 43 29 36 28 42 21 22 51 35 32 26 33 23 23 32 25 29 30 77 103 89
internal_value=5.32892e-12 -0.000181942 -0.00426786 -0.00696227 0.000140193 0.00386709 6.08192e-06 -9.65503e-05 -0.00386203 7.68845e-06 7.54251e-05 -3.40583e-05 0.000117079 -2.42945e-05 -0.00506516 -0.00273332 0.000138983 0.00175861 -0.000595231 0.00194477 -0.00114422 0.00106881 0.00291076 0.00178842 0.002977 0.000355016 0.00588502 -0.000136802 -0.00150927 -0.00311607
internal_weight=4074 1773 78 57 2301 79 1695 1661 60 2222 2179 2150 2036 2008 63 114 1945 283 93 58 92 56 190 139 116 61 55 1662 269 192
internal_count=4074 1773 78 57 2301 79 1695 1661 60 2222 2179 2150 2036 2008 63 114 1945 283 93 58 92 56 190 139 116 61 55 1662 269 192
is_linear=0
shrinkage=0.1


Tree=86
num_leaves=31
num_cat=0
split_feature=2 3 3 1 1 3 1 1 3 1 1 1 2 1 1 1 2 0 2 2 1 1 1 3 1 3 1 1 3 3
split_gain=0.0103407 0.0148735 0.0486532 0.0314807 0.0749238 0.128206 0.0813942 0.0768365 0.107565 0.0362108 0.0375424 0.0321786 0.0260372 0.0207559 0.09912 0.083872 0.131414 0.149438 0.181476 0.125076 0.096028 0.136924 0.0803561 0.0634476 0.0491292 0.0418083 0.0387138 0.193525 0.373057 0.0894678
threshold=1.3800000000000001 0.49690000000000006 0.48215000000000002 6.9150000000000009 6.5550000000000006 0.57660000000000011 6.245000000000001 5.8650000000000011 0.5495000000000001 5.2550000000000008 4.9150000000000009 3.6450000000000005 0.23500000000000001 6.3350000000000009 6.285000000000001 6.5750000000000011 0.14500000000000005 2.5000000000000004 0.13500000000000004 0.17500000000000002 6.4000000000000012 6.4850000000000012 6.5250000000000012 0.37085000000000007 6.455000000000001 0.38400000000000001 6.955000000000001 6.8950000000000005 0.37425000000000003 0.34985000000000005
decision_type=2 2 2 2 2 2 2 2 2 2 2 2 2 2 2 2 2 2 2 2 2 2 2 2 2 2 2 2 2 2
left_child=1 2 13 4 6 -6 7 9 -9 10 11 12 -3 14 -1 16 17 24 -19 20 23 -22 -23 -18 -15 -16 27 29 -29 -17
right_child=-2 3 -4 -5 5 -7 -8 8 -10 -11 -12 -13 -14 15 25 26 19 18 -20 -21 21 22 -24 -25 -26 -27 -28 28 -30 -31
leaf_value=-4.6712189875120885e-05 -0.0017629996760550775 -0.00066261363614882746 -0.0040555801615118981 0.0044885242357850077 -0.0091073111409232729 0.0013979433605877253 0.0052577500255444115 0.0019700477272272111 -0.0079597537405788898 0.0040899733826518054 -0.0024130140667479923 0.0037698993753445781 0.003096972092986107 0.0054717324496734712 -0.001442623354102436 -0.0017155031704201098 0.0060755355706946417 -0.0031432267803794302 0.0065037770531116389 0.0069808282490287504 -0.0082968776484074851 0.0048225216218270367 -0.0040342758276632855 -0.0012212273593132314 0.012161676569477371 -0.0061982113829193025 0.00061230566524165251 0.001112922718415835 -0.01607525306551353 0.0019255675651182079
leaf_weight=2713 33 70 30 20 21 26 39 20 24 35 34 38 25 21 38 137 22 39 39 21 34 20 21 26 23 36 285 28 23 133
leaf_count=2713 33 70 30 20 21 26 39 20 24 35 34 38 25 21 38 137 22 39 39 21 34 20 21 26 23 36 285 28 23 133
internal_value=-1.17873e-12 1.43972e-05 -4.48652e-05 0.000635474 0.000403362 -0.00329589 0.00101341 0.000340532 -0.00344621 0.00116537 0.000552425 0.00131051 0.000326751 -1.19815e-05 -0.000145205 0.000413813 0.0018941 0.0043089 0.00168028 -0.000151777 -0.00136954 -0.00360484 0.000286113 0.00212312 0.00896875 -0.00375615 -0.000235949 -0.000989073 -0.00663861 7.80613e-05
internal_weight=4074 4041 3689 352 332 47 285 246 44 202 167 133 95 3659 2787 872 266 122 78 144 123 75 41 48 44 74 606 321 51 270
internal_count=4074 4041 3689 352 332 47 285 246 44 202 167 133 95 3659 2787 872 266 122 78 144 123 75 41 48 44 74 606 321 51 270
is_linear=0
shrinkage=0.1


Tree=87
num_leaves=31
num_cat=0
split_feature=3 3 1 2 2 3 1 1 2 1 1 0 0 1 3 1 3 3 1 1 0 1 2 3 0 1 3 0 3 3
split_gain=0.0101064 0.0129915 0.0465675 0.00942641 0.0111687 0.0117354 0.0666884 0.131141 0.111553 0.0883541 0.0957683 0.18141 0.0802773 0.103311 0.1161 0.112984 0.0716957 0.0876623 0.0610699 0.0447639 0.043928 0.0413573 0.0489635 0.0282276 0.0457693 0.0911845 0.176799 0.0840529 0.0380236 0.0445982
threshold=0.76390000000000013 0.61985000000000012 5.8250000000000011 1.0000000180025095e-35 0.115 0.45415000000000005 4.7950000000000008 4.4750000000000005 0.18500000000000003 6.9150000000000009 6.3350000000000009 2.5000000000000004 5.5000000000000009 6.0650000000000004 0.49690000000000006 5.9050000000000011 0.5051000000000001 0.46925000000000006 7.0050000000000008 2.5000000000000004 4.5000000000000009 5.6150000000000011 0.16500000000000004 0.43390000000000001 4.5000000000000009 6.2350000000000012 0.44369999999999993 5.5000000000000009 0.42910000000000004 0.42560000000000003
decision_type=2 2 2 2 2 2 2 2 2 2 2 2 2 2 2 2 2 2 2 2 2 2 2 2 2 2 2 2 2 2
left_child=1 3 -3 -1 -5 23 7 16 9 10 12 -12 13 15 -15 21 17 -7 -11 -18 -13 22 -8 28 25 26 -25 -26 29 -6
right_child=-2 2 -4 4 5 6 8 -9 -10 18 11 20 -14 14 -16 -17 19 -19 -20 -21 -22 -23 -24 24 27 -27 -28 -29 -30 -31
leaf_value=-0.0015387293882668019 -0.0018933118254478489 0.0039739572376544987 -0.0010505208793358926 0.0022510196844285186 -4.9806637624089789e-06 0.00179369801109464 -0.0031346954771184496 0.0090648771729320288 -0.0062073998410126265 0.0079273360093002742 -0.010892900792152986 0.0032045226544141769 -0.0051098957303024476 -3.352392464876175e-05 0.009193619592115284 -0.0063746461955209574 0.0009309399061866345 -0.0065773767249828032 0.00085340276217231383 0.0067535256723994797 -0.0029223435595631601 0.0047135585059340191 0.0025122482658309097 -0.0083429427416031737 -0.0079672101140022284 0.0039657843379037726 0.0015858989525982675 0.0004093007670472498 0.0030551967676728966 -0.0033241299662466459
leaf_weight=40 28 35 39 22 3205 29 28 24 29 23 23 22 21 25 30 24 31 22 26 23 25 26 34 29 25 35 47 23 40 41
leaf_count=40 28 35 39 22 3205 29 28 24 29 23 23 22 21 25 30 24 31 22 26 23 25 26 34 29 25 35 47 23 40 41
internal_value=-1.29074e-11 1.31025e-05 0.00132592 -1.13559e-05 4.18201e-06 -8.46004e-06 0.000463092 0.00239583 -0.000278942 0.000281075 -0.000458245 -0.00361565 0.000717386 0.00145016 0.00499946 -0.000292804 0.000871478 -0.00181735 0.00417382 0.00341093 -5.44487e-05 0.00136588 -3.79844e-05 -7.21093e-05 -0.00137341 -0.000257708 -0.00220274 -0.00395347 -9.14318e-06 -4.69046e-05
internal_weight=4074 4046 74 3972 3932 3910 465 129 336 307 258 70 188 167 55 112 105 51 49 54 47 88 62 3445 159 111 76 48 3286 3246
internal_count=4074 4046 74 3972 3932 3910 465 129 336 307 258 70 188 167 55 112 105 51 49 54 47 88 62 3445 159 111 76 48 3286 3246
is_linear=0
shrinkage=0.1


Tree=88
num_leaves=31
num_cat=0
split_feature=1 2 2 1 3 0 1 1 0 1 0 0 1 1 1 3 3 1 1 1 1 1 1 3 1 1 1 1 0 2
split_gain=0.0108986 0.0135535 0.0214126 0.0116257 0.00886428 0.0415131 0.0650381 0.0520447 0.106186 0.0501964 0.312341 0.0980483 0.0797165 0.036066 0.024125 0.020787 0.0849997 0.0561978 0.194651 0.0533729 0.0447597 0.0437355 0.0348349 0.0214441 0.0151502 0.142898 0.0532483 0.0712198 0.128762 0.0745927
threshold=7.9000000000000012 0.27500000000000008 0.22500000000000003 1.0000000180025095e-35 0.12915000000000001 1.5000000000000002 6.5250000000000012 4.2550000000000008 3.5000000000000004 4.7350000000000012 3.5000000000000004 4.5000000000000009 5.3750000000000009 3.1650000000000005 7.0850000000000009 0.23304999999999998 0.24744999999999998 5.8050000000000006 5.5150000000000006 4.995000000000001 6.495000000000001 4.0950000000000006 4.6950000000000012 0.25150000000000006 6.7150000000000007 6.6950000000000012 6.6750000000000007 6.5650000000000004 3.5000000000000004 0.14500000000000005
decision_type=2 2 2 2 2 2 2 2 2 2 2 2 2 2 2 2 2 2 2 2 2 2 2 2 2 2 2 2 2 2
left_child=1 2 4 -3 5 -1 7 8 -7 10 -9 12 -11 -10 -8 17 -17 18 19 21 -19 -6 -23 -18 25 26 27 -25 -29 -30
right_child=-2 3 -4 -5 15 6 14 9 13 11 -12 -13 -14 -15 -16 16 23 20 -20 -21 -22 22 -24 24 -26 -27 -28 28 29 -31
leaf_value=0.0028140885248449784 0.001966116118377873 4.812589003926232e-05 0.0026678139964739483 -0.0031153262521211918 -0.0045264601148664952 0.0033652888403998479 -0.0062044239765964449 -0.0039789385738826935 -0.0016047211275214239 -0.0013731780641067486 0.013268298638008892 -0.0037310264259576803 0.0058521399261882989 -0.0073366636815278431 -0.0013515313377692587 0.0046398576683340928 -0.0025919662035338471 -0.0062951152363131119 0.0069395110431698069 -0.0054089678169199915 -0.00022729360498487952 0.0041208052564234961 -0.0011541433031520536 -5.4434910083692497e-05 -0.00057934735729954457 0.008474946748465299 -0.0042703526158784999 -0.0011183866009944015 0.01043884574395159 0.0026208475975391388
leaf_weight=62 28 21 30 26 20 27 20 21 21 26 21 35 37 23 21 39 33 31 31 33 20 21 31 2815 438 20 29 45 23 26
leaf_count=62 28 21 30 26 20 27 20 21 21 26 21 35 37 23 21 39 33 31 31 33 20 21 31 2815 438 20 29 45 23 26
internal_value=-1.5965e-11 -1.36064e-05 6.23569e-06 -0.00170187 -1.38821e-05 0.000495989 -7.43376e-05 0.000633827 -0.00157154 0.00175227 0.00464468 0.000512659 0.00287026 -0.00460096 -0.0037188 -5.76849e-05 -2.3074e-06 -0.00108469 -2.31017e-05 -0.00207873 -0.00391558 -0.000552371 0.000976124 -5.51054e-05 -3.04539e-05 5.08224e-05 -6.52362e-06 3.59828e-05 0.0027437 0.00629052
internal_weight=4074 4046 3999 47 3969 314 252 211 71 140 42 98 63 44 41 3655 3468 187 136 105 51 72 52 3429 3396 2958 2938 2909 94 49
internal_count=4074 4046 3999 47 3969 314 252 211 71 140 42 98 63 44 41 3655 3468 187 136 105 51 72 52 3429 3396 2958 2938 2909 94 49
is_linear=0
shrinkage=0.1


Tree=89
num_leaves=31
num_cat=0
split_feature=3 3 2 2 2 3 3 1 1 0 3 3 1 1 1 1 0 3 0 3 3 3 1 0 2 3 3 3 1 1
split_gain=0.00977918 0.0123644 0.0121572 0.0241395 0.0130238 0.0312632 0.0521438 0.0499804 0.190635 0.108383 0.128635 0.0928551 0.0846298 0.0741189 0.0649288 0.0618683 0.0902418 0.0702278 0.137995 0.0373898 0.0347259 0.0381331 0.0225377 0.024997 0.0443345 0.0199142 0.166844 0.0616279 0.138951 0.168587
threshold=0.76390000000000013 0.68725000000000014 1.1850000000000003 0.23500000000000001 0.18500000000000003 0.47320000000000001 0.44369999999999993 4.1350000000000007 4.035000000000001 4.5000000000000009 0.30210000000000009 0.39065 3.9850000000000008 5.7150000000000007 4.9450000000000012 5.1250000000000009 2.5000000000000004 0.35025000000000001 2.5000000000000004 0.52450000000000008 0.29485 0.20225000000000001 3.8750000000000004 3.5000000000000004 0.20500000000000004 0.31945000000000007 0.32240000000000008 0.26385000000000008 4.0150000000000006 3.5950000000000002
decision_type=2 2 2 2 2 2 2 2 2 2 2 2 2 2 2 2 2 2 2 2 2 2 2 2 2 2 2 2 2 2
left_child=1 2 3 4 25 6 7 8 12 11 -11 13 20 15 -12 17 -17 18 -9 -7 21 -6 23 -22 -25 27 -27 -1 29 -29
right_child=-2 -3 -4 -5 5 19 -8 9 -10 10 14 -13 -14 -15 -16 16 -18 -19 -20 -21 22 -23 -24 24 -26 26 -28 28 -30 -31
leaf_value=0.00040593576041863979 -0.0018624075555375647 0.0020354874680439633 0.0017779490322266753 -0.0028938180542197722 -0.00056810501862216637 -0.0049220442933880773 0.0042715652299906452 0.0074602550197694758 -0.010022527026012541 6.3278100320271082e-06 0.012338620806112886 -0.0051672464268731665 0.0051111980030934014 0.0063714667540890257 0.0044660429173911161 -0.0059411498135887092 0.0020774084553122521 -0.003404201995581389 -0.0015846741596056571 0.00072025573851230247 -0.0044556957359115279 0.004689220220527866 0.0012159840766495715 0.00064334995905928163 -0.0047147053577329808 0.0056936892868879327 -3.6896933184344679e-05 -0.0025572272908428442 -0.0015721823179900127 0.0089071504835938602
leaf_weight=491 28 30 38 29 37 23 37 37 20 35 20 29 30 22 22 32 25 20 31 24 33 22 24 47 23 52 2212 23 549 29
leaf_count=491 28 30 38 29 37 23 37 37 20 35 20 29 30 22 22 32 25 20 31 24 33 22 24 47 23 52 2212 23 549 29
internal_value=6.30512e-12 1.28886e-05 -2.22042e-06 -1.92256e-05 1.88439e-06 0.000433909 0.00064694 0.00038346 -0.000682317 0.00130479 0.00448373 5.59237e-05 0.000182518 0.000962941 0.00821489 0.000142337 -0.00242424 0.00180478 0.00333683 -0.00204087 -0.000612431 0.00139225 -0.00154374 -0.00218678 -0.00111715 -7.44537e-05 9.47243e-05 -0.000425204 -0.00110422 0.00383637
internal_weight=4074 4046 4016 3978 3949 593 546 509 236 273 77 196 216 167 42 145 57 88 68 47 186 59 127 103 70 3356 2264 1092 601 52
internal_count=4074 4046 4016 3978 3949 593 546 509 236 273 77 196 216 167 42 145 57 88 68 47 186 59 127 103 70 3356 2264 1092 601 52
is_linear=0
shrinkage=0.1


Tree=90
num_leaves=31
num_cat=0
split_feature=3 3 3 0 3 3 1 0 1 1 2 3 1 1 1 2 0 2 2 1 1 3 3 1 1 1 1 1 3 3
split_gain=0.0082197 0.0193717 0.0114771 0.105733 0.0368232 0.028718 0.0963827 0.0313597 0.0531218 0.101262 0.0362688 0.0285685 0.0179183 0.0816518 0.0694723 0.101673 0.121663 0.141677 0.0951967 0.0734825 0.105804 0.06791 0.0531965 0.0413866 0.0389707 0.0342786 0.0322317 0.154702 0.306207 0.0655302
threshold=0.74340000000000017 0.65990000000000015 0.49690000000000006 1.5000000000000002 0.48215000000000002 0.5051000000000001 6.1350000000000007 3.5000000000000004 3.2350000000000008 6.0000000000000009 0.16500000000000004 0.56305000000000016 6.3350000000000009 6.285000000000001 6.5750000000000011 0.14500000000000005 2.5000000000000004 0.13500000000000004 0.17500000000000002 6.4000000000000012 6.4850000000000012 0.30660000000000004 0.37085000000000007 6.455000000000001 6.3050000000000006 6.2550000000000008 6.955000000000001 6.8950000000000005 0.37425000000000003 0.34985000000000005
decision_type=2 2 2 2 2 2 2 2 2 2 2 2 2 2 2 2 2 2 2 2 2 2 2 2 2 2 2 2 2 2
left_child=1 2 4 -4 12 6 -5 10 11 -10 -7 -9 13 25 15 16 23 -18 19 22 -21 -22 -17 -14 -15 -1 27 29 -29 -16
right_child=-2 -3 3 5 -6 7 -8 8 9 -11 -12 -13 14 24 26 18 17 -19 -20 20 21 -23 -24 -25 -26 -27 -28 28 -30 -31
leaf_value=-7.5645599454459309e-05 0.0015258795874459404 -0.0020101747688992572 -0.0044826896266183924 5.0889478907698681e-05 -0.0035269364342093469 -0.0035294269007863479 0.0077089287215602355 -0.0030597246896762118 0.0090754679488864818 0.00082672015642342367 0.0013987716220851456 0.0011392869705031084 0.0048526729678823842 -0.0065283345363031211 -0.0014729218740172575 0.0055461356755007402 -0.002775916748513014 0.0057478728751168377 0.0061568128565947216 -0.0072080733583253969 0.0045070778368972242 -0.0036349795581329435 -0.0011352104564698845 0.010992877501184526 -0.001721293013057827 0.0038877566895363009 0.00056913160261485663 0.0010795402976717535 -0.014492655415897785 0.0016432159293190878
leaf_weight=2691 35 48 36 42 30 32 27 26 22 46 28 43 21 26 137 22 39 39 21 34 20 21 26 23 48 22 285 28 23 133
leaf_count=2691 35 48 36 42 30 32 27 26 22 46 28 43 21 26 137 22 39 39 21 34 20 21 26 23 48 22 285 28 23 133
internal_value=3.08683e-12 -1.32225e-05 1.07949e-05 0.000603482 -3.77254e-05 0.00129184 0.00304751 0.000676903 0.00151187 0.00349543 -0.0012296 -0.000442949 -9.11745e-06 -0.000132899 0.000386502 0.00173374 0.00385778 0.00148598 -6.57981e-05 -0.0011282 -0.00308357 0.000336756 0.00192707 0.00806233 -0.00341025 -4.3506e-05 -0.000204858 -0.000892045 -0.00594321 6.20645e-05
internal_weight=4074 4039 3991 302 3689 266 69 197 137 68 60 69 3659 2787 872 266 122 78 144 123 75 41 48 44 74 2713 606 321 51 270
internal_count=4074 4039 3991 302 3689 266 69 197 137 68 60 69 3659 2787 872 266 122 78 144 123 75 41 48 44 74 2713 606 321 51 270
is_linear=0
shrinkage=0.1


Tree=91
num_leaves=31
num_cat=0
split_feature=3 3 2 2 3 3 1 3 3 1 1 0 1 2 0 0 1 2 1 3 3 2 1 3 1 0 1 3 3 3
split_gain=0.00942897 0.0113493 0.0096863 0.0194995 0.0134498 0.0235479 0.0167126 0.013348 0.0137842 0.0583891 0.168632 0.0651515 0.0445896 0.0296849 0.149063 0.114778 0.0672802 0.0597855 0.0533098 0.0568857 0.0472938 0.0542163 0.0279535 0.0232891 0.0171113 0.094419 0.0746127 0.155185 0.122235 0.120659
threshold=0.76390000000000013 0.68725000000000014 1.1850000000000003 0.23500000000000001 0.60555000000000014 0.57980000000000009 5.8250000000000011 0.56305000000000016 0.45415000000000005 6.9150000000000009 6.5550000000000006 2.5000000000000004 1.4400000000000002 0.17500000000000002 4.5000000000000009 4.5000000000000009 4.1250000000000009 0.16500000000000004 5.6350000000000007 0.49690000000000006 0.47839999999999999 0.12500000000000003 6.1650000000000009 0.44985000000000003 7.1350000000000007 5.5000000000000009 6.8950000000000005 0.37425000000000003 0.41360000000000002 0.32025000000000003
decision_type=2 2 2 2 2 2 2 2 2 2 2 2 2 2 2 2 2 2 2 2 2 2 2 2 2 2 2 2 2 2
left_child=1 2 3 4 5 7 -6 8 12 10 13 -11 -1 15 16 17 -15 18 -10 22 -17 -22 -20 24 26 -26 -14 29 -29 -28
right_child=-2 -3 -4 -5 6 -7 -8 -9 9 11 -12 -13 23 14 -16 20 -18 -19 19 -21 21 -23 -24 -25 25 -27 27 28 -30 -31
leaf_value=0.0043390635441502802 -0.001828754773097379 0.0019504481926560402 0.00158717617343523 -0.0026005897414067697 6.7226905375719072e-06 0.002603966167994908 -0.0038715963065624236 -0.0022172414326902339 -0.0014442696405405349 -0.00036645600106567145 -0.0069028081432465586 0.0072252503273865362 3.4569260622474418e-06 -0.00031265618911545195 0.0045571012254667417 0.0018499356657266618 -0.0071849699292717319 0.0064677584247711381 0.0038887099565371227 0.0073812842640715347 9.0774002930392388e-05 -0.0065162255670185437 -0.00098991783840271324 -0.0027224643776814147 0.0020937812055513683 -0.0048823349744729376 -0.0038055715471273289 -0.010957705389176097 -0.0021480799600895909 0.0038878334170960368
leaf_weight=23 28 30 38 29 25 35 20 27 33 20 31 26 3106 28 34 25 29 39 23 24 23 27 24 33 124 23 36 28 36 47
leaf_count=23 28 30 38 29 25 35 20 27 33 20 31 26 3106 28 34 25 29 39 23 24 23 27 24 33 124 23 36 28 36 47
internal_value=1.47109e-12 1.26557e-05 -1.8198e-06 -1.69987e-05 1.9742e-06 2.17879e-05 -0.00171697 -1.57117e-06 1.39997e-05 0.000580767 0.000128379 0.00392451 -4.93025e-05 0.000833773 -0.000683264 0.00146703 -0.0038091 0.00312877 0.00187666 0.00342018 -0.00170136 -0.00347701 0.0013975 -7.87032e-05 -5.30431e-05 0.00100228 -0.000100732 -0.00230217 -0.00600229 0.000550935
internal_weight=4074 4046 4016 3978 3949 3904 45 3869 3842 386 340 46 3456 309 91 218 57 143 104 71 75 50 47 3433 3400 147 3253 147 64 83
internal_count=4074 4046 4016 3978 3949 3904 45 3869 3842 386 340 46 3456 309 91 218 57 143 104 71 75 50 47 3433 3400 147 3253 147 64 83
is_linear=0
shrinkage=0.1


Tree=92
num_leaves=31
num_cat=0
split_feature=3 3 2 0 3 0 2 0 3 3 0 3 0 0 1 3 0 3 1 0 3 1 2 2 2 0 1 3 1 1
split_gain=0.00911025 0.0891477 0.118897 0.0911333 0.0856667 0.0662927 0.131927 0.109746 0.05175 0.033144 0.145985 0.129167 0.123388 0.104701 0.0911982 0.028625 0.144139 0.105932 0.0760507 0.0550295 0.132298 0.256005 0.215686 0.131079 0.0974523 0.0976215 0.347727 0.355394 0.284773 0.147863
threshold=0.39110000000000006 0.38755000000000001 0.17500000000000002 3.5000000000000004 0.39845000000000003 4.5000000000000009 0.17500000000000002 2.5000000000000004 0.39405000000000007 0.38235000000000002 4.5000000000000009 0.37669999999999998 2.5000000000000004 2.5000000000000004 6.2550000000000008 0.40225000000000005 2.5000000000000004 0.40445000000000003 4.7750000000000012 3.5000000000000004 0.41360000000000002 3.4950000000000006 0.15500000000000003 0.19500000000000003 0.12500000000000003 2.5000000000000004 4.3250000000000011 0.45475000000000004 4.1350000000000007 4.7950000000000008
decision_type=2 2 2 2 2 2 2 2 2 2 2 2 2 2 2 2 2 2 2 2 2 2 2 2 2 2 2 2 2 2
left_child=1 9 3 -3 5 6 7 -2 -7 11 12 -1 -11 -13 -15 16 -6 -17 -18 20 22 -22 -19 24 -23 28 -27 -28 -26 -30
right_child=4 2 -4 -5 15 8 -8 -9 -10 10 -12 13 -14 14 -16 17 18 19 -20 -21 21 23 -24 -25 25 26 27 -29 29 -31
leaf_value=4.6055694932284344e-05 -0.0023983874388279454 0.00348924282938242 -0.0098559076942148667 -0.0044641965356491068 0.0045639654099941251 -0.0042986340913921594 0.010717131391815517 0.0058284153696149593 0.0028951121494174004 0.0031124964638641391 0.0070842137971125988 0.0012676624844417624 -0.0058282950379211331 -0.0032542155057724031 -0.012095590437820648 0.0062758152407628512 0.00056123666930943731 -0.00026303693918245177 -0.0069911167025566105 0.00060100655493467694 0.010824903575703503 -0.0064374288272423044 -0.012571319254736105 -0.0068046496905894444 -0.012223690222682698 0.013764546676115555 -0.0057535541842558555 0.005077461451009819 0.0077410419831391089 -0.00089629879296990113
leaf_weight=2477 31 25 21 34 25 20 23 34 20 33 34 23 29 28 20 27 20 35 40 587 20 24 24 33 21 22 56 66 22 200
leaf_count=2477 31 25 21 34 25 20 23 34 20 33 34 23 29 28 20 27 20 35 40 587 20 24 24 33 21 22 56 66 22 200
internal_value=7.93051e-12 -0.000105273 -0.00339407 -0.0010941 0.000212418 0.00267375 0.00420807 0.00190486 -0.000701761 -5.76345e-06 0.00181828 -7.44873e-05 -0.00106949 -0.00427991 -0.00693812 -4.53972e-05 -0.00181554 8.69352e-05 -0.00447367 -6.36051e-05 -0.000809546 -0.000242402 -0.0052698 -0.000740929 -0.000254061 0.000129403 0.00219259 0.000105848 -0.00109323 -4.03461e-05
internal_weight=4074 2724 80 59 1350 128 88 65 40 2644 96 2548 62 71 48 1222 85 1137 60 1110 523 464 59 444 411 387 144 122 243 222
internal_count=4074 2724 80 59 1350 128 88 65 40 2644 96 2548 62 71 48 1222 85 1137 60 1110 523 464 59 444 411 387 144 122 243 222
is_linear=0
shrinkage=0.1


Tree=93
num_leaves=31
num_cat=0
split_feature=3 1 1 2 2 1 2 3 1 3 3 3 3 3 1 2 1 1 3 1 1 0 3 3 3 1 1 2 0 1
split_gain=0.0082646 0.00973791 0.0762913 0.0616113 0.0750196 0.0552894 0.0542721 0.141454 0.0639853 0.055899 0.0476514 0.360772 0.164138 0.127856 0.129059 0.198199 0.0886165 0.180595 0.0821572 0.113868 0.113462 0.271754 0.177204 0.0722644 0.100605 0.23658 0.207174 0.126905 0.102286 0.0729649
threshold=0.76390000000000013 5.0050000000000008 5.2150000000000007 0.17500000000000002 0.18500000000000003 5.245000000000001 0.15500000000000003 0.35935000000000006 5.1050000000000013 0.36580000000000007 0.34395000000000003 0.34645000000000004 0.34240000000000009 0.35025000000000001 4.8550000000000013 0.16500000000000004 4.6350000000000007 4.7350000000000012 0.32840000000000003 4.8750000000000009 4.9150000000000009 4.5000000000000009 0.22334999999999997 0.34095000000000003 0.29830000000000007 4.0950000000000006 4.4900000000000011 0.15500000000000003 3.5000000000000004 4.2550000000000008
decision_type=2 2 2 2 2 2 2 2 2 2 2 2 2 2 2 2 2 2 2 2 2 2 2 2 2 2 2 2 2 2
left_child=1 10 3 6 -5 -4 7 -3 9 -8 12 -12 16 -13 -15 -16 23 -18 19 -19 -21 22 -22 24 26 -26 27 -1 -27 -29
right_child=-2 2 5 4 -6 -7 8 -9 -10 -11 11 13 -14 14 15 -17 17 18 -20 20 21 -23 -24 -25 25 28 -28 29 -30 -31
leaf_value=-0.0066170242968304404 -0.0017121202046317713 0.0059323340088927321 -0.0052528300881385806 -0.0046915296390652658 0.0027835419337297312 2.8880534003462903e-05 -0.0010980651483987458 -0.0043109330357625512 0.0088095144529281005 0.0063784959563054147 -0.013045191408499426 0.0056563204702209033 0.0080483555931735919 -0.00015488778757113782 0.00062528813353062351 -0.0087625751271843914 0.0087314079416859324 -0.0059452101836601897 0.0052410675957798962 0.0074110526020045994 0.00082642424174330449 0.0077087714103981856 -0.011865894191644411 -0.0056422502541234008 -0.0010502313515423117 0.0088456894043419092 -0.0076014040442912477 -0.00061291266484235865 0.0017995798721370335 0.0033456731812968373
leaf_weight=29 28 28 20 25 29 2196 20 26 29 20 23 34 27 715 44 46 33 30 30 22 22 24 22 26 148 45 46 187 38 62
leaf_count=29 28 28 20 25 29 2196 20 26 29 20 23 34 27 715 44 46 33 30 30 22 22 24 22 26 148 45 46 187 38 62
internal_value=-1.37414e-11 1.18486e-05 0.000140788 0.00213864 -0.000677139 -1.87883e-05 0.00337484 0.00100039 0.00523311 0.00264022 -0.000174813 -0.000689136 0.000385675 -0.000350412 -0.000604112 -0.00417295 0.000114874 0.00203387 0.000560407 -0.000609758 0.00116873 -0.00085085 -0.00551973 -0.000489559 -0.000248172 0.00134635 -0.001385 -0.000356391 0.00561976 0.000372759
internal_weight=4074 4046 2393 177 54 2216 123 54 69 40 1653 862 791 839 805 90 764 183 150 120 90 68 44 581 555 231 324 278 83 249
internal_count=4074 4046 2393 177 54 2216 123 54 69 40 1653 862 791 839 805 90 764 183 150 120 90 68 44 581 555 231 324 278 83 249
is_linear=0
shrinkage=0.1


Tree=94
num_leaves=31
num_cat=0
split_feature=3 3 2 0 3 0 2 0 3 3 3 1 3 3 1 0 2 1 3 3 3 3 2 1 3 1 0 1 1 1
split_gain=0.00887092 0.0714919 0.0961241 0.0738206 0.0696032 0.0539307 0.109296 0.0888986 0.0421253 0.0271727 0.139883 0.0890454 0.143986 0.0545517 0.035299 0.0255595 0.149648 0.173384 0.105897 0.109786 0.0839641 0.0863539 0.0915988 0.0926937 0.0873612 0.0690772 0.0550605 0.174833 0.446515 0.274037
threshold=0.39110000000000006 0.38755000000000001 0.17500000000000002 3.5000000000000004 0.39845000000000003 4.5000000000000009 0.17500000000000002 2.5000000000000004 0.39405000000000007 0.38025000000000003 0.37669999999999998 6.3150000000000004 0.38314999999999999 0.3786000000000001 4.9450000000000012 1.5000000000000002 0.14500000000000005 4.2150000000000007 0.43090000000000006 0.48040000000000005 0.76390000000000013 0.40225000000000005 0.14500000000000005 5.2650000000000006 0.40445000000000003 6.8250000000000011 3.5000000000000004 4.2550000000000008 3.8050000000000002 4.6350000000000007
decision_type=2 2 2 2 2 2 2 2 2 2 2 2 2 2 2 2 2 2 2 2 2 2 2 2 2 2 2 2 2 2
left_child=1 9 3 -3 5 6 7 -2 -7 10 -1 12 -11 -12 -14 16 25 -18 -19 -20 21 22 -17 -24 -23 -6 27 28 -26 -29
right_child=4 2 -4 -5 15 8 -8 -9 -10 11 13 -13 14 -15 -16 20 17 18 19 -21 -22 24 23 -25 26 -27 -28 29 -30 -31
leaf_value=3.1146291925868634e-05 -0.0021572871133685111 0.0031440460830926896 -0.0088592033567173149 -0.0040141789023490516 -0.0060127676690599936 -0.0038615511264652016 0.0097366091349850529 0.0052470096852630377 0.0026288462523370981 0.010581332445144654 -0.0083574084708323854 -0.002315003308467567 -0.0016410993545183114 -0.0021462296135723591 0.0037116339525461875 -0.0091396721079945575 -0.0047801592103813009 0.009592866973252968 -0.00064391680345756981 0.0075681640249159604 -0.0061883939187163898 0.006013752929866314 -0.0052682171608986602 0.0029437170672247672 -0.0051758269509000164 0.0009943002757305901 0.00062754904157931413 -0.012522405191608098 0.011196994528290816 -0.0011308185537814979
leaf_weight=2477 31 25 21 34 34 20 23 34 20 21 26 39 28 31 22 20 23 32 41 27 23 25 28 27 31 24 570 23 36 258
leaf_count=2477 31 25 21 34 34 20 23 34 20 21 26 39 28 31 22 20 23 32 41 27 23 25 28 27 31 24 570 23 36 258
internal_value=6.78165e-12 -0.000103881 -0.00304905 -0.000981033 0.000209609 0.00242821 0.0038121 0.00171573 -0.000616352 -1.47687e-05 -8.15613e-05 0.00152389 0.00363258 -0.0049794 0.000714103 -2.27805e-05 0.00107402 0.00304852 0.00484912 0.00261676 -0.000213482 -7.84889e-05 -0.00334431 -0.0012369 0.000181253 -0.00311329 2.24157e-05 -0.000968751 0.00362151 -0.00206323
internal_weight=4074 2724 80 59 1350 128 88 65 40 2644 2534 110 71 57 50 1222 181 123 100 68 1041 1018 75 55 943 58 918 348 67 281
internal_count=4074 2724 80 59 1350 128 88 65 40 2644 2534 110 71 57 50 1222 181 123 100 68 1041 1018 75 55 943 58 918 348 67 281
is_linear=0
shrinkage=0.1


Tree=95
num_leaves=31
num_cat=0
split_feature=3 3 0 2 1 1 2 3 3 3 0 1 1 1 1 1 1 1 1 1 3 1 3 3 3 1 3 3 1 1
split_gain=0.0129955 0.0160975 0.00932108 0.00863839 0.0274309 0.0460266 0.0234721 0.0931288 0.261262 0.101519 0.0851567 0.148905 0.195001 0.222533 0.148001 0.119407 0.0865527 0.0774202 0.128378 0.0459518 0.035839 0.061285 0.0343306 0.0991803 0.0395174 0.0647993 0.0244509 0.0209506 0.0184579 0.121928
threshold=0.74340000000000017 0.65990000000000015 4.5000000000000009 0.18500000000000003 6.3150000000000004 5.7650000000000006 0.19500000000000003 0.34739999999999999 0.33644999999999997 0.45415000000000005 4.5000000000000009 4.9250000000000007 4.5150000000000006 4.0850000000000009 4.5700000000000012 4.0050000000000008 4.7750000000000012 3.3850000000000002 2.6000000000000001 4.2250000000000005 0.40694999999999998 2.6000000000000001 0.12130000000000001 0.26385000000000008 0.29485 3.9100000000000006 0.34134999999999999 0.39150000000000001 4.9250000000000007 4.955000000000001
decision_type=2 2 2 2 2 2 2 2 2 2 2 2 2 2 2 2 2 2 2 2 2 2 2 2 2 2 2 2 2 2
left_child=1 3 -3 28 5 6 7 8 22 19 11 12 13 15 20 17 -14 18 -8 27 21 -12 -5 -24 -25 -26 -23 -9 -1 -30
right_child=-2 2 -4 4 -6 -7 10 9 -10 -11 14 -13 16 -15 -16 -17 -18 -19 -20 -21 -22 26 23 24 25 -27 -28 -29 29 -31
leaf_value=-0.00041659340545959259 0.0019186171463557652 -0.000384164702795122 -0.0031736226975917822 0.004459747695364058 0.0035219329283930935 -0.0045128313917666679 -0.0051303677544321706 0.0051145189308694433 -0.010845737372125899 -0.0024870954777883448 0.0022594112902879714 -0.0086351571461329088 0.0092472858645993739 -0.010890903545973394 0.0084526928007387769 0.0062243661266707245 0.00082581814091939201 -0.0074426826998768821 0.0058243399858474735 0.0075781137731514474 0.0023781508450735024 -0.0058545593172311785 -0.0056814162399281163 0.0047005601557752776 -0.0023342856114093018 0.0039424200478041993 -0.0011350174900144339 0.00074583073349102687 0.005030769771155047 -1.0736886141659983e-05
leaf_weight=1010 35 23 25 25 26 20 23 21 21 23 30 26 23 26 26 21 26 21 20 38 44 23 22 31 38 29 21 23 49 2285
leaf_count=1010 35 23 25 25 26 20 23 21 21 23 30 26 23 26 26 21 26 21 20 38 44 23 22 31 38 29 21 23 49 2285
internal_value=1.50587e-11 -1.66258e-05 -0.00183701 5.26806e-06 0.000339738 0.000206506 0.000363555 0.00105318 -0.000421164 0.00338404 -0.000202771 -0.00161621 -0.000475631 -0.00279513 0.00162292 -0.00031878 0.00477875 -0.00246575 -3.51549e-05 0.00503082 0.000118057 -0.00122578 0.0010886 0.000386279 0.00174842 0.000382497 -0.00360205 0.00283089 -5.94454e-05 9.51045e-05
internal_weight=4074 4039 48 3991 647 621 601 271 166 105 330 186 160 111 144 85 49 64 43 82 118 74 145 120 98 67 44 44 3344 2334
internal_count=4074 4039 48 3991 647 621 601 271 166 105 330 186 160 111 144 85 49 64 43 82 118 74 145 120 98 67 44 44 3344 2334
is_linear=0
shrinkage=0.1


Tree=96
num_leaves=31
num_cat=0
split_feature=3 3 0 3 3 2 1 3 0 2 1 3 0 3 3 1 3 0 3 1 2 1 3 2 1 3 3 1 0 1
split_gain=0.0105263 0.013039 0.00755008 0.00724934 0.0580681 0.0856782 0.133517 0.0561647 0.0444117 0.0888076 0.0806568 0.0351981 0.024918 0.0836111 0.170779 0.147078 0.133506 0.10047 0.142176 0.0887603 0.0834871 0.126723 0.0792338 0.0697413 0.0619012 0.0594652 0.157974 0.170781 0.158467 0.152148
threshold=0.74340000000000017 0.65990000000000015 4.5000000000000009 0.39110000000000006 0.38755000000000001 0.15500000000000003 4.0650000000000004 0.39845000000000003 4.5000000000000009 0.17500000000000002 5.6350000000000007 0.39405000000000007 3.5000000000000004 0.40525 0.41150000000000003 4.5050000000000008 0.4169000000000001 4.5000000000000009 0.46925000000000006 6.205000000000001 0.16500000000000004 6.035000000000001 0.5051000000000001 0.19500000000000003 5.8850000000000007 0.40525 0.41360000000000002 4.7950000000000008 1.5000000000000002 6.3850000000000007
decision_type=2 2 2 2 2 2 2 2 2 2 2 2 2 2 2 2 2 2 2 2 2 2 2 2 2 2 2 2 2 2
left_child=1 3 -3 4 -1 -6 -7 8 9 10 -5 -10 23 15 -15 -14 19 18 20 -16 21 -18 -20 25 -17 -9 29 28 -28 -27
right_child=-2 2 -4 7 5 6 -8 12 11 -11 -12 -13 13 14 16 24 17 -19 22 -21 -22 -23 -24 -25 -26 26 27 -29 -30 -31
leaf_value=-6.8632954354836766e-06 0.0017267554838742529 -0.00034574848275793638 -0.0028562606722116472 -0.0030495590995997194 0.0013729261775170603 -0.00082382012624293566 -0.011372013957727523 0.0031332717021708661 -0.0035407788772135978 0.0087847207106001995 0.0042497118616266543 0.002392016537487507 0.0034262650273740296 0.0073197840810998492 -0.0091977968973957977 -0.0096198417323951919 -0.001951388370556136 -0.00011446628053935486 -0.0044933370480846084 -8.8922372087836264e-05 0.0096939905937743435 0.0084359990756796756 0.0031729739710079649 -0.0043279489248313685 -0.0023599681363481542 -0.010924709643478747 -0.0038130431179888551 -0.0009764042579216691 0.0063130254884633946 0.00027837807481939143
leaf_weight=2644 35 23 25 24 31 28 21 49 20 23 41 20 25 38 23 24 24 310 28 20 33 23 26 44 23 27 20 312 68 22
leaf_count=2644 35 23 25 24 31 28 21 49 20 23 41 20 25 38 23 24 24 310 28 20 33 23 26 44 23 27 20 312 68 22
internal_value=7.84299e-12 -1.49632e-05 -0.00165331 4.74125e-06 -8.71751e-05 -0.00274148 -0.00534447 0.000202358 0.00218845 0.00344429 0.0015546 -0.000574381 -2.08382e-05 0.000424826 0.000863085 -0.00277082 0.000359277 0.00087454 0.00316254 -0.00496111 0.0058387 0.0031318 -0.00080215 -0.000511726 -0.00606714 -0.00017455 -0.000535537 0.000120967 0.00401165 -0.00589475
internal_weight=4074 4039 48 3991 2724 80 49 1267 128 88 65 40 1139 597 525 72 487 444 134 43 80 47 54 542 47 498 449 400 88 49
internal_count=4074 4039 48 3991 2724 80 49 1267 128 88 65 40 1139 597 525 72 487 444 134 43 80 47 54 542 47 498 449 400 88 49
is_linear=0
shrinkage=0.1


Tree=97
num_leaves=31
num_cat=0
split_feature=3 3 3 0 3 0 1 1 1 2 3 1 3 3 3 1 1 0 2 1 3 2 3 1 0 3 2 0 0 1
split_gain=0.00852633 0.0105616 0.00745039 0.0678102 0.045197 0.0250619 0.0579268 0.193529 0.0599954 0.0348296 0.0432872 0.0211591 0.0313613 0.0159674 0.0146589 0.0137296 0.0700814 0.16273 0.150734 0.0543082 0.128467 0.0747199 0.1546 0.203878 0.0820501 0.0742509 0.0922284 0.130011 0.172508 0.0867062
threshold=0.74340000000000017 0.65990000000000015 0.49235000000000001 1.5000000000000002 0.48215000000000002 5.5000000000000009 6.5550000000000006 6.1350000000000007 4.9150000000000009 0.13500000000000004 0.5495000000000001 3.6450000000000005 0.5495000000000001 0.51480000000000015 0.5495000000000001 6.3350000000000009 6.245000000000001 4.5000000000000009 0.15500000000000003 6.4000000000000012 0.31285000000000002 0.16500000000000004 0.22334999999999997 7.0050000000000008 2.5000000000000004 0.27430000000000004 0.14500000000000005 2.5000000000000004 5.5000000000000009 6.6450000000000005
decision_type=2 2 2 2 2 2 2 2 2 2 2 2 2 2 2 2 2 2 2 2 2 2 2 2 2 2 2 2 2 2
left_child=1 2 4 -4 15 6 7 8 11 -7 -11 12 -5 -10 -8 16 -1 18 -18 20 -17 22 23 -21 -23 -24 29 -28 -29 -27
right_child=-2 -3 3 5 -6 9 14 -9 13 10 -12 -13 -14 -15 -16 19 17 -19 -20 21 -22 24 25 -25 -26 26 27 28 -30 -31
leaf_value=-1.9021452445199924e-05 0.0015540799392121179 -0.0014879760754411111 -0.0034835661834988155 -0.0013732520490884782 -0.0046614205730812893 0.0019161467129985494 0.00019440719292366081 0.0095253304287325601 -0.003947152722288262 -0.005317381979978603 0.00075359964588036143 0.0054281558655202393 0.0041597981715486166 -0.00028665822644073229 -0.0033006915578707345 0.007875324749658184 -0.0089476039934345674 0.0039916401271949771 3.7463749500106628e-05 -0.0098134162344944639 0.00019163091041862149 0.007367548231767225 0.0050919450214132675 0.00099784006421087365 0.00027233043637795329 0.0039569129387231226 -0.004684276025304023 0.0021503002003154105 -0.0059908916187636999 0.00018733249221719345
leaf_weight=2684 35 48 38 20 21 36 28 32 22 23 24 20 21 26 21 31 43 27 33 37 73 28 30 33 39 77 85 111 34 294
leaf_count=2684 35 48 38 20 21 36 28 32 22 23 24 20 21 26 21 31 43 27 33 37 73 28 30 33 39 77 85 111 34 294
internal_value=-7.89085e-12 -1.34669e-05 4.26711e-06 0.000474261 -3.54525e-05 0.00102517 0.00165844 0.00268776 0.000680398 -0.000424483 -0.00221731 0.00276154 0.00146075 -0.00196438 -0.00130349 -8.9028e-06 -0.000117255 -0.00267705 -0.00504619 0.000337402 0.00248196 4.69928e-05 -0.000257948 -0.00471668 0.0032375 0.000236681 -5.67788e-06 -0.001579 0.000241331 0.000969698
internal_weight=4074 4039 3991 311 3680 273 190 141 109 83 47 61 41 48 49 3659 2787 103 76 872 104 768 701 70 67 631 601 230 145 371
internal_count=4074 4039 3991 311 3680 273 190 141 109 83 47 61 41 48 49 3659 2787 103 76 872 104 768 701 70 67 631 601 230 145 371
is_linear=0
shrinkage=0.1


Tree=98
num_leaves=31
num_cat=0
split_feature=2 1 0 1 1 2 3 0 0 1 1 1 1 1 1 2 0 1 3 1 1 1 0 3 1 3 3 1 0 3
split_gain=0.00780332 0.0540337 0.110006 0.0790214 0.0562965 0.115408 0.22808 0.0770656 0.0596498 0.0558413 0.0509329 0.109079 0.102434 0.106285 0.0810216 0.0691888 0.112304 0.358129 0.0687153 0.162905 0.0545135 0.0608029 0.0966866 0.135337 0.299191 0.187486 0.179388 0.157861 0.151776 0.0595698
threshold=0.16500000000000004 6.4000000000000012 2.5000000000000004 6.6750000000000007 5.6550000000000011 0.17500000000000002 0.34645000000000004 3.5000000000000004 3.5000000000000004 6.0850000000000009 4.4350000000000014 4.5700000000000012 4.1050000000000013 4.0450000000000008 3.7500000000000004 0.14500000000000005 2.5000000000000004 4.2550000000000008 0.33255000000000007 4.4900000000000011 4.6550000000000011 5.3350000000000009 4.5000000000000009 0.34395000000000003 4.9250000000000007 0.38640000000000002 0.27005000000000007 4.9750000000000005 3.5000000000000004 0.36315000000000003
decision_type=2 2 2 2 2 2 2 2 2 2 2 2 2 2 2 2 2 2 2 2 2 2 2 2 2 2 2 2 2 2
left_child=10 4 -3 -4 -2 6 -6 9 -7 -8 12 18 13 14 -1 -14 -17 -18 -12 -20 -13 22 23 26 -25 -26 27 -22 -28 -24
right_child=1 2 3 -5 5 8 7 -9 -10 -11 11 20 15 -15 -16 16 17 -19 19 -21 21 -23 29 24 25 -27 28 -29 -30 -31
leaf_value=0.00033764562149550406 -6.652139537298718e-05 0.0066181325825995637 0.0035056931865883284 -0.0035530833806842565 -0.011364372256636368 0.0035648979204283521 0.0050165071759534921 -0.0041771460956494724 -0.0015075976404418448 -0.0018110340051352978 -0.00012373770105427709 -0.0040944972300591574 -0.0085815609115260563 0.0060281144787690472 -0.0066232518479228024 -0.00706282134257978 -0.009243236609141935 0.0074394293910553383 0.0014483133203942668 0.012557435578624297 -0.0078080731952054937 -3.0904368360743154e-05 0.0021510074077666086 -0.011310062053854819 -0.0059774832508992411 0.0050102149475027219 0.0023656094717162271 0.0036034063677544952 0.013226048202804206 0.0074223217141277725
leaf_weight=102 1438 35 29 35 30 44 23 49 49 25 29 30 22 28 20 31 22 31 33 22 22 1661 53 27 24 44 31 27 22 36
leaf_count=102 1438 35 29 35 30 44 23 49 49 25 29 30 22 28 20 31 22 31 33 22 22 1661 53 27 24 44 31 27 22 36
internal_value=6.61435e-12 -0.00015893 0.00211052 -0.000354575 -0.00029444 -0.0017842 -0.00374415 -0.00138738 0.000892293 0.0014605 0.000120518 0.000285759 -0.0012098 0.000471747 -0.000803485 -0.00358935 -0.00228186 0.000514549 0.00381511 0.00589196 0.000135801 0.000200983 0.00154771 0.000311876 -0.00240402 0.0011322 0.00284139 -0.00152012 0.00687372 0.00428322
internal_weight=4074 1757 99 64 1658 220 127 97 93 48 2317 2061 256 150 122 106 84 53 84 55 1977 1947 286 197 95 68 102 49 53 89
internal_count=4074 1757 99 64 1658 220 127 97 93 48 2317 2061 256 150 122 106 84 53 84 55 1977 1947 286 197 95 68 102 49 53 89
is_linear=0
shrinkage=0.1


Tree=99
num_leaves=31
num_cat=0
split_feature=3 3 1 2 1 3 1 1 1 1 1 1 0 0 3 3 3 3 1 0 0 1 3 0 1 3 0 3 3 3
split_gain=0.00925751 0.0154337 0.0329576 0.00887056 0.00948207 0.00980461 0.0602603 0.0934451 0.0847671 0.0392851 0.0951301 0.0663342 0.196353 0.0737 0.193154 0.123675 0.112602 0.115463 0.0312034 0.0874081 0.0712613 0.0229661 0.0227439 0.0464041 0.0802816 0.139512 0.0702604 0.0239196 0.0396165 0.0296129
threshold=0.76390000000000013 0.62285000000000013 5.8250000000000011 1.0000000180025095e-35 1.0000000180025095e-35 0.45415000000000005 4.7950000000000008 5.0650000000000004 4.4750000000000005 6.9150000000000009 7.2650000000000006 6.3650000000000011 2.5000000000000004 2.5000000000000004 0.46345000000000008 0.48215000000000002 0.49690000000000006 0.5495000000000001 3.4950000000000006 3.5000000000000004 4.5000000000000009 6.5850000000000009 0.43390000000000001 4.5000000000000009 6.2350000000000012 0.44369999999999993 5.5000000000000009 0.42910000000000004 0.42560000000000003 0.4169000000000001
decision_type=2 2 2 2 2 2 2 2 2 2 2 2 2 2 2 2 2 2 2 2 2 2 2 2 2 2 2 2 2 2
left_child=1 3 -3 -1 -5 22 8 -8 18 11 -11 13 -13 15 -15 -9 -16 -18 20 -20 -7 -14 27 24 25 -24 -25 28 29 -6
right_child=-2 2 -4 4 5 6 7 9 -10 10 -12 12 21 14 16 -17 17 -19 19 -21 -22 -23 23 26 -26 -27 -28 -29 -30 -31
leaf_value=-0.0014092267966932721 -0.0018120509971465385 0.0039871808669219421 -0.00042150788462887975 0.0021746387705206872 -4.6561350071278962e-05 0.0067226825039023944 -0.0051254433872444296 -0.0022479947975149288 0.0077140062271306917 0.0058116933985336407 -0.0020813011969249393 -0.011222352469339968 -0.0014554147244147633 0.006298598436017832 -0.0076132905979951222 0.0075125142055399276 0.0031352295126352045 -0.0063412837497889996 -0.0053088479802351103 0.0038254277384839955 -0.0012381383979862388 0.003118591702410153 -0.007389475315596492 -0.0075009881798177962 0.0038529495415943007 0.0014304423863266379 0.00015748058162305667 0.0024215554329566659 -0.0031276474476837346 0.0019510559682538243
leaf_weight=45 28 30 39 20 3149 23 35 21 24 37 26 20 23 30 33 34 36 20 22 20 22 21 29 25 35 47 23 40 41 76
leaf_count=45 28 30 39 20 3149 23 35 21 24 37 26 20 23 30 33 34 36 20 22 20 22 21 29 25 35 47 23 40 41 76
internal_value=-6.51068e-12 1.25401e-05 0.00149531 -1.31856e-05 2.79145e-06 -8.31206e-06 0.000432459 -0.000234891 0.00245255 0.000333778 0.00255427 -0.000253998 -0.00300674 0.000758503 -0.000640656 0.00378577 -0.00297973 -0.00024924 0.00100111 -0.000959193 0.00283073 0.000727634 -6.51735e-05 -0.00123342 -0.000110007 -0.00193505 -0.00383131 -8.98753e-06 -3.87554e-05 5.14283e-07
internal_weight=4074 4046 69 3977 3932 3912 447 336 111 301 63 238 64 174 119 55 89 56 87 42 45 44 3465 159 111 76 48 3306 3266 3225
internal_count=4074 4046 69 3977 3932 3912 447 336 111 301 63 238 64 174 119 55 89 56 87 42 45 44 3465 159 111 76 48 3306 3266 3225
is_linear=0
shrinkage=0.1


end of trees

feature_importances:
勝率=1133
モーター=1074
平均ST=407
枠番=386

parameters:
[boosting: gbdt]
[objective: regression]
[metric: l2]
[tree_learner: serial]
[device_type: cpu]
[data_sample_strategy: bagging]
[data: ]
[valid: ]
[num_iterations: 100]
[learning_rate: 0.1]
[num_leaves: 31]
[num_threads: 1]
[seed: 0]
[deterministic: 0]
[force_col_wise: 0]
[force_row_wise: 0]
[histogram_pool_size: -1]
[max_depth: -1]
[min_data_in_leaf: 20]
[min_sum_hessian_in_leaf: 0.001]
[bagging_fraction: 1]
[pos_bagging_fraction: 1]
[neg_bagging_fraction: 1]
[bagging_freq: 0]
[bagging_seed: 3]
[bagging_by_query: 0]
[feature_fraction: 1]
[feature_fraction_bynode: 1]
[feature_fraction_seed: 2]
[extra_trees: 0]
[extra_seed: 6]
[early_stopping_round: 0]
[early_stopping_min_delta: 0]
[first_metric_only: 0]
[max_delta_step: 0]
[lambda_l1: 0]
[lambda_l2: 0]
[linear_lambda: 0]
[min_gain_to_split: 0]
[drop_rate: 0.1]
[max_drop: 50]
[skip_drop: 0.5]
[xgboost_dart_mode: 0]
[uniform_drop: 0]
[drop_seed: 4]
[top_rate: 0.2]
[other_rate: 0.1]
[min_data_per_group: 100]
[max_cat_threshold: 32]
[cat_l2: 10]
[cat_smooth: 10]
[max_cat_to_onehot: 4]
[top_k: 20]
[monotone_constraints: ]
[monotone_constraints_method: basic]
[monotone_penalty: 0]
[feature_contri: ]
[forcedsplits_filename: ]
[refit_decay_rate: 0.9]
[cegb_tradeoff: 1]
[cegb_penalty_split: 0]
[cegb_penalty_feature_lazy: ]
[cegb_penalty_feature_coupled: ]
[path_smooth: 0]
[interaction_constraints: ]
[verbosity: 1]
[saved_feature_importance_type: 0]
[use_quantized_grad: 0]
[num_grad_quant_bins: 4]
[quant_train_renew_leaf: 0]
[stochastic_rounding: 1]
[linear_tree: 0]
[max_bin: 255]
[max_bin_by_feature: ]
[min_data_in_bin: 3]
[bin_construct_sample_cnt: 200000]
[data_random_seed: 1]
[is_enable_sparse: 1]
[enable_bundle: 1]
[use_missing: 1]
[zero_as_missing: 0]
[feature_pre_filter: 1]
[pre_partition: 0]
[two_round: 0]
[header: 0]
[label_column: ]
[weight_column: ]
[group_column: ]
[ignore_column: ]
[categorical_feature: ]
[forcedbins_filename: ]
[precise_float_parser: 0]
[parser_config_file: ]
[objective_seed: 5]
[num_class: 1]
[is_unbalance: 0]
[scale_pos_weight: 1]
[sigmoid: 1]
[boost_from_average: 1]
[reg_sqrt: 0]
[alpha: 0.9]
[fair_c: 1]
[poisson_max_delta_step: 0.7]
[tweedie_variance_power: 1.5]
[lambdarank_truncation_level: 30]
[lambdarank_norm: 1]
[label_gain: ]
[lambdarank_position_bias_regularization: 0]
[eval_at: ]
[multi_error_top_k: 1]
[auc_mu_weights: ]
[num_machines: 1]
[local_listen_port: 12400]
[time_out: 120]
[machine_list_filename: ]
[machines: ]
[gpu_platform_id: -1]
[gpu_device_id: -1]
[gpu_use_dp: 0]
[num_gpu: 1]

end of parameters

pandas_categorical:[]
