tree
version=v4
num_class=1
num_tree_per_iteration=1
label_index=0
max_feature_idx=4
objective=binary sigmoid:1
feature_names=場 枠番 勝率 平均ST モーター
feature_infos=-1:22:5:12:24:8:7:18:1:17:15:0:21:11:14:4:9:10:2:19:20:16:3:23:13 [0.25530000000000003:6] [0:66.670000000000002] [0:7.5] [0:1]
tree_sizes=3346 3476 3461 3453 3458 3447 3460 3471 3461 3471 3446 3458 3456 3440 3456 3457 3440 3469 3461 3464 3456 3460 3439 3454 3455 3433 3450 3434 3464 3439 3421 3435 3440 3423 3421 3442 3472 3422 3427 3379 3419 3431 3413 3350 3408 3439 3380 3413 3393 3433 3417 3394 3403 3409 3400 3445 3368 3391 3404 3379 3411 3415 3408 3410 3400 3398 3399 3403 3390 3393 3390 3431 3372 3434 3365 3395 3418 3383 3428 3444 3437 3397 3405 3411 3395 3407 3432 3438 3397 3398 3421 3401 3405 3429 3419 3396 3386 3442 3466 3414

Tree=0
num_leaves=31
num_cat=8
split_feature=1 2 2 2 2 1 1 1 2 1 3 1 0 1 2 0 0 0 0 2 2 0 3 4 0 3 2 0 4 4
split_gain=2594.41 2007.14 519.727 354.906 225.542 170.734 151.782 45.3564 70.8281 118.123 45.8925 40.9001 37.0024 33.6806 31.5432 31.5053 30.6066 29.6113 26.7285 26.6121 25.5221 24.4199 23.9469 22.6524 23.2149 24.5777 22.3071 22.0251 24.1429 20.3532
threshold=1.5000000000000002 4.0150000000000006 2.6050000000000004 4.9250000000000007 5.5850000000000009 5.5000000000000009 5.5000000000000009 2.5000000000000004 5.9750000000000005 5.5000000000000009 1.635 3.5000000000000004 0 3.5000000000000004 1.7050000000000003 1 2 3 4 5.955000000000001 5.2250000000000005 5 5.9750000000000005 0.43545000000000006 6 0.17500000000000002 6.2550000000000008 7 0.29145000000000004 0.31345000000000006
decision_type=2 2 2 2 2 2 2 2 2 2 2 2 9 2 2 9 9 9 9 2 2 9 2 2 9 2 2 9 2 2
left_child=4 2 14 5 -1 13 18 17 9 16 11 12 -10 27 -2 -11 -9 19 -4 -5 -17 29 -12 24 -13 -26 -6 -3 -29 -15
right_child=1 3 6 7 26 -7 -8 8 10 15 22 23 -14 21 -16 20 -18 -19 -20 -21 -22 -23 -24 -25 25 -27 -28 28 -30 -31
leaf_value=-1.6457488928226836 -1.7099413048072907 -1.602885798043826 -1.6142535302011858 -1.568286575819291 -1.6725770320690931 -1.6377784885389748 -1.6742000429080659 -1.5917025590217273 -1.5714134349124793 -1.6296429448135208 -1.6560930945238515 -1.5789456763077001 -1.5975420372800697 -1.6314046922644505 -1.6832213078760674 -1.6218486429601249 -1.5750822132989306 -1.5975546911722833 -1.6326316327345072 -1.592088724470285 -1.5920853540977358 -1.5994317378172205 -1.4666686628445771 -1.5517069934791721 -1.5670180923263768 -1.5338895258299616 -1.6880907703201187 -1.6025273335804551 -1.5793117505456828 -1.6066737531528468
leaf_weight=3226.1216486394405 976.2787858992815 1316.7475077062845 1626.3907579630613 897.68771879374981 1582.9296201467514 1398.3933512717485 719.2610028386116 1552.5207090228796 1168.0354354977608 469.18589355051517 88.171956911683083 2136.260719820857 1064.3118893355131 564.99479161202908 807.01639932394028 393.64960290491581 4746.0117909312248 2581.1472551673651 1563.3512801080942 985.30426180362701 1074.5870465189219 1949.6416488140821 7.220380723476409 760.22277809679508 3179.4668808877468 240.91077990829945 2236.235222145915 636.36547799408436 1512.9474685192108 809.6546153575182
leaf_count=23234 7031 9483 11713 6465 11400 10071 5180 11181 8412 3379 635 15385 7665 4069 5812 2835 34180 18589 11259 7096 7739 14041 52 5475 22898 1735 16105 4583 10896 5831
internal_value=-1.60982 -1.59874 -1.65311 -1.58826 -1.66522 -1.60596 -1.6327 -1.58147 -1.5791 -1.58574 -1.57278 -1.57201 -1.58364 -1.59941 -1.69785 -1.60733 -1.5791 -1.59044 -1.62335 -1.5809 -1.60013 -1.6066 -1.64176 -1.5679 -1.57011 -1.56482 -1.68166 -1.59251 -1.58629 -1.61679
internal_weight=42271 35225.7 5692.3 29533.4 7045.29 8188.74 3909 21344.7 16880.6 8235.96 8644.6 8549.21 2232.35 6790.35 1783.3 1937.42 6298.53 4464.14 3189.74 1882.99 1468.24 3324.29 95.3923 6316.86 5556.64 3420.38 3819.16 3466.06 2149.31 1374.65
internal_count=304429 253690 40995 212695 50739 58974 28152 153721 121571 59314 62257 61570 16077 48903 12843 13953 45361 32150 22972 13561 10574 23941 687 45493 40018 24633 27505 24962 15479 9900
cat_boundaries=0 1 2 3 4 5 6 7 8
cat_threshold=18781080 12984448 1069078 15766808 15123975 19962250 18355980 4298003
is_linear=0
shrinkage=1


Tree=1
num_leaves=31
num_cat=6
split_feature=1 2 2 1 2 2 2 2 2 1 1 0 3 1 1 0 3 2 2 1 0 1 2 0 0 0 1 2 2 1
split_gain=2171.06 1658.55 549.289 219.055 205.462 130.403 59.5341 36.4316 35.0293 80.3728 66.5243 34.8733 33.7724 31.7443 30.1867 25.8341 22.2484 21.9274 21.6967 24.1734 21.45 21.122 21.0598 20.3481 20.2722 19.4351 19.414 17.8888 17.5478 17.0499
threshold=1.5000000000000002 3.2650000000000001 4.8850000000000007 5.5000000000000009 5.5850000000000009 2.4450000000000007 4.0150000000000006 3.9550000000000005 5.6050000000000013 5.5000000000000009 3.5000000000000004 0 0.22500000000000003 5.5000000000000009 3.5000000000000004 1 5.2900000000000009 5.9250000000000007 5.9750000000000005 5.5000000000000009 2 3.5000000000000004 6.2550000000000008 3 4 5 4.5000000000000009 4.8450000000000006 5.1850000000000014 2.5000000000000004
decision_type=2 2 2 2 2 2 2 2 2 2 2 9 2 2 2 9 2 2 2 2 9 2 2 9 9 9 2 2 2 2
left_child=4 5 3 6 27 26 15 -5 9 20 11 -10 18 -7 -8 -3 -14 -13 19 23 -4 -17 -6 -12 -11 -16 -2 -1 -26 -19
right_child=1 2 8 7 22 13 14 -9 10 24 12 17 16 -15 25 21 -18 29 -20 -21 -22 -23 -24 -25 28 -27 -28 -29 -30 -31
leaf_value=-0.026581687170174024 -0.067103354820068961 0.0035371419018926094 0.013885297446811318 -0.058773527186231134 -0.059062603903610171 -0.029299982006902193 0.015429615693452673 -0.026055156615923093 0.0086278354504933999 -0.020285233196269393 0.046095614211799918 0.038341090046228286 -0.049714340390105145 -0.073010554608044273 0.0095441316302888705 -0.0056281858676112025 0.13172319286621226 0.013778623656469252 0.036644799462950906 0.01019996112221128 0.027816124397965408 -0.028730434831826149 -0.074493325556856768 0.021641617046060727 -0.012070063314797364 -0.0060006047488624656 -0.093857122763509215 -0.041792109721769416 0.017887980492759296 0.028204379000489256
leaf_weight=1785.2304247617722 352.86746802926064 997.76058480143547 1604.8638591021299 451.87544976174831 1517.2411680221558 690.28746742010117 3368.0691150128841 1378.6173049807549 2007.2445919364691 459.4644076526165 639.9427901506424 936.25438913702965 70.600213408470154 218.81411960721016 1616.2791734933853 797.48515211045742 7.4738728106021872 1639.2803021073341 6494.1767205446959 724.06438112258911 4165.6050032228231 785.62201631069183 2120.7488262653351 876.16024369001389 326.99643231928349 1582.441390812397 1172.442679643631 1363.9642976522446 486.29395641386509 1637.9247336685658
leaf_count=13171 2689 7207 11393 3399 11400 5048 23978 10128 14305 3336 4504 6613 524 1648 11560 5818 50 11685 45493 5184 29395 5731 16105 6196 2377 11428 8984 10063 3467 11550
internal_value=-5.08911e-05 0.00985941 0.0157262 -0.00255413 -0.05187 -0.0698 0.00376476 -0.034132 0.0248167 0.0189971 0.0275432 0.0196256 0.0331323 -0.0398208 0.00882224 -0.00910355 -0.0323457 0.0247855 0.0337175 0.0252315 0.024014 -0.0169855 -0.0680579 0.0324104 -0.00374875 0.00186506 -0.0876679 -0.0331696 0.0057719 0.0209885
internal_weight=42276.1 35488.9 33054.5 10978.2 6787.18 2434.41 9147.66 1830.49 22076.3 7043.22 15033.1 6220.7 8812.42 909.102 6566.79 2580.87 78.0741 4213.46 8734.34 2240.17 5770.47 1583.11 3637.99 1516.1 1272.75 3198.72 1525.31 3149.19 813.29 3277.21
internal_count=304429 253690 235321 79249 50739 18369 65722 13527 156072 49968 106104 44153 61951 6696 46966 18756 574 29848 61377 15884 40788 11549 27505 10700 9180 22988 11673 23234 5844 23235
cat_boundaries=0 1 2 3 4 5 6
cat_threshold=8471591 14959623 290838 13541761 15149184 13067317
is_linear=0
shrinkage=0.1


Tree=2
num_leaves=31
num_cat=7
split_feature=1 2 2 2 1 2 2 2 1 1 2 1 3 4 0 0 2 0 0 0 1 3 2 1 0 0 2 3 4 1
split_gain=1815.52 1392.59 433.652 186.515 181.908 123.35 48.4454 32.2407 27.7711 27.6936 45.7398 65.1613 28.7611 25.3502 23.6139 22.0426 19.8443 19.6787 19.0938 18.6738 18.4505 21.7343 17.9192 16.7539 23.1442 15.8516 15.603 14.942 14.2245 14.0533
threshold=1.5000000000000002 3.2650000000000001 4.8850000000000007 5.5850000000000009 5.5000000000000009 2.2850000000000006 4.1050000000000013 3.9550000000000005 5.5000000000000009 2.5000000000000004 5.5550000000000006 5.5000000000000009 1.635 0.31525000000000009 0 1 6.2550000000000008 2 3 4 3.5000000000000004 0.17500000000000002 5.955000000000001 3.5000000000000004 5 6 4.8450000000000006 5.9750000000000005 0.35305000000000003 3.5000000000000004
decision_type=2 2 2 2 2 2 2 2 2 2 2 2 2 2 9 9 2 9 9 9 2 2 2 2 9 9 2 2 2 2
left_child=3 5 4 26 6 20 17 -6 -7 15 11 19 29 23 -15 22 -5 -3 -13 -11 21 -2 -4 -8 -25 -9 -1 -14 -19 -12
right_child=1 2 9 16 7 8 13 25 -10 10 12 18 27 14 -16 -17 -18 28 -20 -21 -22 -23 -24 24 -26 -27 -28 -29 -30 -31
leaf_value=-0.024384299578529167 0.08360334957518141 -0.015306398611594038 0.034127261105356708 -0.055496110206574134 -0.055214170449025726 -0.030903331420347471 0.0087925260784372933 -0.0096262657108957244 -0.068891141057821598 0.028541920537256363 0.021776444636526414 -0.02117109660748847 -0.040855044180729341 0.022170841061720972 0.0058082277130266681 0.0095165460407890898 -0.070819579737013083 -0.0062746757352507999 0.0049881913812132896 0.014672609134841353 -0.089899048533242418 -0.062151366216668662 0.014104621207985705 0.012969633556274333 -0.016856050711397598 -0.032418413990559128 -0.038761322450204617 0.098397595913348845 0.012794490185299432 0.029434035854734582
leaf_weight=1753.2412904947996 11.959261626005171 1431.5493514835835 876.37462481856346 1456.5145432949066 433.8663707524538 773.94481983780861 1278.2190638780594 525.196861281991 256.13224722445011 2089.5720320343971 3239.0449908226728 434.68150462210178 85.009316504001617 1768.6103319227695 1797.8214834332466 2857.8327032029629 2013.357063755393 1084.6849396675825 743.78203889727592 1975.4077391028404 1206.188592761755 70.77593395113945 912.21555110812187 370.19078908860683 827.36433462798595 829.26508313417435 1325.6236336380243 8.4735956788063032 611.82620792090893 9214.4236061871052
leaf_count=13171 96 10490 6036 11400 3399 5824 9046 3927 2037 14454 22558 3192 646 12496 12791 20167 16105 7850 5338 13808 9848 564 6436 2631 6000 6201 10063 52 4418 63385
internal_value=-8.83638e-05 0.00878682 0.0139903 -0.0484903 -0.00231504 -0.0661478 0.00337456 -0.0314904 -0.0403491 0.0219542 0.0237497 0.0159061 0.0270275 0.00860424 0.014001 0.0150797 -0.0643874 -0.00672716 -0.0047981 0.0219083 -0.0867656 -0.0410827 0.0237824 0.000830065 -0.00766872 -0.0238911 -0.0305744 -0.0282327 0.000598858 0.0274424
internal_weight=42263.1 35714.4 33395.4 6548.74 10958.6 2319 9170.27 1788.33 1030.08 22436.8 17790.4 5243.44 12547 6042.21 3566.43 4646.42 3469.87 3128.06 1178.46 4064.98 1288.92 82.7352 1788.59 2475.77 1197.56 1354.46 3078.86 93.4829 1696.51 12453.5
internal_count=304429 253690 235321 50739 79249 18369 65722 13527 7861 156072 123433 36792 86641 42964 25287 32639 27505 22758 8530 28262 10508 660 12472 17677 8631 10128 23234 698 12268 85943
cat_boundaries=0 1 2 3 4 5 6 7
cat_threshold=26110132 15765784 16981432 15151232 21727913 4677633 2312486
is_linear=0
shrinkage=0.1


Tree=3
num_leaves=31
num_cat=9
split_feature=1 2 2 2 1 2 2 1 2 1 2 3 0 2 0 0 0 2 1 1 0 0 0 0 1 1 1 0 3 1
split_gain=1516.62 1176.63 390.548 168.636 150.655 61.1456 44.2694 75.208 33.9072 32.988 30.4529 23.2504 20.3392 18.6417 18.5476 17.5049 16.1497 15.9657 25.6564 19.0405 24.8338 18.9648 18.3979 16.3315 14.791 14.6509 14.3661 19.5155 13.7907 13.5993
threshold=1.5000000000000002 2.9150000000000005 4.6650000000000009 5.5850000000000009 5.5000000000000009 2.0750000000000006 5.285000000000001 5.5000000000000009 4.0150000000000006 2.5000000000000004 3.9550000000000005 1.635 0 6.2550000000000008 1 2 3 5.9750000000000005 5.5000000000000009 3.5000000000000004 4 5 6 7 4.5000000000000009 3.5000000000000004 3.5000000000000004 8 0.17500000000000002 3.5000000000000004
decision_type=2 2 2 2 2 2 2 2 2 2 2 2 9 2 9 9 9 2 2 2 9 9 9 9 2 2 2 9 2 2
left_child=3 5 4 -1 8 29 7 -4 12 15 -6 17 24 -5 -9 -8 -12 18 22 20 -19 -20 -11 28 -3 -14 27 -10 -21 -2
right_child=1 2 6 13 10 -7 9 14 26 11 16 -13 25 -15 -16 -17 -18 19 21 23 -22 -23 -24 -25 -26 -27 -28 -29 -30 -31
leaf_value=-0.028137889167068511 -0.036511183885485583 0.01191701400111451 0.016071908864494375 -0.052054226615142002 -0.054561591034708992 -0.048412455921089968 0.0052905554325614161 -0.029583012632639346 0.019951072876445031 0.02949731537075595 -0.005764167223822547 -0.026484416863837817 -0.0055376530044221562 -0.06723674950660706 -0.0020695803470765664 0.018887252782859229 -0.033313193224205659 0.005100189565595257 0.018553025394443989 0.032766019583627744 0.026391457805308379 -0.0051298896992512692 0.016227224357795566 0.024193970761933355 -0.018207619822926187 -0.022565241479541569 -0.00045519104441341498 0.0022912497852383439 0.059396093371344709 -0.088725170540523438
leaf_weight=3014.6117427051067 52.428172007203102 649.821902602911 5018.3353780955076 1400.5325630307198 504.14462745934725 710.48764067143202 1781.0501101613045 420.52238063514233 1147.266951918602 2182.9953792095184 336.33937793970108 94.177284643054008 1011.7975941896439 1913.8421498611569 586.25507259368896 2078.3991575539112 658.67020133137703 916.35875384509563 687.48717637360096 2628.5916686058044 1420.6397563517094 653.00560674071312 2213.8683272600174 3938.5235658288002 217.55445630848408 1009.4494315981865 2368.6519477963448 1385.3956300616264 210.00129787623882 1027.0005602613091
leaf_count=23234 430 4710 34813 11400 4121 5717 12482 3138 8002 14813 2542 716 7465 16105 4329 14418 5022 6390 4800 17613 9687 4651 15178 26498 1578 7539 16959 9733 1382 8964
internal_value=-0.000117739 0.00783743 0.0119835 -0.0452535 -0.00550859 -0.0711941 0.0185273 0.0110677 7.81857e-05 0.0209174 -0.0345387 0.0230457 -0.00851571 -0.0608212 -0.0138761 0.0126753 -0.0243936 0.0233598 0.0192273 0.0259612 0.0181777 0.0071163 0.0229197 0.0286453 0.00431148 -0.0139724 0.00514305 0.0103788 0.0346142 -0.0861891
internal_weight=42238.2 35909.2 34119.3 6328.99 9289.09 1789.92 24830.2 6025.11 7789.94 18805.1 1499.15 14945.6 2888.62 3314.37 1006.78 3859.45 995.01 14851.5 5737.36 9114.12 2337 1340.49 4396.86 6777.12 867.376 2021.25 4901.31 2532.66 2838.59 1079.43
internal_count=304429 253690 238579 50739 67671 15111 170908 42280 55986 128628 11685 101728 21292 27505 7467 26900 7564 101012 39442 61570 16077 9451 29991 45493 6288 15004 34694 17735 18995 9394
cat_boundaries=0 1 2 3 4 5 6 7 8 9
cat_threshold=12846087 14759073 25281191 2170148 14765063 17424133 26191489 4679842 28976676
is_linear=0
shrinkage=0.1


Tree=4
num_leaves=31
num_cat=10
split_feature=1 2 2 2 1 2 2 1 2 2 1 3 2 0 1 0 0 0 0 1 0 2 0 4 1 0 0 2 1 0
split_gain=1265.57 997.544 325.407 151.816 129.359 41.1283 34.8962 55.7431 30.7047 27.8186 24.6835 18.5362 17.5471 16.7326 19.5487 16.6094 15.3631 14.3503 14.131 14.1159 14.0996 13.8323 13.7428 13.374 13.236 18.2589 13.4776 13.1625 22.8587 16.6088
threshold=1.5000000000000002 2.7350000000000008 4.6650000000000009 5.5850000000000009 5.5000000000000009 1.7050000000000003 5.2650000000000006 5.5000000000000009 4.0150000000000006 3.9550000000000005 2.5000000000000004 1.635 6.9750000000000005 0 3.5000000000000004 1 2 3 4 5.5000000000000009 5 4.8450000000000006 6 0.29145000000000004 4.5000000000000009 7 8 5.9750000000000005 5.5000000000000009 9
decision_type=2 2 2 2 2 2 2 2 2 2 2 2 2 9 2 9 9 9 9 2 9 2 9 2 2 9 9 2 2 9
left_child=3 5 4 21 8 -2 7 17 13 18 20 27 16 -3 -15 -9 -5 -4 -6 -7 -8 -1 -11 -10 26 -26 -25 28 29 -12
right_child=1 2 6 12 9 19 10 15 23 22 11 -13 -14 14 -16 -17 -18 -19 -20 -21 -22 -23 -24 24 25 -27 -28 -29 -30 -31
leaf_value=-0.019936138086702242 -0.088110983810717788 0.0098751311048840777 0.020021569694834165 -0.036124768159172531 -0.020938335196705925 -0.046375631211438353 0.017859428763593702 0.0031689995912258847 -0.0034490442798311587 -0.0052255480367200749 0.012310284087397696 -0.024298149970831708 -0.073751008328232073 -0.0025548325335660524 -0.020066134670976628 -0.023313640005962338 -0.058146846950322031 0.0090154452527886671 -0.061771784511058039 -0.074648445059288401 0.0057798856201389144 -0.033761217164288579 -0.030761534793094653 0.018655718990198671 0.020991800257488518 -0.011864939219733542 0.0042627092870529985 0.022967484447429652 0.0056561971564768427 0.025009006043087607
leaf_weight=1690.7803327143192 752.47511352598667 430.80452446639538 2208.6781011074781 540.35566349327564 156.22278979420662 542.23471550643444 1830.7777692377567 410.62295238673687 1450.2031531333923 335.01043850183487 1719.2536045312881 92.478634357452393 541.31098676472902 1269.5523049086332 1280.503269135952 554.47553499042988 2089.2887149304152 2685.9888941198587 361.57954074442387 261.87878025323153 2105.0058265030384 1265.2744517028332 643.62176966667175 1301.7301957011223 222.63980332016945 611.72976663708687 1331.3567823469639 9264.7806169688702 1379.0526698082685 2873.8282717615366
leaf_count=13171 7031 3116 15130 4666 1330 4601 12519 3036 10337 2542 11701 716 4785 9372 9657 4197 18054 18487 3076 2341 14685 10063 5022 9077 1580 4366 9334 61570 9685 19182
internal_value=-0.000136848 0.00699958 0.0105306 -0.0421569 -0.00534692 -0.0713076 0.0164677 0.00971027 -0.000239441 -0.0323053 0.0185231 0.0203368 -0.0573552 -0.0082477 -0.0113038 -0.0122547 -0.0539801 0.0140412 -0.0510495 -0.0555833 0.0114589 -0.0258537 -0.0223877 0.0046148 0.00798736 -0.00298819 0.0114653 0.0206077 0.016947 0.020337
internal_weight=42203.5 36076.5 34519.9 6127.01 9394.95 1556.59 25124.9 5859.77 7898.52 1496.43 19265.2 15329.4 3170.96 2980.86 2550.06 965.098 2629.64 4894.67 517.802 804.113 3935.78 2956.05 978.632 4917.66 3467.46 834.37 2633.09 15236.9 5972.13 4593.08
internal_count=304429 253690 239717 50739 68809 13973 170908 40850 56839 11970 130058 102854 27505 22145 19029 7233 22720 33617 4406 6942 27204 23234 7564 34694 24357 5946 18411 102138 40568 30883
cat_boundaries=0 1 2 3 4 5 6 7 8 9 10
cat_threshold=4194310 18498326 167 23808288 10617101 7649560 2170148 16777781 32268938 5265462
is_linear=0
shrinkage=0.1


Tree=5
num_leaves=31
num_cat=9
split_feature=1 2 2 2 1 2 2 1 2 2 1 3 0 3 0 1 0 4 0 0 2 0 0 3 0 2 1 3 0 2
split_gain=1055.35 846.334 260.296 136.183 108.544 39.8192 27.4613 44.941 25.6591 24.674 19.317 17.7374 16.0655 14.8697 14.5551 13.6459 13.3308 13.6871 13.2936 12.9472 12.8686 13.6142 12.7296 12.4106 12.3316 12.1433 11.5971 19.775 11.4659 11.1274
threshold=1.5000000000000002 2.7350000000000008 4.6650000000000009 5.5850000000000009 5.5000000000000009 1.7050000000000003 5.2650000000000006 5.5000000000000009 3.8750000000000004 3.9550000000000005 2.5000000000000004 0.16500000000000004 0 1.635 1 4.5000000000000009 2 0.29825000000000007 3 4 5.8250000000000011 5 6 5.2900000000000009 7 4.2650000000000006 3.5000000000000004 0.16500000000000004 8 2.4450000000000007
decision_type=2 2 2 2 2 2 2 2 2 2 2 2 9 2 9 2 9 2 9 9 2 9 9 2 9 2 2 2 9 2
left_child=3 5 4 24 8 26 7 28 16 19 20 -5 25 -12 -9 -7 17 -3 -13 -6 21 -8 -11 -15 -1 -10 27 -2 -4 -26
right_child=1 2 6 11 9 15 10 14 12 22 13 18 -14 23 -16 -17 -18 -19 -20 -21 -22 -23 -24 -25 29 -27 -28 -29 -30 -31
leaf_value=-0.0084442067913344104 0.12355988977446478 -0.019065673962658555 0.018330298951786169 -0.058200020221193693 -0.024784312188483912 -0.036590169379932938 0.029020658487305531 -0.033365484348689321 -0.012646455026295043 -0.035456159056217143 0.018296254464188959 -0.055244722861528477 0.0073290551784813184 -0.035300540904581047 -0.004175795911333581 -0.063540186761025727 -0.0119107081931872 0.031363870372625627 -0.025037630114164974 -0.061772364206521213 0.0064034973656995455 0.0076795387358777863 -0.011128267566042979 0.082404633410745901 -0.089129624866935403 0.0029811515971144785 -0.087512717823947581 -0.076850488602921499 0.0084176213533525314 -0.025977667587410266
leaf_weight=479.98718552291393 7.0894223302602795 83.357622772455215 2018.2515888959169 2335.7659253329039 210.56373410671949 323.40816666930914 621.29369260370731 215.92210803925991 877.15765005350113 352.9244249612093 15435.65215434134 324.30552399903536 3636.6042234301567 80.858856171369553 741.21643050014973 448.34453967958689 1999.2497882544994 151.88307917118073 379.72450225055218 288.81757311522961 2728.6488019376993 614.88444584608078 610.75550715625286 10.073789373040198 28.230081424117088 1147.9544927179813 680.20289402455091 16.11563603579998 2920.6603016853333 2394.4675862044096
leaf_count=3840 59 604 13645 21187 1835 2801 4172 1683 6369 2817 102138 2918 25599 654 5550 4141 15024 1092 3400 2571 18826 4206 4747 62 223 8151 6823 149 19972 19171
internal_value=-0.000153736 0.00625429 0.00940384 -0.0392133 -0.0048511 -0.0679318 0.014659 0.00867915 -0.000215516 -0.0298696 0.0164679 -0.0540063 0.00336567 0.0180587 -0.011153 -0.0522466 -0.00928946 0.0129439 -0.0400926 -0.0479097 0.0102381 0.0187023 -0.0205212 -0.0222608 -0.0237216 -0.00376918 -0.0851411 -0.0156227 0.0125225 -0.0266037
internal_weight=42164.4 36221.9 34746.7 5942.48 9359.27 1475.16 25387.5 5896.05 7896.21 1463.06 19491.4 3039.8 5661.72 15526.6 957.139 771.753 2234.49 235.241 704.03 499.381 3964.83 1236.18 963.68 90.9326 2902.68 2025.11 703.408 23.2051 4938.91 2422.7
internal_count=304429 253690 239717 50739 68809 13973 170908 40850 56839 11970 130058 27505 40119 102854 7233 6942 16720 1696 6318 4406 27204 8378 7564 716 23234 14520 7031 208 33617 19394
cat_boundaries=0 1 2 3 4 5 6 7 8 9
cat_threshold=1153432 10563712 4194308 23882264 10621711 32809746 22708880 2113546 23808032
is_linear=0
shrinkage=0.1


Tree=6
num_leaves=31
num_cat=9
split_feature=1 2 2 2 1 2 2 1 2 1 0 2 2 1 0 1 2 0 3 1 0 0 0 2 0 4 0 0 1 3
split_gain=878.825 717.878 208.696 121.52 90.9845 38.459 21.8377 40.3558 21.7991 21.0075 21.3218 18.9514 17.8873 15.9568 14.2987 12.88 12.4107 12.3832 12.0361 12.02 17.8497 13.6532 11.9887 11.9211 11.7202 11.5018 11.0114 10.9073 10.8818 15.695
threshold=1.5000000000000002 2.7350000000000008 4.6650000000000009 5.5850000000000009 5.5000000000000009 1.7050000000000003 5.285000000000001 5.5000000000000009 3.9550000000000005 3.5000000000000004 0 3.9250000000000003 6.3450000000000006 2.5000000000000004 1 5.5000000000000009 5.0650000000000004 2 1.635 4.5000000000000009 3 4 5 3.7550000000000003 6 0.37525000000000003 7 8 3.5000000000000004 0.16500000000000004
decision_type=2 2 2 2 2 2 2 2 2 2 9 2 2 2 9 2 2 9 2 2 9 9 9 2 9 2 9 9 2 2
left_child=3 5 4 16 9 28 7 -4 22 14 11 25 -5 24 -3 -7 27 -9 -15 20 -12 -21 -6 -16 -8 -11 -10 -1 29 -2
right_child=1 2 6 12 8 15 13 17 26 10 19 -13 -14 18 23 -17 -18 -19 -20 21 -22 -23 -24 -25 -26 -27 -28 -29 -30 -31
leaf_value=-0.0079068709676365263 0.10141022166597623 -0.0021836582089637072 0.011403613297929976 -0.042692962026060086 -0.017246753432774046 -0.040023798349100789 0.016471523849816382 -0.023961909153615239 -0.031579460389959124 -0.037801995777741945 0.023993258218725028 -0.0065292760796330897 -0.058355018880720713 0.016357917116995673 -0.0043437190738301315 -0.068318405599728821 -0.031505957268786959 -0.0011595167370122932 -0.020439324625074598 0.0049034716494356602 -0.0021452910148357699 -0.017864450259110903 -0.055314932357614616 0.013468400974659995 0.0049796084895871867 -0.005914124141802095 -0.0092505028995711214 -0.023418330140105605 -0.084667412198026162 -0.073565742523587926
leaf_weight=795.34460654109716 7.735033571720126 1690.6072204262018 5158.772823035717 1416.6520232111216 151.07101215422153 506.21305276453495 1370.0097521692514 400.45808094739914 388.06948255747557 402.77171242237091 437.741180293262 1186.8277539908886 1502.6791546866298 15445.466010764241 469.64236576855183 235.83541783690453 893.47153414785862 582.51645435392857 89.405328892171383 532.67330472171307 630.16846591979265 507.51852848380804 331.43631573021412 1879.2087994515896 2575.2792711853981 157.2859862446785 562.10403044521809 1165.4773798435926 635.10438185185194 15.199819333851336
leaf_count=6402 59 12047 34813 13018 1330 4601 9193 3138 3171 3147 3154 8600 14487 101012 3491 2341 7400 4329 716 3863 4532 3700 3076 13079 17707 1226 4393 9432 6823 149
internal_value=-0.000167267 0.00558939 0.00840218 -0.0364096 -0.00440552 -0.0646237 0.0130646 0.00786523 -0.0275899 -0.000198024 -0.00547854 -0.0136064 -0.0507548 0.0147038 0.00484134 -0.0490163 -0.0217375 -0.0107046 0.0161461 0.00131496 0.00877361 -0.00632979 -0.0448998 0.00986495 0.00902457 -0.0288466 -0.0187998 -0.0172864 -0.0822237 -0.0145532
internal_weight=42122.7 36349.1 34949 5773.62 9327.13 1400.09 25621.9 6141.75 1432.68 7894.45 3854.99 1746.89 2919.33 19480.2 4039.46 742.048 2854.29 982.975 15534.9 2108.1 1067.91 1040.19 482.507 2348.85 3945.29 560.058 950.174 1960.82 658.039 22.9349
internal_count=304429 253690 239717 50739 68809 13973 170908 42280 11970 56839 28222 12973 27505 128628 28617 6942 23234 7467 101728 15249 7686 7563 4406 16570 26900 4373 7564 15834 7031 208
cat_boundaries=0 1 2 3 4 5 6 7 8 9
cat_threshold=18518456 6408345 14759073 4540416 10495493 10617101 7608344 22971024 3205274
is_linear=0
shrinkage=0.1


Tree=7
num_leaves=31
num_cat=9
split_feature=1 2 2 2 1 2 2 2 4 2 0 0 0 4 0 0 1 1 2 0 0 1 3 3 0 2 0 4 4 4
split_gain=730.54 608.523 168.789 107.693 87.7305 37.2576 25.0335 24.1542 18.3774 16.7657 16.2772 15.9588 13.9994 13.9325 13.8782 12.7214 12.2844 11.6833 10.8522 10.5419 10.4899 10.4869 10.2907 10.2337 9.86996 9.46685 9.24525 11.8533 13.1146 9.37585
threshold=1.5000000000000002 2.7350000000000008 4.9250000000000007 5.5850000000000009 5.5000000000000009 2.0750000000000006 4.0150000000000006 4.035000000000001 0.31915000000000004 6.9750000000000005 0 1 2 0.32975000000000004 3 4 4.5000000000000009 3.5000000000000004 4.8450000000000006 5 6 4.5000000000000009 0.16500000000000004 0.15500000000000003 7 2.2850000000000006 8 0.35515000000000002 0.20074999999999998 0.37475000000000008
decision_type=2 2 2 2 2 2 2 2 2 2 9 9 9 2 9 9 2 2 2 9 9 2 2 2 9 2 9 2 2 2
left_child=3 5 4 18 6 16 15 11 14 10 -5 -6 -10 24 17 -3 -2 -8 20 23 -1 26 -12 -15 -9 -22 27 28 -17 -29
right_child=1 2 -4 9 7 -7 8 13 12 -11 22 -13 -14 19 -16 21 -18 -19 -20 -21 25 -23 -24 -25 -26 -27 -28 29 -30 -31
leaf_value=0.0020779578927415856 -0.049607798262613641 -0.016149059734848367 0.0124310556307563 -0.027430731558218537 -0.0062584058178650958 -0.039303208913410437 -0.00072798946240955364 -0.00061412505883208426 0.01674916290860828 -0.064843617812975193 -0.053832670350249336 -0.049207118715331261 0.0044728868579688484 0.071405909570803991 0.0033717229455308322 0.054840481807527153 -0.080001283905136625 -0.022813957632453481 -0.027146626127493835 -0.012829702324550283 -0.089138879531901749 -0.014392937233357364 -0.036593540327910103 0.0058888745664957918 -0.032242048981874646 -0.017547830160441959 -0.0018853097648590729 0.091240281921749419 -0.0092197093772612409 0.026340424534742536
leaf_weight=312.89600715041161 165.31489661335945 904.12270406633615 23364.086133122444 562.36382053792477 126.4759713113308 485.75028201192617 504.08356036245823 134.92949151992798 1486.0238751322031 469.09429183602333 1305.5197769477963 417.53825908154249 2517.7265264242887 28.029259748756886 2074.9472591429949 39.477555990219116 679.91478392481804 456.35239528119564 1190.9576641619205 445.15078879147768 18.739678502082825 506.63132603466511 471.2678595110774 159.54652874171734 473.85649664700031 1287.8048457354307 1203.4928281977773 29.736357524991035 167.77606676518917 88.534969389438629
leaf_count=2513 1702 6982 153721 5389 1113 4579 3501 1055 10134 4785 12805 3927 17477 220 14464 285 7692 3327 10063 3572 159 3866 4526 1257 3804 10499 8968 210 1206 628
internal_value=-0.000174938 0.00499761 0.00751232 -0.0337397 -0.00225626 -0.0613732 0.00139659 -0.0226712 0.00463339 -0.0475895 -0.0441294 -0.0402417 0.00908233 -0.014972 -0.00123487 -0.00635377 -0.0740568 -0.0111065 -0.0199004 -0.00458088 -0.0145715 -0.0019145 -0.0489845 0.0148854 -0.0257718 -0.0184336 0.00220764 0.016879 0.00298244 0.0426579
internal_weight=42078.1 36459.5 35128.5 5618.64 11764.4 1330.98 9978.91 1785.53 7039.13 2808.25 2339.15 544.014 4003.75 1241.51 3035.38 2939.77 845.23 960.436 2810.4 632.727 1619.44 2035.65 1776.79 187.576 608.786 1306.54 1529.02 325.525 207.254 118.271
internal_count=304429 253690 239717 50739 85996 13973 71048 14948 48903 27505 22720 5040 27611 9908 21292 22145 9394 6828 23234 5049 13171 15163 17331 1477 4859 10658 11297 2329 1491 838
cat_boundaries=0 1 2 3 4 5 6 7 8 9
cat_threshold=8359 8519948 25960628 39098 17315992 16982278 2121864 2375716 4456450
is_linear=0
shrinkage=0.1


Tree=8
num_leaves=31
num_cat=9
split_feature=1 2 2 2 1 2 3 2 1 0 2 2 1 0 0 1 0 2 2 1 0 4 0 0 4 4 2 0 1 0
split_gain=606.516 515.208 136.668 95.1871 63.4269 36.3671 17.0265 16.8804 15.5565 16.9498 17.609 15.1236 29.0505 22.8764 14.0269 13.319 18.9809 17.7001 15.8309 14.2349 15.5757 13.4308 15.475 14.3167 13.2024 13.1103 15.8145 12.949 12.7 12.352
threshold=1.5000000000000002 2.7350000000000008 4.6650000000000009 5.6350000000000007 5.5000000000000009 1.5450000000000002 0.14500000000000005 3.9550000000000005 3.5000000000000004 0 4.2650000000000006 5.3450000000000006 4.5000000000000009 1 2 3.5000000000000004 3 5.9750000000000005 7.0250000000000012 5.5000000000000009 4 0.36380000000000007 5 6 0.31195000000000006 0.41045000000000004 5.9050000000000011 7 5.5000000000000009 8
decision_type=2 2 2 2 2 2 2 2 2 9 2 2 2 9 9 2 9 2 2 2 9 2 9 9 2 2 2 9 2 9
left_child=3 5 4 -1 8 -2 -5 -6 -3 -10 24 12 -4 -14 -8 16 -13 19 21 -17 -21 22 -18 -23 -11 -22 -27 -19 -7 -26
right_child=1 2 11 6 7 28 14 -9 9 10 -12 15 13 -15 -16 17 18 27 -20 20 25 23 -24 -25 29 26 -28 -29 -30 -31
leaf_value=-0.018570088233488657 -0.079770889029689998 0.0040714406559062746 0.011307717269620685 -0.056087511556091207 -0.039300050860698141 -0.036028645372851463 -0.02280565130558879 -0.015748359996489148 0.0035572316022572797 -0.029266902726773195 0.00037229327974733976 0.001572256581410049 -0.013315824138665604 0.0060022559904223151 -0.044847343196853726 0.012815231212361675 0.029951279257701087 0.021621649143560386 -0.0024056028867468506 -0.01342499332795604 0.0034997200474231544 -0.0035508770184969167 0.013576175142816147 0.015483329168315397 0.0051323358554209737 0.027780305369154962 0.15222043413051931 0.012984247362125681 -0.06314676198870138 -0.0192976602929446
leaf_weight=2853.3194646090269 482.51496437191963 4058.5725801438093 4395.2875982224941 902.15141313523054 453.10727033019066 528.67550902813673 477.43568308651447 926.80923445522785 1485.070916198194 553.14376706629992 952.72411893308163 2539.7357855141163 1055.0457145869732 1435.6971860155463 1244.2286662757397 2755.3786633834243 811.44996961951256 3362.203815869987 655.2998061478138 506.69491830468178 654.65454795956612 733.2844452559948 2234.2341008782387 844.99274757504463 348.29485048353672 107.95603343844414 11.279633849859236 3911.8901177123189 256.47878935933113 496.50775799900293
leaf_count=24041 5862 28617 29179 9340 4406 5247 4721 7564 10704 4289 6819 17039 7498 10086 12637 17724 5311 21160 4342 3490 4384 4804 14655 5541 2633 725 75 24895 2864 3777
internal_value=-0.000178404 0.00447115 0.00672118 -0.0312117 -0.00370165 -0.0581649 -0.0449592 -0.0234818 -0.000244111 -0.00481037 -0.010069 0.0104369 0.00641823 -0.00220999 -0.0391279 0.0118835 0.00870992 0.0140774 0.0121178 0.00876652 5.50718e-05 0.0142022 0.0180818 0.00671544 -0.017257 0.00893894 0.0395523 0.0170242 -0.0448871 -0.00939335
internal_weight=42034.1 36557 35289.3 5477.14 9274.23 1267.67 2623.82 1379.92 7894.31 3835.74 2350.67 26015.1 6886.03 2490.74 1721.66 19129.1 7819 11310.1 5279.26 4035.96 1280.59 4623.96 3045.68 1578.28 1397.95 773.89 119.236 7274.09 785.154 844.803
internal_count=304429 253690 239717 50739 68809 13973 26698 11970 56839 28222 17518 170908 46763 17584 17358 124145 51692 72453 34653 26398 8674 30311 19966 10345 10699 5184 800 46055 8111 6410
cat_boundaries=0 1 2 3 4 5 6 7 8 9
cat_threshold=14762503 29398665 1056935 83239 13509040 17956880 21397648 4712610 16813104
is_linear=0
shrinkage=0.1


Tree=9
num_leaves=31
num_cat=8
split_feature=1 2 2 2 1 2 1 2 0 2 0 0 1 3 0 0 4 4 3 3 1 3 0 2 0 2 4 4 0 2
split_gain=503.06 439.283 125.992 84.0219 49.1128 28.4312 28.4459 18.1073 16.3376 16.1814 15.4549 13.5386 13.2682 12.1189 12.0907 10.9338 10.9112 10.8365 10.7757 10.6803 17.4267 11.9611 10.2879 9.50749 9.47862 9.38222 9.38682 9.15551 9.46474 9.08896
threshold=1.5000000000000002 2.4450000000000007 4.2650000000000006 5.5850000000000009 5.5000000000000009 5.0050000000000008 5.5000000000000009 1.5450000000000002 0 6.2550000000000008 1 2 4.5000000000000009 0.15500000000000003 3 4 0.31830000000000008 0.34734999999999999 0.14500000000000005 0.17500000000000002 4.5000000000000009 1.7250000000000003 5 5.0650000000000004 6 6.1450000000000005 0.27425000000000005 0.27075000000000005 7 3.7550000000000003
decision_type=2 2 2 2 2 2 2 2 9 2 9 9 2 2 9 9 2 2 2 2 2 2 9 2 9 2 2 2 9 2
left_child=3 7 4 23 10 6 11 19 29 14 -3 -4 -12 22 -5 -14 -13 -9 -10 20 -2 -21 -11 -1 -19 -16 -27 28 -8 -6
right_child=1 2 5 9 8 -7 27 17 18 13 12 16 15 -15 25 -17 -18 24 -20 21 -22 -23 -24 -25 -26 26 -28 -29 -30 -31
leaf_value=-0.012620440472301368 0.088826330248682112 0.0014233449976336545 -0.0013134774567371311 -0.017549403498983797 -0.029816081315139395 0.010123310622102491 -0.048588710788525002 -0.062179184352092465 0.038366554391711181 -0.031426187160731915 -0.0055921265793307728 0.002854870064480096 -0.046159534419637854 -0.035945536284235829 -0.046257107678023435 -0.013748416214907362 0.01329600448814567 -0.002437377318314123 -0.042243759692672751 -0.085324009892408403 -0.066197842022902534 -0.0041813131617086099 -0.061148794988519106 -0.025383968527337705 -0.047137523042387795 0.038627184461038272 -0.029989704678166113 -0.0070711967055202794 -0.0078300277894671044 0.0072169745750298555
leaf_weight=1888.5914082825184 9.785078287124632 2559.2847748398781 1952.5695032030344 414.7044767960906 116.07399914413691 22854.905074305832 114.39211133867502 295.69395419955254 17.085311226546764 232.6768182516098 1727.7024552226067 1748.6328401863575 146.43792455643415 505.5858433842659 597.0494881644845 411.43301799893379 2340.4893181324005 81.999646551907063 564.13841963559389 394.97507591545582 28.003730416297913 19.042338259518147 744.29761356115341 844.61501127481461 143.2638291567564 25.166432596743107 95.942451231181622 827.20293816179037 132.21479815244675 154.46478314697742
leaf_count=15834 89 18721 13490 4082 1121 148047 938 3297 163 2531 12932 12044 1157 5398 6079 3252 15771 910 5376 5158 368 247 8176 7400 1604 257 982 6631 1054 1320
internal_value=-0.00017678 0.00400528 0.00581356 -0.0288252 -0.00781895 0.00840475 0.00288477 -0.0622965 -0.0299637 -0.0416379 -0.00392575 0.00555035 -0.00987843 -0.0485136 -0.0326397 -0.02333 0.00880951 -0.0495909 -0.0391998 -0.0769469 -0.0260557 -0.0815919 -0.0550176 -0.0165646 -0.0330667 -0.0405447 -0.0157311 -0.0121129 -0.0290243 -0.00836285
internal_weight=41988.4 36639.8 35667 5348.63 5696.62 29970.4 7115.5 972.764 851.763 2615.42 4844.86 6041.69 2285.57 1482.56 1132.86 557.871 4089.12 520.957 581.224 451.806 37.7888 414.017 976.974 2733.21 225.263 718.158 121.109 1073.81 246.607 270.539
internal_count=304429 253690 242017 50739 44042 197975 49928 11673 7980 27505 36062 41305 17341 16105 11400 4409 27815 5811 5539 5862 457 5405 10707 23234 2514 7318 1239 8623 1992 2441
cat_boundaries=0 1 2 3 4 5 6 7 8
cat_threshold=8520461 14861863 2150427 9478311 262528 525702 433171 30520072
is_linear=0
shrinkage=0.1


Tree=10
num_leaves=31
num_cat=8
split_feature=1 2 2 2 1 2 1 0 2 0 3 3 0 0 0 0 3 1 3 0 2 4 1 2 0 3 3 4 3 2
split_gain=416.858 374.327 101.881 73.6338 41.4582 23.0318 30.7041 22.8292 17.4138 16.5981 14.9444 13.6238 12.7169 11.8439 11.0681 11.0008 10.0921 14.2288 11.3319 10.0292 9.88739 9.81469 9.46385 9.83751 12.994 9.42273 9.99992 9.19551 8.86302 8.97626
threshold=1.5000000000000002 2.4450000000000007 4.2650000000000006 5.6350000000000007 4.5000000000000009 5.1850000000000014 5.5000000000000009 0 1.5450000000000002 1 0.16500000000000004 0.22500000000000003 2 3 4 5 0.17500000000000002 4.5000000000000009 1.675 6 2.4450000000000007 0.34734999999999999 2.5000000000000004 5.9450000000000012 7 1.635 6.8400000000000007 0.14335000000000003 0.10500000000000002 5.9750000000000005
decision_type=2 2 2 2 2 2 2 9 2 9 2 2 9 9 9 9 2 2 2 9 2 2 2 2 9 2 2 2 2 2
left_child=3 8 4 19 9 6 15 -6 16 -3 14 12 -9 -12 -5 -4 17 -2 -18 -1 -21 -10 23 24 -7 28 -27 -26 -24 -30
right_child=1 2 5 10 7 22 -8 11 21 -11 13 -13 -14 -15 -16 -17 18 -19 -20 20 -22 -23 25 -25 27 26 -28 -29 29 -31
leaf_value=-0.001859583055133676 0.074702233062930834 0.0062003751014571718 0.00026424707064519884 -0.027658040353307413 0.0075909730476513594 0.0015789987301728051 -0.010525516872759912 -0.036902427042001112 -0.058990601762742262 -0.0072549783944136003 -0.0089307409012745996 -0.067678608014135958 -0.01590414271943183 -0.038689251309105339 -0.048117962277742871 0.0083753579005970465 -0.082980206469670456 -0.063170955910312618 -0.006526848217162453 -0.081522463630544231 -0.017522286109904386 -0.030785814506918769 -0.052642777029951432 0.001126755392428876 -0.017474760366962796 -0.028164903293622187 0.15208047114432671 0.021843606813013845 0.0078958356688688808 0.012597742655275808
leaf_weight=469.30503915995359 10.433332204818724 1767.4672946110368 2482.0298787802458 460.16668623685837 286.5640500113368 819.89066405594349 1365.3096332326531 397.31067246943712 281.27381136268377 1883.5972435250878 277.55054376274347 65.682257100939751 1264.052321061492 292.5049354955554 1421.6020705848932 5165.9852423965931 366.18813060969114 26.490844249725342 20.470684938132763 24.396595746278763 2286.2610042840242 219.77811717242002 22.153941676020622 2522.4196821898222 63.894193157553673 87.220851823687553 3.1905941516160956 861.3622553050518 6932.1243226230145 9800.334380954504
leaf_count=3977 89 12768 16925 4926 2326 5444 10877 3459 3297 14116 2854 600 10773 3104 15814 34685 5137 368 268 223 19841 2514 139 16933 411 698 18 5547 44863 61435
internal_value=-0.00017951 0.00358359 0.00520653 -0.0265879 -0.00709742 0.00752008 0.00328831 -0.0186171 -0.059237 -0.000744178 -0.0392203 -0.0228772 -0.0212437 -0.0250357 -0.0435174 0.00575433 -0.0741626 -0.0242134 -0.0789326 -0.0154465 -0.0181196 -0.046619 0.00932669 0.00512031 0.0108926 0.0103924 -0.0218041 0.0189239 0.0105661 0.0106498
internal_weight=41947 36715.2 35790.6 5231.79 5664.67 30125.9 9013.32 2013.61 924.635 3651.06 2451.82 1727.05 1661.36 570.055 1881.77 7648.02 423.583 36.9242 386.659 2779.96 2310.66 501.052 21112.6 4267.57 1745.15 16845 90.4114 925.256 16754.6 16732.5
internal_count=304429 253690 242017 50739 44042 197975 62487 17158 11673 26884 26698 14832 14232 5958 20740 51610 5862 457 5405 24041 20064 5811 135488 28335 11402 107153 716 5958 106437 106298
cat_boundaries=0 1 2 3 4 5 6 7 8
cat_threshold=2097157 12994342 6029440 9684263 10406 50459 2113546 17439911
is_linear=0
shrinkage=0.1


Tree=11
num_leaves=31
num_cat=10
split_feature=1 2 2 2 1 2 2 1 0 0 2 1 0 3 4 0 0 2 0 4 0 0 2 4 0 3 3 3 2 0
split_gain=345.108 318.148 82.8521 64.6194 49.3788 21.3323 16.7283 13.6847 17.9221 16.5876 13.4265 16.3307 11.151 10.7502 10.5679 14.7597 10.0828 12.308 10.058 9.60544 14.5984 11.491 10.2891 9.99757 11.8761 9.49792 12.8255 10.6771 9.19202 9.12414
threshold=1.5000000000000002 2.4450000000000007 4.4250000000000007 6.2550000000000008 5.5000000000000009 5.0650000000000004 1.5450000000000002 4.5000000000000009 0 1 5.3450000000000006 5.5000000000000009 2 0.15500000000000003 0.36735000000000001 3 4 3.5450000000000004 5 0.27555000000000007 6 7 4.8250000000000011 0.28255000000000002 8 0.17500000000000002 0.15500000000000003 1.675 3.3950000000000005 9
decision_type=2 2 2 2 2 2 2 2 9 9 2 2 9 2 2 9 9 2 9 2 9 9 2 2 9 2 2 2 2 9
left_child=3 6 4 5 7 -1 25 8 -3 -9 11 19 -6 18 16 -16 17 -10 -5 20 -4 -21 -22 24 -23 26 -2 -27 -14 -7
right_child=1 2 10 13 12 29 -8 9 14 -11 -12 -13 28 -15 15 -17 -18 -19 -20 21 22 23 -24 -25 -26 27 -28 -29 -30 -31
leaf_value=-0.010028797983011201 -0.044651954429046209 0.010543039164874235 -0.013554636794687861 -0.026319212762183193 -0.037971159758755951 -0.03598894744134911 -0.043671947497916454 0.003642762733144525 -0.023407627925309968 -0.01818253895938458 0.0085485703933867521 -0.0059323896285371136 -0.041959038430990324 -0.030847278228246351 0.018787969940249429 -0.0051077813449936036 -0.012729879986164006 0.0063708086346141828 -0.055619494510848771 0.014445996824602021 -0.0053177377526739643 -0.004794040480324566 0.012487408975785493 0.0038788014226834966 0.053304594581589149 -0.080454495382017821 0.13765591786935583 -0.0059079867480005691 -0.010437939685214524 -0.019991865823811822
leaf_weight=1850.1505526602268 31.710557267069817 1397.0442128553987 579.43010522425175 220.08216171711683 411.33507681638002 572.88645102828741 482.46486743539572 561.30974402278662 169.41412237286568 909.20386512577534 19498.029650554061 1422.5785663500428 112.83893643319607 478.29555007815361 447.36961090564728 589.62575107812881 1254.1712991297245 768.03836943954229 683.27226601541042 1768.8162820488214 542.88512672483921 63.192663878202438 807.00272125005722 4004.3081891536713 78.860779866576195 341.21563251316547 4.3935456126928321 20.359624281525612 513.61892910301685 1321.02728523314
leaf_count=15834 406 9855 3914 2531 4053 5784 5811 4218 1360 7121 124145 11075 1190 5398 3195 4325 9232 5595 8176 11632 3771 421 5251 26587 527 5137 51 268 4550 13016
internal_value=-0.000177444 0.00321038 0.00466667 -0.0244866 -0.00497999 -0.0176658 -0.0561884 -0.00154733 0.00112406 -0.00995048 0.00705912 0.00392531 -0.0251441 -0.0429697 -0.00297504 0.00533299 -0.00691967 0.00097888 -0.0493882 0.00571298 -0.000414166 0.00771143 0.00528753 0.0047921 0.0308743 -0.0713735 -0.0224667 -0.0762569 -0.0158624 -0.0251264
internal_weight=41904.9 36779.2 35899.1 5125.71 7133.97 3744.06 880.144 6096.18 4625.66 1470.51 28765.1 9267.07 1037.79 1381.65 3228.62 1037 2191.62 937.452 903.354 7844.5 1929.32 5915.18 1349.89 4146.36 142.053 397.679 36.1041 361.575 626.458 1893.91
internal_count=304429 253690 242017 50739 54694 34634 11673 44901 33562 11339 187323 63178 9793 16105 23707 7520 16187 6955 10707 52103 12936 39167 9022 27535 948 5862 457 5405 5740 18800
cat_boundaries=0 1 2 3 4 5 6 7 8 9 10
cat_threshold=12977666 27287605 22907024 2629692 17944832 525702 8661146 17565872 12669192 17697040
is_linear=0
shrinkage=0.1


Tree=12
num_leaves=31
num_cat=7
split_feature=1 2 2 2 1 1 2 1 2 0 0 3 0 2 1 4 0 3 0 1 3 2 2 0 2 4 3 0 2 4
split_gain=285.452 269.934 68.1087 56.8492 31.1468 16.5693 15.0284 15.6622 14.7727 13.1368 12.9219 12.4205 11.9232 10.7462 12.1192 10.044 9.85158 11.6325 9.60359 9.08024 9.07076 9.02159 8.40994 10.0514 8.2385 10.2496 8.78009 8.03729 9.11976 7.98229
threshold=1.5000000000000002 2.4450000000000007 4.2650000000000006 5.5850000000000009 5.5000000000000009 4.5000000000000009 5.0050000000000008 5.5000000000000009 6.9750000000000005 0 1 0.17500000000000002 2 2.0750000000000006 3.5000000000000004 0.29425000000000007 3 0.22500000000000003 4 3.5000000000000004 0.20500000000000004 3.2650000000000001 3.7850000000000006 5 1.3750000000000002 0.35815000000000002 1.4450000000000001 6 2.2850000000000006 0.27075000000000005
decision_type=2 2 2 2 2 2 2 2 2 9 9 2 9 2 2 2 9 2 9 2 2 2 2 9 2 2 2 9 2 2
left_child=3 5 4 27 18 11 7 16 9 -5 15 12 13 14 -2 -6 17 -4 22 -20 21 -17 -3 -24 26 -26 -7 -1 -29 -9
right_child=1 2 6 8 10 24 -8 29 -10 -11 -12 -13 -14 -15 -16 20 -18 -19 19 -21 -22 -23 23 -25 25 -27 -28 28 -30 -31
leaf_value=0.0024953637136851145 0.17304890858573865 -0.0054648996871224332 -0.0078848822911436588 -0.019097803415883005 -0.034955533992846115 -0.082226174735811924 0.007288568107665633 -0.025314917602834604 -0.051659583554114097 -0.036760334925143905 -0.031977156267842456 -0.039637349669692887 -0.025699038829878281 0.3021475261107176 -0.057555254164341388 -0.03767994575674357 0.0054487584975347926 0.19439387185357998 -0.0015117577619530229 -0.014230746117965471 -0.049657823023172093 0.030863275412643838 0.031521337986004434 0.0034469229473295757 -0.06544856698645439 -0.030414968589885513 -0.029840735996962953 -0.085332153383675599 -0.013941313735671167 -0.0045073828185032486
leaf_weight=322.67614301294088 5.7939870059490186 1067.5433863699436 712.94855035841465 769.36229866743088 70.522609278559685 229.03118062764406 23232.668875820935 238.56116337329149 384.36611764878035 1234.2927606999874 572.53329202532768 191.70960099250078 20.284404456615448 2.8995423242449752 3.7565743550658226 22.971563033759594 5384.12922295928 2.8543659448623648 1158.7427834793925 1088.6298010349274 21.85182186961174 117.02898447960615 131.75749170780182 1361.3958852291107 210.51069228351116 138.42093018442392 37.189979992806911 18.03390209376812 2300.5998992994428 811.60392514616251
leaf_count=2743 42 8146 4973 8442 650 3696 148047 1992 4785 14278 5846 2356 217 31 43 247 36312 20 8573 8768 209 1028 924 9651 2901 1828 559 177 20314 6631
internal_value=-0.000173446 0.00287772 0.00418511 -0.0225205 -0.00593517 -0.0531737 0.00605475 0.00204575 -0.0337019 -0.0302571 -0.0241415 -0.0299167 0.0270125 0.0740541 0.0823441 -0.00331692 0.00398769 -0.00698074 -0.00288729 -0.00763886 0.0102638 0.0196166 0.00130761 0.00615843 -0.0616592 -0.0515508 -0.0749081 -0.0124113 -0.0144343 -0.00923413
internal_weight=41864.7 36835.3 35995.7 5029.33 5612.98 839.597 30382.8 7150.1 2388.02 2003.66 804.908 224.444 32.7345 12.4501 9.55056 232.375 6099.93 715.803 4808.07 2247.37 161.852 140.001 2560.7 1493.15 615.153 348.932 266.221 2641.31 2318.63 1050.17
internal_count=304429 253690 242017 50739 44042 11673 197975 49928 27505 22720 7980 2689 333 116 85 2134 41305 4993 36062 17341 1484 1275 18721 10575 8984 4729 4255 23234 20491 8623
cat_boundaries=0 1 2 3 4 5 6 7
cat_threshold=1061287 8519949 4227860 32778 14861863 2 2113544
is_linear=0
shrinkage=0.1


Tree=13
num_leaves=31
num_cat=10
split_feature=1 2 2 2 1 2 4 2 2 0 1 0 0 0 4 3 3 3 4 0 1 0 0 0 1 0 3 3 3 0
split_gain=235.527 229.116 55.9777 51.0369 25.9434 17.8272 16.3961 16.282 15.6016 11.9368 15.1535 10.4433 10.3982 9.82193 11.6112 8.83274 9.71817 9.55795 8.78064 9.8859 7.96097 12.5179 7.88356 7.76374 7.7173 7.664 12.162 7.49614 9.18945 8.16629
threshold=1.5000000000000002 2.4450000000000007 4.0150000000000006 6.2550000000000008 5.5000000000000009 5.0050000000000008 0.31915000000000004 5.0650000000000004 1.5450000000000002 0 3.5000000000000004 1 2 3 0.32505000000000006 1.9550000000000003 0.17500000000000002 0.14500000000000005 0.34734999999999999 4 4.5000000000000009 5 6 7 4.5000000000000009 8 0.15500000000000003 0.21500000000000002 0.20500000000000004 9
decision_type=2 2 2 2 2 2 2 2 2 9 2 9 9 9 2 2 2 2 2 9 2 9 9 9 2 9 2 2 2 9
left_child=3 8 4 7 -3 6 9 23 15 -4 -11 -6 -5 -8 25 16 17 24 20 -20 21 -10 -9 -1 -2 26 -15 28 -16 -30
right_child=1 2 5 12 11 -7 13 22 18 10 -12 -13 -14 14 27 -17 -18 -19 19 -21 -22 -23 -24 -25 -26 -27 -28 -29 29 -31
leaf_value=-0.0011364720263566535 0.042506035371477104 -0.004650994931292487 0.0025497381316088169 -0.024191821738617215 -0.0078296685762708693 0.0065291170144326912 0.00028496923029927443 -0.03053570501945754 0.015906252070506499 0.00073999942305927487 -0.016108671796046276 -0.039267709665917305 -0.044889740356673057 0.14362261026251966 0.0071193516069122864 0.029747891833315856 -0.074153938255416718 0.087344846509845087 0.0088009650659047513 -0.03708440461184722 -0.064979394739030041 -0.053347110892128069 -0.016036372830875518 -0.014235581113902569 -0.076914938892210488 0.045801136239770689 -0.022500000526336866 -0.025160501383263412 -0.0062438084327884865 0.057499264649492378
leaf_weight=889.59295698255301 7.4266914725303677 3064.2884183600545 1759.5915190801024 482.41162932664156 180.945835493505 23335.77873467654 2424.1154230684042 628.47255325317383 40.759170047938824 966.15573658049107 1192.8680741339922 328.38422073423862 813.2906694188714 4.9304972290992728 2502.8613261282444 9.3860854431986791 310.18527446687222 6.8798045217990866 70.704174235463142 130.65098284184933 149.8353021889925 56.952678374946117 1197.3062713742256 930.06720723211765 19.941006064414978 121.35840232670307 41.511110387742519 68.93140584975481 33.562243953347206 57.024783045053482
leaf_count=7638 60 23804 12402 5816 1837 148047 17025 6651 490 6584 9072 3681 10289 36 17289 127 5278 71 855 1659 2118 689 12149 8196 326 834 291 489 234 392
internal_value=-0.000167067 0.00257946 0.00375501 -0.0206696 -0.00812471 0.00506092 0.00132584 -0.0146105 -0.0502611 -0.00356977 -0.00852944 -0.0290236 -0.0377167 0.00497696 0.00896309 -0.0659643 -0.0685725 -0.0180208 -0.037884 -0.0223768 -0.0504977 -0.0282908 -0.0212824 -0.00791618 -0.044508 0.0345083 -0.00400182 0.00738673 0.00825181 0.0395408
internal_weight=41826.2 36885 36082.3 4941.14 3573.62 32508.7 9172.91 3645.44 802.721 3918.62 2159.02 509.33 1295.7 5254.3 2830.18 353.819 344.433 34.2475 448.902 201.355 247.547 97.7118 1825.78 1819.66 27.3677 167.8 46.4416 2662.38 2593.45 90.587
internal_count=304429 253690 242017 50739 29322 212695 64648 34634 11673 28058 15656 5518 16105 36590 19565 5862 5735 457 5811 2514 3297 1179 18800 15834 386 1161 327 18404 17915 626
cat_boundaries=0 1 2 3 4 5 6 7 8 9 10
cat_threshold=7291397 9569038 3511 5755401 171027 30427824 21891344 11594138 16787474 8399108
is_linear=0
shrinkage=0.1


Tree=14
num_leaves=31
num_cat=8
split_feature=1 2 2 2 1 2 2 4 0 2 0 3 0 0 0 3 0 2 0 3 3 0 4 4 2 2 4 4 3 1
split_gain=194.382 194.497 45.4981 44.2665 21.9671 14.5727 14.3333 14.9936 14.9748 13.8076 13.4985 10.1981 9.6614 9.45221 9.39756 8.65505 8.47998 8.31123 9.98403 8.22855 9.46506 9.33636 8.11429 9.65858 7.67079 10.0862 9.45225 13.3898 9.06626 8.30574
threshold=1.5000000000000002 2.4450000000000007 4.0150000000000006 6.2550000000000008 5.5000000000000009 1.5450000000000002 4.9250000000000007 0.35305000000000003 0 4.8450000000000006 1 0.15500000000000003 2 3 4 4.705000000000001 5 2.9150000000000005 6 1.7250000000000003 0.17500000000000002 7 0.44295000000000001 0.46685000000000004 4.5650000000000004 4.6050000000000013 0.51075000000000015 0.37895000000000006 0.12500000000000003 4.5000000000000009
decision_type=2 2 2 2 2 2 2 2 9 2 9 2 9 9 9 2 9 2 9 2 2 9 2 2 2 2 2 2 2 2
left_child=3 5 4 9 -3 19 7 8 -4 17 24 12 -5 -13 -6 -15 22 -1 -19 20 21 -2 -7 -24 -9 26 27 29 -27 -26
right_child=1 2 6 11 14 16 -8 10 -10 -11 -12 13 -14 15 -16 -17 -18 18 -20 -21 -22 -23 23 -25 25 28 -28 -29 -30 -31
leaf_value=-0.042196012170654468 0.033235506813579591 -0.0042001778062922025 -0.0085837073102547137 -0.021587857468017925 -0.0097951994228847161 -0.022025102871225458 0.0057696407121667773 -0.010122080911751687 0.0023870766546088243 -0.018593189734824715 0.010559493106659058 -0.040773326516191866 -0.048893370898792657 -0.011725096532939612 -0.038808941584788564 0.20060014102170773 -0.044509863100559328 -0.016256372636389904 0.0012988777019387638 0.0026556834766327166 -0.072877519783262068 -0.051814155749924554 0.14567038202967392 -0.0041022792846320934 0.067514187075973814 0.14245300026033147 0.16603685342367988 -0.0050907845241139407 0.00025592656399358622 0.2524838759057455
leaf_weight=61.065022252500057 16.045963227748871 3054.4154685139656 2222.7608987167478 239.79067884385586 222.03900187462568 118.25470788404346 24282.969684325159 633.72971504926682 2805.2433331459761 2090.4295814409852 2243.4576078131795 168.6781115308404 576.5928845256567 269.50267599523067 275.99385379254818 1.9336193948984135 298.35468513891101 474.69860471785069 978.96491215378046 17.973921976983547 282.27226892486215 17.570376962423325 6.6409129500389126 12.244980528950689 7.9004352986812574 4.5387238562107077 6.2822917848825446 26.701525129377842 370.55387896299362 3.5044151321053505
leaf_count=566 195 23804 16005 2999 2288 1573 153721 4555 19958 21463 15561 2116 7708 3258 3230 24 4010 4190 8415 247 5158 262 81 147 53 31 45 187 2552 27
internal_value=-0.000161832 0.00231269 0.00337126 -0.0189585 -0.0073755 -0.0474405 0.00454207 0.000961274 -0.00247517 -0.0133252 0.00620246 -0.0351217 -0.0417364 -0.0228517 -0.0268496 -0.00984969 -0.0353902 -0.00605494 -0.00453674 -0.0631591 -0.0669039 -0.0167444 -0.0114681 0.0485628 -0.00314887 0.00731081 0.0523863 0.0336497 0.00197655 0.124351
internal_weight=41791.1 36929.4 36160.1 4861.66 3552.45 769.358 32607.6 8324.67 5028 3605.16 3296.67 1256.5 816.384 440.114 498.033 271.436 435.495 1514.73 1453.66 333.863 315.889 33.6163 137.141 18.8859 1053.21 419.481 44.3887 38.1064 375.093 11.4049
internal_count=304429 253690 242017 50739 29322 11673 212695 58974 35963 34634 23011 16105 10707 5398 5518 3282 5811 13171 12605 5862 5615 457 1801 228 7450 2895 312 267 2583 80
cat_boundaries=0 1 2 3 4 5 6 7 8
cat_threshold=2263867 22123648 1574278 8136200 9573135 16828435 21956096 8487704
is_linear=0
shrinkage=0.1


Tree=15
num_leaves=31
num_cat=12
split_feature=1 2 2 2 1 2 0 0 4 3 0 0 0 2 0 2 3 0 3 2 0 2 1 0 0 0 2 1 0 1
split_gain=160.263 165.139 38.4117 31.218 27.8432 21.984 13.921 12.8075 15.2454 12.3736 23.8027 11.1386 9.43814 10.0622 13.8429 15.4352 9.38746 13.0071 9.01153 8.66813 10.3315 8.6485 8.55807 9.52901 8.30454 8.29294 7.88512 18.2256 16.7952 15.8535
threshold=1.5000000000000002 2.7350000000000008 6.2550000000000008 4.4250000000000007 4.5000000000000009 1.7050000000000003 0 1 0.34945000000000004 0.18500000000000003 2 3 4 4.4050000000000011 5 4.245000000000001 0.14500000000000005 6 1.4950000000000003 4.3650000000000011 7 4.3850000000000007 5.5000000000000009 8 9 10 5.6050000000000013 4.5000000000000009 11 3.5000000000000004
decision_type=2 2 2 2 2 2 9 9 2 2 9 9 9 2 9 2 2 9 2 2 9 2 2 9 9 9 2 2 9 2
left_child=2 5 9 4 7 11 -6 -3 -9 12 -11 -2 -1 14 -14 -16 -4 -18 26 -10 21 -21 25 -24 -20 -7 27 28 -5 -28
right_child=1 3 16 18 6 22 -8 8 19 10 -12 -13 13 -15 15 -17 17 -19 24 20 -22 -23 23 -25 -26 -27 29 -29 -30 -31
leaf_value=-0.024958369915396808 -0.011990310942106659 0.0078229376805940606 -0.042957154588518315 -1.6806402214166444e-05 0.0023905643682345795 -0.0020457806004318419 -0.016000073537119928 -0.0094758651583527684 0.0087897008338560546 0.024961733820956844 -0.013219163882928046 -0.064279379843781889 -0.019806072955626114 -0.015065959838237093 0.0033658373568680681 0.0605193019011264 -0.0091717684730638661 -0.037282886234135747 0.0084537174182828436 -0.04583263985745898 -0.048941697547299608 0.054374955982664001 -0.0068576121393275572 -0.061567030552812707 -0.043289118308300553 -0.031094371166515068 0.0023940512871005286 -0.0024136619901714436 0.0094426203653406992 0.008633773861086427
leaf_weight=726.15649342536926 68.367191486060619 1921.8071713149548 514.28182989358902 3141.7101739794016 537.60431129485369 187.71712659299374 1788.2689651250839 1498.48823415488 989.36652977019548 236.78370738774538 472.5668039098382 322.25870627164841 169.30001921951771 1695.6534191593528 206.66782823204994 61.259156726300716 320.38951294124126 386.53993266820908 53.365188360214233 13.034313991665838 48.975163191556931 25.38906829059124 61.694602679461241 104.81605803221464 65.152661085128784 218.50033181905746 6856.3514657765627 4366.0257755592465 4674.4131809771061 10026.434790551662
leaf_count=7333 1192 13548 7026 20550 4336 2115 15608 11151 7166 2146 4322 5839 1502 17042 1768 521 4016 5063 407 87 330 168 867 1474 500 2486 43889 30480 30116 61381
internal_value=-0.000158367 0.00207143 -0.0173696 0.00316465 -0.00292505 -0.0387886 -0.0118078 0.00166908 -0.00294225 -0.0121307 -0.000308706 -0.0570803 -0.0150639 -0.0115242 0.00194806 0.0158422 -0.0326778 -0.0251997 0.00458838 0.00612299 -0.0240646 0.0161726 -0.0263128 -0.0454057 -0.0229301 -0.0184866 0.00470059 0.00276159 0.00565244 0.00609973
internal_weight=41759.3 36969.7 4789.6 36006.4 6822.93 963.354 2325.87 4497.06 2575.25 3568.39 709.351 390.626 2859.04 2132.88 437.227 267.927 1221.21 706.929 29183.5 1076.77 87.3985 38.4234 572.728 166.511 118.518 406.217 29064.9 12182.1 7816.12 16882.8
internal_count=304429 253690 50739 239717 52394 13973 19944 32450 18902 34634 6468 7031 28166 20833 3791 2289 16105 9079 187323 7751 585 255 6942 2341 907 4601 186416 81146 50666 105270
cat_boundaries=0 1 2 3 4 5 6 7 8 9 10 11 12
cat_threshold=10485797 14108162 7602233 38936 21234448 597025 25180567 17309848 29479170 22480020 29829649 177183
is_linear=0
shrinkage=0.1


Tree=16
num_leaves=31
num_cat=8
split_feature=2 1 2 2 1 0 3 0 0 2 1 0 4 3 0 1 3 4 0 3 4 3 0 4 4 4 0 3 2 3
split_gain=134.48 140.37 36.9539 34.2443 13.5208 21.2758 13.6965 12.822 11.9503 11.93 18.5819 11.4105 10.6673 9.71093 10.6695 9.33059 8.98013 8.84462 8.80747 8.75684 8.59193 8.47714 9.58746 8.37557 8.27722 11.1281 8.20055 8.81452 8.18012 10.2128
threshold=2.2850000000000006 1.5000000000000002 3.7850000000000006 5.5850000000000009 4.5000000000000009 0 0.15500000000000003 1 2 5.1250000000000009 5.5000000000000009 3 0.29425000000000007 0.21500000000000002 4 5.5000000000000009 1.9200000000000002 0.29525000000000007 5 0.12500000000000003 0.32305 0.21500000000000002 6 1.0000000180025095e-35 0.33265000000000006 0.32095000000000007 7 0.19500000000000003 2.4450000000000007 0.19500000000000003
decision_type=2 2 2 2 2 9 2 9 9 2 2 9 2 2 9 2 2 2 9 2 2 2 9 2 2 2 9 2 2 2
left_child=15 3 4 21 7 -6 18 17 -5 10 -4 -12 -8 14 -14 -1 -17 23 20 -10 -7 -2 -23 -3 25 -16 -19 -28 29 -26
right_child=1 2 9 8 5 6 12 -9 19 -11 11 -13 13 -15 24 16 -18 26 -20 -21 -22 22 -24 -25 28 -27 27 -29 -30 -31
leaf_value=-0.034739147667555099 -0.0087615769220797373 0.030361665170215296 0.0025310378322513562 -0.015660461019732733 -0.043515804617516238 0.17515007030445273 -0.032780840405559564 -0.013309556553692384 -0.065832743002373378 0.0048474432395448786 0.0046234091702184064 -0.013903095599096728 0.019394688539330997 -0.040414677600815532 -0.0087341913041129957 -0.062139498878511883 0.041003197914333975 0.023871285635804682 -0.013782870259311167 -0.029556972921394826 0.051214659216073724 -0.019704264689722611 0.051098105685106969 -0.017001414459606779 -0.033874108227141354 0.10901761580455203 0.010372998977180364 -0.033009848000288861 -0.03743187557059835 0.2077400470759313
leaf_weight=351.99786370620131 2466.4528612941504 44.527996934950352 9985.3838023170829 920.32156340777874 247.87003993242979 9.6772355139255541 185.83612383157015 712.36873231828213 70.519713342189789 22357.80742251873 455.87129767239094 1208.0685723423958 175.19146580994129 60.854071922600269 31.491352558135986 278.92872612923384 8.7046546936035138 282.65125551819801 20.221193864941597 1180.5886752456427 13.256116688251494 27.261288575828075 40.245791502296925 231.18176800757647 3.9358495101332656 10.770791061222551 172.4708768799901 64.292705111205578 106.92697068303823 3.1492597311735153
leaf_count=5411 22441 351 68362 11134 2553 92 1869 5673 997 140058 3719 10449 1693 639 315 5172 123 2148 189 15374 123 241 354 1832 48 106 1362 529 1033 39
internal_value=-0.000157264 0.000551026 0.00265295 -0.0157018 -0.0094023 -0.0193355 -0.00884606 -0.00367509 -0.0249174 0.00349546 0.000900685 -0.00888314 -0.0130448 -0.00369618 0.003045 -0.0456571 -0.0590181 0.00506038 0.0453565 -0.0313511 0.0720812 -0.00780468 0.0271565 -0.00935213 -0.0155311 0.0212756 0.0128081 -0.00135049 -0.0305369 0.073521
internal_weight=41728.8 41089.2 36383.8 4705.39 2376.67 869.18 621.31 1507.49 2171.43 34007.1 11649.3 1663.94 578.156 392.32 331.466 639.631 287.633 795.125 43.1545 1251.11 22.9334 2533.96 67.5071 275.71 156.274 42.2621 519.415 236.764 114.012 7.08511
internal_count=304429 293723 243182 50541 20594 8699 6146 11895 27505 222588 82530 14168 5742 3873 3234 10706 5295 6222 404 16371 215 23036 595 2183 1541 421 4039 1891 1120 87
cat_boundaries=0 1 2 3 4 5 6 7 8
cat_threshold=6046080 14010772 1060263 149766 19083781 2133530 21530804 4489492
is_linear=0
shrinkage=0.1


Tree=17
num_leaves=31
num_cat=8
split_feature=2 1 2 2 3 1 3 0 2 1 0 4 4 4 0 4 4 4 0 0 2 0 2 3 0 3 2 2 0 2
split_gain=114.157 115.604 30.7579 26.6501 12.0327 11.5803 11.2226 20.1732 9.87 14.4081 15.5772 13.9298 10.8597 10.7345 10.3547 9.11426 9.01691 13.5209 10.8991 8.532 8.77929 10.9505 11.5196 8.41635 9.14105 8.3486 9.15185 8.32178 8.09585 8.09542
threshold=2.4450000000000007 1.5000000000000002 6.2550000000000008 3.7850000000000006 0.20500000000000004 5.5000000000000009 0.18500000000000003 0 4.9250000000000007 3.5000000000000004 1 0.31345000000000006 0.65415000000000012 0.24494999999999997 2 0.48640000000000005 0.36085000000000006 0.30020000000000008 3 4 4.4050000000000011 5 4.285000000000001 0.15500000000000003 6 0.16500000000000004 3.8450000000000002 3.9850000000000008 7 3.9050000000000007
decision_type=2 2 2 2 2 2 2 9 2 2 9 2 2 2 9 2 2 2 9 9 2 9 2 2 9 2 2 2 9 2
left_child=4 2 6 5 -1 -3 19 -8 9 12 13 -12 14 -11 -5 16 17 -15 25 -2 21 -21 -23 24 -4 -19 -27 -17 -25 -13
right_child=1 3 23 8 -6 -7 7 -9 -10 10 11 29 -14 15 -16 27 -18 18 -20 20 -22 22 -24 28 -26 26 -28 -29 -30 -31
leaf_value=-0.026043278058251629 -0.021979616668649803 -0.0051478781780127016 -0.013394630523796164 -0.0032168335079704245 -0.05206032654757077 -0.025613766080999981 0.02500273258097023 -0.01049747280727442 0.0042020517107835007 -0.013373461721833456 -0.01553385310685898 -0.029670690777147169 0.080752744606059718 0.017463726780946716 0.0075352176512512824 0.046913306415795664 0.018226494177066573 -0.018200366731641781 -0.018871705802552926 -0.016254855512141033 -0.012424813675513152 0.0064415589266983838 0.059747130210562008 -0.032355663041025204 -0.041148097510850093 0.1138705023224611 0.013602655437566386 -0.03697600576466209 -0.0039022702325513005 -0.00061285107615426213
leaf_weight=336.06908560171723 701.24278318881989 1946.4731544107199 192.6235096976161 1267.349415615201 377.38620525598526 322.24909044057131 234.72448445856571 453.17954769730568 24504.758093893528 308.60759132355452 1277.4579426646233 101.09284354001284 18.694835245609283 389.9666481167078 3024.7865211069584 13.987439930438994 608.98509288579226 90.13766036182642 318.77800050377846 163.4666789919138 1656.8774161636829 216.17105163633823 49.899088084697723 178.06842710077763 555.64685250818729 9.5177476257085782 208.90839070826769 76.490321531891823 237.11567202955484 1858.1498773917556
leaf_count=5078 7305 15567 2531 8688 6863 3862 2093 4193 153721 2356 10083 890 125 2919 20329 115 4451 656 2357 1477 17042 1847 409 2392 8176 80 1541 548 3006 13729
internal_value=-0.00014804 0.000542293 -0.0143236 0.00243968 -0.0398051 -0.00805485 -0.00961242 0.00182666 0.00313835 0.000415479 -0.00309594 -0.00738661 0.00470174 0.00377867 0.00437049 0.00688396 0.00860256 0.00284145 -0.00624801 -0.0124352 -0.00907848 0.00361815 0.0158431 -0.0283971 -0.0347326 0.0071727 0.0179717 -0.0240071 -0.016979 -0.00211218
internal_weight=41698.9 40985.4 4639.02 36346.4 713.455 2268.72 3475.56 687.904 34077.7 9572.91 5262.08 3236.7 4310.83 2025.38 4292.14 1716.77 1626.29 1017.31 627.342 2787.66 2086.41 429.537 266.07 1163.45 748.27 308.564 218.426 90.4778 415.184 1959.24
internal_count=304429 292488 50471 242017 11941 19429 34366 6286 222588 68867 39725 24702 29142 15023 29017 12667 12004 7553 4634 28080 20775 3733 2256 16105 10707 2277 1621 663 5398 14619
cat_boundaries=0 1 2 3 4 5 6 7 8
cat_threshold=7602233 5070855 4294677 4718598 21234448 597025 525702 8136328
is_linear=0
shrinkage=0.1


Tree=18
num_leaves=31
num_cat=9
split_feature=2 1 2 2 4 0 1 3 0 1 0 3 2 4 0 1 2 2 1 0 4 0 2 1 0 2 0 3 0 4
split_gain=97.2839 95.0291 26.5248 26.0394 10.1908 14.1444 10.8183 9.22015 15.8337 8.85988 16.0405 9.67059 8.97274 8.76078 11.7192 8.86527 8.6359 8.5186 23.2455 16.3734 13.2445 14.3822 12.4899 12.11 16.0383 11.5674 11.4569 13.6834 9.57287 8.9943
threshold=2.0750000000000006 1.5000000000000002 3.7850000000000006 6.2550000000000008 0.30335000000000001 0 5.5000000000000009 0.18500000000000003 1 4.5000000000000009 2 0.16500000000000004 1.5450000000000002 1.0000000180025095e-35 3 2.5000000000000004 3.2650000000000001 5.6050000000000013 4.5000000000000009 4 0.42430000000000007 5 4.6050000000000013 3.5000000000000004 6 6.6250000000000009 7 0.17500000000000002 8 0.27075000000000005
decision_type=2 2 2 2 2 9 2 2 9 2 9 2 2 2 9 2 2 2 2 9 2 9 2 2 9 2 9 2 9 2
left_child=9 3 4 7 6 -6 13 -2 -9 10 11 -1 -13 14 15 16 -3 18 28 -20 -21 22 -22 24 -19 -26 27 -25 -4 -30
right_child=1 2 17 -5 5 -7 -8 8 -10 -11 -12 12 -14 -15 -16 -17 -18 23 19 20 21 -23 -24 26 25 -27 -28 -29 29 -31
leaf_value=0.11784281377066241 -0.011433690107227147 0.025637062003210666 0.0080387509522147054 -0.026285405337168801 0.016899342389037026 -0.0076001406475501498 -0.042304053662009317 0.018980798063790327 -0.011149975582061478 -0.051121665356269441 -0.045302371521945765 -0.075628542414336031 0.035498159409068919 -0.016019580383390974 -0.014297346684894449 0.03678075174965377 0.22663641292648462 -0.0073016784728240254 -0.011853143365607877 -0.0025458300806157053 0.0043529672344716263 -0.0048132248163596583 0.045556728719031346 0.0087537137708159907 0.0072476850227474431 -0.002666007931350784 0.0039312895119052648 0.027447893484983683 -0.0046841501249139644 0.0037211472440702165
leaf_weight=9.8201752081513387 2764.9392248615623 3.5024919435381872 3758.0375770926476 1136.5528303869069 281.16844406351447 1234.0552555397153 136.83351355418563 288.79248456656933 409.20036896318197 384.2513729184866 76.73494790121913 9.8438188023865205 27.744658194482327 665.85334552824497 61.264584988355637 34.440814323723316 5.4851001501083374 1683.5852093994617 1764.6337291374803 3652.26634798944 123.35960783064365 232.51778991520405 182.26312765479088 3445.6821727305651 3478.7942830920219 1778.7835224270821 6314.4492586776614 441.74195905774832 1644.1916283145547 5640.6465554609895
leaf_count=95 28123 29 24493 16105 2433 10983 1763 2564 3820 7692 1161 189 384 5646 529 285 40 10949 13088 26654 978 1674 1236 20767 21877 11327 38483 2701 11100 37261
internal_value=-0.000141614 0.000395354 0.00209949 -0.0131517 -0.00801161 -0.00299259 -0.0163928 -0.00884112 0.00142873 -0.0436181 -0.0203929 0.0243456 0.00639586 -0.0117915 0.0150992 0.0486572 0.148306 0.00281697 0.00123064 -0.00380519 -0.000386879 0.0142584 0.028009 0.00438986 0.00116766 0.00388622 0.00658219 0.0108501 0.00394629 0.00182157
internal_weight=41671.4 41163 36563.6 4599.48 2422.6 1515.22 907.38 3462.93 697.993 508.395 124.144 47.4087 37.5885 770.546 104.693 43.4284 8.98759 34141 16997.9 5955.04 4190.41 538.141 305.623 17143 6941.16 5257.58 10201.9 3887.42 11042.9 7284.84
internal_count=304429 294908 244296 50612 21708 13416 8292 34507 6384 9521 1829 668 573 6529 883 354 69 222588 116484 43630 30542 3888 2214 106104 44153 33204 61951 23468 72854 48361
cat_boundaries=0 1 2 3 4 5 6 7 8 9
cat_threshold=20971540 15991353 30048920 15995424 29628544 2197298 8470563 4702339 32064000
is_linear=0
shrinkage=0.1


Tree=19
num_leaves=31
num_cat=7
split_feature=2 1 2 2 3 0 2 0 2 4 0 0 3 1 1 0 1 3 3 0 3 1 4 2 0 3 3 2 1 1
split_gain=83.349 77.3341 23.761 17.9119 13.6267 13.5188 12.9712 11.7717 11.6919 17.4814 15.8607 14.0014 10.1887 9.27205 8.95131 8.79775 8.66209 8.45197 9.79907 8.16737 7.91947 8.68583 7.7196 11.3559 9.66595 10.4256 6.82183 6.80579 6.70883 6.40062
threshold=2.9150000000000005 1.5000000000000002 5.0650000000000004 1.5450000000000002 0.22500000000000003 0 6.9750000000000005 1 4.8850000000000007 0.35305000000000003 2 3 0.12500000000000003 4.5000000000000009 5.5000000000000009 4 2.5000000000000004 1.5250000000000001 0.18500000000000003 5 4.7750000000000012 5.5000000000000009 0.34675000000000006 3.1750000000000003 6 0.20500000000000004 4.705000000000001 4.6850000000000014 4.5000000000000009 4.5000000000000009
decision_type=2 2 2 2 2 9 2 9 2 2 9 9 2 2 2 9 2 2 2 9 2 2 2 2 9 2 2 2 2 2
left_child=3 2 -2 7 8 13 15 17 9 11 12 16 -11 -6 22 -4 -3 18 -1 28 21 -7 -13 -24 25 29 -8 -18 -5 -25
right_child=1 4 6 19 5 20 26 -9 -10 10 -12 14 -14 -15 -16 -17 27 -19 -20 -21 -22 -23 23 24 -26 -27 -28 -29 -30 -31
leaf_value=0.039043417904754858 -0.002448660464505439 0.0012337062747407312 -0.0079302992736503472 -0.019594980212284858 0.032687503322409793 -0.029810971165473606 -0.03808708927571889 -0.063393858415161958 0.0035077797490525803 0.12164744153080249 0.009388068325109784 0.0030679943164285696 -0.003537334355562618 -0.024138720866167342 -0.011947360511773503 -0.020184560454310763 -0.0097860484102790714 0.072079859000111587 -0.04608348693735196 -0.011151129407341785 0.028777688125147801 -0.082902125415896727 0.15729525661754043 0.0094478533864323314 -0.042281498329527531 0.14562294600865841 0.10856770088877205 -0.025025534399254746 -0.049232842161691388 -0.054417243968961117
leaf_weight=17.80621874704957 1701.1798830926418 598.04949460923672 1073.2113560773432 157.54665375128388 70.273945450782776 143.03666546940804 310.59199087321758 184.99017002806067 24834.306981988251 6.5268497914075843 2622.949979506433 3293.1385329291224 1676.783800676465 48.549754500389099 535.80456884950399 1416.2985281161964 1666.5550516620278 10.061836343258618 56.206195376813412 466.49114534258842 17.719635970890522 39.277069449424744 3.6394738033413878 71.758663564920425 89.915600314736366 4.8701007887721053 3.204542063176631 355.57135666906834 148.23802138119936 20.084874764084816
leaf_count=258 15268 4219 12509 1732 498 1101 4745 4180 155099 43 18705 23457 12350 419 5076 17611 13196 175 1294 5832 121 399 29 496 623 34 40 2563 2206 151
internal_value=-0.000133816 0.000582634 -0.011772 -0.0280692 0.00212427 -0.018457 -0.0174298 -0.0502886 0.00230768 -0.000415199 0.00454709 -0.0036337 -0.00303392 0.00873404 8.53693e-05 -0.0150148 -0.00930338 -0.0124339 -0.0256033 -0.0203279 -0.033377 -0.0412488 0.00193644 -0.0176482 -0.0210598 0.00275691 -0.0365894 -0.0124658 -0.0328873 -0.00451853
internal_weight=41644.6 40603.3 4504.49 1041.34 36098.8 318.857 2803.31 269.064 35780 10945.6 4306.26 6639.39 1683.31 118.824 4019.21 2489.51 2620.18 84.0743 74.0124 772.276 200.033 182.314 3483.41 190.269 186.629 96.7136 313.797 2022.13 305.785 91.8435
internal_count=304429 288752 50173 15677 238579 2538 34905 5907 236041 80942 31098 49844 12393 917 29866 30120 19978 1727 1552 9770 1621 1500 24790 1333 1304 681 4785 15759 3938 647
cat_boundaries=0 1 2 3 4 5 6 7
cat_threshold=14697612 1086748 26334592 2132667 9507239 8127788 17847552
is_linear=0
shrinkage=0.1


Tree=20
num_leaves=31
num_cat=9
split_feature=2 1 2 2 3 3 0 0 4 1 1 3 0 3 0 0 4 4 2 4 4 4 2 0 0 4 0 2 1 0
split_gain=71.2759 63.8355 19.5553 18.579 9.83261 9.52608 8.407 8.38514 11.1099 8.63627 7.99531 9.85962 9.50674 7.80898 12.821 8.01556 7.76494 8.47308 7.65776 9.87881 9.62711 6.89027 9.53233 25.6761 9.23135 11.8012 15.1713 9.56758 11.5721 10.3651
threshold=2.0750000000000006 1.5000000000000002 6.3450000000000006 4.1050000000000013 0.30500000000000005 2.1350000000000002 0 1 0.35815000000000002 5.5000000000000009 5.5000000000000009 1.9200000000000002 2 0.18500000000000003 3 4 0.51735000000000009 0.34075000000000005 6.0550000000000006 0.35165000000000002 0.27555000000000007 0.32095000000000007 4.1850000000000014 5 6 0.31830000000000008 7 5.6050000000000013 4.5000000000000009 8
decision_type=2 2 2 2 2 2 9 9 2 2 2 2 9 2 9 9 2 2 2 2 2 2 2 9 9 2 9 2 2 9
left_child=10 2 13 4 7 -6 -4 8 -3 -9 12 -12 -1 15 18 -2 17 -16 -15 20 -20 24 23 -23 -5 27 -27 28 -26 -30
right_child=1 3 6 21 5 -7 -8 9 -10 -11 11 -13 -14 14 16 -17 -18 -19 19 -21 -22 22 -24 -25 25 26 -28 -29 29 -31
leaf_value=-0.0031099176954716224 -0.023635302769412177 -0.0048252569732975493 -0.010542482997031231 -0.0025985430417360743 -0.10063230807750555 0.0056772097164828781 -0.030619046911297128 -0.0055086529287602225 0.011695992758034086 -0.022985906233593673 -0.056538539557564806 0.057498596633042076 -0.043115803490722207 -0.018890649551920685 0.002244451670477422 -0.0076509631804307192 -0.070117754802726334 0.030365322971151482 0.048612197385032634 -0.065577388009164461 0.38006664950279695 0.044122923615208913 0.0034596374111734393 -0.0083937436557736996 0.0037953644749935491 -0.059950828617222146 -0.0037911625696925287 0.0065816985462133623 0.00076956250190123867 -0.016274197055531688
leaf_weight=116.11923195421696 358.95076821744442 1100.4107397980988 370.30344825237989 5004.6997432559729 20.696768015623093 14.220108486711977 606.94915093109012 2182.1988816075027 645.95792537555099 324.82020619139075 214.49310807883739 7.8595282584428778 135.29300845786929 247.93386699259281 246.89865417778492 2470.0479021556675 11.13510639220476 189.29912181943655 1.891449369490146 2.2627703174948692 1.6327099427580831 188.50192249566317 18120.822511792183 175.14199706912041 2665.0929598286748 55.379874505102634 203.72769543528557 4511.835986956954 755.00188134610653 671.76967862248421
leaf_count=2054 3927 9191 5143 32451 259 146 9344 17655 5169 3962 4841 117 2509 2362 2226 25742 99 1698 23 28 20 1328 115516 1274 17522 350 1312 27710 5497 4954
internal_value=-0.000128045 0.000315995 -0.010914 0.00169745 -0.00448754 -0.0573371 -0.0234328 -0.00405369 0.00127841 -0.0077422 -0.038694 -0.0525077 -0.026477 -0.00744834 0.00199982 -0.00978969 0.0120733 0.0144482 -0.0156208 0.0974782 0.202172 0.00251729 0.00378133 0.0198118 0.000832395 0.0027696 -0.0182544 0.00340598 -9.5687e-05 -0.00736385
internal_weight=41621.3 41147.6 4507.3 36640.3 4288.3 34.9169 977.253 4253.39 1746.37 2507.02 473.765 222.353 251.412 3530.05 701.054 2829 447.333 436.198 253.721 5.78693 3.52416 32352 18484.5 363.644 13867.5 8862.81 259.108 8603.7 4091.86 1426.77
internal_count=304429 294908 50612 244296 36382 405 14487 35977 14360 21617 9521 4958 4563 36125 6456 29669 4023 3924 2433 71 43 207914 118118 2602 89796 57345 1662 55683 27973 10451
cat_boundaries=0 1 2 3 4 5 6 7 8 9
cat_threshold=10679 6456071 10391192 17480708 4456464 25658407 9570862 20975616 386305
is_linear=0
shrinkage=0.1


Tree=21
num_leaves=31
num_cat=6
split_feature=2 1 2 2 3 0 3 2 2 0 0 1 0 3 4 2 0 2 0 2 4 4 3 2 4 4 2 4 3 3
split_gain=60.32 51.6744 18.5619 14.5523 11.383 11.3816 11.3133 9.62466 8.88402 8.35837 8.24687 8.03446 9.68591 13.2739 8.73817 11.7015 7.68101 8.78928 7.3929 6.96624 6.45711 6.44085 9.56699 10.102 8.31942 6.92704 6.55888 7.79143 6.3105 8.79429
threshold=2.9150000000000005 1.5000000000000002 5.4750000000000005 1.5450000000000002 1.3350000000000002 0 2.4900000000000007 4.6650000000000009 6.9750000000000005 1 2 5.5000000000000009 3 0.20500000000000004 0.36155000000000004 4.6250000000000009 4 3.1750000000000003 5 3.2650000000000001 0.32815000000000005 0.34475000000000006 0.17500000000000002 6.5650000000000004 0.38175000000000003 0.33555000000000001 5.5550000000000006 0.41470000000000001 1.4450000000000001 0.18500000000000003
decision_type=2 2 2 2 2 9 2 2 2 9 9 2 9 2 2 2 9 2 9 2 2 2 2 2 2 2 2 2 2 2
left_child=3 2 16 5 7 28 -6 11 9 -4 -8 -3 13 14 -13 -16 -2 -18 -5 -19 -14 25 -23 24 -24 -11 27 -26 29 -1
right_child=1 4 8 18 6 -7 10 -9 -10 21 -12 12 20 -15 15 -17 17 19 -20 -21 -22 22 23 -25 26 -27 -28 -29 -30 -31
leaf_value=0.038067411624196648 -0.016409436887305649 0.00015628988110302756 -0.0036222745288400971 -0.033087299785590475 -0.082448530762906577 -0.058948501106039192 0.015710685902517899 0.0027707205135391023 -0.032401110580350334 -0.014982638144804931 -0.035170915320056513 -0.0041297983189076725 -0.027016170986629007 -0.055328487032518116 0.019367074395332879 0.17184691069437463 0.061079189819567371 -0.075415029061844427 -0.010557766071475148 -0.0010461209282214693 -0.0072655625501236304 -0.031397036454381459 -0.049422234929861156 0.10827445607886239 0.28325829892907528 0.021713758564170363 0.0088058618466083198 0.015139741182717251 0.053919166171106807 -0.043751880892059419
leaf_weight=17.887354850769043 368.78671427816153 7760.4475334361196 583.49455235898495 210.37632766738534 28.907217346131802 168.04369975626469 54.037933893501759 27097.961815468967 298.02820837125182 653.84729858860373 57.391051419079304 302.82880818098783 320.63210142403841 37.837373808026314 172.02826981246471 5.1845479607582083 22.679530948400497 12.681253708899019 540.10403812676668 1862.7323098406196 342.18945102393627 492.12261077389121 26.247697897255421 8.7553508281707746 2.0194475725293151 55.832468848675489 32.846173882484436 2.3393756002187729 13.064848948270081 49.464199561625719
leaf_count=258 3558 55887 7117 2799 300 4180 404 170028 4785 8799 461 2833 3359 379 1528 41 198 113 6971 17219 3359 6752 314 119 20 752 404 23 235 1234
internal_value=-0.000123238 0.00047404 -0.00972986 -0.0243996 0.00172132 -0.0453763 -0.0267036 0.00183201 -0.0163737 -0.0138022 -0.0122421 -0.00101296 -0.00869816 0.00166426 0.00619115 0.023828 -0.00341237 -0.000796477 -0.0174549 -0.00154899 -0.0165697 -0.0182925 -0.0264096 0.00758146 -0.00631239 -0.0120956 0.0241011 0.139359 -0.00861327 -0.0220222
internal_weight=41600.8 40601.9 4422.41 998.94 36179.4 248.46 140.336 36039.1 2155.53 1857.5 111.429 8941.15 1180.7 517.879 480.042 177.213 2266.88 1898.09 750.48 1875.41 662.822 1274.01 564.331 72.208 63.4527 709.68 37.205 4.35882 80.4164 67.3516
internal_count=304429 288752 50173 15677 238579 5907 1165 237414 29085 24300 865 67386 11499 4781 4402 1569 21088 17530 9770 17332 6718 17183 7632 880 761 9551 447 43 1727 1492
cat_boundaries=0 1 2 3 4 5 6
cat_threshold=1086748 5287 24331904 2170157 17171456 7341100
is_linear=0
shrinkage=0.1


Tree=22
num_leaves=31
num_cat=9
split_feature=2 1 2 2 4 0 1 0 4 3 0 3 0 2 4 4 1 3 4 0 0 0 3 3 0 3 3 1 2 0
split_gain=52.1141 42.9683 14.517 13.3614 7.7304 11.3336 8.00026 8.79718 10.54 7.50725 11.023 7.67921 7.61009 7.85574 7.23952 14.1025 7.15458 8.58717 9.30741 8.49281 7.03813 6.97307 6.31553 8.91701 7.32341 5.85587 5.77426 5.66174 27.0859 18.3252
threshold=2.0750000000000006 1.5000000000000002 6.2550000000000008 3.7850000000000006 0.30335000000000001 0 2.5000000000000004 1 0.27915000000000006 0.14500000000000005 2 0.19500000000000003 3 6.3850000000000007 0.40215000000000006 0.36735000000000001 5.5000000000000009 1.7350000000000001 0.59760000000000013 4 5 6 1.4950000000000003 2.4900000000000007 7 0.115 0.10500000000000002 5.5000000000000009 5.9050000000000011 8
decision_type=2 2 2 2 2 9 2 9 2 2 9 2 9 2 2 2 2 2 2 9 9 9 2 2 9 2 2 2 2 9
left_child=16 2 -2 4 6 -6 7 -3 -9 12 -11 -12 13 -4 15 -15 19 20 -19 -1 -18 -8 26 -24 -25 -17 -5 -28 -29 -30
right_child=1 3 9 22 5 -7 21 8 -10 10 11 -13 -14 14 -16 25 17 18 -20 -21 -22 -23 23 24 -26 -27 27 28 29 -31
leaf_value=-0.040098490367514623 -0.0058511842599778428 -0.017212714716820472 -0.066343286151929859 -0.04324511923225708 0.01623197923509917 -0.0056971162412557024 -0.0079247586113375505 0.049891009679807571 -0.022081698629190155 0.0075259029166760624 -0.023418651902432863 0.070466244487780647 -0.040836742730234132 -0.0079927951160418936 -0.044512494750241438 -0.10757073872357413 -0.013144151553998805 -0.0010125493861009699 0.25417344234840172 -0.0020253815937323438 -0.064258365765889391 -0.028477297520009156 -0.09433386115078371 0.014686071007804358 -0.034119562499413385 0.098829031937492998 0.0025835925100157744 -0.0070295134484059446 -0.010899744026463008 0.010362447729791953
leaf_weight=117.46407159417868 3377.2121720984578 84.595282502472401 23.928347747772932 28.23753522336483 281.98178232833743 1214.7644540332258 372.49165093153715 65.627189196646214 29.490701526403427 194.94055434316397 416.80014447495341 8.8981323391199094 242.62766151130199 111.50739400833845 36.475648809224367 1.4855445027351404 58.070637878030539 10.318543098866938 1.6590810194611538 122.57916249707341 135.4282111749053 330.62613716349006 14.558976091444491 54.621940843760967 51.774716652929783 18.404162630438805 28247.36753950268 3212.7593437060714 487.88952474296093 2226.4402718544006
leaf_count=2326 34507 685 348 178 2433 10983 3541 528 245 2724 6238 117 4076 1731 565 23 1342 164 27 2237 3425 3293 134 409 420 283 180595 24641 2934 13277
internal_value=-0.000117946 0.000250484 -0.00904997 0.00137361 -0.00587276 -0.00149537 -0.0132942 0.00553527 0.024953 -0.0192891 -0.0122318 -0.0209638 -0.0293714 -0.0121075 -0.00509799 0.00584342 -0.0341356 -0.0478325 0.0343345 -0.0224111 -0.0529187 -0.0181069 0.00187598 -0.020934 -0.0108902 0.0834132 0.00195665 0.00199399 -0.000815916 0.00653868
internal_weight=41581 41135.5 4432.28 36703.2 2379.58 1496.75 882.831 179.713 95.1179 1055.07 620.639 425.698 434.429 191.801 167.873 131.397 445.52 205.476 11.9776 240.043 193.499 703.118 34323.6 120.956 106.397 19.8897 34202.7 34174.5 5927.09 2714.33
internal_count=304429 294908 50612 244296 21708 13416 8292 1458 773 16105 9079 6355 7026 2950 2602 2037 9521 4958 191 4563 4767 6834 222588 963 829 306 221625 221447 40852 16211
cat_boundaries=0 1 2 3 4 5 6 7 8 9
cat_threshold=20971540 19096118 16783635 6817702 6385959 39189 15821347 22496912 25174532
is_linear=0
shrinkage=0.1


Tree=23
num_leaves=31
num_cat=9
split_feature=2 1 2 2 2 4 4 0 0 0 4 1 4 2 2 0 1 0 0 2 0 2 4 1 4 0 4 2 0 1
split_gain=44.4004 35.134 13.2159 11.5238 8.24614 7.74678 10.2416 15.9404 9.66099 6.71547 10.4753 7.89477 6.7025 8.75667 12.7299 14.4055 12.713 12.2531 12.2073 9.06194 9.03648 8.66975 8.33625 8.29033 11.3413 19.5158 19.9528 9.97116 7.7663 13.1099
threshold=2.0750000000000006 1.5000000000000002 5.0650000000000004 3.2650000000000001 6.9750000000000005 0.53885000000000016 0.43545000000000006 0 1 2 0.28335000000000005 5.5000000000000009 0.32095000000000007 5.4050000000000011 6.9750000000000005 3 3.5000000000000004 4 5 6.8950000000000005 6 6.955000000000001 0.31525000000000009 4.5000000000000009 0.26605000000000006 7 0.25355000000000005 6.745000000000001 8 2.5000000000000004
decision_type=2 2 2 2 2 2 2 9 9 9 2 2 2 2 2 9 2 9 9 2 9 2 2 2 2 9 2 2 9 2
left_child=9 2 -2 5 -4 6 8 -8 -3 10 -1 -11 13 16 15 19 17 -5 -16 -15 -18 23 -21 28 25 26 -25 -28 29 -17
right_child=1 3 4 12 -6 -7 7 -9 -10 11 -12 -13 -14 14 18 21 20 -19 -20 22 -22 -23 -24 24 -26 -27 27 -29 -30 -31
leaf_value=-0.065390653359490111 -0.0013925374281320273 0.0013558542979314296 -0.010704182189748277 0.0092087256822211468 -0.028694264777432282 -0.067916557681739015 -0.033906723833813747 0.055494429329410122 -0.021517495906760196 -0.026686233984743676 0.0042855168775192297 -0.059116625512478205 0.0026946902813951993 -0.0024310790755440806 0.006440523594140767 0.0020288083136156556 -0.0012519662305080081 -0.0031980833052713737 -0.015548488256828788 0.022158130301486171 -0.010845473924459025 0.065036938596005053 0.16806945985636562 0.023370868401853852 -0.0067159528857346209 -0.0011634246209538564 0.087702721619331542 0.25885384940362643 0.0046713274106008713 0.023089465746033017
leaf_weight=27.396412558853626 1723.0504067614675 320.99361634999514 2391.8080967701972 1363.340111836791 285.16922425106168 22.688019119203091 24.550911329686642 46.459266312420368 436.59798470512033 169.38513593003154 101.58559220656753 134.80435375124216 20414.25383355841 3003.9041711688042 385.23538652062416 441.9824410378933 1843.1005193553865 1886.5953395664692 708.66065034270287 96.555129900574684 2118.9762087985873 26.136466339230537 4.0810464769601813 207.65646278858185 804.48574033379555 495.11721314489841 27.576978966593746 3.8833111822605124 1154.7667245864868 892.22886183857918
leaf_count=587 15707 3367 30120 9143 4785 261 263 484 4600 3401 2013 3520 132686 18532 2357 2820 13740 12772 4349 592 16292 159 25 1261 4895 3005 168 23 7128 5374
internal_value=-0.000114754 0.000220667 -0.00822369 0.00123225 -0.0126206 -0.0102669 -0.0086884 0.0276251 -0.0120921 -0.0319632 -0.00975754 -0.0397513 0.0015051 -6.52777e-05 0.00215929 0.00369464 -0.00261072 0.00202504 -0.00788792 -0.00143756 -0.00641325 0.0076098 0.0280752 0.00725604 0.00148587 0.0104725 0.033225 0.108829 0.0108232 0.0159929
internal_weight=41563 41129.9 4400.03 36729.8 2676.98 851.29 828.602 71.0102 757.592 433.171 128.982 304.189 35878.5 15464.3 8252.27 7158.37 7212.01 3249.94 1093.9 3104.54 3962.08 4053.83 100.636 4027.7 1538.72 734.234 239.117 31.4603 2488.98 1334.21
internal_count=304429 294908 50612 244296 34905 8975 8714 747 7967 9521 2600 6921 235321 102635 50688 43982 51947 21915 6706 19149 30032 24833 617 24674 9352 4457 1452 191 15322 8194
cat_boundaries=0 1 2 3 4 5 6 7 8 9
cat_threshold=13374081 12784545 8427545 10111277 11195168 1865732 6777100 5250 16884368
is_linear=0
shrinkage=0.1


Tree=24
num_leaves=31
num_cat=6
split_feature=2 1 2 2 0 1 4 4 3 0 3 0 1 3 4 4 4 0 3 4 4 2 3 0 2 3 2 4 0 3
split_gain=37.2834 28.2474 11.3907 9.41921 9.31616 9.72072 10.9682 9.22616 8.74217 7.81086 7.0575 6.7917 7.93729 7.85138 7.73132 6.95936 9.83965 7.69786 20.0748 6.7102 16.1722 25.2446 7.18892 6.70731 6.54851 7.93864 8.52465 6.35778 6.17224 11.8743
threshold=2.2850000000000006 1.5000000000000002 5.4750000000000005 4.2650000000000006 0 4.5000000000000009 0.33265000000000006 0.14335000000000003 0.18500000000000003 1 0.12500000000000003 2 5.5000000000000009 1.9200000000000002 0.27215000000000006 0.36325000000000002 0.35815000000000002 3 1.1050000000000002 0.36660000000000009 0.37755000000000005 1.7050000000000003 1.4450000000000001 4 4.1250000000000009 0.14500000000000005 4.0150000000000006 0.53885000000000016 5 0.19500000000000003
decision_type=2 2 2 2 9 2 2 2 2 9 2 9 2 2 2 2 2 9 2 2 2 2 2 9 2 2 2 2 9 2
left_child=11 2 -2 4 5 6 7 28 24 -4 -11 14 19 -14 -1 16 17 18 -16 -13 21 -21 27 -8 25 -7 -27 -22 29 -3
right_child=1 3 9 -5 -6 8 23 -9 -10 10 -12 12 13 -15 15 -17 -18 -19 -20 20 22 -23 -24 -25 -26 26 -28 -29 -30 -31
leaf_value=-0.052746749459154502 -0.0025043466048789518 -0.047861031720910774 -0.0039440593218055932 0.0018050171828110366 0.00025256072675865074 0.071063047690207798 0.019788249695750076 -0.017362379471465579 -0.034231990941639194 -0.048198652861164142 -0.015547613187244999 -0.042886040451966367 -0.065222154511940245 0.083904009230879928 0.033001298832908442 -0.020024334877200612 0.12257847925477222 -0.023782795881325258 0.483983089316118 -0.066649301531483962 -0.011068809788751433 0.36063296847051501 0.079202937127955203 -0.001776129678707601 -0.032926334304756423 -0.014135919630888172 0.031334702662836278 -0.097012955408692425 0.040181459139034703 0.074476867956940765
leaf_weight=41.327629344537854 2283.3427239060402 28.782697170972824 704.34564105048776 31138.484429076314 3683.9482605494559 14.04899290204048 216.62584044039249 546.42898844927549 228.97002207115293 69.732409752905369 1306.7643329463899 89.504813797771931 105.25519715622067 3.6530483774840823 30.128055412322286 120.19876434281468 8.1467125229537469 35.384539145976305 1.0204679705202568 2.5801304914057246 42.884975291788578 2.9794832803308964 7.0334698706865302 398.72843838483095 91.482265569269657 229.62708881497383 50.253236629068851 10.768823500722645 41.935138046741486 10.953034922480581
leaf_count=861 21456 231 9150 197975 29472 135 1556 4339 2361 1175 18760 1678 2869 56 584 2484 124 693 28 57 851 40 148 3053 783 2444 432 233 312 89
internal_value=-0.000106834 0.000224091 -0.0073814 0.00112899 -0.00266954 -0.00841988 -0.00338068 -0.0126768 -0.0187558 -0.0127331 -0.0170776 -0.0272252 -0.0380717 -0.0602201 -0.0129136 -0.00512886 0.0188457 0.00614406 0.0361654 -0.0250289 -0.000902587 0.162338 -0.0158572 0.00610798 -0.00956155 -0.00228952 -0.00597155 -0.0283186 0.0186726 -0.0112961
internal_weight=41545.3 41044.5 4364.19 36680.3 5541.78 1857.84 1243.45 628.1 614.382 2080.84 1376.5 500.866 264.66 108.908 236.206 194.879 74.6798 66.5331 31.1485 155.752 66.2469 5.55961 60.6873 615.354 385.412 293.929 279.88 53.6538 81.6709 39.7357
internal_count=304429 293723 50541 243182 45207 15735 9580 4971 6155 29085 19935 10706 5932 2925 4774 3913 1429 1305 612 3007 1329 97 1232 4609 3794 3011 2876 1084 632 320
cat_boundaries=0 1 2 3 4 5 6
cat_threshold=1849496 25767 25745689 17350672 786448 526480
is_linear=0
shrinkage=0.1


Tree=25
num_leaves=31
num_cat=7
split_feature=2 1 2 2 0 3 3 0 3 0 4 4 2 4 0 4 4 0 0 4 4 0 2 2 2 2 2 4 2 1
split_gain=31.8142 22.6614 10.7438 9.90407 10.1034 8.17537 9.45816 7.89544 7.4429 16.5282 11.6679 7.65451 7.54488 6.91697 6.88654 6.59482 9.99281 21.8105 9.08714 8.89723 8.65416 8.31458 6.57209 8.075 6.13567 6.09827 5.92542 5.90753 7.16767 10.3937
threshold=2.9150000000000005 1.5000000000000002 5.0650000000000004 1.5450000000000002 0 1.3350000000000002 2.2750000000000004 1 0.17500000000000002 2 0.5011500000000001 0.55585000000000007 7.7950000000000008 0.53885000000000016 3 0.34395000000000003 0.33805000000000002 4 5 0.33935000000000004 0.71190000000000009 6 6.7250000000000005 6.0750000000000011 6.6150000000000011 6.285000000000001 5.5550000000000006 0.32095000000000007 5.4050000000000011 3.5000000000000004
decision_type=2 2 2 2 9 2 2 9 2 9 2 2 2 2 9 2 2 9 9 2 2 9 2 2 2 2 2 2 2 2
left_child=3 2 -2 4 -1 27 -7 -8 12 24 -11 13 15 -12 -5 16 21 19 20 22 -17 -4 23 -18 -10 -25 -21 28 29 -3
right_child=1 5 8 14 -6 6 7 -9 9 10 11 -13 -14 -15 -16 18 17 -19 -20 26 -22 -23 -24 25 -26 -27 -28 -29 -30 -31
leaf_value=-0.0031012484205081257 -0.00028183612397120536 0.0016388832157972042 -0.0007150671949891971 -0.029291890306657655 -0.051002296442974521 -0.089577997840639578 -0.048513412321863139 0.0048890156111013085 -0.027091294694816262 0.014926566027628915 0.12093622720683889 0.031302176913528532 -0.075330699174497764 0.36447714694819089 -0.0065453909736843926 -0.0085134527987651126 0.13519250309946348 -0.025211120018960517 -0.027207402743082094 0.18798025031627386 0.2044865930131593 -0.017882572755491943 0.0067035745887831892 0.46796636082139714 0.036772975746932272 0.20840134859272835 0.04082579518323988 0.0023412662988455879 0.0017821987077270369 -0.0059140577704794991
leaf_weight=75.569963298738003 1673.3729287609458 3317.7128525301814 563.15270669385791 176.22229489311576 143.44116593524814 18.607788264751434 30.784280218183994 86.558016411960125 168.65833256393671 230.70727008953691 3.0249999761581403 4.2215290665626526 19.173564486205578 1.897858068346977 539.85886774212122 455.48999340832233 4.8687154054641741 35.108139894902706 527.39083768054843 3.3294435292482403 1.9155267290770996 569.46898456290364 1.7533919699490059 1.7314765900373461 16.516600962728262 1.8965835273265836 15.36110634729266 20536.440961908549 8264.1431941688061 4041.2139888219535
leaf_count=1727 15268 22432 7455 2493 4180 226 268 671 1891 2614 36 49 333 24 7277 6155 54 471 7346 34 27 7896 28 22 232 28 210 133363 50625 30994
internal_value=-9.88194e-05 0.000321254 -0.0065439 -0.0183352 -0.0369444 0.0011344 -0.0233421 -0.0128386 -0.0105348 0.00158004 0.0185445 0.130102 -0.0128746 0.214826 -0.0126436 -0.0123257 -0.00733784 0.0310898 -0.0183866 0.0803398 -0.00745839 -0.00951089 0.182972 0.219346 -0.0202988 0.332278 0.0670392 0.00122643 -0.000239024 -0.00250888
internal_weight=41529.6 40594.5 4299.04 935.092 219.011 36295.5 135.95 117.342 2625.67 425.027 239.852 9.14439 2200.64 4.92286 716.081 2181.47 1196.67 64.0489 984.796 28.9407 457.406 1132.62 10.2502 8.49678 185.175 3.62806 18.6905 36159.5 15623.1 7358.93
internal_count=304429 288752 50173 15677 5907 238579 1165 939 34905 4846 2723 109 30059 60 9770 29726 16198 847 13528 376 6182 15351 132 104 2123 50 244 237414 104051 53426
cat_boundaries=0 1 2 3 4 5 6 7
cat_threshold=1086748 563234 915508 6292524 9564453 10506815 1699206
is_linear=0
shrinkage=0.1


Tree=26
num_leaves=31
num_cat=7
split_feature=2 1 2 3 3 0 0 2 0 1 3 2 1 0 0 4 3 4 4 0 3 2 2 4 2 3 4 3 0 4
split_gain=27.1014 19.3403 9.48318 8.38404 12.8416 7.36879 6.88521 6.47646 8.28776 8.71322 8.62913 6.55286 5.8858 12.6064 7.02143 5.83391 5.80454 5.70104 7.2603 9.40617 8.59793 5.82833 5.69322 5.64603 5.53734 5.51512 5.46906 5.39292 6.10318 7.78216
threshold=2.0750000000000006 1.5000000000000002 6.9750000000000005 0.30500000000000005 2.2550000000000003 0 1 4.2650000000000006 2 4.5000000000000009 0.15500000000000003 4.245000000000001 4.5000000000000009 3 4 0.54585000000000006 0.17500000000000002 0.52330000000000021 0.30785000000000001 5 0.14500000000000005 7.1650000000000009 4.1450000000000005 0.26025000000000004 4.745000000000001 0.13500000000000004 0.27215000000000006 0.18500000000000003 6 0.39399999999999996
decision_type=2 2 2 2 2 9 9 2 9 2 2 2 2 9 9 2 2 2 2 9 2 2 2 2 2 2 2 2 9 2
left_child=12 2 6 7 -5 -6 16 8 9 11 26 -3 13 15 -14 -1 -2 18 19 -4 -21 -22 -12 -13 -8 -19 -11 -26 -29 -30
right_child=1 3 17 4 5 -7 24 -9 -10 10 22 23 14 -15 -16 -17 -18 25 -20 20 21 -23 -24 -25 27 -27 -28 28 29 -31
leaf_value=0.030643270555607761 -0.017362304591824102 -0.0046728638759519301 -0.035033064959353044 -0.08906821737276055 0.017010834472364175 -0.029574670228296348 0.003526428414978629 0.0015561505099184391 0.00014676074960824623 0.11122402844731866 -0.018592179486674052 -0.037825644343905986 -0.013192514646274465 -0.031401265810990807 -0.047246825375961643 0.18226315980912669 -0.00095103733794619561 -0.10610828814635859 -0.039618022646560648 -0.0073096129539890822 0.1412648487436684 0.033189607464999486 -0.048503007291328989 0.072751943409939915 -0.0072222551910984187 0.074345670671065747 0.0088380320855231103 -0.013753403096241935 0.011185753344956622 0.071977837500917005
leaf_weight=39.884506735950708 689.07819085195661 952.60380879044533 41.301088154315948 24.534152194857597 53.912874542176723 65.873275138437748 1000.7217864766717 31083.317865736783 4121.448555521667 6.2162818387150756 350.04964891448617 6.0468537583947208 138.81213203445077 64.856364525854588 155.67731791548431 2.7101841792464247 313.60089634731412 2.0446368940174571 168.97419241070747 28.308135472238064 8.4693264476954955 12.146004196256397 77.774364538490772 19.534663766622543 1850.1349023729563 9.8659777268767339 32.458487011492252 66.625784486532211 103.06529173627496 26.46446068584919
leaf_count=611 8780 7406 733 340 404 577 8917 197068 33489 60 3781 43 3401 1183 4291 35 3181 38 2992 518 145 206 686 134 22934 153 308 717 1036 262
internal_value=-9.69692e-05 0.000155651 -0.0061734 0.000898891 -0.0231563 -0.00965651 -0.00496126 0.000993617 -0.00214778 -0.00863496 -0.0199405 -0.00333161 -0.0259376 -0.00590433 -0.0332471 0.0326299 -0.0121087 -0.0242799 -0.0273884 -0.00448455 0.0236343 0.0775898 -0.0240297 0.0466141 -0.0025611 0.043368 0.0252948 -0.00555068 0.0102156 0.0219144
internal_weight=41516.5 41114.6 4320.8 36793.8 144.32 119.786 4049.69 36649.5 5566.13 1444.68 466.499 978.185 401.941 107.451 294.489 42.5947 1002.68 271.109 259.199 90.2246 48.9235 20.6153 427.824 25.5815 3047.01 11.9106 38.6748 2046.29 196.156 129.53
internal_count=304429 294908 50612 244296 1321 981 45827 242975 45907 12418 4835 7583 9521 1829 7692 646 11961 4785 4594 1602 869 351 4467 177 33866 191 368 24949 2015 1298
cat_boundaries=0 1 2 3 4 5 6 7
cat_threshold=7562368 21366272 1849472 21725848 10549277 766518 585984
is_linear=0
shrinkage=0.1


Tree=27
num_leaves=31
num_cat=6
split_feature=2 1 3 3 2 2 0 4 0 4 0 0 3 1 4 4 0 2 3 4 2 2 0 4 4 2 4 4 2 4
split_gain=23.1739 15.5598 10.4416 13.3402 8.36454 10.752 10.1441 7.14547 19.2618 13.6204 10.1881 6.70158 6.50698 6.48945 6.33877 8.65363 5.8469 10.8582 6.41778 6.33796 6.094 5.79994 5.65217 7.05379 6.70774 8.69663 5.92579 6.42443 5.56856 8.08723
threshold=3.2650000000000001 1.5000000000000002 0.29500000000000004 1.9450000000000001 6.8650000000000011 6.8150000000000004 0 0.44295000000000001 1 0.48640000000000005 2 3 0.115 5.5000000000000009 0.40040000000000003 0.43085000000000001 4 3.3350000000000004 0.16500000000000004 0.28540000000000004 6.3450000000000006 1.7050000000000003 5 0.54585000000000006 0.12590000000000004 7.0250000000000012 0.27675000000000005 0.28035000000000004 4.285000000000001 0.48055000000000009
decision_type=2 2 2 2 2 2 9 2 9 2 9 9 2 2 2 2 9 2 2 2 2 2 9 2 2 2 2 2 2 2
left_child=2 4 7 11 5 12 -7 10 9 -9 -1 21 -2 14 -12 -16 17 19 -19 -14 -18 -4 24 -24 25 -6 -26 -28 29 -20
right_child=1 -3 3 -5 22 6 -8 8 -10 -11 13 -13 16 -15 15 -17 20 18 28 -21 -22 -23 23 -25 26 -27 27 -29 -30 -31
leaf_value=-0.0021525086259661526 -0.08041546751376398 0.0010068777499024001 0.0013094893507377958 0.04099759575066482 -0.065341472789353885 0.077292864443110565 -0.0097180728795741196 0.093525206505729278 -0.029117031933606985 0.0016509004288255376 -0.020244932435168644 -0.068429555977609954 -0.004558574938300127 -0.043675884976902161 0.053065133827494296 -0.07088594263652119 -0.0059127413342877884 -0.0069742556457055615 -0.0032594317303601609 0.1852357805776054 -0.022073013510269204 -0.093529791386294886 -0.035360792269020051 0.067997214094816086 -0.060425643966598309 0.16954298638659002 0.1697325222825502 -0.003979069416740492 0.010256379753863397 -0.084408807390643284
leaf_weight=502.1183140669018 11.303157553076742 35978.273086231202 41.816242888569832 18.002276469022036 2.3711339607834807 21.242557045072317 26.585947852581739 36.370516596361995 54.879119472578168 29.004479704424739 406.45943113602698 69.999327972531319 2.716481812298297 113.38672386854887 25.388981636613607 7.2382313013076773 1840.9156203605235 810.28224569186568 223.24630776047707 4.9943026751279831 267.22036451101303 7.6240000352263442 196.82861806079745 6.8320886604487887 19.354648347944021 4.7025058045983315 2.166359055787324 123.48251232132316 635.95839502289891 12.995782531797884
leaf_count=6498 190 235321 1224 252 37 330 421 437 777 389 4776 2107 24 2310 302 89 20116 9525 1953 44 4408 141 3520 111 324 79 35 2104 6471 114
internal_value=-9.34176e-05 0.000333559 -0.0131704 -0.0392499 -0.0054162 -0.0040631 0.0430555 -0.0101195 0.0129755 0.0457638 -0.012753 -0.0513451 -0.00465465 -0.021951 -0.0168408 0.025567 -0.0044292 -2.37379e-05 -0.000566484 0.118372 -0.00792358 -0.0110752 -0.0200886 -0.0304008 -0.00401548 0.0908081 -0.00891814 -0.000984043 0.00538639 -0.0077235
internal_weight=41503.8 40191.5 1312.29 137.442 4213.2 3857.46 47.8285 1174.85 120.254 65.375 1054.59 119.44 3809.63 552.473 439.087 32.6272 3798.33 1690.19 1682.48 7.71078 2108.14 49.4402 355.738 203.661 152.077 7.07364 145.004 125.649 872.2 236.242
internal_count=304429 285127 19302 3724 49806 43596 751 15578 1603 826 13975 3472 42845 7477 5167 391 42655 18131 18063 68 24524 1365 6210 3631 2579 116 2463 2139 8538 2067
cat_boundaries=0 1 2 3 4 5 6
cat_threshold=8827700 1665342 31691393 308631 1069487 3697812
is_linear=0
shrinkage=0.1


Tree=28
num_leaves=31
num_cat=10
split_feature=2 1 2 3 3 0 3 1 2 0 0 4 4 0 2 0 0 1 2 1 0 0 0 4 3 3 2 0 4 4
split_gain=20.0454 12.9415 7.10608 6.75139 10.9432 6.75412 5.75351 5.34842 22.4584 15.8731 12.2292 10.9837 10.6229 9.93903 7.5186 15.3447 8.35105 8.6645 11.545 12.5932 10.6432 7.9844 7.93023 11.755 7.67836 7.55566 9.51428 7.28299 7.14997 7.06793
threshold=2.0750000000000006 1.5000000000000002 6.9750000000000005 0.30500000000000005 2.2550000000000003 0 0.26500000000000007 5.5000000000000009 5.9050000000000011 1 2 0.27215000000000006 0.33725000000000005 3 6.9750000000000005 4 5 2.5000000000000004 6.3750000000000009 4.5000000000000009 6 7 8 0.27555000000000007 0.25500000000000006 0.16500000000000004 6.6150000000000011 9 0.41045000000000004 0.43085000000000001
decision_type=2 2 2 2 2 9 2 2 2 9 9 2 2 9 2 9 9 2 2 2 9 9 9 2 2 2 2 9 2 2
left_child=-1 2 6 7 -5 -6 -2 14 10 11 28 27 13 -11 16 -16 24 22 19 21 25 -19 23 -18 -3 -20 -27 -10 -9 -13
right_child=1 3 -4 4 5 -7 -8 8 9 12 -12 29 -14 -15 15 -17 17 18 20 -21 -22 -23 -24 -25 -26 26 -28 -29 -30 -31
leaf_value=-0.022745552872062872 -0.0041389214057555111 -0.00033060205592131932 -0.021051988925866186 -0.085799758991239941 -0.041824088631659782 0.0067540642623393765 0.14067799764769473 -0.0034445286706731113 0.059989791225470324 0.0018661926709744297 -0.012333542533207856 0.0050961087019250045 0.0069889906806443443 -0.019535915073538274 -0.017234313675471773 0.0011954669520460809 -0.013855586794511723 0.00019372888538491827 0.014494216423553728 -0.0019101177346037173 0.00352928634153976 0.0077083097023154003 -0.0029002030408859136 0.01420617667739172 0.064069701468104409 0.057818870892864208 0.014020347948902296 0.018456984604471875 0.014943350939725947 0.030648443437336071
leaf_weight=386.81519806012511 4014.7496740706265 11831.543408695608 261.52099883183837 22.053052991628647 31.735833890736103 87.488681264221668 2.745309352874755 1298.3472520336509 67.486611038446426 436.98381195962429 1969.0989110320807 688.63750031590462 825.20645247399807 424.61120630800724 635.78377927839756 1506.0360926240683 192.3600747808814 1968.1966409981251 856.46847832202911 3237.1648511849344 910.84830404818058 5087.150377009064 3314.7136993780732 666.50241336971521 18.542681124061346 100.2548334300518 98.15610808134079 170.74793368577957 252.60960278660059 128.44114448130131
leaf_count=9521 45801 77554 4785 340 297 684 26 10481 394 2580 16562 4087 4881 2544 3905 9249 1266 12872 5093 22016 5451 33044 21660 4303 143 591 580 1011 1959 749
internal_value=-8.75337e-05 0.000125682 -0.00507969 0.000730503 -0.021088 -0.00911825 -0.00403996 0.000814526 -0.00184685 0.00493829 -0.00713246 0.0144843 -0.00111328 -0.00888627 0.00136232 -0.00435016 0.00179494 0.00325315 0.00459502 0.00325385 0.0116174 0.0056232 -0.000680269 0.00783 -0.000229636 0.0183933 0.0361513 0.0335152 -0.000446752 0.00911282
internal_weight=41493 41106.2 4279.02 36827.2 141.278 119.225 4017.49 36685.9 6262.17 2742.11 3520.06 1055.31 1686.8 861.595 30423.7 2141.82 28281.9 16431.8 12258.2 10292.5 1965.73 7055.35 4173.58 858.862 11850.1 1054.88 198.411 238.235 1550.96 817.079
internal_count=304429 294908 50612 244296 1321 981 45827 242975 45248 16246 29002 6241 10005 5124 197727 13154 184573 106876 79647 67932 11715 45916 27229 5569 77697 6264 1171 1405 12440 4836
cat_boundaries=0 1 2 3 4 5 6 7 8 9 10
cat_threshold=563242 3251210 16801543 5128240 1278012 2120975 16949424 139312 1572880 4098
is_linear=0
shrinkage=0.1


Tree=29
num_leaves=31
num_cat=9
split_feature=2 1 0 3 3 3 0 4 0 3 0 4 4 4 2 0 2 2 3 2 1 2 0 0 4 4 0 2 4 0
split_gain=17.5522 10.6831 9.22657 7.75754 12.055 6.55583 6.37656 5.82473 5.78293 5.56213 7.7151 6.57789 8.78517 7.65644 7.23235 5.81692 5.65992 5.36946 6.79743 7.51292 5.25288 19.8124 13.038 10.7822 8.36884 7.94428 11.3166 11.207 7.53188 8.14573
threshold=1.5450000000000002 1.5000000000000002 0 0.30500000000000005 2.2550000000000003 0.12500000000000003 1 0.55585000000000007 2 0.21500000000000002 3 0.22254999999999997 0.28540000000000004 0.29525000000000007 4.0850000000000009 4 2.2850000000000006 4.745000000000001 0.13500000000000004 4.3850000000000007 5.5000000000000009 5.9050000000000011 5 6 0.26965000000000006 0.34675000000000006 7 7.6950000000000012 0.35010000000000002 8
decision_type=2 2 9 2 2 2 9 2 9 2 9 2 2 2 2 9 2 2 2 2 2 2 9 9 2 2 9 2 2 9
left_child=2 5 -1 20 -5 6 -2 -4 -6 15 -11 -12 14 -14 -13 -7 -17 18 19 -18 -3 23 24 -22 -23 26 -24 -28 -27 -30
right_child=1 3 7 4 8 9 -8 -9 -10 10 11 12 13 -15 -16 16 17 -19 -20 -21 21 22 25 -25 -26 28 27 -29 29 -31
leaf_value=-0.0011110850787644077 0.0071763649292582599 0.0012430309707616456 -0.060549268836675565 -0.077741256584529322 -0.035315546522577117 -0.0096031082064895416 -0.042265658053451338 -0.0018834093111583705 0.0079663143873096639 -0.013954683870610744 -0.065980056140125018 0.09215078130452721 -0.11505439370606046 0.060153148785719063 0.31541949469315456 -0.09483566186467135 0.15537592331894312 -0.0045234680576190399 0.0041541205891608268 -0.0049497256970989995 -0.0011548017076759782 0.031797976329818796 -0.021562514862817642 -0.012187213774720301 0.0090504669534694163 0.049048590740565765 -0.00098715280275608126 0.08491730707259347 -0.0091810888209822063 0.012168765910697963
leaf_weight=82.884483540430665 40.129724763333797 30555.8613496162 95.217527648434043 30.865093514323235 37.365702103823423 1447.5961334034801 75.592806551605463 20.582425024360418 83.276241458952427 36.380376454442739 4.1553417220711699 3.8729877993464461 2.705129846930503 31.977983951568604 2.3199133425951004 6.5098645165562621 6.2814547792077047 1801.2721215859056 803.32504333555698 5.4663989469408989 1731.0585570223629 207.46117006242275 322.75185951590538 1825.6012913137674 733.74777399003506 40.212622433900833 668.17736385762691 15.539635524153708 269.83768831193447 491.61292459070683
leaf_count=2111 616 199663 3135 578 365 17978 1286 661 648 349 40 36 24 293 20 80 55 22744 7124 49 14410 1199 1959 15918 4316 238 3958 92 1589 2895
internal_value=-8.10356e-05 6.16748e-05 -0.0297322 0.000607917 -0.0219737 -0.00467596 -0.0281526 -0.0461377 -0.00770609 -0.00402161 0.0218591 0.0440988 0.0660775 0.0464877 0.175789 -0.00453925 -0.00170132 -0.00147609 0.00525847 0.0807747 0.000700731 -0.001927 0.00444826 -0.00685515 0.0139166 -0.00055431 -0.0064731 0.000951383 0.00686968 0.00464219
internal_weight=41479.6 41281 198.684 37013.4 151.507 4267.59 115.723 115.8 120.642 4151.86 81.4117 45.0314 40.876 34.6831 6.1929 4070.45 2622.85 2616.35 815.073 11.7479 36861.9 6306 2749.34 3556.66 941.209 1808.13 1006.47 683.717 801.663 761.451
internal_count=304429 298522 5907 247828 1591 50694 1902 3796 1013 48792 762 413 373 317 56 48030 30052 29972 7228 104 246237 46574 16246 30328 5515 10731 6009 4050 4722 4484
cat_boundaries=0 1 2 3 4 5 6 7 8 9
cat_threshold=3183900 4203830 825642 23103670 30344704 2202634 16834311 25174660 12714532
is_linear=0
shrinkage=0.1


Tree=30
num_leaves=31
num_cat=6
split_feature=2 1 3 3 0 2 4 0 4 0 3 1 3 3 3 0 4 4 3 4 0 2 2 2 2 2 4 4 0 4
split_gain=15.4257 8.30269 6.82628 8.71092 8.02552 5.86916 5.81715 15.3355 10.2629 8.77505 5.48507 5.47838 4.86478 4.76818 5.7673 4.64833 6.62811 9.2487 14.2856 9.38162 8.86006 7.4159 6.0316 4.86743 8.43075 4.86486 4.85064 4.62905 8.33453 5.70062
threshold=3.2650000000000001 1.5000000000000002 2.5400000000000005 0.29500000000000004 0 6.9750000000000005 0.44295000000000001 1 0.47455000000000008 2 1.0950000000000004 2.5000000000000004 0.10500000000000002 1.5150000000000003 1.5450000000000002 3 0.45475000000000004 0.41614999999999996 0.18500000000000003 0.42300000000000004 4 4.0150000000000006 3.3350000000000004 4.205000000000001 4.4850000000000012 4.245000000000001 0.31830000000000008 0.30785000000000001 5 0.33644999999999997
decision_type=2 2 2 2 9 2 2 9 2 9 2 2 2 2 2 9 2 2 2 2 9 2 2 2 2 2 2 2 9 2
left_child=2 5 3 6 10 15 9 8 -8 -1 11 -5 -3 -6 -15 16 17 22 -19 25 21 -18 26 -23 -25 -20 -2 28 -7 -29
right_child=1 12 -4 4 13 27 7 -9 -10 -11 -12 -13 -14 14 -16 -17 20 18 19 -21 -22 23 -24 24 -26 -27 -28 29 -30 -31
leaf_value=-9.614402590558751e-05 0.011271308144724509 -0.041103445507242126 0.16639321139337085 0.20001452780081644 -0.080882660848060201 -0.03284765359568434 0.090455073815954662 -0.026411883774467005 0.01198642921033387 -0.018743055555819167 0.0086874838384421015 -0.10354748748478487 0.00078712768821294181 0.17180380270515452 -0.037060970545155655 -0.0063592262581143727 0.16151616195384055 0.011655035863946265 0.31558680014132151 0.060137148727172886 -0.032513127813996519 -0.11498110774419773 -0.00048003309155841497 0.15780452102183107 0.0028212084885316825 0.13041323390128146 0.15763992428058896 -0.064855132338630814 0.023855050701833719 -0.019057162558185486
leaf_weight=445.95757831260562 4.7334511131048185 27.743746176362038 2.1686438620090476 0.64539590477943232 49.376135805621743 34.597149334847927 29.790449090301991 52.995375731959939 37.838083580136299 589.9623640011996 50.065554646775126 7.5398066081106663 35998.21213433519 1.4535536579787756 14.610882220789788 1997.058376185596 3.6159042790532103 130.26056607812643 2.3134223669767406 21.086445912718773 110.18497149273753 2.816014736890792 1593.0602003335953 4.0091247111558905 28.187709674239159 3.6687121689319611 4.3401602953672409 34.073403980582952 51.905182231217623 134.31758262589574
leaf_count=5852 41 178 27 9 1770 666 327 777 499 8123 1289 244 235143 48 337 24033 32 1520 19 185 1238 25 17486 33 343 33 33 651 936 2532
internal_value=-7.81221e-05 0.000266416 -0.0108748 -0.011175 -0.0363982 -0.00396339 -0.00847746 0.0123061 0.0405552 -0.0108975 -0.00317499 -0.0796119 0.000754868 -0.0568055 -0.0181623 -0.00300381 0.000538216 0.00225502 0.0253914 0.091494 -0.0197238 0.0199968 -1.69692e-05 0.0110929 0.0221196 0.202024 0.0812835 -0.0186655 0.00013687 -0.0283242
internal_weight=41468.6 40186.2 1282.4 1280.24 123.691 4160.23 1156.54 120.624 67.6285 1035.92 58.2508 8.1852 36026 65.4406 16.0644 3905.34 1908.28 1759.46 157.329 27.0686 148.814 38.6288 1602.13 35.0128 32.1968 5.98213 9.07361 254.893 86.5023 168.391
internal_count=304429 285127 19302 19275 3697 49806 15578 1603 826 13975 1542 253 235321 2155 385 45021 20988 19317 1757 237 1671 433 17560 401 376 52 74 4785 1602 3183
cat_boundaries=0 1 2 3 4 5 6
cat_threshold=310431 1665342 14914177 1069503 1048712 766486
is_linear=0
shrinkage=0.1


Tree=31
num_leaves=31
num_cat=6
split_feature=2 0 1 3 3 3 3 4 4 3 3 0 2 4 2 4 4 4 4 3 2 1 0 3 4 4 0 0 0 4
split_gain=12.7837 8.12843 7.26068 6.34364 10.3562 5.78667 7.94798 5.60927 10.0365 8.44455 5.48673 5.73092 7.82092 5.2288 5.41049 4.85914 4.70264 12.0933 4.58173 9.00882 7.1482 6.86727 8.81503 7.72897 8.73621 6.59615 21.9979 7.7675 6.579 6.49599
threshold=1.5450000000000002 0 1.5000000000000002 0.30500000000000005 1.9450000000000001 1.5750000000000004 0.21500000000000002 0.52330000000000021 0.51075000000000015 1.175 0.12500000000000003 1 4.6650000000000009 0.20074999999999998 7.1050000000000013 0.55585000000000007 0.25525000000000003 0.28135000000000004 0.32095000000000007 0.28000000000000008 3.7850000000000006 5.5000000000000009 2 0.16500000000000004 0.29525000000000007 0.31830000000000008 3 4 5 0.32505000000000006
decision_type=2 9 2 2 2 2 2 2 2 2 2 9 2 2 2 2 2 2 2 2 2 2 9 2 2 2 9 9 9 2
left_child=1 5 10 18 -5 6 -1 8 -8 -10 11 13 -13 -2 16 -3 -15 -18 19 20 21 28 23 24 -23 27 -27 -22 -4 -20
right_child=2 15 3 4 -6 -7 7 -9 9 -11 -12 12 -14 14 -16 -17 17 -19 29 -21 25 22 -24 -25 -26 26 -28 -29 -30 -31
leaf_value=0.02510792029515771 0.18889629835446026 -0.058263583436618138 -0.014318653826626351 -0.083034792423138964 -0.0090469887184387917 0.067087760941109797 -0.036898162571700498 -0.10325723938234775 0.45125746237806452 0.061447760950540234 -0.0032827163260295633 0.20772260017227173 -0.044778776086401628 -0.10942122863776971 -0.086264114870641062 -0.0016311825306630429 0.269543571692961 0.017037589522042439 0.010150468947780492 0.16635772861596543 0.0024372139263489742 0.046764719587696769 -0.041172969347480826 -0.0071512984043205653 0.29876933591899513 -0.052560090943072027 0.00026758982092113141 -0.0022150517927872443 0.002296410374518294 0.0011867714193072659
leaf_weight=34.405225392431021 1.680490225553515 82.032059773802757 423.11767485365272 22.25272167660296 126.24629330262542 10.864393938332794 29.99304361641407 10.403799179941414 0.7214601188898081 2.4193899147212505 4125.0337074026465 1.2453466802835453 81.828738201409578 2.2408904954791131 5.0597460791468611 18.582616278901696 2.1157441250979927 18.321233931928873 842.31769729778171 3.2272230051457873 7491.6569143235683 7.0420346632599813 111.57995202019811 42.764370571821928 1.7096121609210966 93.392364762723446 340.87524458765984 6870.6203217506409 529.48997971788049 20127.408850621432
leaf_count=787 24 2923 3905 498 1093 184 946 351 25 68 48792 12 1441 30 95 623 31 269 5554 41 48672 93 1836 713 20 615 2216 45056 4916 132600
internal_value=-7.48038e-05 -0.0259939 4.41566e-05 0.000492822 -0.0201341 -0.0011539 -0.0108141 -0.0392011 -0.0190879 0.150988 -0.00387694 -0.0256667 -0.0365892 0.0131462 0.0072378 -0.0434824 0.0280994 0.0431783 0.000575866 -0.000703443 -0.000737326 -0.00845592 -0.0274166 0.00868518 0.0959932 -0.000155321 -0.0122975 0.00021182 -0.00520967 0.00154683
internal_weight=41460.6 189.422 41271.2 37033.7 148.499 88.8073 77.9429 43.5377 33.1339 3.14085 4237.53 112.492 83.0741 29.4181 27.7376 100.615 22.6779 20.437 36885.2 15915.5 15912.2 1115.7 163.096 51.516 8.75165 14796.5 434.268 14362.3 952.608 20969.7
internal_count=304429 5907 298522 247828 1591 2361 2177 1390 1039 93 50694 1902 1453 449 425 3546 330 300 246237 108083 108042 11483 2662 826 113 96559 2831 93728 8821 138154
cat_boundaries=0 1 2 3 4 5 6
cat_threshold=3200284 9524 8428550 20975876 23557392 7222294
is_linear=0
shrinkage=0.1


Tree=32
num_leaves=31
num_cat=11
split_feature=2 1 2 0 0 2 1 0 0 4 0 3 1 0 4 0 2 0 3 0 1 2 2 2 4 0 0 2 2 3
split_gain=11.065 6.27416 9.81813 13.0052 7.52223 5.79819 13.2512 23.0921 13.9512 8.49102 7.14111 7.14871 6.89032 15.7798 10.9923 18.5593 10.8846 10.4574 10.4158 10.125 12.1645 10.2851 9.36765 8.46017 8.33316 10.5471 7.67834 7.41285 9.44235 6.781
threshold=3.2650000000000001 2.5000000000000004 6.3050000000000006 0 1 5.9750000000000005 4.5000000000000009 2 3 0.52330000000000021 4 0.20500000000000004 3.5000000000000004 5 0.43545000000000006 6 7.0850000000000009 7 0.17500000000000002 8 4.5000000000000009 6.0950000000000006 7.0650000000000004 8.0550000000000015 0.39515000000000006 9 10 7.6050000000000013 7.1250000000000009 0.16500000000000004
decision_type=2 2 2 9 9 2 2 9 9 2 9 2 2 9 2 9 2 9 2 9 2 2 2 2 2 9 9 2 2 2
left_child=-1 2 3 -2 -4 6 7 -3 9 10 11 -8 13 -7 17 -16 22 23 24 20 21 -20 -17 -14 -19 27 -18 28 -26 -11
right_child=1 5 4 -5 -6 12 8 -9 -10 29 -12 -13 14 -15 15 16 26 18 19 -21 -22 -23 -24 -25 25 -27 -28 -29 -30 -31
leaf_value=-0.0092895217425293334 -0.0058611007859586551 0.0075867885865428504 -0.0019269159055263188 0.0023780165804155166 -0.012484793019560042 -0.010416332947412555 0.018114001422146871 -0.0020669799044564538 -0.0061399274929549302 0.073635331756868386 -0.00033487779687698142 -0.050442063918536631 -0.0012611694547264086 0.005158131356562401 0.033628312700107563 0.0095614653111863231 0.015896084373140287 0.0066166911244065797 -0.013952613220362304 0.0066556878821142328 0.025142210742469886 0.11279964748753124 0.14546500901965514 -0.069519910088816292 0.0039719167931610696 -0.022402892726169948 -0.034237782119496983 -0.072873817971872243 0.06740142132037677 0.012509562524033511
leaf_weight=1262.7322210948914 2748.3782637789845 4575.8285870179534 1428.9997973442078 6262.2155312076211 1292.0027172639966 1128.0399665310979 340.94595145434141 5386.0319630429149 5223.8227770477533 28.821688771247864 2404.1017876081169 15.920475095510481 2809.8321143016219 1509.6855433359742 319.74436397105455 534.63599994778633 39.341560997068882 3211.3602794110775 7.7726028263568869 174.46238744258881 80.878901958465576 36.296947121620178 5.1204544752836219 18.275885261595249 196.36470499634743 229.37433661520481 95.194735817611217 10.908496648073195 26.654900550842285 49.009299285709858
leaf_count=19302 22104 29498 13963 49964 13069 7054 2340 35392 38550 188 17302 121 16740 9148 1904 3114 259 18848 44 999 469 208 30 124 1151 1342 602 64 157 379
internal_value=-7.22315e-05 0.000217367 -0.00172865 -0.000138914 -0.00699304 0.00101958 -6.64255e-05 0.00237287 -0.00308033 0.00256241 0.00165319 0.0146452 0.00289565 -0.00152232 0.0043904 0.014213 0.00444174 0.00295498 0.00625353 0.0242043 0.0446045 0.0904442 0.0108507 -0.00169628 0.00480792 -0.00772951 -0.0209408 0.0073037 0.0115529 0.0351451
internal_weight=41452.8 40190 11731.6 9010.59 2721 28458.4 18024.5 9961.86 8062.62 2838.8 2760.97 356.866 10433.9 2637.73 7796.22 994.037 674.293 6802.18 3974.07 299.411 124.948 44.0695 539.756 2828.11 3674.66 463.302 134.536 233.928 223.02 77.831
internal_count=304429 285127 99100 72068 27032 186027 123770 64890 58880 20330 19763 2461 62257 16202 46055 5909 4005 40146 23282 1720 721 252 3144 16864 21562 2714 861 1372 1308 567
cat_boundaries=0 1 2 3 4 5 6 7 8 9 10 11
cat_threshold=4524069 7346621 30255617 2294823 4 15297539 867456 18421516 403459 10526851 16794145
is_linear=0
shrinkage=0.1


Tree=33
num_leaves=31
num_cat=3
split_feature=2 0 3 1 3 3 3 3 4 4 3 2 0 4 4 2 4 2 0 4 4 3 2 2 4 3 4 3 3 1
split_gain=10.0284 7.11863 5.56287 5.25237 5.19585 9.28015 4.51302 6.71467 5.36074 7.26159 4.43673 6.86992 5.85292 5.62483 6.28707 8.22485 7.6672 4.78626 4.71834 5.50267 4.95883 6.68439 6.5603 4.5561 4.41817 4.52629 5.78212 5.40848 4.44963 5.02089
threshold=1.5450000000000002 0 0.10500000000000002 1.5000000000000002 0.30500000000000005 1.9450000000000001 1.5750000000000004 0.21500000000000002 0.52330000000000021 0.51075000000000015 0.21500000000000002 7.7950000000000008 1 0.22254999999999997 0.28540000000000004 4.4050000000000011 0.29525000000000007 2.9150000000000005 2 0.34475000000000006 0.33644999999999997 0.15500000000000003 4.1850000000000014 7.3650000000000011 0.55585000000000007 1.1250000000000002 0.71190000000000009 1.155 0.16500000000000004 4.5000000000000009
decision_type=2 9 2 2 2 2 2 2 2 2 2 2 9 2 2 2 2 2 9 2 2 2 2 2 2 2 2 2 2 2
left_child=1 6 -2 10 -5 -6 7 -1 9 -9 11 17 -12 -14 15 -15 -16 -4 19 20 23 -22 -23 -19 28 26 -26 -27 29 -3
right_child=2 24 3 4 5 -7 -8 8 -10 -11 12 -13 13 14 16 -17 -18 18 -20 -21 21 22 -24 -25 25 27 -28 -29 -30 -31
leaf_value=0.023200641538730103 -0.043476102740285877 0.14063932731494277 -0.039765064689122803 0.00052225468149080757 -0.080703895846511747 -0.0081800494374655395 0.058221759057110495 -0.033802407018050616 -0.10291111663194047 0.11641754853223159 -0.017685926201628965 -0.06860499200555828 -0.05703476092367761 0.064647668655674936 -0.11381776181210899 0.28382426890681728 0.048004229738741494 -0.0098104776290216748 -0.0021282309251585948 -0.029457216157982854 -0.042265172060131487 -0.059513613218864128 0.15230129362300587 0.14088537039451113 -0.10375533246549691 0.29932655158746246 0.13237327300410504 0.020628501736147706 -0.062050843131209468 -0.047003302461042819
leaf_weight=34.871952084824443 29.361160226166248 2.376118801534175 36.034017253667116 36869.120223229751 20.53280396014452 125.40117076039314 11.413226781412957 28.728625621646643 9.3590681049972755 3.6238417066633692 26.867011111229658 16.261582687497139 5.2997768409550181 5.5294241309165937 3.1649866774678221 2.4800764173269272 39.092486206442118 165.45191828161478 3754.8255609609187 145.28488179668784 4.5802691765129557 1.8600267246365527 6.8367709964513779 2.0309044867753974 5.9326317366212633 0.7459764126688232 1.2566979601979253 10.460183860734103 71.055510964244604 3.5661871749907732
leaf_count=787 220 29 390 246059 498 1093 184 946 351 93 264 335 52 48 30 19 349 2140 44892 1917 74 18 81 43 205 28 35 355 2768 126
internal_value=-6.78757e-05 -0.0234006 3.58323e-05 6.6818e-05 0.000447715 -0.0183841 -0.000396139 -0.00918368 -0.0362578 -0.0169761 -0.00327765 -0.0037358 0.0196939 0.0347047 0.0512811 0.132514 0.0358841 -0.00347957 -0.00315917 -0.0145212 -0.00331972 0.0555067 0.106999 -0.00798313 -0.04035 -0.000550161 -0.0624799 0.039181 -0.055099 0.0280284
internal_weight=41443.4 183.39 41260 41230.7 37015.1 145.934 87.9967 76.5835 41.7115 32.3525 4215.6 4133.17 82.4338 55.5668 50.267 8.0095 42.2575 4116.9 4080.87 326.045 180.76 13.2771 8.6968 167.483 95.3933 18.3955 7.18933 11.2062 76.9978 5.94231
internal_count=304429 5907 298522 298302 247650 1591 2361 2177 1390 1039 50652 49890 762 498 446 67 379 49555 49165 4273 2356 173 99 2183 3546 623 240 383 2923 155
cat_boundaries=0 1 2 3
cat_threshold=3200284 18909364 393216
is_linear=0
shrinkage=0.1


Tree=34
num_leaves=31
num_cat=4
split_feature=2 0 3 4 4 2 3 3 1 3 3 0 2 4 4 4 0 3 4 3 2 2 4 0 4 4 2 4 2 2
split_gain=8.44545 6.32642 4.64896 4.55396 5.04676 11.6724 4.9746 6.00098 4.29643 4.2904 8.42267 5.05392 4.06375 4.0944 4.63321 5.6221 5.0909 4.38519 4.22339 10.0091 5.61396 5.92533 5.17362 5.12146 10.3625 6.99375 4.9478 6.62825 5.23219 4.85317
threshold=1.5450000000000002 0 0.10500000000000002 0.27290000000000009 0.37475000000000008 1.0000000180025095e-35 1.6150000000000004 1.1450000000000002 1.5000000000000002 0.30500000000000005 2.2550000000000003 1 6.9750000000000005 0.18984999999999999 0.52330000000000021 0.42010000000000008 2 0.13500000000000004 0.37525000000000003 0.14500000000000005 7.0050000000000008 7.1650000000000009 0.30785000000000001 3 0.34790000000000004 0.35725000000000001 7.6050000000000013 0.39399999999999996 7.3850000000000007 7.0250000000000012
decision_type=2 9 2 2 2 2 2 2 2 2 2 9 2 2 2 2 9 2 2 2 2 2 2 9 2 2 2 2 2 2
left_child=1 3 -2 -1 5 -5 7 -6 12 -10 -11 -12 -4 -14 15 16 -15 -16 20 26 -18 22 29 24 -24 -26 27 28 -20 -22
right_child=2 -3 8 4 6 -7 -8 -9 9 10 11 -13 13 14 17 -17 18 -19 19 -21 21 -23 23 -25 25 -27 -28 -29 -30 -31
leaf_value=-0.10355721153547547 -0.040313798261570749 -0.031135294671766608 -0.0021950358109759549 0.18091922898373092 0.016343954326354316 -0.0093359158687814133 0.089135724490558288 -0.090835367199388506 0.00046986926540010444 -0.069658369552165117 -0.029136232400276296 0.010283779116334085 0.031341700925761454 -0.03489632758161218 -0.10514731677929612 -0.058452334642381837 -0.10607111312053336 0.066241042846049175 0.15328815267329077 -0.029330380825966729 0.22987085783147926 -0.022949823008980835 -0.011432598280768005 -0.039218175202425258 0.45352869143550834 0.11286471345477196 -0.050736694168883101 0.05422301982855935 0.3958924249012209 0.053468472210198986
leaf_weight=3.0636924952268592 28.542118404060602 135.13412360846996 3958.1607081145048 5.7427637316286546 15.126894403249031 7.3543072957545519 5.0226556807756415 7.9796850625425568 36880.995688745752 24.950568394735456 43.532300751656294 75.275321021676064 17.393197700381279 65.900679122656584 1.7460620366036881 35.959216542541981 5.771513804793357 10.295797895640133 3.4710134007036704 11.700675487518309 1.78166935220361 56.637263517826796 3.1863852702081203 8.8777749724686128 1.0727887675166132 1.3751042522490022 1.8400245420634735 5.6267669461667538 1.1950324140489099 12.513559754937885
leaf_count=96 220 4869 45867 80 327 203 66 266 246059 578 433 580 309 1368 38 718 109 153 66 214 30 1093 65 170 21 29 41 111 22 228
internal_value=-6.34173e-05 -0.021712 3.0729e-05 0.0114781 0.0228109 0.0740866 -0.00106317 -0.0206696 5.86587e-05 0.000402662 -0.0168393 -0.00574691 -0.00297062 -0.0154324 -0.0189858 -0.0223376 -0.0151607 0.0413898 -0.000757162 0.0366596 -0.0106167 -0.00416902 0.0327554 -0.00930532 0.038717 0.262161 0.100299 0.127299 0.215422 0.0754542
internal_weight=41437.2 179.424 41257.8 44.29 41.2263 13.0971 28.1292 23.1066 41229.3 37024.8 143.758 118.808 4204.51 246.345 228.951 216.909 180.95 12.0419 115.05 23.8335 91.2161 85.4445 28.8073 14.5121 5.63428 2.44789 12.1328 10.2928 4.66605 14.2952
internal_count=304429 5907 298522 1038 942 283 659 593 298302 247650 1591 1013 50652 4785 4476 4285 3567 191 2199 454 1745 1636 543 285 115 50 240 199 88 258
cat_boundaries=0 1 2 3 4
cat_threshold=1081372 17602859 26161184 2115084
is_linear=0
shrinkage=0.1


Tree=35
num_leaves=31
num_cat=11
split_feature=2 0 3 1 2 0 0 2 2 4 2 0 4 2 1 0 0 4 2 0 4 0 3 0 2 0 0 4 1 3
split_gain=7.49381 4.53324 6.69123 4.24598 7.55462 10.9563 6.4476 8.03357 6.62608 5.08821 5.01026 9.12883 7.43039 4.95544 11.4715 12.9759 8.83915 7.82306 10.6543 8.51207 6.93234 8.48378 9.13769 8.0441 6.38528 13.3393 12.8342 7.10011 6.74361 8.67657
threshold=2.9150000000000005 0 2.5400000000000005 2.5000000000000004 6.3050000000000006 1 2 8.0550000000000015 17.610000000000003 0.35254999999999997 7.1050000000000013 3 0.34475000000000006 5.9750000000000005 5.5000000000000009 4 5 0.34875 5.9050000000000011 6 0.34005000000000002 7 0.17500000000000002 8 6.9350000000000014 9 10 0.10100000000000002 5.5000000000000009 0.12500000000000003
decision_type=2 9 2 2 2 9 9 2 2 2 2 9 2 2 2 9 9 2 2 9 2 9 2 9 2 9 9 2 2 2
left_child=1 -1 -3 4 5 -2 7 -6 9 10 -8 12 -12 14 15 -5 -16 20 -19 -20 23 22 -22 -18 26 27 -15 -26 29 -27
right_child=3 2 -4 13 6 -7 8 -9 -10 -11 11 -13 -14 24 16 -17 17 18 19 -21 21 -23 -24 -25 25 28 -28 -29 -30 -31
leaf_value=-0.018269309388843313 -0.0048146973856024594 -0.0039185360105876291 0.20142500459783652 -0.0037255275068588719 0.0018122834172553338 0.0024511540432360004 -0.0022289035446422631 -0.078534117361889033 0.060270549100354953 -0.016564266457789203 -0.0025094538932571497 -0.038708440422191917 0.1231307261232651 0.010489850105416462 -0.015546413933947113 0.0028716604736130991 0.00416296896587043 0.0012315257591831953 -0.018451075111852122 0.065824369157745144 -0.015958879865654339 -0.042135564124912456 0.098392674913848177 -0.010916225954590894 0.047905324141023359 0.010663307157935903 0.0014520475366563335 0.0044212822380821611 0.0034264102395203224 -0.016726934138984649
leaf_weight=332.12809935957193 3178.9664889350533 518.36264344118536 1.591751281172036 4133.0148311331868 911.67434077337384 5932.9717052355409 829.94481603428721 12.616672955453394 13.448494985699652 732.22324478253722 93.856398422271013 102.84025106579065 4.9556508734822264 2151.3012655973434 672.30595659464598 10629.574004732072 551.12551255524158 1180.6495130397379 16.504059910774231 34.589205741882324 22.122151769697666 95.826168037950993 10.214596770703791 966.71401190757751 38.817580841481686 133.86839605867863 5795.7200270593166 1149.5204246118665 335.03639197349548 849.95155426114798
leaf_count=6198 25769 9462 17 28007 8999 47234 8194 123 116 7439 991 1121 49 12611 5809 69837 4354 9213 100 211 166 736 89 7938 232 805 34484 6938 1999 5188
internal_value=-6.19731e-05 -0.00934305 -0.00322783 0.000132905 -0.0014633 -8.63449e-05 -0.00610754 0.000707888 -0.00960195 -0.0101891 -0.0056641 -0.0198024 0.00344323 0.000788408 -0.000203258 0.0010241 -0.00530711 -0.00285105 0.00316627 0.0478738 -0.00737127 -0.0297048 0.0154003 -0.00548548 0.00252551 -0.00187449 0.00391366 0.00579296 -0.00876064 -0.0129999
internal_weight=41432.4 852.082 519.954 40580.4 11813.5 9111.94 2701.56 924.291 1777.27 1763.82 1031.6 201.652 98.812 28766.9 18312.6 14762.6 3550.05 2877.75 1231.74 51.0933 1646 128.163 32.3367 1517.84 10454.2 2507.19 7947.02 1188.34 1318.86 983.82
internal_count=304429 15677 9479 288752 100035 73003 27032 9122 17910 17794 10355 2161 1040 188717 126460 97844 28616 22807 9524 311 13283 991 255 12292 62257 15162 47095 7170 7992 5993
cat_boundaries=0 1 2 3 4 5 6 7 8 9 10 11
cat_threshold=23200940 21301285 6297629 312992 1069338 12853376 17459 721424 21773 17660673 393394
is_linear=0
shrinkage=0.1


Tree=36
num_leaves=31
num_cat=2
split_feature=2 0 4 3 1 2 4 3 1 2 1 2 4 3 3 4 3 3 3 3 0 2 1 3 1 2 4 4 4 2
split_gain=6.64025 5.96629 5.61245 3.92315 3.8648 5.69434 3.68123 6.79592 7.25464 5.29003 6.14828 7.70098 11.1461 6.95627 6.86782 5.19467 4.3129 3.37919 3.66978 7.29414 5.2505 5.30854 4.58668 4.53398 3.45787 5.49593 3.73062 6.21396 7.58691 13.2087
threshold=1.5450000000000002 0 0.37030000000000002 0.10500000000000002 4.5000000000000009 1.0000000180025095e-35 0.36850000000000005 1.4450000000000001 4.5000000000000009 1.0000000180025095e-35 5.5000000000000009 1.3750000000000002 0.27790000000000009 0.23500000000000001 0.21500000000000002 0.24494999999999997 0.14500000000000005 6.8400000000000007 1.3150000000000002 1.9450000000000001 1 3.3350000000000004 1.5000000000000002 4.1000000000000005 1.5000000000000002 7.7950000000000008 0.32095000000000007 0.20074999999999998 0.21630000000000002 6.9750000000000005
decision_type=2 9 2 2 2 2 2 2 2 2 2 2 2 2 2 2 2 2 2 2 9 2 2 2 2 2 2 2 2 2
left_child=1 6 -3 -2 5 -4 9 8 -8 16 -11 13 15 -12 -14 -13 -1 18 24 -20 22 -22 -21 -23 25 -5 27 -26 29 -29
right_child=3 2 4 17 -6 -7 7 -9 -10 10 11 12 14 -15 -16 -17 -18 -19 19 20 21 23 -24 -25 26 -27 -28 28 -30 -31
leaf_value=-0.03088714637374573 -0.037510410567908138 -0.077771164605231077 0.099445406676227421 -0.0024165508676960001 -0.033039024857925772 -0.10320983025109687 0.045609898103541435 0.045346070491246587 -0.056355433378179526 -0.048881191112018572 -0.081946030811550774 0.18022231114252607 0.16492486280073601 0.16625016629227615 -0.10526303157230406 0.55726648078172747 0.11607872626610725 0.08145846504219606 -0.079405769628464129 0.10946066499593821 0.072433899496152074 -0.066621108936690529 0.0053460832923898647 -0.0070699056531549169 0.0030795316282634928 -0.063847030458927298 0.0012784963197916997 -0.0098548568658186168 -0.0012498946147045751 -0.083165090374978989
leaf_weight=2.5977750308811656 27.829339224845171 28.026890901848674 5.2492141816765061 4166.6193447522819 47.359319610521197 1.8842234089970586 8.7797305937856418 13.76937225461006 33.995769454166293 12.728337120264769 4.7840615082532167 0.70644721016287781 2.23372944444418 1.4781442210078237 1.6253052446991203 0.75691112689673901 8.6315429266542179 5.0980410501360884 16.073091374710202 4.5209542103111735 4.4324149563908568 30.349894315004349 66.046535354107618 22.090619210153818 3343.0112470984459 14.614838562905787 20987.069989632815 516.11533702537417 12020.214070787653 25.805979579687119
leaf_count=46 220 1162 89 50211 1982 64 153 285 1204 379 181 28 69 50 47 25 143 29 455 53 70 316 532 199 22865 335 138070 3573 81435 159
internal_value=-5.9235e-05 -0.0195193 -0.0369311 2.31376e-05 -0.0227033 0.0459161 8.46941e-05 -0.0157577 -0.0354269 0.0253125 -0.000906418 0.0518049 0.140244 -0.0233613 0.0511301 0.375246 0.0820798 4.84768e-05 3.84074e-05 -0.0159247 -0.00791827 -0.0277701 0.0105248 -0.0415351 9.41834e-05 -0.00263127 0.000403077 -0.000752052 -0.00177171 -0.0133458
internal_weight=41424.5 174.607 82.5196 41249.9 54.4928 7.13344 92.0871 56.5449 42.7755 35.5423 24.3129 11.5846 5.32239 6.26221 3.85903 1.46336 11.2293 41222.1 41217 143.514 127.44 56.8729 70.5675 52.4405 41073.5 4181.23 36892.2 15905.1 12562.1 541.921
internal_count=304429 5907 3297 298522 2135 153 2610 1642 1357 968 779 400 169 231 116 53 189 298302 298273 1625 1170 585 585 515 296648 50546 246102 108032 85167 3732
cat_boundaries=0 1 2
cat_threshold=3724572 15943300
is_linear=0
shrinkage=0.1


Tree=37
num_leaves=31
num_cat=4
split_feature=2 0 1 3 4 4 3 4 3 3 3 4 4 2 4 4 4 2 3 3 3 4 4 0 3 4 4 0 4 0
split_gain=5.86912 4.49654 5.42177 7.59946 5.24688 9.35679 6.45531 5.56482 5.74277 5.1152 4.92757 4.26762 8.19213 5.18454 9.14883 5.00085 13.7872 4.11106 5.68936 7.17935 5.16311 7.4595 10.1453 7.37953 4.64216 4.77323 4.32798 5.58669 11.9739 4.31883
threshold=3.2650000000000001 0 5.5000000000000009 0.13500000000000004 0.52330000000000021 0.44295000000000001 0.23500000000000001 0.49550000000000005 1.2950000000000002 1.4550000000000003 1.5150000000000003 0.34945000000000004 0.36735000000000001 3.1750000000000003 0.22870000000000004 0.37825000000000003 0.38085000000000008 1.5450000000000002 1.5750000000000004 0.17500000000000002 0.18500000000000003 0.32434999999999997 0.30020000000000008 1 0.19500000000000003 0.39605000000000007 0.38475000000000009 2 0.37475000000000008 3
decision_type=2 9 2 2 2 2 2 2 2 2 2 2 2 2 2 2 2 2 2 2 2 2 2 9 2 2 2 9 2 9
left_child=1 2 3 -1 5 -3 -7 -8 -9 -6 -11 13 -13 -4 -15 -14 -17 18 19 -5 -19 22 23 -22 25 26 27 -23 -29 -26
right_child=-2 4 11 17 9 6 7 8 -10 10 -12 12 15 14 -16 16 -18 20 -20 -21 21 24 -24 -25 29 -27 -28 28 -30 -31
leaf_value=0.10748797126157175 0.00015337459698792447 -0.014661429799917358 -0.042357805316218161 0.067855755262433301 -0.07325994363453342 0.048146524056854774 -0.059205226253578262 -0.06734675552619597 0.11099913345463033 0.23562972327093298 -0.011167679420803985 0.087548078195047632 -0.10681466604628589 0.25647915123622023 -0.039417337349221558 0.41737920385129712 -0.010275681809262943 -0.0067259630072303254 0.087629405056592113 -0.068863912730109153 -0.026153972207097934 -0.025246258701995147 0.091220025145982819 0.035090538485067768 0.021766998758807322 -0.024582527891670702 0.15643833049723058 0.17751079017909266 -0.070197558643337529 -0.022292057716516614
leaf_weight=7.1487216614186755 40185.991741584614 552.1464208047837 64.449130047112703 4.5960328727960649 25.965923588722944 42.694874305278063 13.190349454060199 2.8131300415843716 5.0405805073678493 0.8852782491594543 9.3900436833500844 9.230505768209694 5.2317530903965226 1.645354326814412 2.8634204342961311 0.76329846307635207 60.957923630252481 172.48377078399062 3.5716394037008277 23.373911799862981 21.978313688188791 8.8282717391848546 25.465592849999666 51.390581004321575 23.044888451695442 10.252104714512823 3.7059209421277037 7.8858615681529098 2.5931285358965397 69.540692236274481
leaf_count=90 285127 8275 1449 38 664 527 470 118 122 30 193 179 112 24 38 17 1694 1736 66 878 278 111 276 621 268 113 39 76 37 763
internal_value=-5.51478e-05 -0.00685062 -0.000336069 0.00523263 -0.0124584 -0.0104736 0.025804 -0.0195254 0.0471172 -0.0496266 0.0100953 -0.017082 -0.00076807 -0.0351054 0.068562 -0.0129438 -0.00498693 0.00352753 -0.0312214 -0.0463981 0.00628714 0.0162769 0.0368378 0.0179622 0.000129825 0.032171 0.057454 0.0384545 0.0594655 -0.0113823
internal_weight=41419.1 1233.13 581.001 435.859 652.127 615.885 63.7389 21.0441 7.85371 36.2412 10.2753 145.141 76.1835 68.9579 4.50877 66.953 61.7212 428.711 31.5416 27.9699 397.169 224.685 98.8345 73.3689 125.851 33.2653 23.0132 19.3073 10.479 92.5856
internal_count=304429 19302 8903 5390 10399 9512 1237 710 240 887 223 3513 2002 1511 62 1823 1711 5300 982 916 4318 2582 1175 899 1407 376 263 224 113 1031
cat_boundaries=0 1 2 3 4
cat_threshold=12815001 163864 8423560 131096
is_linear=0
shrinkage=0.1


Tree=38
num_leaves=31
num_cat=5
split_feature=2 0 3 4 3 4 3 4 0 2 4 4 3 0 0 3 4 2 3 4 0 2 2 3 1 4 1 4 2 2
split_gain=4.91683 5.11961 4.56845 3.67369 3.2697 2.91581 2.90096 2.7456 9.10123 9.83335 6.88263 6.35466 8.33429 6.01687 5.42442 6.25998 7.34262 7.78157 11.6303 6.45329 6.99651 5.28888 6.33576 5.1525 5.03964 14.2211 6.73483 6.05292 6.88022 5.14883
threshold=1.5450000000000002 0 1.9200000000000002 0.65415000000000012 0.10500000000000002 0.33725000000000005 0.91000000000000003 0.28755000000000003 1 3.9550000000000005 0.28255000000000002 0.19520000000000001 0.13500000000000004 2 3 0.13500000000000004 0.41875000000000001 6.6150000000000011 0.115 0.43735000000000007 4 4.4850000000000012 4.0150000000000006 0.21500000000000002 3.5000000000000004 0.26479999999999998 2.5000000000000004 0.23104999999999992 3.7550000000000003 4.285000000000001
decision_type=2 9 2 2 2 2 2 2 9 2 2 2 2 9 9 2 2 2 2 2 9 2 2 2 2 2 2 2 2 2
left_child=1 2 3 -1 5 -2 -5 8 9 10 -6 12 13 -10 15 16 -9 21 -19 -20 -21 22 -18 -13 25 26 -25 -28 -29 -26
right_child=4 -3 -4 6 7 -7 -8 14 11 -11 -12 23 -14 -15 -16 -17 17 18 19 20 -22 -23 -24 24 29 -27 27 28 -30 -31
leaf_value=-0.053034406376026189 -0.0019462116430910168 -0.0010192518300708153 0.090552432955645093 0.19599742600425352 -0.0081866030292917693 -0.067501703834942431 -0.0025126464306322004 -0.012062515101175696 -0.011094398457790743 0.0027908737357600129 -0.053307870085549706 -0.0068115611976919017 -0.0011134535331681218 0.034905094067613107 0.0016752186461061502 -0.00033366509231824167 0.0012570763639928172 -0.059765289643544189 0.087913381527541856 -0.020789903992602381 0.040440250360810802 -0.014297603624449829 0.18696703079977767 0.052979401526099895 -0.03447837021608758 -0.048387769713376355 0.053178554415804061 0.11875203302361995 0.35070438282107513 0.055263057627729845
leaf_weight=59.993705017492175 13.587655901908876 102.44716566242278 2.5142330043017855 0.97607977315783445 531.45079931430519 13.551864866167305 2.9951075576245785 928.10643501952291 37.27977304533124 5315.5445566140115 36.10235920548439 3870.0820216648281 1421.9732255470008 103.3628248013556 17512.096766825765 11161.549342762679 4.9398580417037001 13.596317104995249 21.103378061205149 21.971782870590687 54.792766790837049 121.48793609812856 2.924770712852478 13.472863063216213 20.82117419317365 9.965136952698229 2.8933636918663979 2.5702921748161316 2.5450588688254356 9.2262414395809156
leaf_count=2679 107 3045 43 18 5256 113 122 6536 262 37523 385 28424 10541 734 126020 80326 36 91 150 153 393 840 21 112 277 80 23 24 18 77
internal_value=-5.20394e-05 -0.0170778 -0.0362227 -0.0468686 1.76892e-05 -0.0346807 0.0462792 4.0535e-05 -0.00128126 0.0014525 -0.0110568 -0.00420352 0.00118334 0.0244051 0.000544461 -0.00106197 -0.00802534 0.00753388 0.0268986 0.0389383 0.0254746 -0.00915282 0.0703206 -0.00635523 0.0223637 0.050347 0.0961494 0.168773 0.234156 -0.00692272
internal_weight=41415.9 168.926 66.4791 63.9649 41247 27.1395 3.97119 41219.9 11377.3 5883.1 567.553 5494.19 1562.62 140.643 29842.6 12330.5 1168.92 240.817 111.464 97.8679 76.7645 129.353 7.86463 3931.58 61.4941 31.4467 21.4816 8.00871 5.11535 30.0474
internal_count=304429 5907 2862 2819 298522 220 140 298302 83736 43164 5641 40572 11537 996 214566 88546 8220 1684 787 696 546 897 57 29035 611 257 177 65 42 354
cat_boundaries=0 1 2 3 4 5
cat_threshold=29821602 23295107 34828 19100675 18890752
is_linear=0
shrinkage=0.1


Tree=39
num_leaves=31
num_cat=4
split_feature=3 0 1 0 0 3 3 4 4 2 3 3 2 1 4 4 4 0 4 3 2 4 4 4 3 3 1 3 2 2
split_gain=4.61131 8.45526 6.28984 6.68492 6.43229 5.33059 4.92236 4.86204 8.90681 6.37211 10.1126 5.85661 5.115 18.701 4.31353 5.28916 3.42911 2.9251 5.2486 3.41009 7.68541 3.35561 4.59557 3.66534 3.11894 2.92149 2.86923 4.91948 5.42454 11.9235
threshold=0.22500000000000003 0 4.5000000000000009 1 2 6.2000000000000011 4.5750000000000011 0.36085000000000006 0.18984999999999999 4.0850000000000009 0.25500000000000006 1.4650000000000001 2.4450000000000007 5.5000000000000009 0.24945000000000003 0.32655000000000001 0.53145000000000009 3 0.40685000000000004 0.24500000000000002 1.7050000000000003 0.39015000000000005 0.38175000000000003 0.54585000000000006 1.2150000000000001 1.385 1.5000000000000002 0.21500000000000002 4.8450000000000006 4.3650000000000011
decision_type=2 9 2 9 9 2 2 2 2 2 2 2 2 2 2 2 2 9 2 2 2 2 2 2 2 2 2 2 2 2
left_child=26 6 4 5 -3 7 -2 8 -4 10 14 12 13 -12 -10 -16 -6 18 -9 20 -20 22 -19 -23 -25 -21 27 -1 29 -29
right_child=1 2 3 -5 16 -7 -8 17 9 -11 11 -13 -14 -15 15 -17 -18 21 19 25 -22 23 -24 24 -26 -27 -28 28 -30 -31
leaf_value=-0.0027833179417489223 -0.036519283681429711 0.02666263896701998 -0.073685448252235219 -0.032700344816083624 -0.0035640318294090562 0.19081953612967142 0.028978629473728642 -0.10862029703783629 0.17313010230012879 0.1802527867464197 0.65686346829132614 0.011429060749337605 0.10164189518045595 0.058899574074990371 -0.10725072658396675 0.038189452370349083 -0.069781545315363888 -0.013716131310985404 0.30002588577206657 -0.039538151449429286 0.011917597602132438 -0.065710393311917928 0.21219468481029363 -0.10337283029816358 0.023264314769985424 0.044063236711414995 0.00035227559860786205 0.014894204756520557 -0.07108359267510693 0.15010654387132394
leaf_weight=4102.8136274069548 133.33902386575937 105.98854268528521 5.7130017708987024 84.575421242974699 72.178619310259819 1.5255203545093525 12.554423972964285 2.8896112442016628 1.0663431473076403 4.0210474878549567 0.91760487109422606 2.4362632147967815 2.325587872415781 1.2162559796124697 5.2832252532243711 4.7472034860402346 8.7708324398845416 3.1709442138671866 1.4709312915802031 6.2058833483606604 2.4986849240958691 23.155519641935825 1.2575790546834467 2.3732793629169455 10.77323394268751 12.804749818518756 36751.413550432771 32.206436607986689 4.7141631394624701 8.1778619363903982
leaf_count=49965 2274 913 126 2016 674 8 93 59 17 32 21 36 26 31 124 84 100 70 22 232 39 510 28 97 272 180 245981 288 46 65
internal_value=-4.73211e-05 -0.00946699 -0.000936452 -0.0142808 0.0118931 0.00487464 -0.028902 0.00238419 0.0375712 0.0664448 0.0410104 0.136113 0.20423 0.316037 -0.0180882 -0.0384168 -0.00955794 -0.0122646 0.0132723 0.034375 0.118675 -0.0254856 0.0504363 -0.0417679 0.000403096 0.0167722 7.08895e-05 -0.00242225 0.0304254 0.0422748
internal_weight=41412.6 513.259 367.366 180.428 186.938 95.8525 145.893 94.3269 27.7265 22.0135 17.9925 6.89571 4.45945 2.13386 11.0968 10.0304 80.9495 66.6004 25.8699 22.9802 3.96962 40.7306 4.42852 36.302 13.1465 19.0106 40899.3 4147.91 45.0985 40.3843
internal_count=304429 8084 5717 4030 1687 2014 2367 2006 497 371 339 114 78 52 225 208 774 1509 532 473 61 977 98 879 369 412 296345 50364 399 353
cat_boundaries=0 1 2 3 4
cat_threshold=17445378 3181849 12665005 1051664
is_linear=0
shrinkage=0.1


Tree=40
num_leaves=31
num_cat=2
split_feature=2 0 4 4 3 2 4 4 4 4 1 1 3 1 3 4 4 4 4 2 0 3 4 4 2 4 3 2 3 4
split_gain=4.06338 3.57556 4.28295 7.72722 4.67997 4.63233 5.23275 4.09402 4.93344 6.15042 6.68622 4.05362 5.61328 4.04051 3.79456 3.79279 6.05367 4.6774 7.75418 7.4668 5.42538 7.21701 5.70396 4.59018 4.13834 5.81353 3.65737 3.62968 3.58009 3.43585
threshold=3.2650000000000001 0 0.52330000000000021 0.44295000000000001 1.4550000000000003 1.3750000000000002 0.51075000000000015 0.43085000000000001 0.40040000000000003 0.40215000000000006 2.5000000000000004 5.5000000000000009 0.13500000000000004 4.5000000000000009 1.2950000000000002 0.34945000000000004 0.36735000000000001 0.37825000000000003 0.39015000000000005 2.6050000000000004 1 1.5150000000000003 0.61920000000000008 0.51075000000000015 3.1750000000000003 0.22870000000000004 1.6150000000000004 1.0000000180025095e-35 1.5150000000000003 0.25060000000000004
decision_type=2 9 2 2 2 2 2 2 2 2 2 2 2 2 2 2 2 2 2 2 9 2 2 2 2 2 2 2 2 2
left_child=1 11 3 7 -4 6 13 8 29 -10 -11 12 -1 -5 -8 24 -17 -18 19 -19 22 -22 -20 26 27 -26 -23 -13 -6 -3
right_child=-2 2 4 5 28 -7 14 -9 9 10 -12 15 -14 -15 -16 16 17 18 20 -21 21 23 -24 -25 25 -27 -28 -29 -30 -31
leaf_value=0.08940067050837161 0.00012800368455516788 0.0020050802639721465 -0.069678360044001714 0.081461835456316065 0.1883504758453052 0.040289738265185199 -0.035997013890686998 -0.063700792987988974 0.17872183575738609 0.1180113149202795 -0.0052793042495971974 0.056731877188642636 0.003312637861166852 -0.069518581709412289 0.17138347504684062 0.073583071609669246 -0.10616432832735304 0.032009652853545213 0.0104847712354395 0.27286551400854464 -0.06943362360531366 0.15439295881068571 0.16791058813020435 0.17520085108504643 0.18638920990264024 -0.036676829462710003 -0.10712127150480388 -0.045220076720131896 -0.0085607522450787538 -0.018436543354872
leaf_weight=7.7102917972952119 40188.998627364635 104.47912480123341 23.869415600784123 2.0783828534185895 1.0269204378128041 46.627627056092024 1.4883649162948125 15.416165452450512 2.3944330587983123 5.1657303534448138 29.62220411747694 3.7166681298986068 428.78888253308833 12.045320854522288 2.1668555438518524 9.9045058600604516 4.7236848268657914 4.3461756929755202 21.465160518884666 1.8286911249160764 25.544545270502567 0.77816084586083833 2.577992469072341 2.109086237847805 2.0211316272616378 2.7690426260232925 1.7098877821117637 57.774379571899772 9.1523774452507478 386.02819386962801
leaf_count=90 285127 1642 664 48 30 553 57 271 27 52 542 121 5300 532 47 179 112 101 537 23 855 33 87 38 24 38 37 1328 193 5741
internal_value=-4.45431e-05 -0.00573167 -0.0107867 -0.00902048 -0.0454676 0.0237295 -0.0197019 -0.0129043 -0.0114203 0.0236985 0.0130284 6.69825e-05 0.00483329 -0.047301 0.0869405 -0.0146554 0.000749368 -0.0103346 -0.00283506 0.103339 -0.0149346 -0.0365495 0.0193263 0.06667 -0.0320838 0.057442 -0.0253302 -0.0390579 0.0113043 -0.0140824
internal_weight=41408.3 1219.33 641.561 607.512 34.0487 64.4066 17.7789 543.106 527.69 37.1824 34.7879 577.768 436.499 14.1237 3.65522 141.269 74.9879 65.0834 60.3597 6.17487 54.1848 30.1417 24.0432 4.59713 66.2812 4.79017 2.48805 61.491 10.1793 490.507
internal_count=304429 19302 10399 9512 887 1237 684 8275 8004 621 594 8903 5390 580 104 3513 2002 1823 1711 124 1587 963 624 108 1511 62 70 1449 223 7383
cat_boundaries=0 1 2
cat_threshold=12815001 2193
is_linear=0
shrinkage=0.1


Tree=41
num_leaves=31
num_cat=7
split_feature=3 0 1 0 0 3 3 4 4 2 3 3 4 4 4 2 3 1 0 2 4 2 4 0 0 4 2 0 3 2
split_gain=3.71343 7.07561 6.28363 5.90439 4.82506 3.95397 3.85274 3.76798 6.99081 4.27475 6.47923 3.28004 3.17684 4.79342 3.03485 2.8523 2.62295 2.59997 7.181 9.04689 7.09671 5.19242 8.76926 12.7497 11.1439 5.08531 5.06336 9.99273 5.04527 4.97641
threshold=0.22500000000000003 0 4.5000000000000009 1 2 6.2000000000000011 5.6050000000000013 0.36085000000000006 0.18984999999999999 4.0850000000000009 0.25500000000000006 1.4650000000000001 0.24945000000000003 0.32655000000000001 0.53145000000000009 1.0000000180025095e-35 5.2900000000000009 2.5000000000000004 3 5.995000000000001 0.27675000000000005 3.9550000000000005 0.28855000000000003 4 5 0.19955000000000003 3.8450000000000002 6 0.18500000000000003 6.2750000000000012
decision_type=2 9 2 9 9 2 2 2 2 2 2 2 2 2 2 2 2 2 9 2 2 2 2 9 9 2 2 9 2 2
left_child=17 6 4 5 -3 7 -2 8 -4 10 12 15 -10 -14 -6 -12 -5 18 19 -1 25 22 24 26 -19 -21 -24 -28 -27 -30
right_child=1 2 3 16 14 -7 -8 -9 9 -11 11 -13 13 -15 -16 -17 -18 21 -20 20 -22 -23 23 -25 -26 28 27 -29 29 -31
leaf_value=0.0050846390373800914 -0.036043196825727118 0.023765176805895464 -0.070905681913321028 -0.035722985442129214 -0.00072801537607415049 0.15746778530318695 0.044004696507172217 -0.011553679017742281 0.13623401649717201 0.14271865381355917 0.25779155953756472 0.0083315447608093181 -0.10651724670844397 0.034864744962012854 -0.057768399425660283 0.099463512945396321 0.11447802828762273 -0.00064502915113505584 -0.0031111911125281232 -0.0010233041776374092 -0.0007991459485200711 0.00098686143801406524 0.011537595579944975 -0.008637944025720554 -0.02490296905774235 -0.029986683816920719 0.015269969899613316 -0.0321728464228732 0.15735957148646332 -0.023949332663465685
leaf_weight=3024.91478231363 109.3682004539296 107.96072560735047 5.3738971222192076 93.987815792672336 82.477460654452443 1.6556275635957707 6.3624894544482222 66.022256782278419 1.2199770025909007 4.5379400923848143 1.6271853558719147 2.4870537556707859 4.7466183640062791 4.8466038648039103 10.51704699359834 3.7835461162030697 1.1771990060806263 391.48708786815405 7333.8843869753182 116.55718643590808 1127.5894041247666 26530.833827063441 776.55193160288036 863.95153713412583 368.21596876345575 197.22085151448846 85.214592844247818 74.968573868274689 2.896224081516265 3.1716084666550159
leaf_count=23645 1894 913 126 2327 771 8 39 1509 17 32 23 36 124 84 120 55 6 4199 62908 1099 10921 169084 8030 9139 4082 1918 657 610 24 29
internal_value=-4.16701e-05 -0.00853758 -0.00168079 -0.0146875 0.010628 0.0038628 -0.0291257 0.00158392 0.0318875 0.0556478 0.0345306 0.103386 -0.0157603 -0.0350895 -0.00648188 0.147078 -0.0306448 6.38917e-05 -0.0011877 0.00196906 -0.00452842 0.00057183 -0.00372874 7.25505e-05 -0.0127388 -0.0176756 0.00811186 -0.00798933 -0.0272234 0.0625908
internal_weight=41405.6 508.152 392.421 191.466 200.955 96.3007 115.731 94.6451 28.6228 23.2489 18.711 7.89779 10.8132 9.59322 92.9945 5.41073 95.165 40897.5 11806.2 4472.35 1447.44 29091.2 2560.39 1800.69 759.703 319.846 936.735 160.183 203.289 6.06783
internal_count=304429 8084 6151 4347 1804 2014 1933 2006 497 371 339 114 225 208 891 78 2333 296345 100544 37636 13991 195801 26717 18436 8281 3070 9297 1267 1971 53
cat_boundaries=0 1 2 3 4 5 6 7
cat_threshold=17444866 3181849 12665005 3690778 31965701 11754274 2376197
is_linear=0
shrinkage=0.1


Tree=42
num_leaves=31
num_cat=6
split_feature=1 2 0 2 0 4 4 2 3 2 0 2 2 2 3 3 3 4 4 2 2 0 4 0 2 4 4 4 0 3
split_gain=3.12751 13.2899 17.1725 17.0829 11.0204 9.59011 13.3071 7.92738 7.57944 6.81785 11.406 5.6835 8.86713 7.53921 6.1755 5.02393 6.71522 6.33844 10.7869 4.83182 4.52625 8.29856 4.51849 7.30226 11.4355 6.62854 5.3201 11.8535 8.03766 7.92152
threshold=5.5000000000000009 6.5650000000000004 0 6.6250000000000009 1 0.56830000000000014 0.55585000000000007 4.2250000000000005 0.16500000000000004 6.9750000000000005 2 7.0650000000000004 7.4350000000000014 6.9850000000000012 4.9850000000000003 0.16500000000000004 0.13500000000000004 0.19955000000000003 0.28540000000000004 6.9050000000000011 7.0050000000000008 3 0.34790000000000004 4 7.0250000000000012 0.42575000000000002 0.20074999999999998 0.21630000000000002 5 0.15500000000000003
decision_type=2 2 9 2 9 2 2 2 2 2 9 2 2 2 2 2 2 2 2 2 2 9 2 9 2 2 2 2 9 2
left_child=9 4 3 15 5 6 -2 -8 -5 -1 -11 13 -13 19 -14 16 -3 -18 -19 -10 21 -12 26 -24 25 -25 28 -28 -22 -30
right_child=1 2 -4 8 -6 -7 7 -9 11 10 20 12 14 -15 -16 -17 17 18 -20 -21 22 -23 23 24 -26 -27 27 -29 29 -31
leaf_value=0.00071496509251809358 -0.010247641132583857 0.14329933203156486 -0.0044248179657844222 0.0090542645046151997 -0.00090906735854089321 -0.07253063174506312 -0.031207364397940324 0.26317155324416269 0.022635356405052775 -0.01526505050243448 -0.046240002397569452 0.13766213261493884 -0.0025610789170000406 -0.080817487451276135 0.16485623064911048 0.14066788697427782 0.15457988060285324 -0.095511500494823418 0.054243105993031206 0.10429565175814376 0.052430087691813912 0.0041526569874394178 0.018188053713604196 0.12064143307037448 -0.0041359952966900431 -0.051909843081602992 -0.087862655444501059 -0.0050148677260992459 -0.021513725914628044 0.068379580708075718
leaf_weight=32541.065560928546 1788.0419564479962 7.7303314954042426 681.8140597641468 520.8488831371069 3254.457123350352 24.730955752544105 1.3501971550285805 2.8366633877158165 48.153116799890995 716.54887036606669 48.41483747959137 13.127686694264414 12.892058886587618 6.2483954131603232 2.6574561372399321 9.2632145434617978 4.22310747206211 6.0468351095914867 23.513912409543991 8.5292908847331983 29.930989790707827 77.462208591401577 309.27478470280766 11.422558985650538 461.78682833537459 2.7652446217834941 17.706006094813347 700.77843361906707 54.722968317568302 11.942152433097361
leaf_count=235189 15512 45 4062 3015 26853 376 47 19 277 5479 357 76 108 36 16 53 24 35 136 48 226 575 2352 81 3488 21 138 5288 411 86
internal_value=-3.975e-05 -0.00206922 0.00676785 0.0180684 -0.004413 -0.0106256 -0.00983068 0.168239 0.0137197 0.00033248 -0.00476277 0.0402456 0.0771437 0.0234313 0.026051 0.0740786 0.0592203 0.0399816 0.0236099 0.0349232 -0.000313033 -0.0185729 0.00112128 0.0065349 -0.0013899 0.0870107 -0.00409422 -0.00705653 0.0179395 -0.00470482
internal_weight=41400.3 6416.47 1345.05 663.234 5071.42 1816.96 1792.23 4.18686 612.457 34983.8 2442.76 91.608 28.6772 62.9308 15.5495 50.7774 41.5142 33.7839 29.5607 56.6824 1726.21 125.877 1600.33 785.249 475.975 14.1878 815.081 718.484 96.5961 66.6651
internal_count=304429 50738 7931 3869 42807 15954 15578 66 3576 253691 18502 561 200 361 124 293 240 195 171 325 13023 932 12091 5942 3590 102 6149 5426 723 497
cat_boundaries=0 1 2 3 4 5 6
cat_threshold=3529872 30810256 1278012 8398467 20980483 11020801
is_linear=0
shrinkage=0.1


Tree=43
num_leaves=31
num_cat=6
split_feature=3 0 1 0 0 4 3 2 3 3 0 4 1 4 1 4 4 4 2 3 3 0 3 1 2 2 3 3 0 4
split_gain=3.00065 5.93953 5.19037 4.85549 3.92533 5.53889 3.46789 4.2256 4.10741 3.22208 2.85977 5.52171 8.95592 3.73004 3.47534 2.76747 2.74196 5.41688 5.60801 3.90188 3.81151 4.0241 3.52338 4.79259 3.32953 7.53249 3.31691 6.46974 2.85493 4.78192
threshold=0.22500000000000003 0 4.5000000000000009 1 2 0.53145000000000009 2.5750000000000006 8.3350000000000026 1.885 5.6050000000000013 3 0.46685000000000004 3.5000000000000004 0.51075000000000015 3.5000000000000004 0.34235000000000004 0.18984999999999999 0.34610000000000002 4.0850000000000009 0.25500000000000006 1.4450000000000001 4 1.1250000000000002 5.5000000000000009 2.2850000000000006 2.9150000000000005 1.2250000000000003 1.3150000000000002 5 0.59760000000000013
decision_type=2 9 2 9 9 2 2 2 2 2 9 2 2 2 2 2 2 2 2 2 2 9 2 2 2 2 2 2 9 2
left_child=-1 9 4 16 5 15 8 -8 10 -2 11 14 -13 -14 -6 -3 -4 18 19 24 21 22 -19 -24 -18 -26 -25 -28 -22 -30
right_child=1 2 3 -5 6 -7 7 -9 -10 -11 -12 12 13 -15 -16 -17 17 20 -20 -21 28 -23 23 26 25 -27 27 -29 29 -31
leaf_value=5.706367904414671e-05 -0.033414075650878526 0.023731131809319888 -0.068045795550190635 -0.028234034029047436 -0.0067015111162727521 -0.098941302688509314 0.1277263962892059 0.032173692806805258 -0.089180720835157754 0.039106337514155307 0.024624430473001772 -0.067556520108036131 0.35428251251540238 0.10695994053840208 -0.086741613645877125 -0.018756769490756178 -0.07842229592314387 -0.0062726258065621005 0.18193802343806742 0.089498376185945153 -0.024583701286765208 -0.045405671728377346 -0.10314164284838588 0.31307662714600215 0.20252604646911859 -0.038103840784131954 -0.036787531840168523 0.28943950811351521 0.024238661464396304 0.17040750330108215
leaf_weight=40894.032268973067 106.21923456899822 25.623534379526973 5.0547894593328229 92.161882760003209 16.373999804258354 6.4483233988285056 5.6771732643246677 25.04526162147522 3.8981536440551272 6.5015371590852729 68.310525812208652 2.0527483522891989 1.0815685484558346 1.3980051130056379 8.1124927774071676 38.16298602335155 4.0288743767887407 9.7174417376518232 2.9159316793084136 6.9196874834597102 7.5132317468523979 20.651917188428342 0.90695482678711314 0.96055134385824237 1.9172055870294569 4.0467205792665482 1.5075623933225872 1.0187160819768903 26.72121707350016 2.4427720867097369
leaf_count=296345 1894 233 126 2333 145 72 45 198 45 39 545 18 23 33 119 328 147 183 18 91 113 713 31 31 24 46 53 34 372 32
internal_value=-3.73955e-05 -0.00771098 -0.00146423 -0.0134396 0.00962735 -0.00929452 0.0189662 0.0498308 0.0114724 -0.0268493 0.0155037 -0.0107483 0.0869388 0.21484 -0.0332192 -0.00168905 0.00330373 0.0076173 0.0538598 0.0317774 -0.0052174 -0.0289429 0.0159936 0.101639 -0.00819241 0.0392507 0.154904 0.0947628 0.0172699 0.0271666
internal_weight=41397.4 503.391 390.67 188.485 202.185 70.2348 131.95 30.7224 101.227 112.721 97.3293 29.0188 4.53232 2.47957 24.4865 63.7865 96.3236 91.2688 19.8284 16.9125 71.4404 34.7631 14.1112 4.39378 9.9928 5.96393 3.48683 2.52628 36.6772 29.164
internal_count=304429 8084 6151 4347 1804 633 1171 243 928 1933 883 338 74 56 264 561 2014 1888 326 308 1562 1045 332 149 217 70 118 87 517 404
cat_boundaries=0 1 2 3 4 5 6
cat_threshold=17444866 3181849 3443728 66432 2065 1
is_linear=0
shrinkage=0.1


Tree=44
num_leaves=31
num_cat=4
split_feature=3 3 0 3 0 4 4 3 1 1 3 1 4 4 4 2 3 2 4 3 2 3 4 4 0 2 0 4 2 2
split_gain=2.77785 5.52352 5.04665 2.70974 2.68631 3.09701 3.99351 5.81023 3.78833 3.2025 4.20209 2.65494 3.12973 3.06118 5.15318 4.95577 3.52475 5.36385 2.72754 2.41161 2.93464 9.72098 2.30186 9.07995 14.3423 6.1691 6.13117 6.63789 5.73493 7.88481
threshold=0.87000000000000011 1.2550000000000001 0 0.26500000000000007 1 0.41355000000000003 0.42735000000000001 1.1250000000000002 4.5000000000000009 5.5000000000000009 1.175 1.5000000000000002 0.5011500000000001 0.48640000000000005 0.51735000000000009 1.8750000000000002 1.4450000000000001 1.8750000000000002 0.44095000000000006 5.6050000000000013 28.170000000000005 4.7750000000000012 0.20074999999999998 0.21630000000000002 2 6.9750000000000005 3 0.10100000000000002 6.955000000000001 6.785000000000001
decision_type=2 2 9 2 9 2 2 2 2 2 2 2 2 2 2 2 2 2 2 2 2 2 2 2 9 2 9 2 2 2
left_child=3 4 11 22 5 -2 -7 8 -8 -9 -11 12 -3 18 15 -15 -16 -18 -13 20 21 -4 26 24 28 -26 27 -1 29 -24
right_child=1 2 19 -5 -6 6 7 9 -10 10 -12 13 -14 14 16 -17 17 -19 -20 -21 -22 -23 23 -25 25 -27 -28 -29 -30 -31
leaf_value=0.00072482084625230536 -0.10219573906530346 0.17929089704287701 -0.025535716862846437 0.040872990656637818 -0.061170126753246873 0.32778491198765208 0.13568585966085908 -0.023470845923597432 -0.1018893132689792 0.27909148370979303 0.040394813506176908 0.0043965873967131306 0.019214831156125975 0.19840037241484137 -0.10223308471754372 0.047831970238619195 0.080452692813332394 -0.015667757643254111 -0.059137711116280856 0.027775663187318264 -0.080657675655023631 0.16070948813662092 0.0068646993611660503 -3.1533632413310655e-05 -0.023643512302164639 -0.096718125555871809 -0.0015075502438460587 0.012893826045087882 -0.054134337617386952 0.12731107801769656
leaf_weight=927.59893545601517 1.7733930051326741 2.0592709481716147 87.131358067505062 16.232218157500029 17.48783324286342 0.46503258496522804 0.83425297029316237 1.2606673445552585 3.433916655369103 1.5683707594871523 1.3921846970915792 24.417081066407263 3.0018172189593315 2.6381466509774318 2.9013072522357133 12.753494886681436 8.3576538376510161 19.012285901233554 9.3423632476478797 9.5393535867333394 8.6091583482921106 2.8955960646271697 234.18871506862342 36809.209661927074 329.07982763648033 11.973166037350891 1958.8695154665038 867.41746670566499 14.971667665988205 5.5641871988773337
leaf_count=6908 89 24 1854 252 1031 22 24 52 192 53 56 369 29 87 147 108 121 160 167 59 79 26 1749 267163 2466 91 14439 6454 119 39
internal_value=-3.67272e-05 -0.0112213 -0.0051695 2.327e-05 -0.0525436 0.0095949 0.0424499 0.0268198 -0.0554531 0.110008 0.166846 0.0126276 0.0843471 0.00964724 0.0265279 0.0736396 0.00257361 0.0136835 -0.0131855 -0.0185237 -0.0248794 -0.0195454 7.15973e-06 -0.000229751 -0.0124763 -0.0254623 0.00236781 0.00656873 0.00568718 0.00966002
internal_weight=41396 220.875 192.659 41175.1 28.2157 10.7278 8.95443 8.48939 4.26817 4.22122 2.96056 84.4834 5.06109 79.4223 45.6629 15.3916 30.2712 27.3699 33.7594 108.175 98.6361 90.027 41158.9 37405 595.778 341.053 3753.89 1795.02 254.725 239.753
internal_count=304429 4749 3230 299680 1519 488 399 377 216 161 109 1212 53 1159 623 195 428 281 536 2018 1959 1880 299428 271627 4464 2557 27801 13362 1907 1788
cat_boundaries=0 1 2 3 4
cat_threshold=1164940 8659345 10168114 21773579
is_linear=0
shrinkage=0.1


Tree=45
num_leaves=31
num_cat=4
split_feature=2 3 0 4 4 0 1 4 4 3 4 4 0 2 3 4 4 1 2 3 3 4 4 0 2 4 4 4 2 3
split_gain=2.67398 2.73 2.72777 3.53755 6.98488 6.96177 6.89435 6.11008 7.41586 5.26819 4.51978 5.08821 3.39193 4.58855 4.29537 3.86892 4.29778 5.86224 3.35686 3.17321 3.0317 3.38457 4.38002 3.48781 3.16395 2.91206 2.90372 5.38886 5.10901 4.92625
threshold=3.2650000000000001 0.10500000000000002 0 0.38595000000000007 0.38715000000000005 1 5.5000000000000009 0.47455000000000008 0.45785000000000003 1.4850000000000001 0.39399999999999996 0.44865000000000005 2 3.1750000000000003 0.18500000000000003 0.18984999999999999 0.12590000000000004 2.5000000000000004 1.8750000000000002 0.16500000000000004 0.13500000000000004 0.40040000000000003 0.40305000000000002 3 3.0550000000000002 0.53145000000000009 0.39015000000000005 0.30020000000000008 1.7050000000000003 0.18500000000000003
decision_type=2 2 9 2 2 9 2 2 2 2 2 2 9 2 2 2 2 2 2 2 2 2 2 9 2 2 2 2 2 2
left_child=2 -2 26 12 -5 6 7 8 -6 -9 -8 -12 15 -14 -15 16 19 -18 -10 -4 -7 24 -23 -24 -22 -25 27 28 -1 -30
right_child=1 -3 3 4 5 20 10 9 18 -11 11 -13 13 14 -16 -17 17 -19 -20 -21 21 22 23 25 -26 -27 -28 -29 29 -31
leaf_value=-0.060663593047228064 -0.031989019616014601 0.00012447145641907115 0.085325286928728983 0.18657280293853318 0.052478379009657433 -0.10396961530330898 0.13189559321717001 -0.021276389118246739 0.29055041681301857 0.12264609951832445 -0.1056325817561846 0.0028030657739940585 -0.01726008090275253 -0.099250090225584633 -0.025625781749897436 -0.0093324610272376481 -0.066509320622947496 0.11873906658570717 0.10189998203058358 -0.020407401389468355 -0.027148753974763597 0.12855895828157715 0.012750281046205202 -0.016647999930156414 -0.11510716206483607 -0.081701196209525914 -0.010667805852751388 0.016579593977192716 -0.020923767477264214 0.01490931388333926
leaf_weight=16.365654150024056 26.489549152553082 40162.453501308337 3.5285574197769227 2.0349122490733853 32.040998438373208 3.7426536604762068 1.6722172051668192 17.506225518882278 1.9773507956415406 2.9756463132798663 7.1414003670215633 10.981740915216504 201.62748581822962 14.116859469562767 18.064390115439892 215.05353432707489 2.148543879389762 8.3362222537398321 1.8035592995584011 14.512990579940377 20.601387315429751 2.4428848046809426 43.051941875368357 37.691878055222332 5.1024070531129828 8.4180184295400959 156.2571348240599 202.89412662386894 72.257834862917662 81.797390947118402
leaf_count=628 220 284907 38 39 406 119 31 295 33 48 187 357 3189 144 174 3304 23 144 16 246 357 27 802 784 46 264 2973 2679 842 1107
internal_value=-3.59313e-05 0.000103305 -0.00467529 -0.00881318 0.00225096 0.000348456 0.022407 0.0431986 0.0681081 -0.000367049 -0.0254112 -0.0399259 -0.0136142 -0.0219193 -0.0579224 -0.00455533 0.0298615 0.0807779 0.200561 0.000271748 -0.0141969 -0.012543 -0.00354539 -0.00716483 -0.0446092 -0.0234407 0.000763232 0.00556833 -0.00754111 -0.00189778
internal_weight=41395.1 40188.9 1206.15 676.574 199.185 197.15 76.0991 56.3038 35.8219 20.4819 19.7954 18.1231 477.389 233.809 32.1812 243.58 28.5263 10.4848 3.78091 18.0415 121.051 117.309 91.6047 89.1618 25.7038 46.1099 529.572 373.315 170.421 154.055
internal_count=304429 285127 19302 11073 3811 3772 1373 798 455 343 575 544 7262 3507 318 3755 451 167 49 284 2399 2280 1877 1850 403 1048 8229 5256 2577 1949
cat_boundaries=0 1 2 3 4
cat_threshold=12814993 1319176 18895906 16422
is_linear=0
shrinkage=0.1


Tree=46
num_leaves=31
num_cat=3
split_feature=3 0 4 4 1 0 4 2 1 3 4 3 2 4 4 3 1 2 4 4 3 0 1 2 2 2 4 4 3 4
split_gain=2.42211 4.59755 4.39786 4.3735 4.18764 3.67693 5.52796 4.54566 11.541 5.1714 3.37789 3.78772 5.54045 3.52562 3.30984 3.04069 2.90156 2.89649 2.55919 3.41608 2.63741 2.44284 3.70573 7.62745 6.30675 2.4109 4.67398 3.92745 5.29246 2.87793
threshold=0.22500000000000003 0 0.43545000000000006 0.44095000000000006 4.5000000000000009 1 0.39015000000000005 1.0000000180025095e-35 5.5000000000000009 1.405 0.19520000000000001 1.4850000000000001 1.8750000000000002 0.11610000000000002 0.21630000000000002 6.2000000000000011 5.5000000000000009 3.7850000000000006 0.46925000000000006 0.53145000000000009 1.9200000000000002 2 1.5000000000000002 3.7150000000000003 2.9150000000000005 4.0550000000000006 0.53145000000000009 0.44295000000000001 1.0950000000000004 0.38475000000000009
decision_type=2 9 2 2 2 9 2 2 2 2 2 2 2 2 2 2 2 2 2 2 2 9 2 2 2 2 2 2 2 2
left_child=-1 2 -2 17 21 6 7 8 -6 -10 13 -12 18 -7 -9 16 -8 -4 20 -20 -13 -3 23 24 -23 27 -27 29 -29 -24
right_child=1 4 3 -5 5 10 15 14 9 -11 11 12 -14 -15 -16 -17 -18 -19 19 -21 -22 22 25 -25 -26 26 -28 28 -30 -31
leaf_value=5.1123711000695865e-05 -0.033953066556007175 0.020002435276041928 0.23456437903122143 -0.0071228068018363627 0.40944134635394236 0.0010915479840135811 -0.058509985359169049 -0.07307665894811137 -0.1051123197099233 0.19627166531793139 -0.048504802150183206 -0.10334164238304373 -0.034632768205775565 0.2049831432545316 0.041439770045268554 0.11033436767216438 -0.0017513287250026819 0.044635032433015247 0.19968763759595054 0.044961191094170218 0.049555803383534221 0.018242362794144092 -0.023932149967279635 -0.039575022994077509 0.21940733617120922 0.037146737797515192 -0.086695962223673539 0.13396189538452388 -0.065369154711962224 -0.091092616317899389
leaf_weight=40894.220323944464 102.5625348361209 99.548659456893802 1.1729093007743352 61.78060545399785 1.1464719623327284 2.7773921461775894 13.659451998770235 2.890153753571215 1.3497914653271439 0.98465906642377365 49.312979113310575 1.7801504116505364 22.42788065597415 1.2208783524110911 19.915974862873554 1.841424137353896 26.44206583686173 2.5456425547599792 1.969947353005409 5.1764200106263161 3.0803680568933487 2.9909966401755792 29.315939070656896 5.3576019704341888 3.2539982423186302 16.80728700757027 3.7224795445799819 3.2370914332568637 2.263339058496058 8.155455391854046
leaf_count=296345 1567 806 37 1269 20 93 278 62 51 19 1590 70 250 26 309 8 684 30 54 105 37 28 289 53 26 113 37 37 52 84
internal_value=-3.33493e-05 -0.00696041 -0.0198449 -0.000783273 0.000183559 -0.0117198 0.00629623 0.0431735 0.149614 0.0220099 -0.0237408 -0.0307335 -0.00528364 0.0633502 0.0269274 -0.0153149 -0.0210846 0.104543 0.0495381 0.0876126 -0.00644243 0.0108245 -0.00353334 0.0479623 0.123061 -0.0134987 0.0146914 -0.0269665 0.0519404 -0.0385493
internal_weight=41392.9 498.691 168.062 65.4992 330.629 155.976 68.23 26.2871 3.48092 2.33445 87.746 83.7477 34.4348 3.99827 22.8061 41.9429 40.1015 3.71855 12.0069 7.14637 4.86052 174.653 75.1042 11.6026 6.24499 63.5016 20.5298 42.9718 5.50043 37.4714
internal_count=304429 8084 2903 1336 5181 3656 1431 461 90 70 2225 2106 516 119 371 970 962 67 266 159 107 1525 719 107 54 612 150 462 89 373
cat_boundaries=0 1 2 3
cat_threshold=18493970 2133249 12665004
is_linear=0
shrinkage=0.1


Tree=47
num_leaves=31
num_cat=6
split_feature=1 2 0 2 0 4 4 2 3 2 0 2 2 3 3 2 0 0 4 4 2 3 2 2 0 4 4 2 2 2
split_gain=2.38021 10.6569 13.6697 12.9375 9.28307 6.62994 17.0331 9.35904 5.95927 5.40599 9.51779 5.27344 7.95816 5.44919 5.18159 5.16306 8.77166 4.94797 7.56753 5.66365 5.2357 4.60718 7.31289 7.40222 4.62632 5.74096 4.89346 6.77598 5.82596 4.6921
threshold=5.5000000000000009 6.5650000000000004 0 6.6250000000000009 1 0.56830000000000014 0.55585000000000007 4.2250000000000005 0.16500000000000004 6.9750000000000005 2 7.0250000000000012 6.9850000000000012 0.15500000000000003 1.9450000000000001 7.0050000000000008 3 4 0.39915 0.23670000000000005 6.5850000000000009 0.16500000000000004 6.5050000000000008 6.4850000000000012 5 0.44865000000000005 0.12590000000000004 4.035000000000001 4.205000000000001 4.8850000000000007
decision_type=2 2 9 2 9 2 2 2 2 2 9 2 2 2 2 2 9 9 2 2 2 2 2 2 9 2 2 2 2 2
left_child=9 4 3 17 5 6 -2 -8 -5 -1 11 12 -11 -13 -7 16 -12 18 -3 -19 -21 22 23 -6 -23 26 27 -26 -29 -30
right_child=1 2 -4 8 21 14 7 -9 -10 10 15 13 -14 -15 -16 -17 -18 19 -20 20 -22 24 -24 -25 25 -27 -28 28 29 -31
leaf_value=0.00063348485285295484 -0.0086358191470796222 -0.041724862148729391 -0.0039422317103396378 0.0081157470908922828 0.0043764233397332137 -0.065009580287000795 -0.05338939693524683 0.19757996674686479 0.035540201874934903 -0.053906050396029519 -0.056713174299885566 -0.012939388289245258 0.025628076189675747 -0.036489395360886932 0.10973494746094928 0.00096818368240865276 -0.0011756225240035197 0.18428561757875186 0.095469867732503488 0.022633948856883093 0.11428099327268243 0.0029444744228276061 -0.033695344341277009 0.063689825315148038 -0.058036795749730745 0.015618209410707785 -0.013511892746541972 0.18584106107799581 -0.03125061717954622 0.058221463901691195
leaf_weight=32555.648928032257 2195.0551340524107 13.594471052289011 679.70047080516815 523.42846111953259 1348.4226541146636 29.031627533026043 1.9614597149193267 6.1286439299583435 93.368840135633945 15.796722937375305 32.941614463925362 423.05333295464516 61.795473515987396 127.97635812312365 1.8022406548261631 1675.6947929039598 96.802769020199776 6.5981703251600257 5.7088592797517768 9.8039352893829363 17.116966709494591 555.4377703955397 49.835641831159592 21.374019041657448 8.1333582345396263 85.990512099117041 718.32409779727459 2.6685683727264431 8.4040614217519778 19.371867157518864
leaf_count=235189 19080 77 4062 3015 9343 467 84 37 561 120 252 3275 474 996 19 12664 721 35 31 55 95 5200 292 125 164 1139 6621 25 76 135
internal_value=-3.07436e-05 -0.00180368 0.00609136 0.0160945 -0.00391236 -0.00870752 -0.00810202 0.136732 0.0122672 0.000293609 -0.00425224 -0.0147375 0.009436 -0.0184089 -0.0547958 -0.000516974 -0.0197382 0.0638326 -0.000757709 0.0779886 0.0809054 -7.97445e-05 0.00393295 0.00530194 -0.00415414 -0.00876286 -0.0116485 0.0230475 0.0447094 0.0311502
internal_weight=41391 6401.26 1349.32 669.62 5051.94 2233.98 2203.15 8.0901 616.797 34989.7 2434.06 628.622 77.5922 551.03 30.8339 1805.44 129.744 52.8224 19.3033 33.5191 26.9209 2817.96 1419.63 1369.8 1398.33 842.892 756.902 38.5779 30.4445 27.7759
internal_count=304429 50738 7931 3869 42807 19687 19201 121 3576 253691 18502 4865 594 4271 486 13637 973 293 108 185 150 23120 9760 9468 13360 8160 7021 400 236 211
cat_boundaries=0 1 2 3 4 5 6
cat_threshold=3529872 32940176 1278008 1159 17552 4870
is_linear=0
shrinkage=0.1


Tree=48
num_leaves=31
num_cat=8
split_feature=1 3 0 2 3 0 2 2 4 4 2 0 2 0 0 4 4 2 4 2 0 4 4 0 3 4 0 3 2 4
split_gain=2.20673 3.78816 6.1803 4.18681 3.2862 7.63912 6.70777 8.40977 7.57107 7.21435 6.62382 6.56619 5.96252 5.24169 5.14657 5.11066 13.7601 11.1843 7.85881 4.75557 4.63127 6.87419 5.20969 7.06992 5.39157 4.94319 7.28738 4.87073 5.28283 6.11341
threshold=1.5000000000000002 0.12500000000000003 0 2.2850000000000006 0.18500000000000003 1 4.2250000000000005 5.3850000000000007 0.34525000000000006 0.51735000000000009 5.535000000000001 2 2.6050000000000004 3 4 0.35010000000000002 0.29825000000000007 6.3350000000000009 0.32305 4.4250000000000007 5 0.44470000000000004 0.51735000000000009 6 0.17500000000000002 0.36245000000000005 7 0.13500000000000004 6.8450000000000006 0.37030000000000002
decision_type=2 2 9 2 2 9 2 2 2 2 2 9 2 9 9 2 2 2 2 2 9 2 2 9 2 2 9 2 2 2
left_child=1 2 -1 -3 20 10 12 9 11 -8 19 -9 -7 -14 -10 16 -12 18 -18 -6 21 27 25 -24 -25 -22 -27 28 29 -5
right_child=-2 3 -4 4 5 6 7 8 14 -11 15 -13 13 -15 -16 -17 17 -19 -20 -21 22 -23 23 24 -26 26 -28 -29 -30 -31
leaf_value=0.0083375477907133809 0.00021400564438932765 -0.057464071445635805 -0.038292014185297103 0.029083881004644197 -0.0036450799362341456 0.0915480293016631 0.03379582205214994 0.017286725770288423 0.047705877646728345 -0.092502648625959971 -0.006563237380899283 -0.052105982474976359 0.010562585195103287 -0.023013644742169756 -0.015338608285463443 -0.01805681019497073 0.14725098561922159 -0.018728210445605315 0.39523493144487842 -0.035106087941016502 0.00081339752293336826 -0.052231202283192918 -0.01472722398596988 0.035455037339239118 0.11982364671322915 -0.018383849634108544 -0.00061551438895211211 -0.011782797674937352 -0.043555553745896383 0.1643962985411537
leaf_weight=47.408811144530773 37208.728961614892 13.428359795361756 60.980856992304325 13.884454131126409 108.3078201264143 6.3234528228640547 215.90553387999535 18.920344471931458 22.088095638900995 4.619498945772647 10.715333856642252 29.306441243737936 82.773515559732914 86.718944571912289 19.182860400527716 11.94513952732086 3.1086253374814978 2.2105429694056511 2.1700208187103271 86.352476231753826 1906.0460809469223 40.239730428904295 30.724782172590494 37.899772208184004 9.4664159342646581 385.77617428451777 567.28268734365702 344.81835732981563 6.4638754539191714 4.3961156606674185
leaf_count=780 253690 184 1136 220 1040 60 1900 217 247 43 141 345 699 756 211 151 38 30 24 871 23395 559 383 509 99 5040 6897 4564 134 66
internal_value=-3.07171e-05 -0.00220942 -0.0206602 -0.00171818 -0.0015337 0.00464234 0.011571 0.0206578 -0.00519562 0.0311502 -0.0103841 -0.0321017 -0.0037939 -0.00735093 0.0262452 0.0327698 0.0661203 0.170114 0.249196 -0.0176014 -0.00284502 -0.0126719 -0.00142595 0.0240524 0.0431968 -0.00212683 -0.00800708 -0.00870743 0.0341483 0.0616238
internal_weight=41388.2 4179.47 108.39 4071.08 4057.65 710.649 485.839 310.023 89.4977 220.525 224.81 48.2268 175.816 169.492 41.271 30.1497 18.2045 7.48919 5.27865 194.66 3347 409.803 2937.2 78.091 47.3662 2859.1 953.059 369.563 24.7444 18.2806
internal_count=304429 50739 1916 48823 48639 6773 4478 2963 1020 1943 2295 562 1515 1455 458 384 233 92 62 1911 41866 5543 36323 991 608 35332 11937 4984 420 286
cat_boundaries=0 1 2 3 4 5 6 7 8
cat_threshold=5317948 17478660 8407329 7340952 5325450 4456464 8483083 26449152
is_linear=0
shrinkage=0.1


Tree=49
num_leaves=31
num_cat=3
split_feature=3 3 1 0 3 0 4 2 1 3 3 1 4 1 3 2 4 1 4 2 4 3 3 1 1 0 2 2 4 4
split_gain=2.1108 4.1434 3.96038 3.81187 3.21976 2.8396 2.48498 3.40584 4.91239 3.67685 2.57589 2.34239 2.71105 4.51615 3.78572 3.80657 2.81734 2.64223 2.31479 2.44608 2.26547 2.22289 2.73794 2.92359 2.20788 5.60472 8.05593 7.4726 14.2867 16.0599
threshold=0.29500000000000004 1.2550000000000001 1.5000000000000002 0 0.26500000000000007 1 0.43545000000000006 1.0000000180025095e-35 5.5000000000000009 1.6150000000000004 1.3750000000000002 1.5000000000000002 0.48640000000000005 3.5000000000000004 1.4450000000000001 1.8750000000000002 0.45785000000000003 4.5000000000000009 0.44095000000000006 8.3350000000000026 0.44690000000000002 3.8050000000000002 3.1400000000000001 2.5000000000000004 2.5000000000000004 2 5.9750000000000005 5.8850000000000007 0.30335000000000001 0.29735000000000006
decision_type=2 2 2 9 2 9 2 2 2 2 2 2 2 2 2 2 2 2 2 2 2 2 2 2 2 9 2 2 2 2
left_child=4 2 -2 11 24 -4 7 8 9 10 -5 -3 16 -14 -15 -16 -13 -17 19 -8 -20 22 23 -22 25 26 27 -1 29 -29
right_child=1 3 5 6 -6 -7 18 -9 -10 -11 -12 12 13 14 15 17 -18 -19 20 -21 21 -23 -24 -25 -26 -27 -28 28 -30 -31
leaf_value=0.0043382302686789699 0.20647360367280765 0.083813559032661147 0.0093371624480432427 0.38921684640790466 0.050616820480714989 -0.059003041110220047 -0.00082683134754488207 -0.062482781797715096 -0.066442810614060613 -0.013767595893288824 0.12083004028485021 -0.0004964440127577654 -0.036012105145302113 -0.049674695351285124 0.11509472492221176 0.096485577851988968 -0.087155386507951349 0.012855324810125754 -0.10670841851923857 0.17504867128091656 0.12079976234714292 0.013379379885733789 -0.060258837757721222 -0.013566499763920818 0.0004719851898465087 -0.0025461130179358187 -0.0048282819743560891 0.062586849185335344 0.0070983691535911374 0.28515833030157739
leaf_weight=2289.0969133675098 0.6188949197530772 4.5341514199972144 11.61972624994814 0.59834687598049929 12.573679920285938 18.376829110085971 1.8431742899119845 20.267732295207679 2.6954031996428967 1.0775752291083334 0.88881123811006546 25.330924326553944 9.067458860576151 3.8087240858003488 7.9688599687069681 5.0187976732850084 4.4037722805514923 15.278772074729204 2.4347756076604119 1.3850030601024628 1.6881216913461674 29.27819162979722 13.287388835102318 39.737902106717229 29280.138687008992 8378.6300203613937 1106.7493856661022 26.31428845226765 67.594382159411907 3.6974721625447264
leaf_count=17621 6 44 536 14 122 1107 33 314 125 21 35 379 61 200 118 36 110 143 89 14 15 242 140 1097 198272 72008 10690 226 578 33
internal_value=-3.13181e-05 -0.00977353 -0.0439212 -0.00428833 2.10341e-05 -0.0490874 -0.0150425 -0.0438747 0.0278236 0.126893 0.228813 0.0124776 0.00967454 0.026301 0.0439166 0.0565274 -0.0133308 0.0335338 -0.00851078 0.07463 -0.0116162 -0.00885967 -0.0207602 -0.00809104 5.57507e-06 -0.00114473 0.00221725 0.00549366 0.0325912 0.0900078
internal_weight=41386 221.209 30.6155 190.594 41164.8 29.9966 115.182 25.5279 5.26014 2.56473 1.48716 75.4115 70.8773 41.1426 32.0752 28.2664 29.7347 20.2976 89.6546 3.22818 86.4264 83.9916 54.7134 41.426 41152.2 11872.1 3493.45 2386.7 97.6061 30.0118
internal_count=304429 4879 1649 3230 299550 1643 2139 509 195 70 49 1091 1047 558 497 297 489 179 1630 47 1583 1494 1252 1112 299428 101156 29148 18458 837 259
cat_boundaries=0 1 2 3
cat_threshold=1164936 336273 3162394
is_linear=0
shrinkage=0.1


Tree=50
num_leaves=31
num_cat=9
split_feature=2 0 1 4 0 2 3 4 0 0 4 0 1 0 0 2 2 4 3 4 3 0 4 4 4 0 4 4 4 4
split_gain=2.07648 6.17805 6.24789 7.60338 10.6228 10.3095 6.60825 8.33055 9.24563 8.69113 7.27558 7.8306 8.78611 7.52915 6.36188 6.28747 6.11021 8.36133 5.95068 5.86911 5.75557 8.81296 7.65699 7.64004 6.77639 6.28473 5.70544 13.5578 5.38574 9.20748
threshold=4.2650000000000006 0 4.5000000000000009 0.44865000000000005 1 3.4550000000000005 0.17500000000000002 0.30905000000000005 2 3 0.42430000000000007 4 3.5000000000000004 5 6 3.5450000000000004 4.0850000000000009 0.40920000000000001 0.16500000000000004 0.41470000000000001 0.18500000000000003 7 0.37365000000000004 0.17685000000000003 0.41614999999999996 8 0.16740000000000002 0.22184999999999991 0.36945 0.35515000000000002
decision_type=2 9 2 2 9 2 2 2 9 9 2 9 2 9 9 2 2 2 2 2 2 9 2 2 2 9 2 2 2 2
left_child=1 -1 3 6 -5 18 7 8 -3 15 13 12 -12 20 -4 28 -11 -18 -6 26 25 22 23 -22 -23 -8 -15 -28 29 -9
right_child=-2 2 14 4 5 -7 10 9 -10 16 11 -13 -14 19 -16 -17 17 -19 -20 -21 21 24 -24 -25 -26 -27 27 -29 -30 -31
leaf_value=0.0020835120243516488 0.00027746296262351873 -0.03862620544352352 -0.020325414836178442 -0.0098022865406646748 0.1554636097984711 0.019703184272529234 0.031872013131163078 0.037506968127583244 -0.0072397219474576854 -0.022050753403955511 -0.015399452042880391 -0.050556359938592338 0.10653502324326636 0.023193152764330111 -0.0048182001765707987 0.0041409053665011197 0.017948913533434818 -0.061896073411985809 0.05772920421751513 0.049789411186058473 0.043798726677755598 0.01426985852737106 0.039939593560057454 -0.039493536230319592 -0.061780009964609611 -0.00031593428161973873 -0.069992291543435489 -0.0057187992491149102 0.010042481220122232 0.16405855219205656
leaf_weight=2639.5503271631896 34801.914776291698 157.59870752319694 399.87680205982178 100.97294199559838 8.6303889527916926 110.88077403604984 172.11581530421972 20.698298651725057 250.44432523846626 220.91759412735701 22.244192689657211 43.458064137026668 8.0472324062138814 59.129780286923051 807.54286992829293 184.79710517078638 94.258713521063328 15.235219545662401 22.396328199654818 19.048601493239403 12.417251123115419 327.72210372798145 18.214119406417012 97.345908883959055 12.151015959680079 100.37138346582651 34.763357143849134 586.77050596475601 26.382262028753757 7.9602081999182692
leaf_count=24416 242041 1269 5459 821 61 818 1376 173 2051 1787 173 342 72 500 10343 1358 673 109 218 152 109 2691 153 831 98 792 317 4959 208 59
internal_value=-3.05886e-05 -0.00165941 -0.00416014 -0.0015256 0.0153637 0.0317255 -0.00317165 -0.00957726 -0.0204862 -0.00177136 0.000967981 -0.0296664 0.012776 0.00253686 -0.0101622 0.0124578 -0.0121105 0.00683911 0.084915 -0.00488785 0.00949196 0.0028912 -0.0186495 -0.0300709 0.0112208 0.0211736 -0.00648982 -0.00931372 0.042645 0.072658
internal_weight=41383.9 6581.94 3942.39 2734.97 242.88 141.907 2492.09 978.292 408.043 570.249 1513.8 73.7495 30.2914 1440.05 1207.42 239.838 330.412 109.494 31.0267 699.712 740.338 467.85 127.977 109.763 339.873 272.487 680.664 621.534 55.0408 28.6585
internal_count=304429 62388 37972 22170 1918 1097 20252 7687 3320 4367 12565 587 245 11978 15802 1798 2569 782 279 5928 6050 3882 1093 940 2789 2168 5776 5276 440 232
cat_boundaries=0 1 2 3 4 5 6 7 8 9
cat_threshold=10666247 1062048 22020624 4458128 1061016 22283312 5506176 1048608 22020128
is_linear=0
shrinkage=0.1


Tree=51
num_leaves=31
num_cat=4
split_feature=2 0 4 1 1 4 0 0 4 4 3 4 4 3 1 4 3 1 3 3 2 1 0 4 4 3 3 3 4 2
split_gain=2.00507 3.70141 2.72584 4.21033 5.2093 3.5379 8.06189 7.4238 6.00548 10.8347 4.98496 4.46598 5.00903 4.69104 4.36283 4.21342 4.02832 6.00077 3.30806 3.14408 3.12598 3.90868 3.70422 4.56869 6.25201 3.32136 4.63082 3.10081 4.88882 3.07542
threshold=2.9150000000000005 0 0.27215000000000006 3.5000000000000004 1.5000000000000002 0.33400000000000002 1 2 0.35905000000000004 0.36325000000000002 0.23500000000000001 0.32815000000000005 0.32505000000000006 0.19500000000000003 5.5000000000000009 0.33265000000000006 0.15500000000000003 5.5000000000000009 0.21500000000000002 1.5250000000000001 2.2850000000000006 1.5000000000000002 3 0.45785000000000003 0.53145000000000009 1.5250000000000001 1.2950000000000002 1.5450000000000002 0.49550000000000005 1.8750000000000002
decision_type=2 9 2 2 2 2 9 9 2 2 2 2 2 2 2 2 2 2 2 2 2 2 9 2 2 2 2 2 2 2
left_child=1 -1 3 4 -3 6 -4 20 -9 10 -10 12 29 -13 15 -15 17 -11 -6 -18 21 -7 23 -23 -25 26 -24 -21 -29 -8
right_child=-2 2 5 -5 18 7 11 8 9 16 -12 13 -14 14 -16 -17 19 -19 -20 27 -22 22 25 24 -26 -27 -28 28 -30 -31
leaf_value=-0.015199056778798648 6.6811543734308684e-05 -0.057347295432772831 -0.013697494466339791 -0.025440255088417785 0.0165726085915428 -0.10968783910739306 0.068740867885378476 -0.059690419789990595 0.25371695841019831 0.13443794683946231 0.02049051347009162 0.15096776088683805 -0.069198263417980674 -0.023527127116094587 -0.10647362932192955 0.15655003032144965 -0.024502758345083656 -0.1035226940820474 0.098589067997248814 0.21049241653994888 0.027035804705640362 -0.069784565378945382 0.017481015764331784 0.08364748450764653 -0.057501081645013323 -0.062297734758225615 0.12472427648625298 -0.10433545377459251 0.07422301468701617 0.021297808768696719
leaf_weight=235.80961686372757 40568.806382112205 7.3829455599188796 57.042587197385728 86.98199322167784 18.761417452245954 3.1705404445528975 18.323511707596481 30.290015960112214 2.2090619560331102 3.8809180036187163 1.5661893337965009 6.4040992408990842 5.0989094953984013 2.3174783177673817 1.7074543815106151 2.957458958029747 97.93111112061888 1.4578066691756246 6.6648000497370949 0.94705326482653429 75.104438634589314 14.413359146565201 50.197219643741846 6.2462081396952254 6.3064773268997669 4.6113414186984292 4.3775428477674714 2.2407682621851563 4.8569878479465842 53.724508073180914
leaf_count=4743 288752 85 998 1881 224 46 499 493 37 36 31 71 86 33 43 47 2217 53 82 23 827 472 1172 158 232 113 141 72 82 680
internal_value=-3.17268e-05 -0.0049489 -0.000489299 -0.0139262 0.0165993 0.0030192 0.0157622 -0.00305089 -0.0187808 -0.00964577 0.156961 0.0322722 0.026585 0.0891556 0.0324628 0.0774354 -0.0152963 0.0694598 0.038071 -0.019566 0.0113111 -0.000644196 0.00336879 -0.0228853 0.0127344 0.0164225 0.0260832 0.04053 0.0178519 0.0333637
internal_weight=41381.8 812.984 577.174 119.791 32.8092 457.383 147.576 309.807 145.38 115.09 3.77525 90.5334 77.1469 13.3865 6.98239 5.27494 111.315 5.33872 25.4262 105.976 164.427 89.3227 86.1521 26.966 12.5527 59.1861 54.5748 8.04481 7.09776 72.048
internal_count=304429 15677 10934 2272 391 8662 2457 6205 3044 2551 68 1459 1265 194 123 80 2483 89 306 2394 3161 2334 2288 862 390 1426 1313 177 154 1179
cat_boundaries=0 1 2 3 4
cat_threshold=6423596 1325059 1325587 1049090
is_linear=0
shrinkage=0.1


Tree=52
num_leaves=31
num_cat=2
split_feature=2 0 4 4 4 4 4 3 3 0 3 4 4 4 2 4 3 3 4 3 4 3 1 3 4 1 3 4 1 4
split_gain=1.954 3.20721 8.42424 5.44391 3.54481 4.06052 5.29714 3.45967 3.31654 3.08071 3.55884 4.0261 3.2344 3.18657 2.56258 5.75706 2.83655 2.6771 3.45517 2.52218 3.15888 2.8346 2.39191 4.24742 2.25172 2.54537 2.21183 2.55463 2.20127 4.16402
threshold=1.5450000000000002 0 0.36660000000000009 0.37105000000000005 0.12590000000000004 0.17685000000000003 0.24494999999999997 0.17500000000000002 1.6150000000000004 1 1.2850000000000004 0.48640000000000005 0.52330000000000021 0.39515000000000006 1.3750000000000002 0.44470000000000004 0.20500000000000004 0.18500000000000003 0.48300000000000004 0.22500000000000003 0.37985000000000002 1.5250000000000001 3.5000000000000004 0.14500000000000005 0.40040000000000003 4.5000000000000009 0.10500000000000002 0.33725000000000005 5.5000000000000009 0.31265000000000004
decision_type=2 9 2 2 2 2 2 2 2 9 2 2 2 2 2 2 2 2 2 2 2 2 2 2 2 2 2 2 2 2
left_child=1 3 7 4 -1 -6 -7 22 14 13 -11 -12 -13 19 16 -16 17 24 -19 20 -4 -21 -3 -24 -5 -26 27 -2 29 -8
right_child=26 2 9 8 5 6 28 -9 -10 10 11 12 -14 -15 15 -17 -18 18 -20 21 -22 -23 23 -25 25 -27 -28 -29 -30 -31
leaf_value=-0.10302343158767031 0.001351969950855498 -0.064291147255962647 0.092351851737648302 0.089700527164348898 0.22751827252124227 -0.10268748526728061 -0.058373847539097981 -0.082643044869040172 0.038066071607983754 -0.064154167815853966 -0.10213451763397439 0.20391642112467304 0.021508242472563301 0.0095545225680335657 -0.06570752449571822 0.14975059967309631 -0.068085428953000335 -0.012554243717089698 0.25846975336364775 -0.10200140423214721 0.37764188741762128 0.16893017573097072 -0.021932245874348125 0.27679012615427573 0.013145975639053543 -0.10475065113376432 2.9957780237013312e-05 -0.06154736118682326 0.08551098065114085 0.066081595026917336
leaf_weight=1.6449122596532131 13.27985952422023 1.7808436825871496 1.0245018005371087 1.4098152816295639 1.2061307765543485 2.3699459955096271 4.0456558428704747 25.182019870728254 8.6558552682399732 15.351911747828128 1.9103906163945783 1.3043777178972957 3.8158276109024882 31.136774563230574 2.6635755635797969 2.3206289457157254 17.404331288300455 1.0898435879498709 0.82757126726210106 0.83774135820567586 0.62481503747403611 0.71639440208673477 1.2149213925004003 0.78257974237203587 3.5144304744899273 3.8235953636467457 41198.237956942059 12.568096634000538 11.476904533803463 8.0130005460232478
leaf_count=68 107 16 41 26 34 95 116 1244 115 852 105 59 118 1202 90 49 881 34 24 46 27 9 36 17 25 99 298302 113 324 155
internal_value=-3.06818e-05 -0.011196 -0.0227204 0.00529055 0.0395159 0.048164 0.0398135 -0.0692549 -0.0170376 -0.00296728 -0.0256913 0.0217533 0.0679769 0.0149669 -0.0314676 0.0346091 -0.0432006 -0.00259181 0.104422 0.114296 0.200429 0.0228872 0.0199749 0.095101 -0.0260478 -0.0482859 1.16104e-05 -0.0292317 0.0541628 0.024327
internal_weight=41380.2 156.149 85.6831 70.4662 28.7565 27.1116 25.9055 28.9604 41.7096 56.7227 22.3825 7.0306 5.12021 34.3402 33.0538 4.9842 28.0696 10.6653 1.91741 3.20345 1.64932 1.55414 3.77834 1.9975 8.74784 7.33803 41224.1 25.848 23.5356 12.0587
internal_count=304429 5907 3772 2135 792 724 690 1313 1343 2459 1134 282 177 1325 1228 139 1089 208 58 123 68 55 69 53 150 124 298522 220 595 271
cat_boundaries=0 1 2
cat_threshold=3723292 12854561
is_linear=0
shrinkage=0.1


Tree=53
num_leaves=31
num_cat=4
split_feature=1 0 2 3 2 2 0 2 4 4 4 3 2 2 0 4 4 3 2 0 4 4 4 4 3 4 4 3 4 2
split_gain=1.92213 8.82127 8.81655 9.91152 8.37478 6.19749 7.54678 6.31102 6.29827 6.13111 7.26167 6.98732 6.24433 10.6254 8.9728 9.21127 8.5416 8.24465 6.15195 6.4325 5.9356 5.20302 6.90321 5.06206 8.53724 4.86525 4.79337 4.36039 4.34557 4.32264
threshold=5.5000000000000009 0 6.8150000000000004 0.12500000000000003 6.9050000000000011 6.8350000000000009 1 6.9050000000000011 0.56830000000000014 0.32095000000000007 0.32150000000000001 0.15500000000000003 7.0850000000000009 7.6950000000000012 2 0.48300000000000004 0.40305000000000002 0.14500000000000005 4.0550000000000006 3 0.35645000000000004 0.32975000000000004 0.34315000000000007 0.32434999999999997 0.14500000000000005 0.55585000000000007 0.27425000000000005 0.115 0.22870000000000004 6.9750000000000005
decision_type=2 9 2 2 2 2 9 2 2 2 2 2 2 2 9 2 2 2 2 9 2 2 2 2 2 2 2 2 2 2
left_child=29 2 -2 4 -4 23 7 -7 -9 18 11 -11 -12 14 -14 16 21 -18 -3 27 -15 -16 -23 -5 -25 -17 -8 -20 -6 -1
right_child=1 9 3 5 28 6 26 8 -10 10 12 -13 13 20 15 25 17 -19 19 -21 -22 22 -24 24 -26 -27 -28 -29 -30 -31
leaf_value=0.00056584393748490254 -1.7996899682481664e-05 -0.032402767642173834 0.096382986275800248 0.0040593917955848912 0.062358738702690208 -0.012318216036780127 0.036488221915580876 0.040577462495946515 0.1688062618258428 0.17919007041738494 -0.0038523768787473616 0.015183841943790036 -0.011700715140735823 0.050665868552822006 -0.050486395449922006 -0.10810165849157534 0.17264613736089432 0.047524566508735801 -0.10745718708364081 -0.0024850067569619442 -0.055236196578239617 0.14283646963454161 0.034845106169772481 0.00069746636913685075 0.16845677621131303 0.047860335703633433 -0.0024372682043471913 -0.01693600407357997 -0.051645324913441204 -0.0038094524317869092
leaf_weight=32563.519530390389 2825.3043158501387 118.21361796930432 4.8784403949975959 6.7639250904321697 3.6558499187231055 23.034068420529366 38.567605316638947 125.83207209408283 3.9507156312465659 4.2855268977582437 1670.5853451928124 6.5958067383617163 34.539507061243057 6.7226141691207912 5.2102945894002906 4.8072917610406858 12.586101189255716 9.0552795529365522 5.3845964372158042 731.61301025003195 24.877408184111118 7.3776073753833762 29.946882352232933 4.647260680794715 8.7357986420392972 3.4253683537244797 176.00345568358898 453.32788926362991 39.138676166534424 2426.2984194327146
leaf_count=235189 22648 2221 28 39 21 131 221 723 22 31 13947 59 203 40 31 28 72 52 33 5131 177 43 173 27 50 22 1055 3282 228 18502
internal_value=-2.87913e-05 -0.00162377 0.00201672 0.0152721 -0.0277549 0.0205651 0.0176038 0.0337134 0.0444809 -0.00540697 -0.0016706 0.0797764 -0.00216048 0.01824 0.0332932 0.0495311 0.0691461 0.120292 -0.0106451 -0.00848431 -0.0327065 0.0431234 0.0561908 0.0745671 0.110202 -0.0432104 0.00435629 -0.0176146 -0.0419062 0.000262448
internal_weight=41378.9 6389.07 3260.51 435.208 47.673 387.535 367.388 152.817 129.783 3128.55 1820.02 10.8813 1809.13 138.548 106.948 72.4088 64.1762 21.6414 1308.54 1190.33 31.6 42.5348 37.3245 20.147 13.3831 8.23266 214.571 458.712 42.7945 34989.8
internal_count=304429 50738 25193 2545 277 2268 2152 876 745 25545 14878 90 14788 841 624 421 371 124 10667 8446 217 247 216 116 77 50 1276 3315 249 253691
cat_boundaries=0 1 2 3 4
cat_threshold=3267854 1165312 13107232 25174656
is_linear=0
shrinkage=0.1


Tree=54
num_leaves=31
num_cat=3
split_feature=1 3 0 2 2 2 2 2 2 4 4 2 4 0 2 0 3 4 4 2 4 2 4 2 4 4 3 2 2 4
split_gain=1.76122 3.19886 5.58244 3.55741 3.3673 3.04183 5.73607 4.23416 22.3926 8.67076 7.7634 6.93484 4.17744 2.52715 5.44292 7.33842 5.69368 5.86367 15.023 11.1049 6.1373 5.7759 4.83017 4.45116 5.81738 8.70981 5.55845 8.29503 4.74245 4.65052
threshold=1.5000000000000002 0.12500000000000003 0 4.705000000000001 2.2850000000000006 5.8550000000000013 5.6550000000000011 6.3850000000000007 6.4450000000000012 0.28255000000000002 0.27075000000000005 6.9850000000000012 0.22870000000000004 1 4.4050000000000011 2 0.14500000000000005 0.35815000000000002 0.35305000000000003 4.1650000000000009 0.38085000000000008 3.7150000000000003 0.26330000000000003 4.285000000000001 0.45475000000000004 0.44295000000000001 0.14500000000000005 4.6050000000000013 2.6050000000000004 0.37195
decision_type=2 2 9 2 2 2 2 2 2 2 2 2 2 9 2 9 2 2 2 2 2 2 2 2 2 2 2 2 2 2
left_child=1 2 3 -1 -3 6 -4 -7 -9 10 12 -12 -10 23 15 -15 22 18 -18 21 -19 -20 -17 24 25 28 27 -25 -6 -30
right_child=-2 4 5 -5 13 7 -8 8 9 -11 11 -13 -14 14 -16 16 17 20 19 -21 -22 -23 -24 26 -26 -27 -28 -29 29 -31
leaf_value=0.10301876308108895 0.000190708157147517 -0.053275318953027423 0.017749801085396786 -0.060870861812429893 0.08711725840100952 -0.052054323653500045 0.20361780016844444 0.36429260514739492 0.098449793152200094 -0.035392791680209361 0.40235014428023108 0.082081186213451784 -0.071465157021756084 -0.0074484813276402863 -0.0049171608565363777 -0.038826906641428988 0.016858013335941155 -0.040369183259183254 0.17046883185053963 0.29038429103042002 0.0077113220893325375 -0.041645771051958408 0.11455020159942615 0.12806985469127061 -0.072236569211808349 0.14314444255830572 0.01050132527931188 -0.016253041647466566 -0.002996017815561797 -0.044290167041562016
leaf_weight=1.3726858124136914 37206.181313878857 12.536205261945723 12.220522556453941 37.680636463686824 4.9532675966620436 16.077059004455805 1.9214331433176983 1.6964517235755909 2.9200778417289239 26.994152272120118 1.1736827380955221 1.5947300139814613 2.8681091852486134 266.17418510466814 2450.4152373075485 2.6167435720562926 226.13985916227102 34.802166022360325 2.4325877204537374 3.4490659311413765 111.94275810569525 2.7182290330529213 9.5348226577043516 4.1073029339313498 14.26610393822193 3.8409759402275077 626.00875690579414 130.98299054428935 121.4822456240654 35.167521297931671
leaf_count=12 253690 184 127 778 46 242 27 28 50 549 17 32 54 2589 31946 23 2022 310 20 30 979 24 81 36 133 31 7059 1914 1087 309
internal_value=-2.7714e-05 -0.00197651 -0.0190831 -0.0438755 -0.00152809 0.00154281 0.0430032 -0.00916345 0.0093496 -0.00758798 0.08013 0.217861 0.0142551 -0.00136795 -0.00273761 0.00531536 0.0137852 0.0119889 0.0217914 0.151517 -0.0036915 0.0585301 0.0815217 0.00315555 -0.0109662 -0.00568294 0.00653144 -0.011865 -0.00922027 -0.0122665
internal_weight=41376.3 4170.09 106.52 39.0533 4063.57 67.4662 14.142 53.3243 37.2472 35.5508 8.5566 2.76841 5.78819 4051.03 3110.23 659.81 393.636 381.485 234.74 8.59988 146.745 5.15082 12.1516 940.809 179.71 165.444 761.099 135.09 161.603 156.65
internal_count=304429 50739 1916 790 48823 1126 154 972 730 702 153 49 104 48639 38024 6078 3489 3385 2096 74 1289 44 104 10615 1606 1473 9009 1950 1442 1396
cat_boundaries=0 1 2 3
cat_threshold=19323393 18467 21698048
is_linear=0
shrinkage=0.1


Tree=55
num_leaves=31
num_cat=5
split_feature=4 0 2 0 0 4 3 3 4 2 2 4 1 3 4 2 0 3 2 1 2 0 1 4 3 4 2 4 2 2
split_gain=1.76127 7.93521 6.0587 6.61855 5.95755 8.72821 6.16708 11.2765 9.58527 5.82961 9.76343 8.10402 7.97132 5.74726 5.61109 6.30684 6.95189 9.57162 10.9168 8.97498 7.1836 5.29123 4.67051 4.51211 5.94822 4.17185 5.72016 6.53112 5.55755 8.81663
threshold=0.28755000000000003 0 4.9250000000000007 1 2 0.28605000000000008 0.20500000000000004 0.19500000000000003 0.26835000000000003 6.4750000000000005 6.6450000000000005 0.23819999999999994 2.5000000000000004 0.14500000000000005 0.20884999999999998 4.0850000000000009 3 0.14500000000000005 4.1650000000000009 2.5000000000000004 4.1250000000000009 4 5.5000000000000009 0.28605000000000008 0.18500000000000003 0.15829999999999991 4.0550000000000006 0.12590000000000004 2.7350000000000008 3.5450000000000004
decision_type=2 9 2 9 9 2 2 2 2 2 2 2 2 2 2 2 9 2 2 2 2 9 2 2 2 2 2 2 2 2
left_child=1 9 3 -3 6 -6 7 -4 -8 23 11 12 -11 -14 15 22 17 -17 19 -19 -21 -2 25 -1 -25 26 27 -5 -27 -30
right_child=21 2 4 14 5 -7 8 -9 -10 10 -12 -13 13 -15 -16 16 -18 18 -20 20 -22 -23 -24 24 -26 28 -28 -29 29 -31
leaf_value=-0.0075836560292221848 -0.0014965631080749305 -0.0087901920677502608 0.0072826099830424736 0.0080306912276959623 0.00038423831742957624 -0.046648712729836568 0.00075089610494191088 -0.044625753289760678 0.15925865259139158 -0.0056424697082831229 -0.00438978335032733 0.012142596279571628 0.029196618533726161 0.13381403606043651 -0.0038079203737662951 0.14868052066649726 0.0035826888885961508 0.0022842631593166128 0.016260954549246368 0.059431067975348632 0.19016361770745363 0.0013164962152030571 -0.041563900628538701 -0.058618843401207113 0.066185465829118509 -0.10749046713135853 -0.08640305317536745 0.091366053588530782 0.048370661794341116 -0.033292271577496764
leaf_weight=2071.57359739393 10043.811082769185 1263.4871928803623 1939.2000567540526 132.88588185235858 3799.3216695301235 39.870780732482672 8.8076896592974645 42.773473963141441 6.730344481766223 9.8097798191010934 316.36290569975972 78.059355512261391 7.6424510478973415 16.782164767384529 1064.3594132093713 6.707328885793685 244.7171351313591 8.2700387611985224 144.05374116450548 7.8508714511990574 9.0462804660201055 19957.163419348188 30.185370454564691 31.375363696366549 4.3480250276625148 6.5064637139439574 5.9175715744495383 10.120583217591046 18.303189642727375 47.610077373683453
leaf_count=15752 73454 10614 13377 1190 26217 275 59 288 46 95 2235 535 45 98 8999 50 1841 65 1073 60 68 146348 575 228 39 120 43 93 161 386
internal_value=-2.70396e-05 -0.00108675 0.000331163 -0.00332076 0.00220879 -0.000103938 0.00662119 0.00616236 0.069409 -0.0060052 0.0046017 0.0299332 0.0704984 0.101079 0.000705316 0.00786233 0.0153527 0.0298258 0.0268773 0.0876439 0.129422 0.000374672 -0.00466414 -0.00819131 -0.0434285 0.000367997 0.00994163 0.0139283 -0.0193192 -0.0106156
internal_weight=41373.7 11372.7 8836.73 3000.02 5836.7 3839.19 1997.51 1981.97 15.538 2535.95 428.657 112.294 34.2344 24.4246 1736.53 672.175 420.645 175.928 169.221 25.1672 16.8972 30001 251.529 2107.3 35.7234 221.344 148.924 143.006 72.4197 65.9133
internal_count=304429 84627 65600 25338 40262 26492 13770 13665 105 19027 3008 773 238 143 14724 5725 3157 1316 1266 193 128 219802 2568 16019 267 1993 1326 1283 667 547
cat_boundaries=0 1 2 3 4 5
cat_threshold=526396 24150274 23139328 151553 2315267
is_linear=0
shrinkage=0.1


Tree=56
num_leaves=31
num_cat=7
split_feature=2 0 1 4 4 4 0 4 3 0 0 3 3 4 1 3 4 0 2 2 4 0 3 4 4 1 2 0 4 2
split_gain=1.78534 10.2888 10.5892 8.72916 5.58423 10.9795 6.50443 5.49759 5.1128 8.04292 7.91832 6.26808 5.42095 4.98769 4.84457 5.33189 9.72708 4.85913 4.80414 4.7149 6.30822 5.49466 4.68039 5.40361 14.0695 6.23466 4.5333 4.51889 6.42589 13.1924
threshold=7.205000000000001 0 3.5000000000000004 0.65415000000000012 0.37285000000000007 0.27675000000000005 1 0.54585000000000006 0.14500000000000005 2 3 0.16500000000000004 0.15500000000000003 0.24494999999999997 2.5000000000000004 0.115 0.35385000000000005 4 7.6550000000000011 7.2650000000000006 0.10100000000000002 5 0.14500000000000005 0.33805000000000002 0.40305000000000002 1.5000000000000002 7.3650000000000011 6 0.39399999999999996 7.3850000000000007
decision_type=2 9 2 2 2 2 9 2 2 9 9 2 2 2 2 2 2 9 2 2 2 9 2 2 2 2 2 9 2 2
left_child=-1 3 19 14 5 6 -4 27 9 -7 11 12 -10 -8 17 16 -16 22 -19 20 -3 -21 23 -2 25 -25 -26 28 29 -6
right_child=1 2 4 -5 7 8 13 -9 10 -11 -12 -13 -14 -15 15 -17 -18 18 -20 21 -22 -23 -24 24 26 -27 -28 -29 -30 -31
leaf_value=0.00010913406008601043 0.013425825722970722 0.082068048051698692 -0.013337731943791717 0.11588430146166731 0.022667448273575735 -0.016430581113039553 0.031561229449277327 -0.025556314475954307 0.030123607507293766 0.024204168226328135 -0.037963316357480147 0.10296704167047133 -0.063058780834937253 0.087430082875201709 -0.033816706079457942 -0.021703707202378578 0.15173608112839457 -0.029857500870028045 0.02106701474845539 0.0060030350596616249 -0.041463161330556934 -0.017247294919479118 -0.0033730894120612429 0.046556336199041315 -0.11760170804631863 0.25658506691128496 0.05313380541921419 0.012110191340050895 0.033252969942019789 0.16986494260982701
leaf_weight=39688.504041451029 17.617790866643194 4.4281395263969889 24.135703697800636 5.1609682701528063 12.61518816649914 85.229900851845741 41.356793746352196 20.531224086880684 19.00674869120121 90.849016278982162 75.204580575227737 7.3849855959415427 9.2970314621925372 26.041076466441154 6.4607327878475171 441.59469622001052 5.0206515491008759 65.3116485606879 25.860215617343783 221.46793242916465 62.198908220976591 173.49941213615239 33.427513256669044 1.9694104492664317 2.3188265077769756 5.0059268027544022 4.721883412450552 120.3032106757164 62.998286403715611 11.768937468528746
leaf_count=292039 197 38 146 30 74 505 246 151 112 541 458 45 55 154 39 2711 30 751 290 1955 568 1563 353 40 25 33 57 747 405 71
internal_value=-2.61333e-05 -0.00321641 0.00274264 -0.0134033 0.0114523 0.00400282 0.0341596 0.0238074 -0.00561609 0.00497665 -0.0224355 0.0163432 -0.000484304 0.0462809 -0.0147184 -0.0199545 0.047323 0.000466371 -0.0138897 -0.00864593 -0.0332531 -0.00449495 0.019692 0.0502899 0.096627 0.197286 -0.00309718 0.0286874 0.044977 0.093712
internal_weight=41371.3 1682.79 1068.32 614.47 606.723 378.506 91.5336 228.217 286.972 176.079 110.893 35.6888 28.3038 67.3979 609.309 453.076 11.4814 156.233 91.1719 461.594 66.627 394.967 65.0614 31.6338 14.016 6.97534 7.04071 207.686 87.3824 24.3841
internal_count=304429 12390 7834 4556 3710 2262 546 1448 1716 1046 670 212 167 400 4526 2780 69 1746 1041 4124 606 3518 705 352 155 73 82 1297 550 145
cat_boundaries=0 1 2 3 4 5 6 7
cat_threshold=7831588 16777600 13457 8394769 2129956 8414866 17328139
is_linear=0
shrinkage=0.1


Tree=57
num_leaves=31
num_cat=4
split_feature=3 0 4 4 3 4 4 4 1 3 3 2 2 3 1 2 1 1 0 0 4 4 0 3 3 4 3 4 4 4
split_gain=1.74019 3.88686 2.91693 3.64716 2.48059 1.94403 2.61391 2.99465 2.5415 3.18138 4.19072 3.13765 2.2896 3.02871 3.78098 5.37855 2.23786 1.93296 3.84234 3.25783 5.43687 5.85187 4.30292 3.82763 3.10952 2.67871 2.4929 2.86547 2.31084 2.25547
threshold=0.22500000000000003 0 0.22605000000000003 0.24945000000000003 5.6050000000000013 0.56830000000000014 0.43735000000000007 0.44095000000000006 5.5000000000000009 0.25500000000000006 0.29500000000000004 3.7550000000000003 3.3950000000000005 0.23500000000000001 3.5000000000000004 2.6050000000000004 2.5000000000000004 4.5000000000000009 1 2 0.39015000000000005 0.20884999999999998 3 5.1450000000000005 1.155 0.59760000000000013 0.23500000000000001 0.44295000000000001 0.22184999999999991 0.27555000000000007
decision_type=2 9 2 2 2 2 2 2 2 2 2 2 2 2 2 2 2 2 9 9 2 2 9 2 2 2 2 2 2 2
left_child=-1 2 -2 -4 5 6 8 -8 9 12 11 -11 13 14 -5 -16 -9 18 -3 20 21 -19 26 -21 -24 -20 -22 -28 -23 -30
right_child=1 17 3 4 -6 -7 7 16 -10 10 -12 -13 -14 -15 15 -17 -18 19 25 23 22 28 24 -25 -26 -27 27 -29 29 -31
leaf_value=4.5112095641549914e-05 -0.086764718263303967 0.015191844819842213 0.097711192389362184 -0.057371076530463617 0.037667313621181232 -0.10796334621783606 0.11271978328226923 0.10958826693423052 -0.10586195219946477 -0.020869053255776933 -0.10680742787783214 0.11241632116385053 -0.087604931248272844 -0.083401204774630588 -0.01127742733397106 0.31707813140252972 -0.027821860548757252 -0.065571920545172468 -0.0083480515768083428 -0.024621740797910088 0.11435595805171997 0.20699252799314682 -0.085926295341048925 0.1183216238280535 -0.020001787523229772 -0.11319966045875302 -0.10607580226867507 0.03153931282825468 -0.056307598218903965 0.055469595010631957
leaf_weight=40878.625913161784 8.1326277833431941 126.1931554377079 2.4060748573392621 1.8305179923772876 5.2149400785565367 3.3854134026914826 2.2051391676068297 1.3228999711573113 5.7296235747635356 3.2360444441437703 2.1715243812650442 3.8884938880801201 10.372586734592913 3.3691544756293297 1.0728580970317128 0.93240916728973378 11.387224038131533 4.829657992348074 99.011186850257218 104.24633181467652 3.1305110231041935 0.94420965760946529 9.5808831220492703 1.9075564742088307 28.255610629916191 2.4980243146419516 1.6975420136004675 13.924885630607603 1.9339402131736303 27.122447426430881
leaf_count=296345 146 1030 42 21 29 87 33 12 170 32 57 30 88 39 33 10 362 134 978 2742 43 11 358 11 721 30 55 252 51 477
internal_value=-2.60351e-05 -0.00593822 -0.0266498 -0.0228498 -0.0280188 -0.0347482 -0.029532 0.00514395 -0.0453955 -0.0325037 0.0148086 0.0518766 -0.0575253 -0.0142212 0.0465429 0.141401 -0.0135199 -0.0020178 0.00421471 -0.00930285 0.00495982 0.0365869 -0.0136299 -0.0201545 -0.0290241 -0.00994829 0.0214624 0.016586 0.0530329 0.0480299
internal_weight=41370.6 491.933 66.6575 58.5249 56.1188 50.9039 47.5185 14.9153 32.6032 26.8736 9.29606 7.12454 17.5775 7.20494 3.83579 2.00527 12.7101 425.276 227.702 197.574 91.4197 34.8303 56.5894 106.154 37.8365 101.509 18.7529 15.6224 30.0006 29.0564
internal_count=304429 8084 1191 1045 1003 974 887 407 480 310 119 62 191 103 64 43 374 6893 2038 4855 2102 673 1429 2753 1079 1008 350 307 539 528
cat_boundaries=0 1 2 3 4
cat_threshold=16920576 12665517 3706115 1051648
is_linear=0
shrinkage=0.1


Tree=58
num_leaves=31
num_cat=5
split_feature=1 0 2 4 4 2 2 2 0 4 4 4 3 3 4 4 0 2 4 3 2 3 0 4 0 4 4 2 2 2
split_gain=1.60684 7.13599 7.12128 4.83641 5.57096 5.18871 4.87009 8.48562 7.83704 6.67249 7.59676 4.80171 4.77871 4.31068 4.28432 10.3944 9.39254 8.65801 8.30905 7.25029 7.13141 7.06522 7.84876 6.43529 6.3162 11.6132 9.08585 9.61553 6.83584 6.24691
threshold=5.5000000000000009 0 5.8250000000000011 0.32095000000000007 0.32150000000000001 2.4450000000000007 7.0850000000000009 7.6950000000000012 1 0.48300000000000004 0.44295000000000001 0.35645000000000004 0.15500000000000003 0.115 0.27215000000000006 0.33875000000000005 2 6.0150000000000006 0.34154999999999996 0.14500000000000005 7.4350000000000014 0.17500000000000002 3 0.33555000000000001 4 0.45290000000000002 0.37655000000000005 6.495000000000001 6.5050000000000008 6.0550000000000006
decision_type=2 9 2 2 2 2 2 2 9 2 2 2 2 2 2 2 9 2 2 2 2 2 9 2 9 2 2 2 2 2
left_child=-1 2 -2 5 12 -3 -6 8 -8 10 -10 -9 -5 -7 16 23 -4 21 19 -19 -18 22 -17 -16 25 -20 27 -26 -29 -28
right_child=1 3 14 4 6 13 7 11 9 -11 -12 -13 -14 -15 15 17 20 18 24 -21 -22 -23 -24 -25 26 -27 29 28 -30 -31
leaf_value=0.00024211058531704421 -0.0025410174184466012 -0.059428821255643673 0.04121583019242972 0.14458515981484141 -0.0035292373433642426 -0.070955192641450546 -0.017704215039399208 0.042702016558778921 0.044671169852092053 -0.02904392308066114 0.14088912150788702 -0.051605259522147486 0.01338973055322747 -0.008231869184887693 -0.0049997724889741238 -0.010998144342333004 0.0013026860522100227 0.1648703417512638 0.0058125539636485401 0.031539488793477781 0.089675731917866597 0.10194964379583299 0.047389353485610033 -0.057951360628145071 -0.020986666072328047 0.056108555142225437 -0.12855533353579326 0.17326447491052172 0.032584534558539151 -0.015396436244531478
leaf_weight=34989.276496449485 1754.8798772320151 20.547649146988988 97.601308763027191 4.7577238604426366 1666.6956581631675 11.052568435668944 27.036720097064972 6.9702873528003719 62.300966531038284 10.213599383831022 9.450439438223837 23.948210768401623 6.6666123084723949 1265.9968837052584 431.7767353951931 36.499284297227859 223.12560098618269 5.8048443645238903 234.63814097642899 13.713286146521567 9.5210105031728727 14.887576717883347 52.428023993968964 24.239930242300034 41.127173185348511 57.074621461331844 5.0064563602209082 3.6419566422700873 66.942217022180557 190.90923180431128
leaf_count=253691 16394 819 536 31 13947 70 159 40 351 64 50 177 59 9778 2549 222 1299 34 1356 79 53 91 317 142 241 326 29 21 387 1117
internal_value=-2.40079e-05 -0.00148358 0.00178491 -0.00489754 -0.0015847 -0.00957684 -0.00202489 0.0158945 0.0290103 0.0415145 0.0573441 -0.0303446 0.0680267 -0.00877473 0.00682775 0.00400725 0.0168944 0.0114669 0.00698388 0.0711931 0.0047166 0.0381911 0.0275171 -0.00781446 0.00489284 0.0151343 -0.00514361 0.0174484 0.0398432 -0.0182881
internal_weight=41368.7 6379.45 3263.82 3115.64 1818.04 1297.6 1806.62 139.92 109.002 81.965 71.7514 30.9185 11.4243 1277.05 1508.94 1178.69 330.248 722.673 618.858 19.5181 232.647 103.815 88.9273 456.017 599.34 291.713 307.627 111.711 70.5842 195.916
internal_count=304429 50738 25193 25545 14878 10667 14788 841 624 465 401 217 90 9848 8799 6911 1888 4220 3590 113 1352 630 539 2691 3477 1682 1795 649 408 1146
cat_boundaries=0 1 2 3 4 5
cat_threshold=3267854 13107200 5122 52480 85256
is_linear=0
shrinkage=0.1


Tree=59
num_leaves=31
num_cat=3
split_feature=2 0 4 1 0 4 2 3 1 0 4 4 3 4 4 1 2 3 3 1 1 2 1 4 4 4 3 3 3 2
split_gain=1.70343 8.482 6.4036 5.93513 5.39675 5.47387 5.62848 5.60162 5.20181 4.84663 6.37705 7.38271 4.16937 3.80358 4.84435 5.5048 6.16858 3.50033 7.24409 5.90243 7.86764 4.50794 3.56585 3.39839 7.48402 7.32622 6.77407 6.03559 7.00642 4.86495
threshold=7.205000000000001 0 0.65415000000000012 3.5000000000000004 1 0.26965000000000006 7.5650000000000004 0.15500000000000003 4.5000000000000009 2 0.28255000000000002 0.17685000000000003 0.13500000000000004 0.32305 0.31040000000000006 5.5000000000000009 7.5050000000000008 0.16500000000000004 0.15500000000000003 2.5000000000000004 1.5000000000000002 7.3650000000000011 2.5000000000000004 0.37475000000000008 0.36735000000000001 0.38815000000000005 0.15500000000000003 0.14500000000000005 0.17500000000000002 7.245000000000001
decision_type=2 9 2 2 9 2 2 2 2 9 2 2 2 2 2 2 2 2 2 2 2 2 2 2 2 2 2 2 2 2
left_child=-1 2 -2 9 5 6 7 8 -5 10 11 -3 -8 14 -6 16 -16 18 -12 20 21 -20 -19 24 27 26 -25 29 -29 -7
right_child=1 3 -4 4 13 23 12 -9 -10 -11 17 -13 -14 -15 15 -17 -18 22 19 -21 -22 -23 -24 25 -26 -27 -28 28 -30 -31
leaf_value=0.0001104783641494904 -0.01454106401546116 0.059613521282148897 0.093912935703062472 0.13141441927162839 -0.0033157005529341806 -0.054687929591209952 -0.070129780352097396 0.19550316586407135 0.028586837460703125 -0.012142907564871507 0.019177886091412858 -0.06840499995493482 0.049456898602638452 0.0083150671688190063 -0.078524687340097432 -0.10684461254651062 0.038568924116538644 0.016869055900997045 0.059537652840938864 0.19017744932108316 -0.032736018058626519 0.33753178200605749 -0.069570114106281555 0.047076756708272299 -0.12810463327967167 0.013055139817902945 0.17751184918049895 -0.035275474291129337 0.11818659594324564 0.033904175203563751
leaf_weight=39684.934014021419 543.05534969083965 6.0552400350570705 5.4993213266134253 7.2974267303943696 121.9541597738862 6.8906489908695212 5.1332558393478376 3.6618092954158774 15.098532587289808 362.40284899994731 67.756291691213846 17.592656031250954 6.747974582016468 238.00266166031361 8.3850024491548556 10.454870522022249 9.7078374773263914 13.114897083491089 1.2083193324506267 4.7633404582738876 4.4670840799808502 1.1277419887483118 7.5026343986392012 16.859453573822979 4.2717001736164084 82.952171310782433 5.2126845046877852 38.215712621808052 3.2262037992477408 61.711041048169136
leaf_count=292039 4067 47 30 42 736 41 30 20 85 3294 603 162 41 1459 51 64 59 109 23 30 30 22 51 94 25 533 31 230 20 361
internal_value=-2.15685e-05 -0.00314017 -0.0132129 0.00184242 0.00814082 0.0190199 0.0548312 0.0808397 0.0620918 -0.00648895 0.010244 -0.0356248 -0.00221023 0.000435602 -0.011996 -0.0490777 -0.0156973 0.0221225 0.0316638 0.104806 0.0450313 0.19374 -0.0145858 0.0136928 0.00176196 0.0266791 0.0778811 0.00680315 -0.0233286 0.0250056
internal_weight=41365.3 1680.33 548.555 1131.77 645.783 257.279 37.939 26.0578 22.396 485.991 123.588 23.6479 11.8812 388.505 150.502 28.5477 18.0928 99.9403 79.3228 11.5665 6.80315 2.33606 20.6175 219.34 114.315 105.024 22.0721 110.044 41.4419 68.6017
internal_count=304429 12390 4097 8293 3922 1553 218 147 127 4371 1077 209 71 2369 910 174 110 868 708 105 75 45 160 1335 677 658 125 652 250 402
cat_boundaries=0 1 2 3
cat_threshold=7798820 25708570 57472
is_linear=0
shrinkage=0.1


Tree=60
num_leaves=31
num_cat=7
split_feature=1 4 0 2 4 0 3 3 3 3 2 0 0 2 4 1 0 4 2 4 2 3 3 2 4 2 2 4 0 0
split_gain=1.55841 4.61854 14.4362 12.8077 9.01041 14.5336 9.32878 9.31944 9.84669 15.4999 17.9269 17.6914 13.0443 12.5679 11.9711 10.854 8.77756 9.23275 8.35563 12.0751 11.5889 6.82193 6.36765 6.29362 5.73891 8.90127 5.69168 5.51969 5.39226 4.8229
threshold=2.5000000000000004 0.42300000000000004 0 5.4050000000000011 0.40920000000000001 1 0.16500000000000004 0.19500000000000003 0.16500000000000004 0.15500000000000003 6.5850000000000009 2 3 6.9350000000000014 0.41715000000000008 1.5000000000000002 4 0.40815000000000007 6.3450000000000006 0.41045000000000004 4.9050000000000011 4.2700000000000005 0.20500000000000004 5.3050000000000006 0.27290000000000009 6.1950000000000012 6.5150000000000006 0.26175000000000004 5 6
decision_type=2 2 9 2 2 9 2 2 2 2 2 9 9 2 2 2 9 2 2 2 2 2 2 2 2 2 2 2 9 9
left_child=1 4 3 22 16 6 -6 8 9 11 28 18 -10 14 -12 -14 17 24 19 -7 -21 -18 23 29 25 27 -20 -1 -11 -3
right_child=-2 2 -4 -5 5 7 -8 -9 12 10 13 -13 15 -15 -16 -17 21 -19 26 20 -22 -23 -24 -25 -26 -27 -28 -29 -30 -31
leaf_value=0.0069665792065311399 0.0003690338153139007 -0.0067106745146732569 -0.012810824152367898 -0.0075327781156298334 -0.056774224441992517 -0.1200000495515877 0.012431384765172689 0.079996513293568258 -0.032982900662480018 -0.016253112718027558 0.44162289356797574 -0.030465506638550743 -0.022075447286881586 0.070593024524892425 0.14653380796626983 0.066442304077212147 -0.0028110408080764949 -0.080609463674992013 -0.080265497224523974 -0.050334451605325271 0.12744398156704823 0.16464231241869898 0.075503581311726964 0.070365199299838019 0.0069083969651919088 -0.021225590023355619 0.03201843876296958 -0.0190306657063611 0.061772331270653846 0.022325258393235375
leaf_weight=529.87127528339624 29468.758560728282 83.60436225309968 1062.1186264511198 309.73410403169692 43.127167008817196 2.6463373750448218 35.520236395299435 27.475234027951956 60.232066579163074 12.23852702975273 2.8589167706668359 48.872549667954445 22.234489861875772 4.2345275729894638 2.6481956839561462 36.746387772262096 6876.890118515119 12.909717947244642 5.3346986956894389 4.2606067061424282 26.307656209915876 2.4337340593338004 20.448634836822748 20.876336321234703 2113.2901144791394 201.01050258800387 29.361069776117802 96.55106658115983 36.266002327203751 165.40187017247081
leaf_count=4209 202952 643 9105 2937 377 22 283 209 480 105 27 466 242 41 25 237 58976 108 54 32 228 17 159 161 17742 1983 307 777 296 1229
internal_value=-2.09426e-05 -0.000987032 -0.00587614 0.0065034 -0.000192901 0.0145125 -0.0226396 0.023566 0.0190977 0.034195 0.0763321 0.0131788 -0.00306828 0.200125 0.299724 0.0282785 -0.000791657 0.00376099 0.0427753 0.0849246 0.102665 -0.00274781 0.0217016 0.0176251 0.00414416 -0.00291577 0.0147541 0.0029596 0.0514697 0.0132035
internal_weight=41364.3 11895.5 1662.18 600.065 10233.3 400.365 78.6474 321.717 294.242 175.029 58.2462 116.783 119.213 9.74164 5.50711 58.9809 9832.96 2953.63 67.9104 33.2146 30.5683 6879.32 290.331 269.883 2940.72 827.433 34.6958 626.422 48.5045 249.006
internal_count=304429 101477 14234 5129 87243 3431 660 2771 2562 1603 494 1109 959 93 52 479 83812 24819 643 282 260 58993 2192 2033 24711 6969 361 4986 401 1872
cat_boundaries=0 1 2 3 4 5 6 7
cat_threshold=24650249 295954 32522636 5333420 1099026 19071232 4718593
is_linear=0
shrinkage=0.1


Tree=61
num_leaves=31
num_cat=6
split_feature=4 4 0 2 4 0 1 2 3 2 2 3 3 2 2 0 3 4 2 0 3 0 3 1 2 1 3 2 3 0
split_gain=1.57187 6.80172 12.3297 6.7348 5.92956 14.6868 9.6338 5.85372 6.20705 5.46958 6.85097 5.15513 5.14655 4.61761 4.51531 4.47083 4.85006 9.13295 5.07565 5.18693 4.44225 5.12409 7.23588 5.46588 5.01012 7.07494 4.27577 6.36802 5.3683 11.5406
threshold=0.20074999999999998 0.21630000000000002 0 6.9750000000000005 0.19955000000000003 1 2.5000000000000004 6.5450000000000008 0.14500000000000005 4.9850000000000012 5.4750000000000005 0.17500000000000002 0.18500000000000003 6.955000000000001 3.7150000000000003 2 0.14500000000000005 0.18984999999999999 7.2250000000000005 3 0.13500000000000004 4 0.17500000000000002 4.5000000000000009 4.8650000000000011 2.5000000000000004 0.12500000000000003 7.0050000000000008 0.16500000000000004 5
decision_type=2 2 9 2 2 9 2 2 2 2 2 2 2 2 2 9 2 2 2 9 2 9 2 2 2 2 2 2 2 9
left_child=4 2 13 7 15 6 -6 -4 -9 11 -11 -8 -13 20 -7 16 17 18 -1 -20 -2 22 24 -24 -22 -26 27 -17 29 -28
right_child=1 -3 3 -5 5 14 9 8 -10 10 -12 12 -14 -15 -16 26 -18 -19 19 -21 21 -23 23 -25 25 -27 28 -29 -30 -31
leaf_value=0.017530451230034765 0.066020202634374234 -4.7190732490271489e-05 -0.02280746786046452 -0.094940125022342781 0.10211123627381476 -0.11198461130590504 0.12465088783331975 -0.035589138939596289 0.053810467885653829 -0.064827267619469442 0.031059281325525236 -0.038023189367729283 0.081063620797018301 -0.046175400127369697 -0.0069057708194675133 0.0065167086518508402 0.0023906423792131961 0.10217685790747102 -0.051516491079870212 0.018387456333538835 -0.048812402735586548 -0.0037510065924778943 0.12065046889643359 -0.00023436205589548575 0.11918492430427829 0.0021388161399957663 0.00070080330049471749 0.092691445926225968 0.0024659011999465267 -0.021429365730970276
leaf_weight=253.57991655543447 15.235673442482947 37005.497467814945 348.02322296984494 12.036749377846716 25.776785913854837 4.3091714791953555 9.4341177493333834 12.268950529396532 21.161798357963562 10.032786473631857 28.96019484102726 6.345035705715417 8.4779220409691316 13.550812289118765 80.174577224999666 34.114201806485653 1298.9262327309698 11.96421769633889 14.041167674586175 15.246558330953123 10.052589789032934 111.29668329283595 13.689330022782089 5.1466192044317713 7.1270802356302765 18.751735292375088 606.34690710902214 11.454498160630463 971.40672478079796 378.28458024188876
leaf_count=1782 105 271897 2657 98 221 66 74 86 147 64 171 56 66 112 570 235 9837 84 109 105 79 851 102 49 62 116 4285 84 7577 2682
internal_value=-2.16059e-05 -0.000216793 -0.0108845 -0.0207643 0.00192535 0.019981 0.045474 -0.0189681 0.0210012 0.0295818 0.00638794 0.0668656 0.030088 0.00963843 -0.0109673 0.00105399 0.00498754 0.0165977 0.0129781 -0.0264376 0.0143417 0.00960045 0.0316405 0.0876206 0.0111005 0.0343736 -0.00209251 0.0281783 -0.00280841 -0.00801189
internal_weight=41362.7 37593.8 588.341 393.491 3768.88 173.511 89.0268 381.454 33.4307 63.2501 38.993 24.2571 14.823 194.851 84.4837 3595.37 1593.76 294.832 282.868 29.2877 181.3 166.064 54.7674 18.8359 35.9314 25.8788 2001.61 45.5687 1956.04 984.631
internal_count=304429 276361 4464 2988 28068 1288 652 2890 233 431 235 196 122 1476 636 26780 11917 2080 1996 214 1364 1259 408 151 257 178 14863 319 14544 6967
cat_boundaries=0 1 2 3 4 5 6
cat_threshold=10168080 29537282 21772555 21233920 1050112 3179184
is_linear=0
shrinkage=0.1


Tree=62
num_leaves=31
num_cat=4
split_feature=2 0 4 4 1 4 3 4 3 2 1 4 2 3 0 4 4 0 2 4 4 4 4 0 1 4 2 4 4 3
split_gain=1.53563 8.38213 4.50588 4.3702 2.72768 1.90317 1.91904 3.42745 1.91569 1.63681 2.75142 2.26514 1.45564 5.04029 7.13958 8.37507 6.7224 9.21649 8.63981 6.3118 5.86065 7.50234 6.2283 5.68459 8.70184 7.45161 5.08917 5.13123 17.802 7.00285
threshold=8.0550000000000015 0 0.4391500000000001 0.35695000000000005 2.5000000000000004 0.53145000000000009 3.4650000000000003 0.46685000000000004 6.6350000000000007 28.170000000000005 4.5000000000000009 0.49550000000000005 4.3050000000000006 0.18500000000000003 1 0.31195000000000006 0.27675000000000005 2 6.0550000000000006 0.30785000000000001 0.71190000000000009 0.44295000000000001 0.47795000000000004 3 1.5000000000000002 0.45785000000000003 5.8450000000000006 0.32305 0.33265000000000006 0.20500000000000004
decision_type=2 9 2 2 2 2 2 2 2 2 2 2 2 2 9 2 2 9 2 2 2 2 2 9 2 2 2 2 2 2
left_child=12 3 -3 4 -2 6 -4 -8 -7 10 -9 -12 -1 -14 20 16 -16 -18 -19 -20 21 26 23 -23 25 -25 -15 -28 -29 -30
right_child=1 2 5 -5 -6 8 7 9 -10 -11 11 -13 13 14 15 -17 17 18 19 -21 -22 22 -24 24 -26 -27 27 28 29 -31
leaf_value=-0.0013002478834213578 -0.016987951580973309 -0.053111604610261078 -0.04951218735677082 0.0052125772479560762 0.090918435553538832 -0.054369187445254298 0.13550929628112809 0.089254353430892441 0.031061446357749423 -0.026536747694006713 -0.077071651526216242 0.057974483224590312 -0.00014160947708475905 0.0082710151302990524 -0.00075973336894008471 0.0051846556976064551 -0.001133236236616915 -0.04361900156393262 0.094466930417486647 -0.047309861851868723 0.11088608995922684 0.0019150461812787155 0.0081907992587449338 0.18973942312875075 -0.084229312732267497 -0.067870030131621517 0.011476143175230857 0.18710508818120092 0.020904375846993367 0.15199349756869779
leaf_weight=6988.9896801877767 2.9755958169698706 46.78009121119976 4.4218255952000645 53.723287303000689 11.012318402528761 11.669494137167929 2.395308859646323 4.792388219386341 3.38654501736164 7.7016348429024211 2.7764864936470985 2.2473504617810249 30480.465847376734 1350.3801972642541 530.05449774116278 1199.9268020093441 166.24034611135721 151.31162317097187 8.2363061681389791 5.0749074444174758 5.5846759863197795 37.616687655448914 70.294994197785854 2.2951329052448264 34.530262738466263 2.1983964368700981 99.719437677413225 7.997263438999652 63.334133844822645 4.3553695529699317
leaf_count=65502 33 392 45 424 69 124 22 39 19 63 29 17 211765 9357 3753 8207 1153 1082 57 34 42 257 493 21 220 22 687 54 416 31
internal_value=-2.23666e-05 -0.0099934 -0.0287874 0.015837 0.0679639 -0.00720854 0.0100809 0.0233138 -0.0351533 0.00797276 0.0350483 -0.0166605 1.48675e-05 0.000283466 0.00374855 -0.000214073 -0.00774118 -0.0189257 -0.0347154 0.0404145 0.00856463 0.00827421 -0.0133067 -0.0330243 -0.0534881 0.0637076 0.0103525 0.0263769 0.0460091 0.0293391
internal_weight=41362.5 153.882 86.1711 67.7112 13.9879 39.391 24.335 19.9132 15.056 17.5179 9.81623 5.02384 41208.6 34219.6 3739.15 2060.84 860.918 330.863 164.623 13.3112 1678.31 1672.72 146.935 76.6405 39.0238 4.49353 1525.79 175.406 75.6868 67.6895
internal_count=304429 1276 750 526 102 358 215 170 143 148 85 46 303153 237651 25886 14286 6079 2326 1173 91 11600 11558 1013 520 263 43 10545 1188 501 447
cat_boundaries=0 1 2 3 4
cat_threshold=20078740 7874621 377600 532509
is_linear=0
shrinkage=0.1


Tree=63
num_leaves=31
num_cat=5
split_feature=3 0 4 4 3 4 1 3 4 3 4 3 2 3 2 2 2 0 1 3 1 0 1 2 2 0 4 2 3 0
split_gain=1.39055 3.27537 2.6335 2.85344 1.96412 2.89263 1.89458 3.08489 2.49973 3.46565 3.36895 4.37878 1.9009 2.07434 1.90653 1.74014 1.55184 6.19769 3.1671 6.53406 1.51102 4.83348 11.162 13.7426 8.62172 8.43181 8.56268 8.31553 8.12917 7.45097
threshold=0.22500000000000003 0 0.22605000000000003 0.24945000000000003 0.25500000000000006 0.43735000000000007 5.5000000000000009 5.9750000000000005 0.51075000000000015 1.6250000000000002 0.56830000000000014 1.1450000000000002 1.3750000000000002 3.7250000000000005 3.7550000000000003 3.1750000000000003 8.0550000000000015 1 4.5000000000000009 0.14500000000000005 2.5000000000000004 2 4.5000000000000009 6.2550000000000008 6.1950000000000012 3 0.43545000000000006 7.205000000000001 0.115 4
decision_type=2 9 2 2 2 2 2 2 2 2 2 2 2 2 2 2 2 9 2 2 2 9 2 2 2 9 2 2 2 9
left_child=16 2 -2 -4 5 -5 12 8 -8 10 11 -10 -6 14 15 -14 20 18 19 -18 -1 28 -23 24 -24 -25 27 -27 -22 -26
right_child=1 -3 3 4 6 -7 7 -9 9 -11 -12 -13 13 -15 -16 -17 17 -19 -20 -21 21 22 23 25 29 26 -28 -29 -30 -31
leaf_value=-0.00089103652186268891 -0.083964687531213916 -0.0017557904531174525 0.081266281802007845 -0.061527994114654941 -0.068976021300713772 0.055610149802773394 -0.10573095287064627 0.16427532907924033 -0.10121617767811426 -0.10841832581980648 -0.10282563927799937 0.27866004738543387 0.061123252934043582 -0.015002147052766833 0.090380232734265264 -0.064946251443379163 0.11089999443256245 -0.031184923011769658 0.12233234601043669 -0.060764503396397308 -0.036317305854524508 0.0038964922729047276 -0.0032268435867964778 -0.0022807092067973532 0.0080635878691986511 0.01058819835815626 0.029234303945654433 -0.013022726867290089 -0.00089143182419778753 -0.039212868426838125
leaf_weight=11762.842972792685 7.540192454122006 423.30379537399858 2.5997218843549481 19.703973155468706 2.9758874215185669 2.3606909103691569 5.381610289216038 0.6453830152750023 0.42725004348903972 1.6536766281351445 0.66307558026164759 1.0470898319035766 2.3024136926978844 10.068759351968763 5.2739565521478653 2.0875857211649418 4.2194111309945566 44.627381138503551 4.6785613000392905 4.6728650778532028 65.127433832734823 9206.5180950276554 5420.8959165839478 880.85179752856493 47.842193633317947 983.15107656270266 203.76661522686481 175.84290233254433 11957.457118867896 110.52608202397823
leaf_count=100380 146 6893 42 280 151 35 203 3 37 33 35 41 31 84 46 24 31 346 25 35 543 58497 41804 5209 279 5696 1150 1028 80671 651
internal_value=-2.1444e-05 -0.00532773 -0.0246126 -0.021091 -0.0259654 -0.0489954 -0.0103429 -0.0470473 -0.0619158 0.000281572 0.0843806 0.168575 0.00552626 0.0167619 0.0498566 0.00117315 4.19146e-05 -0.0162758 0.0320874 0.0206908 6.51822e-05 0.000452345 0.00153562 -0.00124086 -0.00389875 0.00536859 0.0102544 0.00700594 -0.00108244 -0.0268978
internal_weight=41361.1 488.035 64.7313 57.1911 54.5914 22.0647 32.5267 9.81809 9.1727 3.79109 2.13742 1.47434 22.7086 19.7327 9.66396 4.39 40873 58.1982 13.5708 8.89228 40814.8 29052 17029.4 7822.88 5579.26 2243.61 1362.76 1158.99 12022.6 158.368
internal_count=304429 8084 1191 1045 1003 315 688 352 349 146 113 78 336 185 101 55 296345 437 91 66 295908 195528 114314 55817 42734 13083 7874 6724 81214 930
cat_boundaries=0 1 2 3 4 5
cat_threshold=16920576 24704 3167518 9052673 4595713
is_linear=0
shrinkage=0.1


Tree=64
num_leaves=31
num_cat=6
split_feature=4 0 2 4 3 2 0 4 0 2 4 1 2 1 4 0 1 3 2 4 2 2 3 4 4 4 0 1 4 0
split_gain=1.36284 6.06897 5.87505 5.67887 5.37862 5.29822 6.49647 6.44364 4.32018 8.60275 6.11862 4.31439 7.82349 4.28813 4.80037 4.45358 4.64636 7.23725 4.35605 8.03558 4.2854 4.23591 4.10074 6.90828 4.72511 5.42292 4.0505 4.92576 4.32251 3.97983
threshold=0.28540000000000004 0 1.5450000000000002 0.18984999999999999 0.21500000000000002 5.955000000000001 1 0.17685000000000003 2 6.0150000000000006 0.12590000000000004 2.5000000000000004 6.5150000000000006 5.5000000000000009 0.27555000000000007 3 3.5000000000000004 0.22500000000000003 4.3850000000000007 0.24275000000000002 6.7750000000000012 7.0250000000000012 0.20500000000000004 0.28135000000000004 0.22254999999999997 0.27555000000000007 4 5.5000000000000009 0.26025000000000004 5
decision_type=2 9 2 2 2 2 9 2 9 2 2 2 2 2 2 9 2 2 2 2 2 2 2 2 2 2 9 2 2 9
left_child=1 -1 -3 5 22 6 -4 8 9 -7 -10 12 -9 15 18 16 -6 -18 19 -15 -12 -11 -5 24 -24 26 -26 -28 -29 -2
right_child=29 2 3 4 13 7 -8 11 10 21 20 -13 -14 14 -16 -17 17 -19 -20 -21 -22 -23 23 -25 25 -27 27 28 -30 -31
leaf_value=0.0012908405157368869 -0.0010429697112884148 -0.090148063084415614 -0.025511435147913483 -0.005449174876336671 0.13395930424720012 0.1375195541898187 0.00046225274980719313 0.012384776832291894 0.0073820674846925049 0.0088836674237313933 -0.043515547513054732 0.024147435856116443 0.14621608306506259 0.20665517297762401 -0.054311873967463578 -0.0056191835347270515 0.13338838105437215 -0.11116985005681662 0.24245646484511232 -0.061855662643520153 0.0057766336718088418 0.063155254976086608 -0.081912147794899151 0.13892716569501026 0.028036819254597108 -0.087766579972165512 -0.045003926613009365 0.20220407957483177 -0.017396717878134151 0.0012790703662534371
leaf_weight=5662.1967264777049 12551.577421222813 7.8011645041406146 97.252815227024257 3571.3065014146268 7.8235302641987783 6.0670928359031668 946.29945261683315 8.4118792675435561 207.0428727157414 114.3144373819232 48.855805791914463 49.744241744279861 9.0861950963735563 2.2079127393662912 1.8390221409499643 47.071569554507732 2.3851281628012657 2.4561812654137611 2.223794013261795 2.2506342520937324 27.602062866091728 16.4510537981987 16.329934731125832 2.3704796917736521 14.487843871116636 9.9614257086068374 28.259439051151279 1.5916671287268394 2.0517592281103134 17890.296563447453
leaf_count=41880 91969 408 737 26406 58 39 7195 77 1453 788 335 289 92 31 32 397 19 34 22 50 202 117 137 28 118 87 233 23 26 131147
internal_value=-2.2003e-05 -0.000980637 -0.00342474 -0.0033023 -0.0054147 0.00182252 -0.00219838 0.0104284 0.0058304 0.0196744 -0.00149279 0.0391706 0.0818791 0.0223973 0.0887598 0.0129307 0.0482302 0.00931465 0.128134 0.0711133 -0.0257206 0.0157113 -0.00593533 -0.0290683 -0.0345474 -0.0208219 -0.00644691 -0.023522 0.0785381 0.000321741
internal_weight=41357.6 10915.7 5253.55 5245.74 3714.62 1531.13 1043.55 487.576 420.333 136.833 283.501 67.2423 17.4981 68.2578 8.52136 59.7364 12.6648 4.84131 6.68234 4.45855 76.4579 130.765 3646.36 75.0525 72.6821 56.3521 46.3907 31.9029 3.64343 30441.9
internal_count=304429 81313 39433 39025 27701 11324 7932 3392 2934 944 1990 458 169 643 135 508 111 53 103 81 537 905 27058 652 624 487 400 282 49 223116
cat_boundaries=0 1 2 3 4 5 6
cat_threshold=20149379 20 4720656 8913408 786440 2323715
is_linear=0
shrinkage=0.1


Tree=65
num_leaves=31
num_cat=4
split_feature=1 2 0 3 2 2 2 2 2 0 4 2 4 4 4 3 4 4 4 4 4 2 3 0 2 4 0 2 2 3
split_gain=1.23289 2.85534 7.07404 10.4624 5.73317 8.4718 4.33596 6.53534 3.29213 11.2859 7.24018 10.881 7.97345 7.28834 9.77909 3.26619 4.5667 13.1279 2.97307 14.2683 4.07745 3.37678 2.73126 4.42809 3.48337 2.66386 2.53955 5.04188 6.06233 5.09624
threshold=1.5000000000000002 2.9150000000000005 0 0.19500000000000003 2.6050000000000004 2.2850000000000006 3.1750000000000003 3.2650000000000001 3.4950000000000006 1 0.28955000000000003 3.4550000000000005 0.35905000000000004 0.34154999999999996 0.30965000000000004 0.20500000000000004 0.33265000000000006 0.31040000000000006 0.32360000000000005 0.30695000000000006 0.40305000000000002 3.0550000000000002 0.12500000000000003 2 4.705000000000001 0.44470000000000004 3 4.285000000000001 4.9050000000000011 0.18500000000000003
decision_type=2 2 9 2 2 2 2 2 2 9 2 2 2 2 2 2 2 2 2 2 2 2 2 9 2 2 9 2 2 2
left_child=1 2 3 -1 5 -5 18 -8 9 10 11 -9 13 14 -12 16 17 -11 19 21 -20 -3 23 -10 -25 -22 27 -24 29 -29
right_child=-2 6 -4 4 -6 -7 7 8 22 15 12 -13 -14 -15 -16 -17 -18 -19 20 -21 25 -23 26 24 -26 -27 -28 28 -30 -31
leaf_value=-0.034928719549497902 0.00016132995457455513 -0.045167198696118092 -0.046442620623985603 0.024812022371444475 0.0078522941424453829 0.27609847130841242 -0.070125038193655828 -0.077191927366937307 0.0050920669386743363 -0.0057353962264763492 0.29260308880390695 0.17921171841530414 0.042577845105572942 0.32300373931497206 0.051741464274925042 -0.072792836542892078 -0.045836682582321403 0.24072027897363016 -0.034791717657348009 0.29053289974785212 0.14749329431513417 0.074202679001964977 -0.013548173521945556 0.12305656456299059 -0.046038773548750939 0.01083717982197808 -0.0029088575278699708 0.011256395406600603 0.0012889049923571173 0.046758690343158715
leaf_weight=10.32798693329096 37199.315304850228 4.3078496754169482 31.254363641142845 2.2467771712690574 3.2549711614847183 3.3303118571639061 13.880864560604094 5.405887886881831 51.656079925596714 14.760462701320654 2.4532983526587504 2.3853962942957878 8.2080674916505796 2.5064479261636734 5.3869380354881287 8.9229715093970281 14.433898419141768 2.5320737212896338 8.6981334239244443 2.4593444243073455 2.6447637528181067 5.2675766423344612 160.44616907835007 1.2486460804939259 50.043469881638885 3.0965471416711807 2818.7665622830391 151.01187010109425 711.17990085855126 55.217487245798111
leaf_count=120 253690 39 351 33 30 32 137 50 845 137 22 22 72 22 48 75 129 23 77 21 22 46 1464 10 1047 25 34804 1371 9198 467
internal_value=-2.11984e-05 -0.00165444 -0.0253083 0.0219498 0.113314 0.174866 -0.00136408 -0.0016258 -0.00139198 0.0205921 0.0595896 0.00130916 0.116177 0.174564 0.12711 -0.0155237 -0.0043099 0.0303521 0.0389751 0.075682 0.00838119 0.0204998 -0.00176023 -0.0178374 -0.0350826 0.0737885 -0.00133548 0.00278037 0.00566638 0.0207621
internal_weight=41356.7 4157.34 50.4144 19.16 8.83206 5.57709 4106.92 4080.45 4066.57 66.9954 26.346 7.79128 18.5548 10.3467 7.84024 40.6494 31.7264 17.2925 26.4742 12.0348 14.4394 9.57543 3999.57 102.948 51.2921 5.74131 3896.62 1077.86 917.409 206.229
internal_count=304429 50739 566 215 95 65 50173 49943 49806 600 236 72 164 92 70 364 289 160 230 106 124 85 49206 1902 1057 47 47304 12500 11036 1838
cat_boundaries=0 1 2 3 4
cat_threshold=25963530 10052908 5317950 22563
is_linear=0
shrinkage=0.1


Tree=66
num_leaves=31
num_cat=1
split_feature=3 0 3 1 4 3 1 1 2 1 3 3 3 4 4 3 4 4 4 3 3 3 4 4 4 3 3 3 4 4
split_gain=1.2014 2.88407 4.2566 5.87826 2.94401 2.26164 2.04478 2.61732 2.00485 3.84406 2.92401 2.34441 6.89256 2.0365 1.95756 1.83403 1.81048 2.9033 1.67391 1.59211 3.89001 2.18337 1.742 1.77688 2.3469 2.40783 1.62342 1.51712 2.60758 2.70806
threshold=0.29500000000000004 0 1.5050000000000001 1.5000000000000002 0.35815000000000002 0.26500000000000007 3.5000000000000004 2.5000000000000004 4.745000000000001 4.5000000000000009 2.0000000000000004 3.4650000000000003 3.5850000000000004 0.48300000000000004 0.39915 2.5400000000000005 0.42120000000000007 0.41355000000000003 0.40545000000000003 1.0950000000000004 1.1450000000000002 0.91000000000000003 0.65415000000000012 0.41355000000000003 0.44470000000000004 1.1250000000000002 1.2150000000000001 5.6050000000000013 0.56830000000000014 0.45290000000000002
decision_type=2 9 2 2 2 2 2 2 2 2 2 2 2 2 2 2 2 2 2 2 2 2 2 2 2 2 2 2 2 2
left_child=5 19 3 -3 -4 -1 7 -7 9 15 -11 13 -13 -10 -5 -6 17 18 -16 21 22 -2 23 -21 -25 -26 -22 28 29 -14
right_child=1 2 4 14 8 6 -8 -9 11 10 -12 12 27 -15 16 -17 -18 -19 -20 20 26 -23 -24 24 25 -27 -28 -29 -30 -31
leaf_value=3.7592285138363416e-06 0.059257051704884656 0.29956135948166696 -0.085853228351017039 -0.10257013473661998 -0.11232217008613976 0.049166342915545821 0.084550462477782154 -0.07775864619201138 -0.11450928069654803 0.00049718414686925007 0.069963804311949304 0.17843819451723494 -0.083434901620192278 -0.027046060698883392 0.13672545354694329 0.0073254146538663653 -0.049925908505410996 0.23464456037354139 -0.10289102531407679 -0.10173722198378506 -0.10187443202970788 -0.10146378616827262 0.29718703050160394 0.32416433074673384 -0.10132665184556511 0.18275499786159929 0.0066075318323900387 0.020948319954824355 -0.090396036158480561 0.011692219579254953
leaf_weight=41127.258910176344 1.1874072300270189 0.47457818686962028 4.4696112331002942 6.7981753237545517 2.9187035430222776 4.7207175493240339 5.9953010268509388 2.4772024974226952 3.5792359411716452 12.223008381202819 12.01621802523732 2.0175607204437247 3.7934843897819581 10.390113413333891 0.41941523551941162 2.2834581285715103 22.970384181477129 0.59440617449581612 0.9562106030061841 0.3948936266824602 1.4005741700530041 2.9332496067509055 0.49933045357465733 0.46833190135657776 0.52294421661645152 0.69472885876893997 91.596475154161453 9.7863423228263837 4.9445593468844882 14.174937225878237
leaf_count=299428 37 4 86 372 42 38 63 21 36 351 154 16 52 112 28 16 1429 37 48 25 85 217 16 20 41 15 1385 59 60 136
internal_value=-2.18806e-05 -0.00748624 -0.0174277 -0.049778 -0.00692096 1.70389e-05 0.0414138 0.00548443 -0.00240532 0.0181944 0.0349342 -0.0148623 -0.000942589 -0.0494559 -0.0550016 -0.0598036 -0.0420355 0.0499654 -0.0298342 0.00518971 0.00833416 -0.0551505 0.129451 0.0892009 0.133922 0.0607527 0.00497375 -0.0120105 -0.0260874 -0.00839097
internal_weight=41355 214.508 114.81 32.2132 82.5972 41140.5 13.1932 7.19792 78.1276 29.4414 24.2392 48.6862 34.7169 13.9693 31.7386 5.20216 24.9404 1.97003 1.37563 99.6979 95.5773 4.12066 2.58023 2.0809 1.686 1.21767 92.997 32.6993 22.913 17.9684
internal_count=304429 4879 3038 1918 1120 299550 122 59 1034 563 505 471 323 148 1914 58 1542 113 76 1841 1587 254 117 101 76 56 1470 307 248 188
cat_boundaries=0 1
cat_threshold=362133
is_linear=0
shrinkage=0.1


Tree=67
num_leaves=31
num_cat=3
split_feature=1 0 2 3 4 4 0 4 4 3 2 2 4 4 4 3 4 2 4 3 2 4 2 4 2 4 2 4 2 0
split_gain=1.18544 5.84274 6.25482 5.72656 6.94912 11.7284 4.24907 4.24581 3.88483 3.60794 4.233 5.8454 5.53143 9.76969 5.22728 5.0781 4.95499 3.5402 3.24462 5.39278 3.2719 5.99967 6.98506 3.14726 4.1362 5.20961 4.52631 6.90811 5.62553 6.97237
threshold=5.5000000000000009 0 6.8150000000000004 0.12500000000000003 0.39605000000000007 0.49050000000000005 1 0.22870000000000004 0.43085000000000001 4.9850000000000003 7.7350000000000012 7.4350000000000014 0.32815000000000005 0.30440000000000006 0.28605000000000008 0.115 0.37475000000000008 7.455000000000001 1.0000000180025095e-35 0.15500000000000003 6.8350000000000009 0.36850000000000005 6.8250000000000011 0.33935000000000004 7.2250000000000005 0.33044999999999997 6.2350000000000012 0.32735000000000009 6.785000000000001 2
decision_type=2 9 2 2 2 2 9 2 2 2 2 2 2 2 2 2 2 2 2 2 2 2 2 2 2 2 2 2 2 9
left_child=-1 9 -3 4 7 8 -5 -4 -6 10 11 15 13 14 -13 -2 -12 -14 19 -8 21 22 -20 24 26 -26 -17 28 29 -28
right_child=1 2 3 6 5 -7 18 -9 -10 -11 16 12 17 -15 -16 23 -18 -19 20 -21 -22 -23 -24 -25 25 -27 27 -29 -30 -31
leaf_value=0.00020787516059488098 -0.054096867595620601 -0.00020942682778945403 0.051399618931525143 -0.0021651861486249374 0.052545850289628451 -0.085892090007365279 0.024468774639618204 -0.054091110736823371 0.18731052500355458 0.11721649203348883 -0.0021009022009446476 -0.014104838347674882 0.14282927090649275 -0.11091993922523558 0.10713029616380043 -0.010672403067513461 -0.08153731830433654 0.042266069988980158 -0.10188376810114995 0.16202953840081982 0.01751971983975234 0.12840040942449193 0.076339101822918198 -0.0010523047176639643 -0.06052995579724571 0.070060489164703754 0.03256542387831754 -0.031634673689143203 -0.01060514413347342 -0.0023039312832808401
leaf_weight=34987.98218761012 20.912570675835013 3071.9976298864931 4.3162275552749625 105.00082296878099 4.9653012305498105 4.6605806201696387 8.2826627194881421 32.876699402928352 3.7579730451107025 2.4262391477823249 15.919707931578161 8.8470876067876834 4.0056717693805721 6.7001274526119223 5.9472047388553611 1000.0356050515547 15.495693296194075 27.76659731566906 3.5354627966880816 4.3447958752512923 285.06224228441715 7.6443261057138434 5.8178378343582153 1290.3485795967281 25.806801870465282 3.4649533480405799 112.27245618402958 53.0161172747612 117.35654106736183 113.34465608000755
leaf_count=253691 246 24638 23 634 29 27 45 197 21 16 98 53 22 42 35 9244 124 156 20 23 1636 41 33 10797 157 19 654 312 702 694
internal_value=-2.05022e-05 -0.00127569 0.00143063 0.0121747 -0.0196133 0.0421782 0.0160055 -0.0418489 0.110602 -0.00465932 -0.00478065 -0.00436961 0.0284394 -0.0107395 0.0346309 -0.00500823 -0.041283 0.0549445 0.0214555 0.0718 0.0200611 0.0626827 0.00897247 -0.00463021 -0.00786935 -0.0450717 -0.0070893 0.00195951 0.00715243 0.0163892
internal_weight=41353.9 6365.93 3542.26 470.265 50.5768 13.3839 419.688 37.1929 8.72327 2823.67 2821.24 2789.82 53.2667 21.4944 14.7943 2736.56 31.4154 31.7723 314.687 12.6275 302.06 16.9976 9.3533 2715.65 1425.3 29.2718 1396.03 395.99 342.974 225.617
internal_count=304429 50738 27367 2729 297 77 2432 220 50 23371 23355 23133 308 130 88 22825 222 178 1798 68 1730 94 53 22579 11782 176 11606 2362 2050 1348
cat_boundaries=0 1 2 3
cat_threshold=30286512 1037 5111840
is_linear=0
shrinkage=0.1


Tree=68
num_leaves=31
num_cat=4
split_feature=2 0 1 4 4 4 4 0 0 4 2 4 1 3 2 0 3 4 1 4 4 4 4 3 3 4 4 4 2 4
split_gain=1.26162 6.80551 5.1633 4.42123 4.02886 8.29511 6.06085 4.75554 4.26698 4.22997 3.91944 4.80355 3.84768 4.0218 6.81927 3.92023 3.75085 4.60216 4.11534 4.24333 3.71835 4.41591 4.90161 4.02521 3.70236 3.81091 9.2269 4.086 3.91529 3.86202
threshold=7.205000000000001 0 3.5000000000000004 0.65415000000000012 0.27675000000000005 0.35725000000000001 0.21284999999999996 1 2 0.15829999999999991 7.2650000000000006 0.10100000000000002 2.5000000000000004 0.115 7.6950000000000012 3 0.17500000000000002 0.34315000000000007 4.5000000000000009 0.35165000000000002 0.33805000000000002 0.32360000000000005 0.32735000000000009 0.13500000000000004 0.14500000000000005 0.33805000000000002 0.40305000000000002 0.27675000000000005 7.3650000000000011 0.37105000000000005
decision_type=2 9 2 2 2 2 2 9 9 2 2 2 2 2 2 9 2 2 2 2 2 2 2 2 2 2 2 2 2 2
left_child=-1 3 10 12 6 7 8 16 -4 -10 11 -3 15 14 -14 24 17 -6 -19 -20 21 -9 -23 -22 25 27 29 -2 -28 -27
right_child=1 2 4 -5 5 -7 -8 20 9 -11 -12 -13 13 -15 -16 -17 -18 18 19 -21 23 22 -24 -25 -26 26 28 -29 -30 -31
leaf_value=9.4574752282143852e-05 0.080681246032386633 0.067609473062333114 -0.028368968476635399 0.076255852483690434 -0.0070383394635208695 0.017349109419317676 0.050225555508345412 -0.024198815916000271 0.065685985598581076 -0.028321142822362949 -0.0020250451443802188 -0.037506205885697926 -0.010429485913050889 -0.017677181096652034 0.14804412681094309 -0.01071461458247114 0.10066757757163279 -0.021241289456950176 0.12098745837577429 0.015345643253617126 -0.003718574259748292 0.089722573535929703 -0.0051367944949254158 -0.075905928558555769 -0.0016480507454472882 0.092048107757276232 -0.11527230104805407 -0.02081919547667142 0.048718317249197535 0.23288386098331804
leaf_weight=39678.219317949377 6.077090602368119 4.7121820896863928 19.214982345700264 5.778409205377101 76.935846015810966 257.65255604684353 52.134791299700737 75.045597493648529 14.969907850027086 7.0362354815006247 377.87320961430669 56.154825758188963 8.5885824263095838 463.32793261483312 3.9707072526216498 98.925946651026607 4.2276054769754401 6.5859197378158578 8.4149944037199003 6.9362655133008966 11.969335392117499 7.8442360162735012 17.826458558440208 21.780581578612328 33.008789513260126 4.1664207540452463 2.0834753625094891 11.417478041723369 4.833200640976429 3.6553749926388264
leaf_count=292039 69 38 119 30 454 1592 296 470 81 43 3395 525 52 2902 23 1160 22 39 49 40 69 47 104 135 353 39 25 128 57 34
internal_value=-1.88506e-05 -0.0027087 0.00236975 -0.0106586 0.0085137 0.00492149 0.0275691 -0.00855686 -0.00108585 0.0244965 -0.00581842 -0.0293684 -0.0116097 -0.0161636 0.0396731 0.00159101 0.00768112 0.00448207 0.0448853 0.0732546 -0.0200847 -0.0119522 0.0238495 -0.0503048 0.0189827 0.0459991 0.083461 0.014439 -0.000679748 0.157865
internal_weight=41351.4 1673.15 1027.32 645.833 588.575 495.219 93.3559 237.567 41.2211 22.0061 438.74 60.867 640.055 475.887 12.5593 164.168 103.101 98.873 21.9372 15.3513 134.466 100.716 25.6707 33.7499 65.2418 32.233 14.7385 17.4946 6.91668 7.8218
internal_count=304429 12390 7518 4872 3560 3021 539 1429 243 124 3958 563 4842 2977 75 1865 604 582 128 89 825 621 151 204 705 352 155 197 82 73
cat_boundaries=0 1 2 3 4
cat_threshold=7831596 547088 16778640 2129956
is_linear=0
shrinkage=0.1


Tree=69
num_leaves=31
num_cat=5
split_feature=3 0 3 2 4 4 2 0 3 1 4 0 3 2 3 2 3 4 4 4 2 1 1 0 0 4 3 4 4 4
split_gain=1.12856 2.77193 3.13907 3.62184 2.90235 6.01323 3.3831 2.8857 2.88288 2.17471 3.70022 8.40773 2.68242 3.11157 4.19108 4.62632 2.85267 2.57888 4.01467 2.77792 2.55664 3.45839 2.3775 8.19721 5.63638 4.64998 3.35473 3.09721 6.90214 3.02448
threshold=0.22500000000000003 0 4.5750000000000011 3.0550000000000002 0.52330000000000021 0.51075000000000015 1.3750000000000002 1 2.2550000000000003 4.5000000000000009 0.36085000000000006 2 1.3150000000000002 1.8750000000000002 2.1350000000000002 4.745000000000001 6.2000000000000011 0.42735000000000001 0.40040000000000003 0.61920000000000008 2.0750000000000006 5.5000000000000009 3.5000000000000004 3 4 0.43235000000000001 1.0950000000000004 0.22870000000000004 0.28035000000000004 0.38085000000000008
decision_type=2 9 2 2 2 2 2 9 2 2 2 9 2 2 2 2 2 2 2 2 2 2 2 9 9 2 2 2 2 2
left_child=-1 2 3 4 5 7 -7 -2 -9 22 11 -11 17 -14 -15 -16 -17 18 -12 -19 21 -20 24 25 -3 -24 -27 -25 -29 -30
right_child=1 9 -4 -5 -6 6 -8 8 -10 10 12 -13 13 14 15 16 -18 19 20 -21 -22 -23 23 27 -26 26 -28 28 29 -31
leaf_value=3.7995751371402635e-05 0.018412570493600313 -0.02000157380002858 0.027569688458222264 -0.033793442260721611 -0.06130305915912574 0.070714326662692548 0.29248359611599101 -0.046076555887932052 0.064137556849763938 -0.037210210393698054 -0.046008147926365886 0.036885146946257906 0.018303071833899127 -0.10451420918380279 0.059532928274331501 -0.044818859582357325 0.061072960712552783 -0.081456901333521389 0.27850179953562393 0.01925030946296373 0.0034070047905518687 0.010293132245309047 -0.071164484787850937 0.1685691383817339 0.019612078064240202 0.14231240810366605 -0.013661339736847772 -0.11293860455616166 0.099700222016003689 0.036342345080966308
leaf_weight=40865.688246972859 25.288995558395982 59.937294065952301 14.890133529901503 85.315439624711871 7.1137447394430628 2.2356185447424646 0.99360058456659306 19.963182231411341 2.6935115642845622 14.802786902524529 9.571721342392264 33.83133358694613 27.188304077833891 5.7724674735218278 7.0525408461689976 21.640978321433071 2.8829680830240241 16.831959210336212 1.0459764264523972 3.2713896883651605 2.5979911126196384 0.88968145009130228 13.141131658107044 2.4579651001840821 63.847586266696453 1.9309600517153729 4.8238976933062077 2.3499777428805819 13.731721403077247 16.694387171417475
leaf_count=296345 682 477 107 895 369 51 12 692 23 387 236 581 865 172 93 218 12 852 39 154 32 53 153 25 489 21 65 31 133 165
internal_value=-1.89051e-05 -0.0048154 -0.0151774 -0.0206666 -0.00145329 0.00686633 0.138951 -0.00202976 -0.0228768 0.000662636 -0.00831203 0.0142659 -0.019432 -0.00743244 -0.0261667 -0.0118441 -0.0323705 -0.0420701 -0.00929163 -0.065069 0.0682266 0.155226 0.0080925 0.0253658 0.000399473 -0.0242937 0.0309257 0.0469713 0.0521833 0.0649366
internal_weight=41350.5 484.789 158.494 143.604 58.2887 51.1749 3.22922 47.9457 22.6567 326.295 147.38 48.6341 98.746 64.5373 37.349 31.5765 24.5239 34.2087 14.1054 20.1033 4.53365 1.93566 178.915 55.13 123.785 19.896 6.75486 35.2341 32.7761 30.4261
internal_count=304429 8084 2831 2724 1829 1460 63 1397 715 5253 3694 968 2726 1360 495 323 230 1366 360 1006 124 92 1559 593 966 239 86 354 329 298
cat_boundaries=0 1 2 3 4 5
cat_threshold=18496016 17303568 12846116 8439049 6553762
is_linear=0
shrinkage=0.1


Tree=70
num_leaves=31
num_cat=4
split_feature=4 4 0 2 4 0 1 2 1 0 2 2 2 3 2 0 2 2 2 1 2 3 1 2 2 2 2 2 2 2
split_gain=1.10934 5.34441 10.3459 5.80803 4.91216 11.6855 8.21385 9.11018 3.92286 13.4044 7.22197 8.0119 7.51531 3.72566 4.37338 3.5206 4.15962 3.51256 6.4105 4.93661 5.46009 3.45734 6.10667 4.99933 4.43062 8.67357 3.56337 3.44976 3.43432 3.43207
threshold=0.20074999999999998 0.21630000000000002 0 6.9750000000000005 0.19955000000000003 1 1.5000000000000002 6.0950000000000006 4.5000000000000009 2 3.9850000000000008 3.6750000000000003 4.4250000000000007 0.18500000000000003 5.4750000000000005 3 7.7950000000000008 6.5450000000000008 6.5950000000000006 2.5000000000000004 6.8650000000000011 0.15500000000000003 4.5000000000000009 6.5050000000000008 6.3550000000000013 5.4750000000000005 4.0150000000000006 5.1450000000000005 7.6550000000000011 6.1550000000000011
decision_type=2 2 9 2 2 9 2 2 2 9 2 2 2 2 2 9 2 2 2 2 2 2 2 2 2 2 2 2 2 2
left_child=4 2 -2 8 15 6 7 13 17 -10 11 -11 -12 14 -6 -1 28 -4 -19 20 -20 24 23 -23 25 27 -24 -8 -17 -27
right_child=1 -3 3 -5 5 -7 21 -9 9 10 12 -13 -14 -15 -16 16 -18 18 19 -21 -22 22 26 -25 -26 29 -28 -29 -30 -31
leaf_value=-0.002466986418982475 0.0071330185451340018 -3.2123597606978305e-05 -0.029060813163543697 -0.091282079458100671 0.15057931509974873 -0.014332875288856534 0.021562232791316457 -0.038386662948915656 -0.034131016765422247 0.0069571527356403796 -0.09391804418160675 0.23880666795545424 0.035512938773171153 0.056289013603557939 0.3238694507143085 0.003783435368000845 -0.086713027051642771 0.17012670958400103 -0.11879209324410173 0.048467462089410378 0.070598973496445824 0.054889286093325912 -0.086055007028366839 0.17821904353982176 -0.076988947414608169 0.12971748950125292 0.019028006167147182 -0.091268431489650664 0.074131348577163733 0.014309544923099313
leaf_weight=1707.5165441418067 225.70300389453769 36991.647848961875 216.65092463046312 11.229510169476269 4.9120238050818426 68.892947381362319 4.8526446148753219 2.8709168620407572 56.12234397046268 2.6357851661741725 4.9898602291941634 3.4301057457923889 44.437056578695774 2.3456180095672607 2.070139080286026 1879.4780590124428 5.06367128714919 2.3741746097803142 5.3373199142515642 7.9456612020730972 2.1296073570847511 39.001851040869951 3.8360589370131519 3.5893077701330176 5.8303596973419181 6.6008134931325895 20.323857963085175 6.1364841759204865 6.9653890989720812 4.226926788687706
leaf_count=12696 1697 271897 1648 98 46 522 33 43 435 62 48 41 296 22 24 13999 37 18 50 47 24 255 46 21 34 39 138 40 48 25
internal_value=-1.76782e-05 -0.000181844 -0.00968189 -0.0199456 0.00161656 0.0179535 0.0367199 0.117384 -0.0182071 -0.00277651 0.0297273 0.138062 0.0224463 0.165327 0.201958 0.000819962 0.00378024 -0.0255536 0.0171663 -0.00639589 -0.0647768 0.0301859 0.0425023 0.0652827 0.000449219 0.0211439 0.00234315 -0.041444 0.00404318 0.0846646
internal_weight=41349.1 37574.6 582.985 357.282 3774.51 175.49 106.597 12.1987 346.053 111.615 55.4928 6.06589 49.4269 9.32778 6.98216 3599.02 1891.51 234.438 17.7868 15.4126 7.46693 94.3983 66.7511 42.5912 27.6472 21.8169 24.1599 10.9891 1886.44 10.8277
internal_count=304429 276361 4464 2767 28068 1288 766 135 2669 882 447 103 344 92 70 26780 14084 1787 139 121 74 631 460 276 171 137 184 73 14047 64
cat_boundaries=0 1 2 3 4
cat_threshold=10168112 31634467 2148485 3327668
is_linear=0
shrinkage=0.1


Tree=71
num_leaves=31
num_cat=6
split_feature=4 2 0 0 4 1 4 2 1 2 3 4 4 0 1 4 0 2 0 2 2 3 4 3 1 2 2 4 1 0
split_gain=1.13655 5.66791 9.87777 6.23735 7.94251 7.75823 7.04875 8.42013 9.69522 6.56709 6.06426 8.35315 6.02257 14.4823 12.0907 5.84521 5.78013 5.99892 5.1553 6.72436 6.15015 7.23302 7.05861 5.28494 8.2758 4.92056 12.3881 9.60573 4.86916 5.98372
threshold=0.28540000000000004 4.9250000000000007 0 1 0.26965000000000006 3.5000000000000004 0.22184999999999991 5.955000000000001 3.5000000000000004 7.4350000000000014 0.20500000000000004 0.27555000000000007 0.28035000000000004 2 2.5000000000000004 0.21630000000000002 3 5.785000000000001 4 6.1650000000000009 6.2750000000000012 0.16500000000000004 0.27425000000000005 0.17500000000000002 5.5000000000000009 5.245000000000001 5.1650000000000009 0.28335000000000005 3.5000000000000004 5
decision_type=2 2 9 9 2 2 2 2 2 2 2 2 2 9 2 2 9 2 9 2 2 2 2 2 2 2 2 2 2 9
left_child=1 2 28 4 6 9 7 8 15 -6 12 -12 -5 14 -14 -3 -10 -18 20 25 21 22 -7 -23 -25 26 -20 -27 29 -1
right_child=-2 3 -4 10 5 18 -8 -9 16 -11 11 -13 13 -15 -16 -17 17 -19 19 -21 -22 23 -24 24 -26 27 -28 -29 -30 -31
leaf_value=0.0052273254408457571 0.00029537262966593193 -0.027386939148852121 0.00029480380132390659 0.0032900706154119761 0.022959125561708073 0.11427975344379381 -0.012823187636455055 0.0096544581972141073 0.018572331756855385 -0.085339715976877811 0.018032928913249799 0.12353963827994177 0.070401444916359107 -0.029049296415923982 -0.0032149070673402613 0.048944441758509503 -0.00079776776250406001 -0.057300063946511375 -0.031197953444115446 0.0050153058815991707 -0.018242413058454917 -0.047116571657674716 0.02907595023029699 -0.010019789785468353 0.17137062597451044 -0.057928367570250619 0.18982566270988366 0.091543584830341238 -0.016147948737346752 -0.012206280463585698
leaf_weight=337.85515758395195 30442.246026395354 225.47289989888668 2149.0986805148423 4549.9650872070342 237.71438742056489 13.373081728816031 914.90010659024119 435.40774317458272 125.29291389882565 5.7342549934983245 40.917354021221399 9.1891807094216329 31.135898634791374 170.78423471748829 78.707345567643642 10.499304011464117 92.859761111438274 23.557609289884567 12.095192365348337 77.146349936723709 43.196496278047562 16.827616602182392 35.623089596629143 9.525717616081236 3.4176831096410742 62.693333953619003 3.20858509838581 4.615986928343772 734.13165886700153 451.65278704464436
leaf_count=2634 223116 1656 18173 31236 1860 84 6426 3038 810 51 282 58 280 1173 479 76 608 147 83 460 259 108 222 59 24 397 22 29 7107 3472
internal_value=-1.84384e-05 -0.000894341 -0.00409365 0.000729998 -0.00349083 0.00733333 -0.00661966 -0.000403829 -0.00957196 0.0204082 0.0027665 0.0373821 0.00241317 -0.0118045 0.0161793 -0.0239907 0.00450445 -0.0112637 -0.00396522 -0.0152599 0.0111654 0.0287103 0.0523316 -0.0101647 0.037876 -0.0360407 0.0151418 -0.0476778 -0.0102185 -0.00483429
internal_weight=41348.8 10906.6 3672.74 7233.86 2353.16 525.172 1827.99 913.09 477.682 243.449 4880.7 50.1065 4830.59 280.627 109.843 235.972 241.71 116.417 281.723 159.759 121.964 78.7672 48.9962 29.771 12.9434 82.6131 15.3038 67.3093 1523.64 789.508
internal_count=304429 81313 31386 49927 16419 3658 12761 6335 3297 1911 33508 340 33168 1932 759 1732 1565 755 1747 991 756 497 306 191 83 531 105 426 13213 6106
cat_boundaries=0 1 2 3 4 5 6
cat_threshold=23628088 9177629 2245762 9175560 2565 17334304
is_linear=0
shrinkage=0.1


Tree=72
num_leaves=31
num_cat=5
split_feature=1 0 4 4 0 0 2 3 4 4 2 0 1 2 3 2 2 2 3 3 2 3 2 1 3 0 2 4 4 3
split_gain=1.16152 4.00589 5.82184 11.1927 15.7239 7.99168 7.12119 6.317 5.6428 9.94876 7.03744 7.60271 7.86016 5.49861 5.44108 5.70228 9.79483 5.17166 5.06646 11.08 5.05552 5.67902 5.03144 6.18548 4.95199 7.05507 8.66912 5.92947 5.94994 8.27961
threshold=2.5000000000000004 0 0.42120000000000007 0.41614999999999996 1 2 5.955000000000001 0.15500000000000003 0.47210000000000002 0.49050000000000005 3.9250000000000003 3 1.5000000000000002 4.4650000000000007 0.18500000000000003 3.6750000000000003 4.705000000000001 4.3650000000000011 0.13500000000000004 0.14500000000000005 7.535000000000001 0.12500000000000003 5.1050000000000013 1.5000000000000002 0.17500000000000002 4 3.3950000000000005 0.55585000000000007 0.53145000000000009 0.20500000000000004
decision_type=2 9 2 2 9 9 2 2 2 2 2 9 2 2 2 2 2 2 2 2 2 2 2 2 2 9 2 2 2 2
left_child=1 -1 3 -3 -5 -4 7 18 -7 10 -10 -12 13 -13 22 -16 17 -17 -6 -20 21 -8 -9 -24 -11 26 -26 28 29 -27
right_child=-2 2 5 4 6 8 20 14 9 24 11 12 -14 -15 15 16 -18 -19 19 -21 -22 -23 23 -25 25 27 -28 -29 -30 -31
leaf_value=-0.0044249037657848557 0.0003178671844185605 0.00061491908143087746 -0.015327024948276919 -0.018187322410304515 0.025951725097864455 -0.0065741152552726695 0.17109101308298436 -0.022441094706307216 0.13561474839436791 -0.010120482087030836 -0.005362086816964675 0.16995374300713581 0.1003693455043445 -0.020273967185695432 -0.00048176579628998983 0.1231558462802957 0.010550510591515433 0.27064722209280062 0.36207131201256426 0.11477336676386107 -0.11795532648574157 0.020402171400854093 0.18836930290427573 0.021801001354878433 -0.11362442299608784 -0.064538021025989711 0.074364346100698683 -0.067972804269991555 0.1254272472210255 0.070906386697232995
leaf_weight=2473.9014748316258 29466.305043577682 7971.9311565831304 536.53744817152619 45.389489032328129 2.7288841195404521 455.72068773396313 2.7394563779234913 10.248546630144121 7.031020075082778 155.73269063606858 39.780882492661476 1.7574929669499386 26.668573930859566 11.221911791712044 4.1810467690229443 5.2867347151041013 4.4888808652758589 4.3200213834643364 2.4749003946781141 6.7615525647997856 2.369231838732957 28.730270192027092 3.3385648280382139 6.7104794681072235 2.6554699614644042 10.82107743620873 32.185329385101795 13.396048970520495 4.0724432170391074 7.742428805679082
leaf_count=21502 202952 67701 4597 387 22 3888 26 79 54 1397 348 16 169 163 31 36 32 29 19 54 26 276 38 40 29 87 237 105 31 58
internal_value=-1.86853e-05 -0.000853381 9.04817e-05 0.00108914 0.0302215 -0.00610716 0.0522277 0.0821887 0.000520011 0.0108633 0.0397233 0.031235 0.0553474 0.00548406 0.0624984 0.102078 0.132499 0.189481 0.145667 0.181037 0.0229142 0.0335197 0.0268598 0.0771395 -0.000147967 0.0217652 0.0466476 -0.0119299 0.0159663 -0.00804715
internal_weight=41347.2 11880.9 9407.02 8101.7 129.768 1305.32 84.3786 50.5396 768.786 313.065 86.4599 79.4289 39.648 12.9794 38.5743 18.2767 14.0956 9.60676 11.9653 9.23645 33.839 31.4697 20.2976 10.049 226.605 70.8728 34.8408 36.032 22.6359 18.5635
internal_count=304429 101477 79975 68796 1095 11179 708 380 6582 2694 750 696 348 179 285 128 97 65 95 73 328 302 157 78 1944 547 266 281 176 145
cat_boundaries=0 1 2 3 4 5
cat_threshold=328225 1616902 183318 1053064 28311808
is_linear=0
shrinkage=0.1


Tree=73
num_leaves=31
num_cat=6
split_feature=3 0 4 0 2 1 2 2 4 1 2 4 2 4 4 2 0 4 1 3 0 2 2 4 0 3 2 2 0 2
split_gain=1.07562 13.0813 6.00739 7.00773 8.18849 6.85613 5.40141 5.15364 6.95502 10.1536 8.51386 6.16575 4.71767 4.72726 8.94368 8.76706 14.4899 8.72246 13.0388 8.38327 7.70284 7.3163 7.85388 6.6356 7.0278 7.14156 6.41989 7.30071 6.35701 6.12792
threshold=0.14500000000000005 0 0.47210000000000002 1 4.9850000000000012 3.5000000000000004 5.0050000000000008 3.9050000000000007 0.31435000000000007 3.5000000000000004 3.7150000000000003 0.34525000000000006 4.1050000000000013 0.35515000000000002 0.35385000000000005 4.6850000000000014 2 0.42890000000000006 4.5000000000000009 0.13500000000000004 3 4.9650000000000007 6.1950000000000012 0.41875000000000001 4 0.12500000000000003 6.5750000000000011 6.245000000000001 5 5.8250000000000011
decision_type=2 9 2 9 2 2 2 2 2 2 2 2 2 2 2 2 9 2 2 2 9 2 2 2 9 2 2 2 9 2
left_child=1 7 6 4 5 -4 -3 8 -1 -10 11 -11 -9 14 15 16 -14 23 19 20 -19 -17 -23 24 25 -15 27 28 29 -26
right_child=-2 2 3 -5 -6 -7 -8 12 9 10 -12 -13 13 17 -16 21 -18 18 -20 -21 -22 22 -24 -25 26 -27 -28 -29 -30 -31
leaf_value=-0.012841756556016297 0.00023008208752041634 -0.016013018332347338 -0.0092237906993718251 -0.030502583466794981 -0.0012108515614718896 0.24924555269109208 -0.0029450337316578017 -0.048152461009614039 0.11623529148319428 0.063377308118274883 0.12423428491390234 -0.07236304935741994 -0.012046145780040082 0.016962308066823282 0.05883131078166004 -0.026531378290431635 0.067874514267257033 -0.014466743373471029 0.028077975436363242 -0.018544084315436582 0.026631658486319598 0.012799039395620618 0.00041553809909588213 -0.030529037043677067 0.056440993833740905 -0.0227527188168665 0.015203132021434482 -0.027938431379591525 -0.0095376772431897405 0.0011723077040528655
leaf_weight=21.434303250163794 33352.838513729163 350.02875393815339 1.7541244029998768 171.77139172051102 71.935246899724007 2.4732917360961437 3281.7533620074391 18.341585710644722 16.759843707084656 5.0344060733914402 4.962795063853263 9.9798379801213724 40.182943627238274 54.216682709753513 30.927203513681889 77.995879799127579 44.123521216213703 66.679222717881203 209.25019412487745 180.2841528840363 112.35978963039815 774.8778562285006 1510.5122524816543 109.45024940371513 38.412447266280651 274.61469152569771 233.36905044876039 106.83854844048619 130.80257701873779 41.991211224347353
leaf_count=193 247911 2636 12 1284 510 42 22987 141 118 49 41 190 305 383 210 558 319 507 1227 1370 857 5319 10719 760 265 1904 1687 744 897 284
internal_value=-1.96099e-05 -0.0010615 -0.0052192 -0.020293 0.00595588 0.141996 -0.00420452 0.00286572 0.0324263 0.0588381 0.0106845 -0.0268481 0.00244875 0.00267866 0.00539196 0.00471674 0.036404 -0.00163718 0.0082337 -0.00332252 0.0120049 0.00358639 0.00461425 -0.00730793 -0.00442061 -0.0157264 0.00256027 -0.00663607 0.00413972 0.0245263
internal_weight=41346 7993.12 3879.72 247.934 76.1627 4.22742 3631.78 4113.4 58.1712 36.7369 19.977 15.0142 4055.23 4036.89 2478.62 2447.69 84.3065 1558.27 568.573 359.323 179.039 2363.39 2285.39 989.695 880.245 328.831 551.414 318.045 211.206 80.4037
internal_count=304429 56518 27471 1848 564 54 25623 29047 591 398 280 239 28456 28315 17430 17220 624 10885 3961 2734 1364 16596 16038 6924 6164 2287 3877 2190 1446 549
cat_boundaries=0 1 2 3 4 5 6
cat_threshold=7150140 25199616 4784664 4718644 790560 65560
is_linear=0
shrinkage=0.1


Tree=74
num_leaves=31
num_cat=3
split_feature=3 0 1 4 4 4 1 1 2 1 4 2 0 4 3 4 1 4 4 3 3 1 4 2 0 3 4 4 4 1
split_gain=1.09051 5.57052 6.95283 2.25754 3.03879 1.87358 1.64643 2.46894 2.71323 1.52779 1.09437 1.08271 5.90064 4.89883 3.43231 2.15978 1.99994 1.6683 1.41511 1.96031 1.64407 1.4659 1.30263 1.1991 11.3356 8.4546 3.23352 2.90977 2.18197 1.83636
threshold=0.10500000000000002 0 2.5000000000000004 0.37195 0.45785000000000003 0.47210000000000002 2.5000000000000004 5.5000000000000009 6.455000000000001 3.5000000000000004 0.56830000000000014 8.0550000000000015 1 0.43735000000000007 0.14500000000000005 0.40215000000000006 4.5000000000000009 0.39325000000000004 0.51735000000000009 3.6750000000000003 4.8500000000000005 4.5000000000000009 0.46685000000000004 7.9450000000000012 2 0.13500000000000004 0.28605000000000008 0.36380000000000007 0.34734999999999999 4.5000000000000009
decision_type=2 9 2 2 2 2 2 2 2 2 2 2 9 2 2 2 2 2 2 2 2 2 2 2 9 2 2 2 2 2
left_child=1 2 5 -4 -5 -1 -3 8 -8 -6 -11 23 14 15 16 17 -13 -14 20 -20 21 22 -15 -2 25 26 -25 28 -26 -29
right_child=11 6 3 4 9 -7 7 -9 -10 10 -12 12 13 18 -16 -17 -18 -19 19 -21 -22 -23 -24 24 27 -27 -28 29 -30 -31
leaf_value=0.20037740322501829 1.0957934654434708e-05 -0.098422860654858654 0.068182592936828892 -0.11562743040457568 0.088921536906987911 0.07660994850408552 0.033578640502197311 -0.083089945194360137 -0.057375004504222199 0.012002744248254446 -0.10964103104634729 0.11402589723818396 -0.044238197358971096 0.10028549673001785 0.0077866817049478624 -0.092508495914368841 0.023454561025756684 0.02297811915187252 -0.07403002306716723 -0.0036001198915947066 -0.033946699994033235 -0.0019193880386745629 0.027436473963927302 0.090851109918109962 -0.035156956439629329 0.021597764331178989 0.21646158531790022 -0.030256409577944128 -0.12615847988441709 0.03520113622986356
leaf_weight=2.5286884680390385 41106.32609242294 5.7188575156033066 3.2574796900153151 2.7572426572442037 1.7921071648597715 2.3688924238085747 6.6139154871925729 7.6206535454839459 6.5061168819665909 2.4648439493030314 1.0566156655550001 5.3725708145648223 35.258078437298536 3.6512882225215488 45.546826250851154 8.6020877268165332 4.463475838303566 4.1244961842894545 5.2644250839948681 15.851248942315577 5.7190820798277846 9.657727584242819 7.4889581054449081 3.2601410374045354 6.63331536203623 6.8533666897565118 5.5182830803096294 11.738949663937094 4.3710495233535767 6.7504551559686652
leaf_count=28 302210 67 44 40 10 15 81 182 49 66 31 39 296 30 351 98 24 32 64 144 39 95 64 25 49 52 41 94 29 40
internal_value=-1.86816e-05 -0.015994 0.0253397 -0.0020847 -0.0304455 0.140513 -0.0369524 -0.0378195 -0.0115245 0.013756 -0.0244965 -2.17138e-06 -0.00845441 -0.0222367 0.0163951 -0.0471139 0.0729257 -0.0371987 -0.00184392 -0.0211593 0.013537 0.0265942 0.0513132 2.88431e-05 0.016321 0.0639324 0.169812 -0.0228443 -0.0713037 -0.00635795
internal_weight=41345.1 42.6854 16.2259 11.3283 8.07081 4.89758 26.4595 20.7407 13.12 5.31357 3.52146 41302.5 151 95.6174 55.3829 47.9847 9.83605 39.3826 47.6327 21.1157 26.5171 20.798 11.1402 41151.5 45.1256 15.6318 8.77842 29.4938 11.0044 18.4894
internal_count=304429 613 234 191 147 43 379 312 130 107 97 303816 1276 862 414 426 63 328 436 208 228 189 94 302540 330 118 66 212 78 134
cat_boundaries=0 1 2 3
cat_threshold=4352812 2252944 5767425
is_linear=0
shrinkage=0.1


Tree=75
num_leaves=31
num_cat=5
split_feature=1 2 0 2 3 4 4 4 4 4 4 0 0 4 0 4 2 2 2 4 3 2 3 3 0 3 2 4 4 2
split_gain=1.03826 5.02744 11.4593 7.35984 5.65693 5.53432 10.051 8.16918 8.25263 8.57819 6.76677 4.88994 4.49019 5.04177 11.0093 7.55699 6.09083 5.97236 5.42433 13.363 4.92244 4.81595 4.39098 4.37035 4.27219 5.92185 7.01901 11.2823 10.9724 6.61568
threshold=5.5000000000000009 7.1050000000000013 0 7.2250000000000005 0.115 0.40685000000000004 0.32360000000000005 0.29825000000000007 0.28755000000000003 0.25865000000000005 0.44865000000000005 1 2 0.42430000000000007 3 0.42575000000000002 5.8250000000000011 6.8250000000000011 5.9350000000000014 0.48055000000000009 0.15500000000000003 6.9750000000000005 0.12500000000000003 1.7350000000000001 4 0.17500000000000002 5.3050000000000006 0.26175000000000004 0.24714999999999995 4.1250000000000009
decision_type=2 2 9 2 2 2 2 2 2 2 2 9 9 2 9 2 2 2 2 2 2 2 2 2 9 2 2 2 2 2
left_child=-1 4 3 5 11 6 7 8 9 -3 -7 -2 -6 24 15 20 23 -17 19 -18 -15 -19 -20 -16 25 -14 29 28 -28 -27
right_child=1 2 -4 -5 12 10 -8 -9 -10 -11 -12 -13 13 14 16 17 18 21 22 -21 -22 -23 -24 -25 -26 26 27 -29 -30 -31
leaf_value=0.00019602377847511966 0.02246728585810772 0.014161342414928177 -0.005641296493850631 0.01562608542503565 -0.0068261564369409798 0.20345865808183505 -0.0080080054255351318 0.18437931548432576 -0.052353740586121293 0.18076989492391729 0.04238145324372377 -0.051657357981013119 0.0092526434066963828 0.024557108671303198 -0.021504660865072855 0.014513491853806959 0.15547052481509194 0.093501497357754149 0.073232367675988924 -0.043452066110127363 0.18354446211143027 -0.011299419514538084 -0.0018074694137711113 0.059303035761246597 -0.0034068884745824947 0.004214177065745347 0.026439742306671128 -0.0043810893322854772 0.19295840591613592 -0.038060188196569346
leaf_weight=34985.611155180261 9.4179706759750825 6.2157886475324684 241.1387157663703 139.66033888980746 1318.1868665413931 5.3120571374893171 20.478992849588394 6.3740526884794226 5.2804197072982779 6.1458151340484619 5.1234880983829498 27.893460801802576 670.60537237673998 3.3665852695703498 169.10902169812471 316.14508248772472 7.7927680313587171 17.368512868881229 8.3483525067567808 5.9596758186817169 4.6196174081414938 5.8656572252511969 118.26454109698534 6.9686397165060034 2993.9797861482948 60.596512558870018 10.943539954721929 66.165931269526482 6.1983295977115622 95.140052258968353
leaf_count=253691 106 35 1462 825 11262 28 116 37 31 36 30 342 4536 22 2077 2821 47 97 47 36 44 33 665 92 23622 991 65 414 36 783
internal_value=-1.76169e-05 -0.00119308 0.00917386 0.0264629 -0.00195573 0.0588329 0.043461 0.0873497 0.0522929 0.0969941 0.124375 -0.0407705 -0.00170967 -0.000217605 0.00783882 0.0198023 -0.00573814 0.0181097 0.00961915 0.0692666 0.116523 0.0670436 0.00314036 -0.0183065 -0.00158815 0.00438719 -0.00907864 0.0143502 0.0866512 -0.0216114
internal_weight=41344.3 6358.67 435.73 194.591 5922.94 54.9306 44.4951 24.0161 17.642 12.3616 10.4355 37.3114 5885.62 4567.44 663.808 347.365 316.443 339.379 140.365 13.7524 7.9862 23.2342 126.613 176.078 3903.63 909.65 239.044 83.3078 17.1419 155.737
internal_count=304429 50738 2600 1138 48138 313 255 139 102 71 58 448 47690 36428 5981 3017 2964 2951 795 83 66 130 712 2169 30447 6825 2289 515 101 1774
cat_boundaries=0 1 2 3 4 5
cat_threshold=1173661 2312228 9838720 16846389 4362
is_linear=0
shrinkage=0.1


Tree=76
num_leaves=31
num_cat=4
split_feature=1 2 0 3 2 2 2 2 2 4 4 0 2 3 4 4 0 3 2 4 4 2 4 2 2 4 3 0 2 3
split_gain=1.05227 2.76208 5.82613 7.51905 3.41622 4.81938 3.36365 5.58951 2.79472 4.67145 12.2969 10.7972 6.93125 5.98662 5.58595 5.52896 5.46176 6.82199 8.99298 8.40077 6.01313 6.09401 4.97713 5.98136 4.97683 13.1892 4.94432 8.0932 6.618 4.81934
threshold=1.5000000000000002 2.9150000000000005 0 0.19500000000000003 2.6050000000000004 2.2850000000000006 3.1750000000000003 3.2650000000000001 4.8450000000000006 0.28035000000000004 0.26835000000000003 1 3.7150000000000003 0.17500000000000002 0.24035000000000004 0.26330000000000003 2 0.22500000000000003 3.4950000000000006 0.32975000000000004 0.28135000000000004 4.285000000000001 0.24494999999999997 3.9050000000000007 4.285000000000001 0.26025000000000004 0.17500000000000002 3 3.7550000000000003 0.21500000000000002
decision_type=2 2 9 2 2 2 2 2 2 2 2 9 2 2 2 2 9 2 2 2 2 2 2 2 2 2 2 9 2 2
left_child=1 2 3 -1 5 -5 -3 -8 9 10 11 24 13 14 -13 22 17 18 19 -11 -20 26 -14 -24 -9 -26 27 28 -22 -28
right_child=-2 6 -4 4 -6 -7 7 8 -10 16 -12 12 15 -15 -16 -17 -18 -19 20 -21 21 -23 23 -25 25 -27 29 -29 -30 -31
leaf_value=-0.033136875134348868 0.00015017062623447761 0.033792672316894354 -0.044425184375115827 0.018219977301263662 0.0069423976713397506 0.19784999848300372 -0.066656420222157717 -0.039356090322052104 -0.003103940786347366 0.17004935995302439 -0.053647778078755308 0.088662952639169776 0.0061713774368375718 0.029546994197188717 0.27418005861817013 -0.072890174137000677 -0.0013052616339422648 -0.079327837871898635 0.1854776893389701 0.033077686622075324 -0.027214385730798735 0.022247845426886424 -0.07994610250494015 0.072907480868284094 -0.016599858729582743 0.11769014449491449 -0.019489076799593798 -0.0079059390617523522 0.092870083469614381 0.06187597194773542
leaf_weight=10.083011142909529 37190.637121025939 27.219852060079575 30.221644144505262 2.3505379389971477 3.2749301791191101 4.0968471691012383 13.114760436117647 68.478718437254429 2725.1440458428115 6.938420161604884 49.601879395544529 5.4308125004172352 94.483788281679153 11.097002424299715 2.3148489370942116 7.2916649132966986 515.14037875831127 7.7476034089922896 1.9985996037721623 12.625861220061777 5.7236126661300686 245.90265419334173 2.883093990385535 22.847806364297867 68.531880237162113 8.1873346567153913 111.95875975489616 56.024117425084114 23.158788524568081 7.7859256491065016
leaf_count=120 253690 230 351 33 30 32 137 648 37568 55 463 51 863 101 21 68 4829 62 18 105 52 2176 26 205 635 76 998 510 212 64
internal_value=-1.83916e-05 -0.00152838 -0.0248836 0.0181848 0.0901147 0.132362 -0.00124352 -0.00147758 -0.00126711 0.0024792 -0.00761887 0.000212189 0.0187463 0.0766389 0.144106 0.0116613 0.00594144 0.0134674 0.0152755 0.0816543 0.0124059 0.0116381 0.0167898 0.0557806 -0.0184868 -0.00226867 -0.00111018 0.0173486 0.0513084 -0.0141986
internal_weight=41342.3 4151.66 50.027 19.8053 9.72232 6.44739 4101.63 4074.41 4061.3 1336.15 341.149 291.547 146.349 18.8427 7.74566 127.506 995.005 479.864 472.117 19.5643 452.552 450.554 120.215 25.7309 145.198 76.7192 204.651 84.9065 28.8824 119.745
internal_count=304429 50739 566 215 95 65 50173 49943 49806 12238 3157 2694 1335 173 72 1162 9081 4252 4190 160 4030 4012 1094 231 1359 711 1836 774 264 1062
cat_boundaries=0 1 2 3 4
cat_threshold=25963530 32836898 7371052 2099460
is_linear=0
shrinkage=0.1


Tree=77
num_leaves=31
num_cat=6
split_feature=2 0 4 4 2 4 2 0 4 4 4 1 2 0 0 3 2 2 4 1 1 4 1 4 4 0 4 0 4 3
split_gain=1.04074 5.82259 4.04623 6.57249 5.66942 5.03299 4.99762 4.6255 4.18021 4.08301 3.54592 5.39987 3.51315 5.92554 4.17214 13.0275 3.68517 4.67476 5.57274 3.76412 5.43621 8.54185 4.67601 3.56324 3.49452 7.83928 5.58743 5.1818 7.61983 6.57481
threshold=7.205000000000001 0 0.36380000000000007 0.36735000000000001 7.7950000000000008 0.36325000000000002 7.245000000000001 1 0.54585000000000006 0.44470000000000004 0.40815000000000007 2.5000000000000004 7.4150000000000009 2 3 0.115 7.4750000000000005 7.5650000000000004 0.44095000000000006 5.5000000000000009 4.5000000000000009 0.34875 3.5000000000000004 0.25865000000000005 0.27790000000000009 4 0.25060000000000004 5 0.29055000000000003 0.14500000000000005
decision_type=2 9 2 2 2 2 2 9 2 2 2 2 2 9 9 2 2 2 2 2 2 2 2 2 2 9 2 9 2 2
left_child=-1 12 5 -4 6 24 9 8 -8 10 -5 -12 13 23 15 -14 -17 -18 19 20 21 -19 -23 -2 25 -3 -27 28 -26 -29
right_child=1 2 3 4 -6 -7 7 -9 -10 -11 11 -13 14 -15 -16 16 17 18 -20 -21 -22 22 -24 -25 27 26 -28 29 -30 -31
leaf_value=8.335913247342478e-05 -0.10942445341638785 -0.014943851336148672 0.078322114937714224 -0.038726511983015494 -0.012891818196627745 -0.084420915180515421 0.037652179749319739 0.0045166126910106573 -0.019681596838003274 -0.094511719648206122 -0.064517408295996864 0.080502988353885682 0.2156750564614936 -0.0081639941146291802 -0.011519343703565721 0.043712949755987544 -0.074758242437148126 -0.025193824414877497 -0.052389721937987223 0.07560038924855228 -0.059595362048708446 0.048304700500843067 0.17933892636483809 -0.040213904008128298 -0.043555091342533499 0.01073348857817201 0.058347610287729369 -0.0043213872274291557 0.013015206848758549 -0.036625261933696474
leaf_weight=39672.273383966181 8.4623796083033067 74.961195304989815 13.218776367604731 14.946776587516071 110.56477470509708 7.5694408882409325 126.21616803109646 166.97372447140515 14.141599267721174 6.5304960981011382 3.7601715028285971 8.0954734385013563 3.1176575794816008 180.99457533098757 196.5492039937526 21.480265729129314 8.1721791028976423 13.649003939703109 12.7929172180593 10.265083491802214 9.1452053338289243 8.8748882934451085 3.9290354847908011 61.497391689568758 27.51145208068192 69.22817575186491 38.270069662481546 170.51958318799734 176.99722360447049 99.926458440721035
leaf_count=292039 69 548 93 106 938 56 872 1210 100 51 41 47 20 1363 1510 163 62 122 98 60 57 83 24 466 203 503 271 1238 1268 748
internal_value=-1.95335e-05 -0.00246624 0.00164324 0.00881975 0.00678368 -0.00334439 0.0131695 0.0171584 0.0297556 -0.0236082 -0.00633238 0.0345079 -0.0109065 -0.0197579 -0.00357187 0.0133171 0.00768102 -0.00390052 0.00597162 0.0222507 0.0068668 0.0298439 0.0885141 -0.0425094 -0.00241087 0.0093521 0.0253283 -0.00692976 0.00515313 -0.0156776
internal_weight=41340.6 1668.36 1129.43 464.448 451.229 664.984 340.664 307.331 140.358 33.3329 26.8024 11.8556 538.93 250.954 287.975 91.4262 88.3086 66.8283 58.6561 45.8632 35.5981 26.4529 12.8039 69.9598 657.414 182.459 107.498 474.955 204.509 270.446
internal_count=304429 12390 8293 3458 3365 4835 2427 2182 972 245 194 88 4097 1898 2199 689 669 506 444 346 286 229 107 535 4779 1322 774 3457 1471 1986
cat_boundaries=0 1 2 3 4 5 6
cat_threshold=7798820 17326474 5242880 5242880 16810123 49809
is_linear=0
shrinkage=0.1


Tree=78
num_leaves=31
num_cat=5
split_feature=2 0 2 0 4 4 1 0 1 2 4 1 4 1 4 3 0 0 4 4 2 4 4 2 4 2 2 4 3 4
split_gain=1.04958 4.78129 8.54765 9.69473 7.12384 7.56162 6.13325 5.22833 4.87468 4.60768 4.18713 7.75778 6.12755 5.35764 4.03718 3.9562 6.57094 5.19501 5.31798 4.61826 3.96717 6.99603 3.91855 3.88266 9.25911 3.81533 6.59204 4.21188 6.19456 3.80802
threshold=3.7850000000000006 0 3.6350000000000002 1 0.28855000000000003 0.23104999999999992 4.5000000000000009 2 3.5000000000000004 3.7150000000000003 0.34525000000000006 1.5000000000000002 0.30535000000000007 4.5000000000000009 0.65415000000000012 0.20500000000000004 3 4 0.38815000000000005 0.40685000000000004 2.4450000000000007 0.49550000000000005 0.49550000000000005 3.5450000000000004 0.29925000000000007 1.8750000000000002 2.4450000000000007 0.22184999999999991 0.18500000000000003 0.14335000000000003
decision_type=2 9 2 9 2 2 2 9 2 2 2 2 2 2 2 2 9 9 2 2 2 2 2 2 2 2 2 2 2 2
left_child=1 4 14 9 5 25 -5 8 -7 -4 11 -11 29 -14 15 17 20 18 23 -20 21 -17 -18 -3 -25 -1 -27 -28 -29 -13
right_child=-2 2 3 6 -6 7 -8 -9 -10 10 -12 12 13 -15 -16 16 22 -19 19 -21 -22 -23 -24 24 -26 26 27 28 -30 -31
leaf_value=-0.079977157420321451 0.0001184978130802316 0.016516136168076938 -0.01122940823239461 -0.019171848705201371 0.010737422798341591 0.048716031982360491 -0.051948455460735968 -0.036707410059306708 -0.024298663221070684 -0.073553910454276838 -0.0022971166703799639 0.13050677057485222 0.15144968808699918 0.024602956994413661 -0.067452972036096376 -0.027400783738390257 -0.030098655488761297 -0.00080317486973322948 -0.073948619336963617 0.0037469721894190216 0.013540121913025813 0.041843396332962302 0.011579019920260347 0.11299621190874876 0.012894111159973807 0.10153942531398825 -0.0003205892489094404 -0.0012947006784877245 0.17772461476664228 0.0042122694733046839
leaf_weight=4.3914875173941246 38456.640381472185 131.72563819307834 102.40634267777205 207.70106833428144 568.174964687787 17.3567069247365 78.730890180915594 91.784056857228279 19.323856665752828 4.8656074404716483 38.11229807138443 2.8116032257676151 9.9874214157462102 4.9951412156224242 9.0790196824818832 72.565246508456767 153.46891535166651 999.14637903124094 10.131283458322285 31.242744196206331 135.31587602011859 18.263285104185343 26.446363791357726 15.308204255998133 23.311115972697735 8.1018900256603938 74.647268582135439 4.4408734515309325 3.4226124212145805 15.824901659041641
leaf_count=222 270568 1493 869 1678 6362 141 841 1008 265 44 307 23 75 47 238 2118 2696 10903 106 339 1286 651 756 137 204 134 702 43 32 141
internal_value=-1.94666e-05 -0.00185974 -0.00435527 -0.0163251 0.00472848 -0.0103378 -0.0272304 -0.0261568 0.00805487 0.00250622 0.0211973 0.0444643 0.0615448 0.109159 -0.000955749 -0.000582367 -0.00912412 0.00228208 0.0161187 -0.0152784 0.00257489 -0.0134776 -0.02271 0.0246907 0.0525733 0.0110526 0.0154643 0.00701244 0.0766241 0.0232657
internal_weight=41339.7 2883.08 2091.44 465.435 791.644 223.469 286.432 128.465 36.6806 179.003 76.597 38.4847 33.6191 14.9826 1626 1616.93 406.06 1210.87 211.719 41.374 226.144 90.8285 179.915 170.345 38.6193 95.0041 90.6126 82.5108 7.86349 18.6365
internal_count=304429 33861 24952 4025 8909 2547 2519 1414 406 1506 637 330 286 122 20927 20689 7507 13182 2279 445 4055 2769 3452 1834 341 1133 911 777 75 164
cat_boundaries=0 1 2 3 4 5
cat_threshold=29394948 3293456 8390656 795531 69664
is_linear=0
shrinkage=0.1


Tree=79
num_leaves=31
num_cat=6
split_feature=3 2 0 2 0 1 3 0 2 4 4 4 4 2 0 4 0 4 2 4 2 2 4 2 1 4 4 2 2 0
split_gain=1.02709 6.90268 14.6789 8.16028 7.51017 9.28497 9.80563 9.36588 9.98749 7.64774 5.0409 4.85793 5.447 5.24564 6.83087 4.92885 5.24384 6.49388 7.53834 5.27845 5.04636 4.85544 4.81448 5.74197 5.01233 4.79893 10.3738 6.5306 5.0388 4.61376
threshold=0.17500000000000002 5.5550000000000006 0 5.5750000000000011 1 4.5000000000000009 0.18500000000000003 2 5.2650000000000006 0.65415000000000012 0.56830000000000014 0.36565000000000009 0.36245000000000005 5.4750000000000005 3 0.37285000000000007 4 0.39605000000000007 5.5150000000000006 0.44095000000000006 4.9050000000000011 3.6350000000000002 0.41470000000000001 4.4050000000000011 3.5000000000000004 0.30440000000000006 0.30535000000000007 5.3650000000000011 5.1850000000000014 5
decision_type=2 2 9 2 9 2 2 9 2 2 2 2 2 2 9 2 9 2 2 2 2 2 2 2 2 2 2 2 2 9
left_child=-1 4 3 -3 5 6 25 8 -7 10 11 12 13 14 -8 -13 20 -18 19 21 -17 -19 23 -23 -25 27 -27 28 -2 -4
right_child=1 2 29 -5 -6 7 9 -9 -10 -11 -12 15 -14 -15 -16 16 17 18 -20 -21 -22 22 -24 24 -26 26 -28 -29 -30 -31
leaf_value=-0.00033447942778547094 -0.015431107657720537 0.064306898419246361 0.018064416096171217 -0.009405957188596395 0.002107427032634774 0.0093896557425642291 -0.010907987156473474 -0.015442173911314541 -0.04843060309662725 0.09877674557065276 -0.055538193689708609 0.037568141426131706 -0.03921845958745046 -0.046338195174660535 0.0073496074973282482 0.0273431971373016 -0.026852323453278565 -0.029666511733349554 0.16129325712949769 -0.015695601630709859 -0.0088065654238729842 -0.037021100912982767 0.050386340724578253 0.055170664236172701 -0.033212012670804203 0.11694141672918423 -0.0038243501860876911 0.027001388235271002 -0.050819513770194669 0.0066290781123738308
leaf_weight=29566.251486362889 339.25899964384735 15.412706114351748 573.84242852404714 586.77379197254777 5344.8418918093666 311.62204630486667 263.12964408192784 971.14608662575483 33.041809968650341 8.5501001700758916 14.119933938607572 66.648105129599571 33.203121297061443 22.101475156843662 818.45163113065064 186.65734997950494 72.636943489313126 17.595378257334232 3.165441781282424 71.649638501927257 48.688827663660049 19.253455176949501 47.401105489581823 24.190782703459263 8.7330456674098951 7.1786131113767615 777.88006424345076 32.577412903308868 45.648912087082863 1006.8429202251136
leaf_count=209557 2590 104 3855 4017 44402 3304 2137 10102 213 60 122 491 247 153 6290 1395 553 171 22 544 326 141 324 167 55 54 5588 224 315 6906
internal_value=-1.99525e-05 0.000769989 0.00584527 -0.00739648 -0.000385321 -0.00352093 -0.000394261 -0.010507 0.00373816 0.00443529 0.00396567 0.00445888 0.000688884 0.00188945 0.00287496 0.0120231 0.0086179 -0.00133389 0.00825126 0.00568566 0.0190548 0.0187599 0.0273168 0.006359 0.0317272 -0.00732678 -0.00272006 -0.0159895 -0.0196281 0.010868
internal_weight=41338.5 11772.2 2182.87 602.186 9589.37 4244.53 2928.72 1315.81 344.664 1726.18 1717.63 1703.51 1136.89 1103.68 1081.58 566.62 499.972 264.626 191.989 188.823 235.346 117.174 99.5784 52.1773 32.9238 1202.54 785.059 417.485 384.908 1580.69
internal_count=304429 94872 14882 4121 79990 35588 21969 13619 3517 13198 13138 13016 8827 8580 8427 4189 3698 1977 1424 1402 1721 858 687 363 222 8771 5642 3129 2905 10761
cat_boundaries=0 1 2 3 4 5 6
cat_threshold=8980776 294283 8195 12290 270602 140419
is_linear=0
shrinkage=0.1


Tree=80
num_leaves=31
num_cat=6
split_feature=1 0 2 2 0 4 2 4 4 4 0 3 4 4 3 4 0 2 2 0 3 2 4 2 4 1 3 2 0 3
split_gain=1.00863 3.62006 6.00841 5.66452 4.99533 5.47227 4.46963 4.57979 5.4998 3.78623 4.21058 4.14411 3.90872 5.403 5.19018 5.04276 9.68715 6.76052 9.75897 6.66586 5.39274 5.30149 5.22029 5.08472 6.73757 4.84157 4.68902 5.2326 4.17485 5.98447
threshold=2.5000000000000004 0 4.035000000000001 4.0550000000000006 1 0.31675000000000003 3.3950000000000005 0.30335000000000001 0.30615000000000009 0.42430000000000007 2 0.12500000000000003 0.12590000000000004 0.20074999999999998 0.19500000000000003 0.27915000000000006 3 6.1050000000000013 6.0750000000000011 4 0.115 6.5450000000000008 0.28255000000000002 4.4450000000000012 0.25060000000000004 1.5000000000000002 0.18500000000000003 4.8250000000000011 5 0.13500000000000004
decision_type=2 9 2 2 9 2 2 2 2 2 9 2 2 2 2 2 9 2 2 9 2 2 2 2 2 2 2 2 9 2
left_child=1 2 4 -4 5 6 -1 -8 -9 12 11 -11 28 14 -14 16 26 18 23 22 -21 25 -17 -18 -25 -19 -15 -28 -5 -30
right_child=-2 -3 3 9 -6 -7 7 8 -10 10 -12 -13 13 15 -16 19 17 21 -20 20 -22 -23 -24 24 -26 -27 27 -29 29 -31
leaf_value=0.062735501468805951 0.00029424107486377001 -0.0022823872601611924 -0.050849240120993594 0.0045968834459153935 0.017196513600072752 -0.022161468137789131 -0.0091230569997781622 0.17869738668227936 0.0066951262542812905 0.057060142019654203 -0.00046631242495556621 -0.022061864321173224 0.017250793023166826 -0.036090255820725788 0.10501115629329945 0.060560360550497461 -0.023958864496903973 -0.0022541254230013723 0.14198291880533512 -0.081078001520831458 0.00040731217258413075 -0.00034882655704926007 0.0094678571388731002 0.026322642218162579 -0.0038467044439911263 -0.058876987575312879 -0.029062858368941649 0.066078763780404601 0.039403793787521318 -0.029627840332085126
leaf_weight=15.775619782507418 29464.057894111611 6882.6429920811206 21.752447463572025 106.60115548968315 379.08416992425919 81.452760376036167 47.975716158747673 3.0352301448583594 4.7970740795135498 6.8511345386505118 345.50115328840911 195.94232322648168 127.49545384943485 134.32333662733436 7.1149103790521613 20.482371848076582 48.157796286046505 23.608825199306011 5.3739263825118533 8.1552678123116475 1977.3667764570564 82.305158417671919 845.13392289727926 146.4901583082974 149.63861556351185 41.903736919164658 13.293378069996836 10.228557106107472 13.943336118012665 126.42157188430429
leaf_count=153 202952 59445 163 892 3150 667 386 24 37 66 2969 1685 1059 1203 53 172 363 349 47 93 16664 876 7026 1148 1160 274 101 84 134 1034
internal_value=-1.93237e-05 -0.000797477 0.00125262 5.63184e-05 0.0112987 -0.00416227 0.015737 0.00245161 0.0733507 0.000305921 -0.00747354 -0.0184777 0.00140299 0.00222875 0.0218894 0.00147399 -0.00643609 0.000670963 0.00826399 0.0032921 7.22582e-05 -0.0172448 0.0105549 0.00617679 0.0110776 -0.0384718 -0.0271573 0.0123097 -0.0107714 -0.0212561
internal_weight=41336.9 11872.8 4990.21 4458.09 532.121 153.036 71.5836 55.808 7.8323 4436.33 548.295 202.793 3888.04 3641.07 134.61 3506.46 655.323 497.478 349.66 2851.14 1985.52 147.818 865.616 344.287 296.129 65.5126 157.845 23.5219 246.966 140.365
internal_count=304429 101477 42032 37615 4417 1267 600 447 61 37452 4720 1751 32732 30672 1112 29560 5605 4217 2718 23955 16757 1499 7198 2671 2308 623 1388 185 2060 1168
cat_boundaries=0 1 2 3 4 5 6
cat_threshold=3691802 2117632 17426 524312 16656 2625546
is_linear=0
shrinkage=0.1


Tree=81
num_leaves=31
num_cat=6
split_feature=4 4 0 4 2 1 0 2 3 2 1 4 0 3 2 2 1 3 3 3 2 2 1 2 0 3 3 0 0 3
split_gain=0.992745 4.38787 7.13904 8.58828 4.18072 10.3918 7.19187 5.91263 5.6397 4.05872 4.38069 3.68029 9.40389 3.86536 5.19705 6.83761 4.8837 6.76199 6.44347 4.54857 3.66012 4.69945 3.5317 4.31092 2.99712 4.84394 6.08993 10.6871 8.80641 7.2703
threshold=0.20074999999999998 0.21284999999999996 0 0.20884999999999998 5.8550000000000013 5.5000000000000009 1 5.7350000000000012 0.15500000000000003 6.1650000000000009 3.5000000000000004 0.19955000000000003 2 0.15500000000000003 6.3550000000000013 5.4750000000000005 3.5000000000000004 0.17500000000000002 0.18500000000000003 0.18500000000000003 4.285000000000001 4.5050000000000008 1.5000000000000002 3.8150000000000004 3 0.12500000000000003 0.16500000000000004 4 5 0.17500000000000002
decision_type=2 2 9 2 2 2 9 2 2 2 2 2 9 2 2 2 2 2 2 2 2 2 2 2 9 2 2 9 9 2
left_child=11 2 -2 4 6 9 7 22 -7 -6 -11 24 13 14 15 -13 19 -18 -19 20 -15 -22 -4 -24 -1 -26 27 -27 29 -28
right_child=1 -3 3 -5 5 8 -8 -9 -10 10 -12 12 -14 16 -16 -17 17 18 -20 -21 21 -23 23 -25 25 26 28 -29 -30 -31
leaf_value=0.0049065623939302657 0.0026490235079942963 -5.7610930632223918e-05 -0.058729709247030151 -0.052571689212774692 -0.11274021951861098 -0.025529616534049528 -0.01792103913148501 0.19093158873316185 0.13547204976931312 -0.07351770076098936 0.0077195665516400433 -0.046289828267043337 -0.013484474276925279 0.16939761428677874 -0.076818763468347095 0.071071649411944951 0.063055462353466069 -0.074106975786689594 0.038050029958421494 0.014247866049653108 -0.024461478249104319 0.092831301016531809 0.17108555610291382 0.032300404396512744 0.02534784787982744 0.0006597085834082842 0.026283234242205068 -0.01891337806318218 -0.0052500175651567643 0.0030771207052442836
leaf_weight=1193.3980039069429 220.38380209542811 37133.293551811948 3.7395459413528469 70.041166254319251 9.8156474605202657 3.9429908171296102 58.493818232789636 2.5457950085401526 4.8541054278612137 15.022169372066857 11.893262505531309 8.0110657811164909 68.534732921048999 4.8306021466851261 6.3423192687332621 13.052595011889933 19.553183160722256 10.453091815114023 10.044358242303131 10.875694297254084 4.0435753017663982 22.005495373159647 2.4628965891897705 24.523838043212891 66.773971609771252 711.78032746911049 221.97201695106924 451.59656023234129 606.97073948848993 344.57835255470127
leaf_count=8875 1643 273055 39 560 69 24 502 18 27 133 73 57 525 36 47 82 126 80 80 75 27 153 25 193 463 5004 1610 3239 4846 2743
internal_value=-1.82518e-05 -0.00017361 -0.0102443 -0.0229691 -0.00954014 -0.0343144 0.00275119 0.034201 0.0633087 -0.0576951 -0.037621 0.00152763 0.0155741 0.0321045 0.00254067 0.026436 0.0459332 0.0209853 -0.0191467 0.0698625 0.0894498 0.074624 0.032346 0.0449664 0.000833535 -0.00120408 -0.00196793 -0.00709502 0.00311485 0.0119581
internal_weight=41335.8 37561 427.719 207.335 137.294 45.5282 91.7659 33.2721 8.7971 36.7311 26.9154 3774.82 177.747 109.212 27.406 21.0637 81.806 40.0506 20.4975 41.7554 30.8797 26.0491 30.7263 26.9867 3597.07 2403.67 2336.9 1163.38 1173.52 566.55
internal_count=304429 276361 3306 1663 1103 326 777 275 51 275 206 28068 1288 763 186 139 577 286 160 291 216 180 257 218 26780 17905 17442 8243 9199 4353
cat_boundaries=0 1 2 3 4 5 6
cat_threshold=9676594 6280 29602851 17578249 3179186 13845504
is_linear=0
shrinkage=0.1


Tree=82
num_leaves=31
num_cat=7
split_feature=2 0 2 4 1 4 0 0 3 4 4 0 2 3 4 2 0 3 4 4 1 4 1 0 1 3 2 2 0 3
split_gain=1.0056 4.00829 5.73714 6.49324 6.28688 7.61173 8.51591 5.51749 4.96396 4.63362 4.20303 3.85955 4.24377 3.51663 3.19243 3.12309 16.7576 5.83662 6.74755 11.0788 5.2695 5.23816 4.61332 4.51388 6.43882 5.1868 3.77362 3.76008 8.00038 4.602
threshold=3.7850000000000006 0 3.6350000000000002 0.21284999999999996 4.5000000000000009 0.35385000000000005 1 2 0.17500000000000002 1.0000000180025095e-35 0.28755000000000003 3 3.7550000000000003 0.14500000000000005 0.39605000000000007 3.8450000000000002 4 0.19500000000000003 0.30695000000000006 0.29735000000000006 5.5000000000000009 0.27075000000000005 3.5000000000000004 5 3.5000000000000004 0.18500000000000003 3.8150000000000004 3.8750000000000004 6 0.18500000000000003
decision_type=2 9 2 2 2 2 9 9 2 2 2 9 2 2 2 2 9 2 2 2 2 2 2 9 2 2 2 2 9 2
left_child=1 -1 -3 9 5 6 8 10 -5 -4 -6 14 -13 -9 -7 16 17 18 19 -2 -20 23 -21 24 25 -18 -19 28 29 -17
right_child=15 2 3 4 7 11 -8 13 -10 -11 -12 12 -14 -15 -16 27 21 26 20 22 -22 -23 -24 -25 -26 -27 -28 -29 -30 -31
leaf_value=0.0032146819129267598 0.063097884761201997 -0.0016324302314315747 -0.0089053321843344368 0.017499327427938426 -0.073564862414902094 -0.074152179361821738 0.028913820644822893 0.072481887796385855 -0.044254745767987297 -0.070385048670686276 0.024396547309248354 0.0084804666321554537 -0.069351247553411682 -0.057593612191494586 -0.024050459993498686 0.043174588068398627 0.16361748359594241 0.04214228609099456 0.045493187250340621 0.28423707939624354 -0.066614784783449607 0.0020036490866025621 0.11121927660369615 -0.045921879180383859 -0.048748821516394626 -0.0015484019999153073 -0.043123280556495697 9.9795712997739546e-05 -0.027482974157092721 -0.032557726695265903
leaf_weight=1017.5810799165629 22.719335380941633 1451.4827970471233 19.3898617438972 20.891349777579308 5.2369008548557785 22.892174184322357 95.172169223427773 2.152452938258647 34.532342702150345 33.334414176642895 26.759999640285969 54.394723005592823 8.0410948321223241 60.436125986278057 28.615535110235214 32.5033810287714 4.2585386931896192 9.9672520160675049 47.864372715353966 3.7173707485198966 4.5952530764043322 153.29667614027858 2.6324193403124809 37.830022864043713 5.9358355924487114 3.4349629506468773 10.830670595169067 37986.642309565097 117.46708224341273 10.653949122875927
leaf_count=11627 189 18621 171 174 59 181 773 22 286 305 261 422 61 676 222 276 33 81 360 28 57 1273 23 333 52 27 92 266672 981 91
internal_value=-1.89098e-05 -0.00182093 -0.00456367 -0.0150051 -0.010194 -0.00228244 0.0124724 -0.0323213 -0.0177709 -0.0477753 0.00637189 -0.0217835 -0.00133038 -0.0458023 -0.0387874 0.000116093 0.0101605 0.0410171 0.0570881 0.095735 0.035673 -0.00692509 0.212509 -0.0348694 0.0170165 0.0898749 -0.00226038 3.52366e-05 -0.0152326 0.0198741
internal_weight=41335.3 2880.91 1863.33 411.849 359.125 264.539 150.596 94.5855 55.4237 52.7243 31.9969 113.944 62.4358 62.5886 51.5077 38454.3 307.083 102.327 81.5288 29.0691 52.4596 204.756 6.34979 51.4594 13.6293 7.6935 20.7979 38147.3 160.624 43.1573
internal_count=304429 33861 22234 3613 3137 2119 1233 1018 460 476 320 886 483 698 403 270568 2548 830 657 240 417 1718 51 445 112 60 173 268020 1348 367
cat_boundaries=0 1 2 3 4 5 6 7
cat_threshold=31496196 67113 205057 720939 22021026 2162689 3428752
is_linear=0
shrinkage=0.1


Tree=83
num_leaves=31
num_cat=4
split_feature=2 0 3 0 2 0 2 3 0 4 4 4 3 1 2 1 1 2 4 2 2 4 3 4 3 2 4 4 4 2
split_gain=0.921493 3.26823 3.42291 6.25156 5.52801 8.51396 8.0007 6.3601 5.83523 5.2019 7.00675 4.8318 4.66401 5.24194 4.64138 4.68206 4.55181 5.45425 5.42118 5.49695 5.00298 7.49225 3.86923 3.80119 3.65448 7.29677 6.17058 9.30112 5.95487 4.1186
threshold=3.4550000000000005 0 0.19500000000000003 1 3.2650000000000001 2 3.3350000000000004 0.17500000000000002 3 0.34154999999999996 0.29825000000000007 0.40215000000000006 0.25500000000000006 2.5000000000000004 1.5450000000000002 1.5000000000000002 3.5000000000000004 2.0750000000000006 0.48055000000000009 3.3350000000000004 3.0550000000000002 0.33644999999999997 1.2850000000000004 0.32095000000000007 0.17500000000000002 2.7350000000000008 0.32150000000000001 0.31124999999999997 0.35585000000000006 1.8750000000000002
decision_type=2 9 2 9 2 9 2 2 9 2 2 2 2 2 2 2 2 2 2 2 2 2 2 2 2 2 2 2 2 2
left_child=1 -1 4 12 5 7 -6 -3 9 10 -8 -5 13 -4 -9 -16 -15 -18 19 20 -19 -22 -14 -12 25 26 27 29 -26 -7
right_child=-2 2 3 11 6 24 8 14 -10 -11 23 -13 22 16 15 -17 17 18 -20 -21 21 -23 -24 -25 28 -27 -28 -29 -30 -31
leaf_value=-0.007213854892842167 7.5790394196696774e-05 -0.0061397219903291892 0.065540090542834772 -0.024656240060288076 0.047616094921443315 -0.10457562950670257 -0.0020023840499137982 -0.062917667083251333 -0.01650302780527059 -0.0027962807394467486 0.1625854438984726 0.0085070104183569747 -0.071302921993795662 -0.042479988601617696 -0.038446185866632065 0.04118345136964182 -0.026902652943811972 0.049718578880597969 -0.11201537557831681 -0.034400258471550114 0.24238524354914195 0.012757422122885931 0.0098719711665025949 0.061625823081332687 -0.050541791236471012 -0.028306154341101231 -0.00020008185279020776 0.2347015396760076 0.0037627700176304599 0.065893381812437091
leaf_weight=737.46560640633106 39716.358628187329 83.727967371232808 22.833282053470612 167.48895995505154 69.779574785381556 1.6777107845991839 9.7277825213968772 5.0708447014912954 58.043286994099617 21.78976085036993 6.7553470134735099 59.555123909376562 10.421590009704234 13.233311640098689 7.9991973042488089 96.000301674008369 15.554790580179541 23.991118267178539 2.120584685355424 6.0530509389936915 3.6145499460399142 2.3412595093250275 13.450426983647047 8.3251354545354825 56.419032514095306 47.034858640283346 23.86589933000505 3.1503093652427188 31.448805864900351 9.1306627020239812
leaf_count=10588 281368 1047 197 2689 560 49 89 246 481 179 53 1419 411 115 86 1207 528 283 28 54 32 21 399 65 823 443 366 36 441 126
internal_value=-1.95121e-05 -0.00235876 0.00176899 -0.00606009 0.0067412 -0.000248348 0.0213889 0.0138708 0.00389937 0.0270496 0.0641676 -0.0152841 0.0126086 0.0241682 0.0305036 0.0350587 0.0100496 0.0230004 0.043363 0.0525156 0.0700835 0.152117 -0.0255658 0.106851 -0.0158912 -0.00200998 0.0306893 0.0835025 -0.0311056 0.0394326
internal_weight=41334.4 1618.07 880.605 340.658 539.946 365.526 174.421 192.798 104.641 46.598 24.8083 227.044 113.614 89.7419 109.07 103.999 66.9087 53.6754 38.1206 36 29.9469 5.95581 23.872 15.0805 172.727 84.8594 37.8246 13.9587 87.8678 10.8084
internal_count=304429 23061 12473 6176 6297 4870 1427 2586 867 386 207 4108 2068 1258 1539 1293 1061 946 418 390 336 53 810 118 2284 1020 577 211 1264 175
cat_boundaries=0 1 2 3 4
cat_threshold=20809104 4194826 8548385 10796
is_linear=0
shrinkage=0.1


Tree=84
num_leaves=31
num_cat=4
split_feature=2 0 2 2 0 2 4 4 4 4 4 4 4 4 4 4 0 3 2 4 0 1 3 1 1 4 4 1 2 4
split_gain=0.92656 4.64936 6.78724 4.43572 14.1406 9.68576 13.8712 14.2604 9.08413 4.7591 4.45343 4.47675 4.2591 10.1542 5.39435 4.15449 3.95984 8.02406 3.48879 4.11364 4.16974 7.91868 3.6655 3.59799 3.36974 6.01332 6.2062 5.37887 6.16336 6.15614
threshold=6.9750000000000005 0 7.1050000000000013 6.8450000000000006 1 6.8650000000000011 0.17685000000000003 0.34315000000000007 0.36565000000000009 0.44690000000000002 0.40685000000000004 0.36850000000000005 0.54585000000000006 0.56830000000000014 0.51735000000000009 0.35165000000000002 2 0.115 6.9350000000000014 0.35010000000000002 3 3.5000000000000004 0.13500000000000004 3.5000000000000004 3.5000000000000004 0.24945000000000003 0.28335000000000005 1.5000000000000002 7.205000000000001 0.23104999999999992
decision_type=2 9 2 2 9 2 2 2 2 2 2 2 2 2 2 2 9 2 2 2 9 2 2 2 2 2 2 2 2 2
left_child=3 2 -2 -1 5 6 -5 -8 15 10 11 -10 14 -14 -7 -9 17 -6 -18 20 21 -20 -22 -24 25 27 -27 29 -29 -3
right_child=1 24 -4 4 16 12 7 8 9 -11 -12 -13 13 -15 -16 -17 18 -19 19 -21 22 -23 23 -25 -26 26 -28 28 -30 -31
leaf_value=-7.2277292008233822e-05 -0.01860238202746177 0.04975167393664652 -0.0018509943453952947 0.24264121616110623 0.10006486151605157 0.014756558725410984 -0.010407840662625146 0.067690660462738597 -0.034820933214606949 0.15842849880691892 -0.047174232576159034 0.098869785413242345 0.24009631955412086 -0.025967672390050673 -0.10084697750900756 0.20526367170318888 0.009340159994750798 -0.014792918292126679 0.15310757855549392 -0.031138449055606057 -0.062391584159605135 0.0034250821565599576 -0.029120883118901722 0.034552445328426926 0.0052431323861159415 0.026940647537653351 -0.0038049427726489977 -0.076836996627576273 -0.012652892933493906 -0.10526920240620188
leaf_weight=37230.865579566918 336.88982838392258 13.452855635434391 857.61193048395216 3.8104828149080268 6.2252763621509066 343.66201964393258 25.372625555843115 3.0920732244849187 3.42016518861056 3.5357721522450438 5.1353185512125483 9.3579119518399221 2.727058168500661 3.0261579938232899 4.0843966677784911 7.5668452084064484 301.02084064856172 264.96611771732569 6.1750407628715029 54.295531213283539 11.062518827617167 8.2648454457521421 17.307616986334324 18.21354316174984 1032.5928795896471 73.388017576187849 622.9793030358851 29.309634156525135 30.560751430690289 3.1642339192330828
leaf_count=274734 2443 256 6380 28 43 2377 180 20 26 26 36 63 20 21 28 53 2093 1851 52 386 78 47 143 103 6167 668 5649 188 202 68
internal_value=-1.96326e-05 -0.00171209 -0.00652086 0.000112819 0.00636443 0.0206751 0.057872 0.0456233 0.0899006 0.0524045 0.0314774 0.0630863 0.0148106 0.100148 0.0133988 0.165355 -0.00253312 -0.011724 0.00358812 -0.0111155 0.00669995 0.0398428 -0.00998342 0.00352774 0.00149726 -0.00348813 -0.000564759 -0.0301035 -0.0440743 0.0202325
internal_weight=41333.1 2999.95 1194.5 38333.2 1102.32 414.791 61.2912 57.4807 32.1081 21.4492 17.9134 12.7781 353.5 5.75322 347.746 10.6589 687.531 271.191 416.34 115.319 61.0236 14.4399 46.5837 35.5212 1805.45 772.855 696.367 76.4875 59.8704 16.6171
internal_count=304429 22021 8823 282408 7674 2878 432 404 224 151 125 89 2446 41 2405 73 4796 1894 2902 809 423 99 324 246 13198 7031 6317 714 390 324
cat_boundaries=0 1 2 3 4
cat_threshold=8619190 21506356 1083009 65544
is_linear=0
shrinkage=0.1


Tree=85
num_leaves=31
num_cat=3
split_feature=2 0 4 4 2 4 2 4 0 4 4 1 1 4 3 3 4 4 4 4 4 3 1 3 2 1 2 3 1 0
split_gain=0.983782 4.77034 3.33566 5.01172 4.73139 4.30758 4.03902 3.58873 3.58278 3.25955 3.24712 3.18166 2.99779 4.89026 6.02465 3.88182 3.38395 3.08076 2.94973 7.37266 5.12441 8.21339 4.55056 6.16366 6.98656 3.85686 7.0738 3.3377 4.06714 3.11508
threshold=7.205000000000001 0 0.36380000000000007 0.36735000000000001 7.7950000000000008 0.36325000000000002 7.245000000000001 0.44470000000000004 1 0.54585000000000006 0.65415000000000012 2.5000000000000004 4.5000000000000009 0.39399999999999996 5.1450000000000005 3.7100000000000004 0.42010000000000008 0.38365000000000005 0.31525000000000009 0.30235000000000006 0.35305000000000003 0.115 3.5000000000000004 0.13500000000000004 7.6050000000000013 4.5000000000000009 7.6050000000000013 0.13500000000000004 5.5000000000000009 2
decision_type=2 9 2 2 2 2 2 2 9 2 2 2 2 2 2 2 2 2 2 2 2 2 2 2 2 2 2 2 2 9
left_child=-1 10 5 -4 6 -3 7 -5 9 -8 11 -2 17 -14 15 16 -15 -6 19 25 22 -22 23 -20 -25 -13 29 -28 -29 -27
right_child=1 2 3 4 12 -7 8 -9 -10 -11 -12 18 13 14 -16 -17 -18 -19 20 -21 21 -23 -24 24 -26 26 27 28 -30 -31
leaf_value=8.0898162915955937e-05 0.0020474334996907172 -0.0023887838047940359 0.067086061872951339 -0.0057064569394195677 -0.084095931211727745 -0.080301373834936116 0.033063125691818331 -0.090458657569737644 0.0041252280971621142 -0.017802889789264954 0.062926151716980711 -0.033996446883041251 0.081119170408265176 -0.068859348985533253 0.11484558506040106 -0.07232890432261653 0.023400595727106097 -0.017563708691670451 -0.061957401130311757 -0.071029431759803668 0.098563298597590943 -0.021854564392150104 -0.00023147628206554414 0.1339177365754379 -0.033227770163373825 0.01459483192093998 0.11684394794301999 -0.052835422685168082 0.074251348923913066 -0.034426477642682252
leaf_weight=39665.842169374693 136.75625351443887 657.04521250724792 13.836381956934927 26.613814223557711 7.9065870493650428 7.1735427752137175 128.98000327125192 6.1508974470198146 167.33808968216181 13.961701497435568 5.9944450184702864 56.622515067458153 7.6019426360726348 5.1519411653280285 3.6449198797345153 10.071872010827063 17.410838142037392 58.117328451946378 3.3006010353565243 30.126246765255928 5.8552482873201361 173.62228124961257 52.142342410981655 9.7285964637994748 3.3660212606191626 16.69672766327858 6.078518524765971 4.1782139502465707 6.3381753712892532 24.659968413412571
leaf_count=292039 1571 4779 93 194 70 56 872 51 1210 100 30 368 45 31 18 115 148 511 22 193 30 1125 316 64 23 102 35 27 36 155
internal_value=-1.91007e-05 -0.0023993 0.0013108 0.0078006 0.0059896 -0.00323024 0.0117746 -0.0216169 0.0153007 0.0262579 -0.0100721 -0.0110888 -0.012067 0.00819123 -0.00708994 -0.0207087 0.00233414 -0.0255312 -0.0156633 -0.0270096 -0.00904343 -0.0179261 0.0142173 0.0601693 0.0909523 -0.015435 0.00270074 0.057855 0.0237591 -0.0194306
internal_weight=41332.3 1666.47 1131.01 466.786 452.95 664.219 343.045 32.7647 310.28 142.942 535.466 529.472 109.905 43.8815 36.2796 32.6347 22.5628 66.0239 392.715 144.7 248.015 179.478 68.5376 16.3952 13.0946 114.574 57.9516 16.5949 10.5164 41.3567
internal_count=304429 12390 8293 3458 3365 4835 2427 245 2182 972 4097 4067 938 357 312 294 179 581 2496 916 1580 1155 425 109 87 723 355 98 63 257
cat_boundaries=0 1 2 3
cat_threshold=7798820 17326474 2293764
is_linear=0
shrinkage=0.1


Tree=86
num_leaves=31
num_cat=7
split_feature=0 1 1 2 2 4 0 4 0 2 4 2 3 4 2 0 4 4 2 4 0 2 0 2 0 4 4 4 2 4
split_gain=0.954248 4.0778 4.73537 3.70402 6.17737 7.27582 4.82097 5.49608 4.40367 6.912 4.22899 5.77478 5.67653 7.52279 3.68712 9.34902 5.14694 13.9655 4.55362 7.52891 7.29961 6.57463 10.6299 7.22485 11.1082 6.22386 7.96003 7.75355 5.84 8.08802
threshold=0 5.5000000000000009 2.5000000000000004 6.5550000000000006 6.6150000000000011 0.30695000000000006 1 0.40545000000000003 2 6.5850000000000009 0.27675000000000005 6.5850000000000009 0.16500000000000004 0.19955000000000003 7.1450000000000005 3 0.51075000000000015 0.53885000000000016 5.6050000000000013 0.36850000000000005 4 5.6950000000000012 5 5.8450000000000006 6 0.35385000000000005 0.33725000000000005 0.35695000000000005 5.6450000000000005 0.20884999999999998
decision_type=9 2 2 2 2 2 9 2 9 2 2 2 2 2 2 9 2 2 2 2 9 2 9 2 9 2 2 2 2 2
left_child=-1 2 -2 -3 5 10 -6 -8 -7 -10 12 -12 13 -5 18 16 -16 -18 -4 21 -21 22 28 24 -23 26 -26 -27 29 -20
right_child=1 3 14 4 6 8 7 -9 9 -11 11 -13 -14 -15 15 -17 17 -19 19 20 -22 23 -24 -25 25 27 -28 -29 -30 -31
leaf_value=-0.00062987358982674949 -0.0011844410975735435 -0.0042903055333692059 0.00073074136451060988 0.10105468585448014 0.0075121522141616522 -0.023869726900045504 -0.01502484188640836 0.016344955190015859 -0.0068625766340618235 0.094808890154150768 0.2203082311622617 0.044610912489228188 0.12291467305888532 -0.074344757613687168 0.0020612038027243546 -0.019065060085426012 0.17752524165579586 -0.0029769965193482814 0.14744945046167221 -0.009352026485781522 0.0037022588869222608 0.012007248368471684 0.032634150786128018 0.0074940122007934665 -0.015816564577455779 0.1186583683409716 -0.064391529095149891 -0.0045413894291430256 -0.035330126106261447 0.00081104614572973096
leaf_weight=15773.956294375937 7301.7046594638377 2998.6284290137701 7889.8788969404995 4.2950407564640098 436.02445158362389 18.662313580513 266.41341341286898 70.665038805454969 14.600615166127684 12.336157411336897 4.0277305394411078 3.4930928945541382 6.2220756858587256 5.6776187419891357 386.75335178524256 275.48648510500789 6.2821741029620197 13.492254909127949 4.3426588326692572 643.59666030108929 1233.528342038393 205.12359973788261 204.30164639651775 3193.6342101693153 219.02357450127602 6.9101826846599606 39.878028884530067 19.591042295098305 44.57511493563652 28.100644290447235
leaf_count=115554 62959 26537 55690 24 2501 110 1614 429 83 68 24 21 34 34 2341 1797 42 104 25 3783 7286 1206 1215 18802 1318 41 238 117 265 167
internal_value=-1.84892e-05 0.000358964 0.000890342 -0.00264436 0.00321445 0.031813 0.000650368 -0.00820507 0.00844793 0.0289516 0.0767382 0.138705 0.0479611 0.00119655 0.00194133 -0.00523532 0.00449491 0.0543671 0.00229775 0.00441385 -0.00080367 0.00688365 0.0216189 0.00575848 -0.00554095 -0.0179451 -0.0232985 0.0275829 -0.0104774 0.0204392
internal_weight=41331.2 25557.2 21716.2 3841.05 842.418 69.3146 773.103 337.078 45.5991 26.9368 23.7156 7.52082 16.1947 9.97266 14414.5 682.014 406.528 19.7744 13732.5 5842.61 1877.13 3965.48 281.32 3684.16 490.526 285.403 258.902 26.5012 77.0184 32.4433
internal_count=304429 188875 157396 31479 4942 398 4544 2043 261 151 137 45 92 58 94437 4284 2487 146 90153 34463 11069 23394 1672 21722 2920 1714 1556 158 457 192
cat_boundaries=0 1 2 3 4 5 6 7
cat_threshold=2120971 13992080 21103136 25961104 360976 204832 12755072
is_linear=0
shrinkage=0.1


Tree=87
num_leaves=31
num_cat=6
split_feature=3 4 0 0 2 2 2 4 4 0 2 2 2 0 4 1 2 1 4 1 0 4 2 3 4 4 0 4 2 1
split_gain=0.973121 6.16242 11.5169 9.89679 4.41694 5.46073 4.9124 5.78856 4.7718 18.6977 7.41157 6.31907 11.92 5.69191 10.5098 18.2674 5.72646 5.46938 5.18446 4.71261 6.80599 5.78143 6.28983 4.72245 4.66323 4.53635 4.39125 7.76392 7.09615 7.44879
threshold=0.17500000000000002 0.31124999999999997 0 1 5.0450000000000008 5.0050000000000008 5.0650000000000004 0.46440000000000009 0.31590000000000001 2 4.9650000000000007 4.8050000000000006 4.7250000000000005 3 0.65415000000000012 3.5000000000000004 4.6650000000000009 5.5000000000000009 0.31435000000000007 4.5000000000000009 4 0.44095000000000006 4.8050000000000006 0.19500000000000003 0.41715000000000008 0.52330000000000021 5 0.44470000000000004 4.4850000000000012 2.5000000000000004
decision_type=2 2 9 9 2 2 2 2 2 9 2 2 2 9 2 2 2 2 2 2 9 2 2 2 2 2 9 2 2 2
left_child=-1 3 -3 -2 5 8 7 -6 9 10 -4 12 18 -10 19 16 -16 -17 -11 26 23 24 -23 25 -22 -21 28 -28 29 -15
right_child=1 2 4 -5 6 -7 -8 -9 13 11 -12 -13 -14 14 15 17 -18 -19 -20 20 21 22 -24 -25 -26 -27 27 -29 -30 -31
leaf_value=-0.00032409800443154745 0.0040722304863596544 -0.0030432882800777755 -0.041546345603551291 -0.0056360309248940652 0.035020891382467036 -0.024424031661087572 0.0090782608344686273 0.18190921746785998 0.0074512094561839399 0.035931514729985944 0.099725948596080652 0.1363054448375714 -0.087685360183342845 -0.022372160966554082 0.11148644785975315 -0.079157345004445767 0.3030597695214946 0.1058885681398857 0.095776299462746017 0.024702559769357021 -0.0036390370806396958 -0.047212190962913902 0.11433820951042328 0.00026281336108773163 0.056506493655352319 0.11704851706346478 -0.018200245171390666 0.014016240600968753 0.021055509387641131 0.0061021787039700183
leaf_weight=29558.619735462591 1635.2868274049833 2430.3989180922508 44.469381485134363 2899.8525771778077 15.153617188334467 69.743412613868713 1594.2191445380449 3.2600139379501334 1482.5613126074895 35.926891544833779 4.0519858598709098 8.9178302288055402 6.0071115866303435 160.96677374467254 2.9782738983631116 5.0357957761734724 3.2773340791463852 2.3392456769943237 24.245262192562222 155.80236271955073 159.29502706136554 44.190261336043477 2.5490521639585486 100.77801747946069 14.025827244855462 5.5075432248413554 423.97151039354503 90.829640788026154 129.18436691910028 214.02420118078589
leaf_count=209557 13104 19479 403 23623 102 471 10790 21 12792 333 28 63 43 1258 20 72 22 78 222 1344 1760 775 18 1554 165 43 3159 673 861 1596
internal_value=-1.79094e-05 0.000751113 0.00256297 -0.00213886 0.00539475 0.00325014 0.00967143 0.0610265 0.00386857 0.0231227 -0.0246654 0.0505522 0.0466354 0.00307448 -0.00125018 0.0861547 0.211852 -0.0204637 0.0600449 -0.00205217 0.00609327 -0.00687644 -0.0384016 0.0166117 0.00122818 0.0278555 -0.00590633 -0.0122776 0.000826337 -0.00612058
internal_weight=41327.5 11768.8 7233.71 4535.14 4803.31 3190.68 1612.63 18.4136 3120.94 123.618 48.5214 75.0971 66.1793 2997.32 1514.76 13.6306 6.25561 7.37504 60.1722 1501.12 482.148 220.06 46.7393 262.088 173.321 161.31 1018.98 514.801 504.175 374.991
internal_count=304429 94872 58145 36727 38666 27753 10913 123 27282 1092 431 661 598 26190 13398 192 42 150 555 13206 5659 2718 793 2941 1925 1387 7547 3832 3715 2854
cat_boundaries=0 1 2 3 4 5 6
cat_threshold=13179144 7414537 1188899 1188915 18874884 278660
is_linear=0
shrinkage=0.1


Tree=88
num_leaves=31
num_cat=3
split_feature=4 4 0 2 2 3 2 3 0 3 2 1 1 2 3 2 1 4 0 1 3 2 2 2 3 3 2 2 4 4
split_gain=0.90454 3.57794 7.71707 5.02232 3.58679 4.22825 3.47779 3.29055 3.71473 5.05213 4.2083 7.22612 3.88984 3.48589 3.0445 4.12936 7.99972 2.97778 7.85356 5.27126 4.22162 3.37266 6.31075 4.1538 3.27146 3.21451 2.90837 2.85387 3.35665 2.80714
threshold=0.20074999999999998 0.21630000000000002 0 6.9750000000000005 6.5450000000000008 0.14500000000000005 6.955000000000001 0.13500000000000004 1 0.17500000000000002 5.3650000000000011 2.5000000000000004 3.5000000000000004 6.1650000000000009 0.18500000000000003 3.8150000000000004 4.5000000000000009 0.19955000000000003 2 4.5000000000000009 0.19500000000000003 4.9850000000000012 4.5050000000000008 5.4750000000000005 0.18500000000000003 0.17500000000000002 4.285000000000001 4.3450000000000006 0.20884999999999998 0.21284999999999996
decision_type=2 2 9 2 2 2 2 2 9 2 2 2 2 2 2 2 2 2 9 2 2 2 2 2 2 2 2 2 2 2
left_child=17 2 6 4 -4 -6 7 13 9 10 -9 -12 27 -2 -10 16 -16 -1 19 21 -20 22 26 25 -25 -23 -19 -11 -29 -13
right_child=1 -3 3 -5 5 -7 -8 8 14 12 11 29 -14 -15 15 -17 -18 18 20 -21 -22 23 -24 24 -26 -27 -28 28 -30 -31
leaf_value=0.00083107787881465847 0.012732605438819631 -4.4405135634302908e-05 -0.017763582751117082 -0.086067378213691412 -0.031921225673440128 0.042048600620416585 -0.041649019617959797 -0.025896206252387834 0.0028922851365031192 0.1799094504330766 0.14648193149993946 -0.031609317775779043 0.025097145459523636 0.10660741990524002 0.29151110473048691 -0.063415639933596682 -0.10484484523244027 0.070990055800070451 0.00054623812511387748 0.00057949137510261727 -0.064396690684649274 -0.069855809334806312 0.16146139632520998 0.069409843217611969 -0.037498011590127889 0.05424006316746486 -0.033756840020697287 0.14235408474848069 -0.00042005627120217512 0.061450834090283582
leaf_weight=3595.9730862528086 8.7140398323535901 36976.554729036056 334.2678820877336 10.106772029772399 11.853393487632273 22.202326558530331 12.957846051082013 17.944064036011696 94.931628789752722 3.9672198742628115 4.8802673816680935 8.3138780444860441 9.6650492176413518 7.2438914813101283 0.99614214524627032 14.062182910740374 1.0417515430599449 12.898068323731428 84.037650039419532 25.704509563744068 11.362988442182539 5.6052186638116819 7.2902916371822348 22.182894282042984 3.2864039093255988 3.3259537667036057 3.3364257961511603 3.368426114320755 3.2215293869376183 5.312800168991088
leaf_count=26780 58 271897 2657 98 86 147 112 133 698 27 43 49 81 47 15 106 32 91 610 183 111 38 45 146 21 21 22 22 21 32
internal_value=-1.77987e-05 -0.000166134 -0.00799343 -0.0160967 -0.0146138 0.0163028 0.00801383 0.011954 0.00782506 0.0262224 0.00861068 0.042068 0.0709349 0.0553458 -0.0036026 -0.0441363 0.0888978 0.00145775 0.014045 0.0341806 -0.00650693 0.054992 0.0841711 0.0350379 0.0556151 -0.0236427 0.049463 0.112899 0.0725583 0.00467319
internal_weight=41326.6 37551.6 575.051 378.43 368.324 34.0557 196.621 183.663 167.705 56.6732 36.451 18.5069 20.2222 15.9579 111.032 16.1001 2.03789 3775 179.03 83.6298 95.4006 57.9253 23.5248 34.4005 25.4693 8.93117 16.2345 10.5572 6.58996 13.6267
internal_count=304429 276361 4464 2988 2890 233 1476 1364 1259 408 257 124 151 105 851 153 47 28068 1288 567 721 384 158 226 167 59 113 70 43 81
cat_boundaries=0 1 2 3
cat_threshold=10168080 1050112 12760066
is_linear=0
shrinkage=0.1


Tree=89
num_leaves=31
num_cat=6
split_feature=3 0 2 1 4 4 4 0 4 0 1 2 4 4 4 2 2 4 4 0 4 0 2 4 2 0 2 4 4 1
split_gain=0.882478 10.753 4.87876 6.03828 7.6684 6.94054 19.1633 6.14161 7.55183 4.8353 5.74431 5.44869 4.83636 4.73288 4.57383 5.40452 6.75017 6.23254 4.46739 7.99616 5.95516 4.55347 6.19336 4.4699 7.43999 5.09189 7.12953 6.78513 5.30201 4.29199
threshold=0.14500000000000005 0 5.6250000000000009 4.5000000000000009 0.71190000000000009 0.42890000000000006 0.35725000000000001 1 0.43735000000000007 2 5.5000000000000009 5.9050000000000011 0.41355000000000003 0.35645000000000004 0.22870000000000004 7.6050000000000013 6.1950000000000012 0.21630000000000002 0.28755000000000003 3 0.43085000000000001 4 4.4450000000000012 0.29825000000000007 5.5550000000000006 5 3.9050000000000007 0.42890000000000006 0.41195000000000009 3.5000000000000004
decision_type=2 9 2 2 2 2 2 9 2 9 2 2 2 2 2 2 2 2 2 9 2 9 2 2 2 9 2 2 2 2
left_child=1 2 18 4 -4 6 13 8 -7 10 11 -8 -13 14 15 16 17 -5 19 -1 23 22 -22 24 -20 28 -27 -28 -25 -29
right_child=-2 -3 3 5 -6 7 9 -9 -10 -11 -12 12 -14 -15 -16 -17 -18 -19 20 -21 21 -23 -24 25 -26 26 27 29 -30 -31
leaf_value=-0.019802520941030924 0.00020908343457672423 -0.0044269732808530525 -0.0025765699360880091 0.045582914636365129 0.15071709009717149 0.085911437988670777 0.12290740598931403 0.035131242047479028 -0.028605182270651477 -0.027086479078984923 -0.02310415693377172 -0.0043590365069844338 0.093612670001312667 0.089812777835316923 0.0078157877630655754 0.13812859826109145 0.0094413071747139268 0.16972262053556164 0.076338751699365423 0.016854233620493871 -0.047800174044822279 -0.018794906626029492 0.096374574152030767 0.043090352447083903 -0.06030703075512537 0.064022302841840309 0.0021901436838501352 0.026177098192421519 -0.027849190793621161 0.18764458721829039
leaf_weight=111.10357498377562 33342.494353580754 4213.373832905665 1893.2685664501041 27.77489909529686 3.2689304947853079 6.8389866799116126 5.6154911816120139 126.57258825004101 36.451801151037216 188.44694937765598 38.437350064516068 24.479853317141536 6.3445915281772605 7.8116735070943824 563.26971372961998 4.4196306169033042 78.207322709262371 4.7335592359304419 26.774452030658725 107.19620542228222 4.249535416252912 71.820203265175223 9.9697654917836172 109.46954582259059 4.6812108680605879 21.831867430359125 268.40103784203529 3.3762932866811743 11.657676972448824 3.212662860751152
leaf_count=808 247911 29955 14581 167 25 37 34 706 207 1115 230 147 38 46 3330 24 447 29 192 763 65 539 67 757 32 186 1863 25 82 21
internal_value=-1.7031e-05 -0.000961433 0.002916 0.00112527 -0.00231235 0.00694942 0.00361903 0.0255664 -0.00854112 -0.0193141 0.00340902 0.032311 0.0158065 0.0124192 0.0115281 0.0296895 0.0253607 0.0636589 0.0101199 -0.00193726 0.0150356 -0.00906676 0.0312851 0.0196501 0.0560032 0.016914 0.00872423 0.00465129 0.0334974 0.104906
internal_weight=41325.6 7983.06 3769.69 3015.94 1896.54 1119.4 949.541 169.863 43.2908 263.324 74.8773 36.4399 30.8244 686.217 678.405 115.135 110.716 32.5085 753.744 218.3 535.444 86.0395 14.2193 449.405 31.4557 417.949 296.822 274.99 121.127 6.58896
internal_count=304429 56518 26563 21163 14606 6557 5607 950 244 1564 449 219 185 4043 3997 667 643 196 5400 1571 3829 671 132 3158 224 2934 2095 1909 839 46
cat_boundaries=0 1 2 3 4 5 6
cat_threshold=7149628 2097176 2162724 2424884 6291456 2424832
is_linear=0
shrinkage=0.1


Tree=90
num_leaves=31
num_cat=8
split_feature=0 1 2 2 4 4 4 0 4 4 2 2 0 2 0 0 3 0 0 3 2 3 2 0 2 1 4 4 2 3
split_gain=0.841508 3.69851 7.28615 12.7976 11.9 6.69921 9.64123 7.95752 6.60106 6.58691 7.1446 9.41859 8.11455 16.291 6.90631 5.82869 5.64276 5.59757 5.56171 5.39837 5.47813 5.88901 5.24699 6.46845 5.17352 22.6987 5.09266 14.9359 9.72205 7.96388
threshold=0 4.5000000000000009 6.2550000000000008 6.035000000000001 0.44865000000000005 0.37985000000000002 0.39605000000000007 1 0.39515000000000006 0.10100000000000002 4.4250000000000007 5.2250000000000005 2 5.1650000000000009 3 4 0.18500000000000003 5 6 0.14500000000000005 5.1650000000000009 0.17500000000000002 6.8350000000000009 7 4.6450000000000005 5.5000000000000009 0.42120000000000007 0.42010000000000008 4.8850000000000007 0.15500000000000003
decision_type=9 2 2 2 2 2 2 9 2 2 2 2 9 2 9 9 2 9 9 2 2 2 2 9 2 2 2 2 2 2
left_child=1 22 3 5 -5 9 7 16 19 10 -3 12 24 -14 -13 -6 -7 -8 -4 -9 -21 -22 26 -24 25 -12 27 28 -1 -29
right_child=-2 2 18 4 15 6 17 8 -10 -11 11 14 13 -15 -16 -17 -18 -19 -20 20 21 -23 23 -25 -26 -27 -28 29 -30 -31
leaf_value=-0.0014633435615905839 -0.00043049270484290755 -0.015557475575899309 0.0095192602323800873 -0.025445689038029042 0.053123104467144147 -0.004286186490202468 -0.023788732159274847 0.083684981991104482 0.12826412069199744 -0.0058533088915881243 0.36830731514384379 0.02726561746522841 -0.013551860120378685 0.23923883891164155 -0.024102128255088878 -0.010898314261634569 -0.10423450610689265 0.0025831815536391575 -0.0015369466164693278 0.0082332035947083951 0.026165716071126971 0.091601446873615489 0.002107490802422265 -0.01235561488275767 0.089789781926879558 -0.03186863197969373 -0.0030069339159252279 0.011879697646544531 0.0051133545785197985 0.095535164492948715
leaf_weight=3530.0858190068975 22465.280612629373 63.732207708526403 869.80249628797174 397.65733689069748 21.899173736572266 25.687432322651148 79.262418102473021 15.97980911284685 6.8279711827635756 2630.2882977160625 3.2857480719685581 43.61787211894989 32.299894727766514 2.7677718177437773 41.301111280918121 25.585728317499161 7.2408354748040429 808.5230849175714 942.42504183575511 101.57579637132585 47.573256716132164 19.346585258841515 654.22054560668766 576.05730778723955 22.899370886385441 2.4927519485354424 1653.3113052519038 19.959662672132254 6187.4998342618346 26.473433308303356
leaf_count=26704 164911 846 5054 2367 128 191 826 108 51 21394 25 279 251 19 265 151 69 7322 5608 935 298 121 5370 4608 172 26 11957 148 44040 185
internal_value=-1.71226e-05 0.000475252 -0.00152266 -0.00372062 -0.0197957 -0.0019112 0.00466937 0.0231968 0.0301352 -0.00448543 0.0124542 0.0244628 0.0535142 0.00497995 0.00265498 0.0275195 -0.0201463 -1.01894e-05 0.00381367 0.0281367 0.0228686 0.0450832 0.00145694 -0.00474792 0.0823948 0.195678 0.00212554 0.00299461 0.00272425 0.0595751
internal_weight=41325 18859.7 6212.07 4399.84 445.142 3954.7 1112.02 224.232 191.303 2842.69 212.397 148.665 63.7455 35.0677 84.919 47.4849 32.9283 887.786 1812.23 184.475 168.496 66.9198 12647.6 1230.28 28.6779 5.7785 11417.3 9764.02 9717.59 46.4331
internal_count=304429 139518 46506 35844 2646 33198 9921 1773 1513 23277 1883 1037 493 270 544 279 260 8148 10662 1462 1354 419 93012 9978 223 51 83034 71077 70744 333
cat_boundaries=0 1 2 3 4 5 6 7 8
cat_threshold=26968752 8388624 8552576 8979104 17859200 128 16842928 26870272
is_linear=0
shrinkage=0.1


Tree=91
num_leaves=31
num_cat=6
split_feature=1 2 0 3 2 0 0 3 2 4 4 4 0 4 0 4 4 4 0 4 4 4 3 2 2 4 4 3 2 2
split_gain=0.79311 2.42269 4.75595 5.53351 2.72478 6.56859 5.21241 4.96841 4.3731 7.59953 16.1467 5.94422 5.82974 4.9632 5.11504 4.65356 7.94682 6.84362 4.51405 7.01074 5.08647 4.07971 3.85064 5.98478 4.82708 7.48675 11.3691 12.2743 13.2577 15.2094
threshold=1.5000000000000002 2.9150000000000005 0 0.19500000000000003 4.4050000000000011 1 2 0.14500000000000005 4.285000000000001 0.48055000000000009 0.45290000000000002 0.34734999999999999 3 0.34525000000000006 4 0.24494999999999997 0.26715000000000005 0.28035000000000004 5 0.43735000000000007 0.42575000000000002 0.15829999999999991 0.18500000000000003 4.4650000000000007 4.9050000000000011 0.37895000000000006 0.36945 0.19500000000000003 4.5250000000000012 4.6050000000000013
decision_type=2 2 9 2 2 9 9 2 2 2 2 2 9 2 9 2 2 2 9 2 2 2 2 2 2 2 2 2 2 2
left_child=1 2 3 -1 5 -3 22 -7 9 10 11 13 -13 14 -9 -10 -17 -18 20 -20 -19 -16 23 -6 25 26 27 28 -24 -30
right_child=-2 4 -4 -5 6 7 -8 8 15 -11 -12 12 -14 -15 21 16 17 18 19 -21 -22 -23 24 -25 -26 -27 -28 -29 29 -31
leaf_value=-0.030756390175789017 0.00012945718421158506 -0.0072049113934785913 -0.041596240588575098 0.073849300031300094 -0.047598943977608631 0.065175024610680768 -0.0058818656755743248 0.024273919467464253 -0.027599213520720308 -0.056865378263555567 0.11351782841728603 0.016293221978424515 -0.024973544776225081 0.12094150931467294 -0.053982423000196039 0.16511704293707694 -0.11613107144804968 0.058878450237852487 0.022260375789724285 -0.097532802442720751 0.16408898093252161 0.0024258367664572495 -0.026580534508064347 0.0012579621903057369 0.0023856789407022097 -0.018231807444948272 0.24311924770233229 -0.0083387384071783085 0.27990789807649935 0.078730271082983291
leaf_weight=9.8265500850975531 37179.908804132603 318.4188831448555 28.868612732738256 10.418613376095889 25.5949702039361 16.424821346998215 1831.9055636748672 125.49086751788855 12.582455180585383 19.024819239974022 13.946796432137488 44.3905064240098 94.957733549177647 4.2279394194483748 14.870306961238382 4.6211060136556616 3.0733124092221251 23.951278872787956 36.930928751826286 5.6301815137267104 5.6860195472836486 93.067444778978825 6.7684655711054829 1228.0476084798574 101.75442339107394 18.325479097664356 3.0615062415599814 23.004415862262249 5.3030361607670811 12.898310162127016
leaf_count=120 253690 2989 351 95 239 136 24538 1142 112 177 122 396 862 37 136 39 27 201 320 51 46 848 60 16088 1074 154 26 193 45 115
internal_value=-1.67868e-05 -0.00132918 -0.0234071 0.0154464 -0.00106432 0.00402361 -0.00237244 0.0108441 0.00928386 0.00485307 0.00785647 0.00394767 -0.0124506 0.0135627 0.0116178 0.0289272 0.0378296 0.0300151 0.0362362 0.00519336 0.0591167 -0.00489215 0.00216595 0.000260476 0.0162526 0.0365956 0.0562826 0.0443595 0.0929098 0.137344
internal_weight=41323 4143.07 49.1138 20.2452 4093.96 837.295 3256.66 518.877 502.452 409.976 390.952 377.005 139.348 237.657 233.429 92.4753 79.8928 75.2717 72.1984 42.5611 29.6373 107.938 1424.76 1253.64 171.116 69.3612 51.0357 47.9742 24.9698 18.2013
internal_count=304429 50739 566 215 50173 7641 42532 4652 4516 3720 3543 3421 1258 2163 2126 796 684 645 618 371 247 984 17994 16327 1667 593 439 413 220 160
cat_boundaries=0 1 2 3 4 5 6
cat_threshold=25963530 21060611 4283431 432 11436044 8430120
is_linear=0
shrinkage=0.1


Tree=92
num_leaves=31
num_cat=2
split_feature=3 3 0 3 2 4 4 4 3 3 2 2 4 4 4 4 3 4 4 4 4 1 0 1 3 3 1 4 3 1
split_gain=0.788537 3.52484 2.14832 3.51936 3.67197 2.83067 3.70269 2.40498 1.62272 1.44748 1.43227 2.15032 1.52496 6.88862 1.7918 2.85157 1.69063 1.45661 1.36105 2.97965 1.67987 3.93488 1.58451 2.55951 3.70531 2.52157 2.52908 1.81185 2.74974 1.76267
threshold=0.87000000000000011 1.0550000000000004 0 2.2200000000000002 3.7850000000000006 0.55585000000000007 0.44690000000000002 0.65415000000000012 0.26500000000000007 5.6050000000000013 1.5450000000000002 1.3750000000000002 0.42120000000000007 0.39915 0.51075000000000015 0.52330000000000021 1.7250000000000003 0.41045000000000004 0.49550000000000005 0.5011500000000001 0.47455000000000008 4.5000000000000009 1 3.5000000000000004 1.6450000000000002 1.3550000000000002 5.5000000000000009 0.46685000000000004 1.2650000000000003 5.5000000000000009
decision_type=2 2 9 2 2 2 2 2 2 2 2 2 2 2 2 2 2 2 2 2 2 2 9 2 2 2 2 2 2 2
left_child=8 -2 3 10 -5 6 9 -7 -1 -6 11 12 13 16 -14 -16 -3 -15 20 -20 22 -22 -4 -24 25 26 27 28 -25 -27
right_child=1 2 18 4 5 7 -8 -9 -10 -11 -12 -13 14 17 15 -17 -18 -19 19 -21 21 -23 23 24 -26 29 -28 -29 -30 -31
leaf_value=3.4090579777320492e-07 -0.10142083119361622 -0.10168991787250055 -0.020201320608642433 0.058442717059542917 -0.10792514715145476 -0.095587374506385936 0.016467632521146566 0.0077673353830594446 0.030949916738251849 0.008644055998014176 -0.088719484913631061 0.11346593018114866 -0.10154312716522949 0.14199485878099391 0.0670249067262082 -0.065904461119509206 0.11027353047314609 0.41220669822840322 0.066117419803838062 0.0052632991911292044 0.052614034589545659 -0.10595162575163271 0.060322500047968623 -0.10183481435042581 -0.032207979371440452 0.029089086808552284 -0.068291542606527394 0.21834393366540539 0.12719072385672758 0.15158500104330858
leaf_weight=41098.182001417037 3.8144914004951707 2.0767371607944476 16.618016816675663 7.9840858057141295 3.8504924885928657 6.8032334782183153 24.126819968223572 3.3649597391486168 16.947809250559658 1.472633399069309 6.8865171018987885 0.92500178422778745 5.5745071657001954 0.40990975778549898 2.272184930741787 5.5691456245258451 0.45956326276063908 0.38863875344395638 9.2386368326842767 62.333980775438249 2.3449105247855178 4.705356833525002 8.7896713316440565 0.95999551750719803 15.950319140218197 2.0887812552973628 2.7871083277277648 0.61414421442896117 1.1548956483602522 2.6843256689608097
leaf_count=299428 329 164 380 77 64 93 210 22 252 9 277 44 421 25 55 396 8 23 130 1173 24 164 74 63 211 56 147 14 17 79
internal_value=-1.78415e-05 -0.00618562 -0.00439109 -0.0169414 -0.00342586 -0.015894 -0.000187567 -0.0613842 1.30984e-05 -0.0756765 -0.0500323 -0.0349597 -0.043156 0.0173618 -0.0581992 -0.0273855 -0.0632833 0.273502 0.00358647 0.0131184 -0.00742523 -0.0532129 -0.00117485 0.010594 -0.00202646 0.0447607 -0.00128898 0.0671394 0.023231 0.097979
internal_weight=41321.4 206.249 202.435 72.1644 47.6022 39.6181 29.4499 10.1682 41115.1 5.32313 24.5622 17.6757 16.7507 3.33485 13.4158 7.84133 2.5363 0.798549 130.27 71.5726 58.6975 7.05027 51.6473 35.0292 26.2396 10.2893 5.51614 2.72904 2.11489 4.77311
internal_count=304429 4749 4420 1888 475 398 283 115 299680 73 1413 1136 1092 220 872 451 172 48 2532 1303 1229 188 1041 661 587 376 241 94 80 135
cat_boundaries=0 1 2
cat_threshold=24786976 279562
is_linear=0
shrinkage=0.1


Tree=93
num_leaves=31
num_cat=4
split_feature=3 0 4 4 2 0 2 2 1 2 4 2 4 4 0 2 4 1 2 0 4 2 1 4 2 1 2 4 1 4
split_gain=0.771473 9.17599 6.8172 9.79549 7.83948 7.02911 7.13937 6.6442 5.20995 4.56026 5.83532 5.57467 4.30354 6.46039 8.93385 8.72358 4.56864 5.95446 4.27246 7.24278 6.19587 4.72607 4.25283 4.03987 3.98806 7.05517 6.47844 5.71916 8.51336 7.71482
threshold=0.14500000000000005 0 0.16740000000000002 0.20884999999999998 6.5850000000000009 1 7.2250000000000005 6.5950000000000006 3.5000000000000004 6.6350000000000007 0.10100000000000002 6.9050000000000011 0.47210000000000002 0.43735000000000007 2 6.0950000000000006 0.44865000000000005 2.5000000000000004 5.8550000000000013 3 1.0000000180025095e-35 5.7150000000000007 3.5000000000000004 0.71190000000000009 5.2650000000000006 3.5000000000000004 5.6350000000000007 0.28435000000000005 3.5000000000000004 0.42120000000000007
decision_type=2 9 2 2 2 9 2 2 2 2 2 2 2 2 9 2 2 2 2 9 2 2 2 2 2 2 2 2 2 2
left_child=1 2 5 -4 12 6 9 22 -7 -1 -11 -12 13 -5 -15 -16 -17 -18 19 24 21 -21 -6 -20 27 26 -26 28 -3 -29
right_child=-2 18 3 4 7 8 -8 -9 -10 10 11 -13 -14 14 15 16 17 -19 23 20 -22 -23 -24 -25 25 -27 -28 29 -30 -31
leaf_value=0.025559451547284701 0.00019404553518723221 -0.041488439993596721 -0.048734029811793408 -0.011804562990947108 0.0068546278559810997 -0.041691727348132666 -0.048696004596336523 -0.00026712136774463644 0.012100473788514086 0.041460235741507506 0.21649240197505881 0.048574901381214682 -0.033520963295778111 -0.034189370194817291 0.011809795121557018 0.17641497562394079 -0.051679454117970848 0.11090159949955077 -0.00052779500690158495 -0.080906876317728776 0.00081909848616566218 0.016738279840164263 0.13352838480369325 0.070579728918090182 0.05240651430472653 0.0072666459129468583 0.011258278670527012 0.02297360038988721 0.01359153766126984 -0.020058587037698999
leaf_weight=72.497698627412319 33341.843106285669 53.588934786617756 56.781847907230258 1101.4196383114904 4.6739922985434514 34.019544031471014 10.469361212104557 843.80027908831835 38.248168207705021 16.674474790692333 4.6423122882843 3.4437261521816254 84.355438714846969 14.883233722299336 23.004957027733326 5.9669833257794407 3.0345910340547553 8.7428458482027036 4112.6251537110656 16.356358498334888 794.87434609886259 7.1120708584785453 6.1215464472770691 8.0053516849875432 97.954868532717228 173.78192716836929 62.787340085953474 207.75080194324255 58.909408371895552 52.112359814345837
leaf_count=503 247911 389 401 7707 38 269 77 6007 236 114 33 25 660 106 161 41 29 50 29146 111 5676 49 36 54 709 1078 492 1467 439 415
internal_value=-1.73264e-05 -0.000900626 -0.00616146 -0.007751 -0.00664075 0.0125076 0.0272393 0.000730218 -0.0116147 0.0382141 0.0752663 0.144979 -0.011715 -0.0101252 0.0231227 0.0421112 0.105128 0.0690107 0.00128171 0.00580554 -0.000667861 -0.0513157 0.0786842 -0.000389651 0.0131234 0.0212336 0.0363336 0.00618977 -0.012646 0.014344
internal_weight=41320.5 7978.64 2332.78 2152.79 2096 179.995 107.728 854.596 72.2677 97.2582 24.7605 8.08604 1241.41 1157.05 55.6326 40.7494 17.7444 11.7774 5645.86 1525.23 818.343 23.4684 10.7955 4120.63 706.886 334.524 160.742 372.362 112.498 259.863
internal_count=304429 56518 16493 15236 14835 1257 752 6081 505 675 172 58 8754 8094 387 281 120 79 40025 10825 5836 160 74 29200 4989 2279 1201 2710 828 1882
cat_boundaries=0 1 2 3 4
cat_threshold=16786819 16785666 9217 11376640
is_linear=0
shrinkage=0.1


Tree=94
num_leaves=31
num_cat=6
split_feature=2 1 0 0 3 0 2 2 2 4 2 0 4 4 2 4 2 1 4 4 2 0 4 4 4 4 0 3 2 4
split_gain=0.725589 6.9104 10.8121 6.52973 4.28765 4.35687 5.83979 4.29627 4.25988 3.94365 3.80137 8.65932 6.75239 8.45271 7.19787 6.91149 6.16958 3.98982 5.86696 3.58872 4.22469 3.79549 3.45546 7.04363 5.52709 6.87467 5.30653 5.11599 4.32927 4.7932
threshold=6.4850000000000012 3.5000000000000004 0 1 0.17500000000000002 2 6.6250000000000009 6.6350000000000007 6.5750000000000011 0.40545000000000003 6.6650000000000009 3 0.14335000000000003 0.36735000000000001 6.495000000000001 0.37755000000000005 6.5750000000000011 4.5000000000000009 0.39015000000000005 0.29640000000000005 6.5450000000000008 4 0.29735000000000006 0.32225000000000004 0.28435000000000005 0.28855000000000003 5 0.14500000000000005 6.5950000000000006 0.45475000000000004
decision_type=2 2 9 9 2 9 2 2 2 2 2 9 2 2 2 2 2 2 2 2 2 9 2 2 2 2 9 2 2 2
left_child=-1 2 -2 -3 10 7 -7 8 -6 -4 11 12 -5 19 -15 -16 17 18 -17 -14 21 -21 24 -24 -13 -26 -25 -28 29 -29
right_child=1 3 9 4 5 6 -8 -9 -10 -11 -12 22 13 14 15 16 -18 -19 -20 20 -22 -23 23 26 25 -27 27 28 -30 -31
leaf_value=-0.00022285657810205774 0.0026436556513219052 -0.0033981731610645371 -0.0060506824504493982 0.08533290717446268 0.0019592567116119212 0.066598762219878774 0.019010092888911145 0.011316202805181133 -0.095779528460676416 -0.018437876753754561 0.0027422858512882002 0.0040539969390275552 0.023735128984049361 0.12374745588079139 0.094051963987471246 -0.073840071928230375 0.04615380204534817 -0.026629275824465632 0.069648354795346701 0.010834103823685296 0.0093822557566508452 -0.047188088129574902 -0.043161568571196615 -0.021985551803910396 0.12864781184653076 0.019339951236354964 -0.0094708568199256115 -0.0011447535312605621 0.052342779810122433 0.084152150796340336
leaf_weight=33337.519284266979 1901.5058686174452 1058.5698439255357 1298.0813012309372 16.533376812934875 9.061037093400957 32.934859186410904 118.80387356877327 48.090614650398493 8.7804306596517545 320.4607915468514 2433.0888931378722 110.78654991090298 79.144217282533646 9.5541824251413328 16.135125413537025 3.7236707508563986 53.904628664255142 28.439112290740013 12.139196813106535 17.885811075568199 81.928772583603859 22.023961514234543 42.324894726276398 61.475050702691078 8.5637760013341921 17.534752190113068 72.107063189148903 54.114521682262421 37.474317491054535 7.5013198703527442
leaf_count=247787 16335 6355 11271 91 51 180 767 307 50 2834 14150 633 456 58 93 22 305 165 71 104 476 130 248 350 50 101 418 313 215 43
internal_value=-1.7801e-05 0.000838559 -0.00247426 0.00345166 0.00557538 0.0191705 0.0275252 -0.00367472 -0.0461415 -0.00845105 0.00466416 0.0108717 0.0223383 0.01982 0.0403642 0.0333968 0.0234313 -0.00421638 0.0359657 0.00715555 -0.00361425 -0.0302941 0.00080504 -0.00563762 0.0138069 0.0552074 0.00118828 0.0101983 0.0255405 0.00923958
internal_weight=41320.2 7982.67 3520.05 4462.62 3404.05 217.671 151.739 65.9321 17.8415 1618.54 3186.38 753.294 341.412 324.879 123.896 114.342 98.2066 44.302 15.8629 200.983 121.839 39.9098 411.882 274.997 136.885 26.0985 232.672 171.197 99.0902 61.6158
internal_count=304429 56642 30440 26202 19847 1355 947 408 101 14105 18492 4342 1971 1880 714 656 563 258 93 1166 710 234 2371 1587 784 151 1339 989 571 356
cat_boundaries=0 1 2 3 4 5 6
cat_threshold=3445685 9437733 2695432 6853768 557192 83968
is_linear=0
shrinkage=0.1


Tree=95
num_leaves=31
num_cat=2
split_feature=3 0 3 1 3 4 3 4 1 3 4 4 1 4 2 4 3 3 3 3 2 3 1 2 4 4 4 1 0 3
split_gain=0.772514 1.92728 3.76788 3.89503 1.95326 2.23531 3.0998 1.96016 2.13371 1.79922 1.66284 1.65555 1.58996 1.41945 1.93899 1.61276 1.27673 2.52936 1.94281 1.3754 1.57966 3.9224 1.94675 1.46672 2.82444 1.73286 2.41594 1.81121 1.59931 2.55759
threshold=0.29500000000000004 0 1.5050000000000001 1.5000000000000002 1.3650000000000004 0.39915 1.3350000000000002 0.51075000000000015 5.5000000000000009 0.26500000000000007 0.40545000000000003 0.35815000000000002 3.5000000000000004 0.55585000000000007 3.8450000000000002 0.65415000000000012 1.0950000000000004 1.1450000000000002 0.87000000000000011 1.2150000000000001 1.8750000000000002 2.0500000000000003 2.5000000000000004 1.0000000180025095e-35 0.52330000000000021 0.32095000000000007 0.48640000000000005 4.5000000000000009 1 1.6250000000000002
decision_type=2 9 2 2 2 2 2 2 2 2 2 2 2 2 2 2 2 2 2 2 2 2 2 2 2 2 2 2 9 2
left_child=9 16 3 -3 5 -5 10 -8 -9 -1 -7 -4 -11 -13 -15 -16 18 -18 -2 -19 22 -22 -21 25 -25 -24 -27 -28 29 -29
right_child=1 2 11 4 -6 6 7 8 -10 12 -12 13 -14 14 15 -17 17 19 -20 20 21 -23 23 24 -26 26 27 28 -30 -31
leaf_value=2.9552709123264505e-07 0.05025660330604978 0.2077570013423293 -0.075398908911059256 -0.10213655190424037 -0.10212321780195846 0.17298827471818023 0.25328254168132419 -0.10408144945682447 0.14012551201838702 0.0044068275999164823 -0.043723260554215049 0.0057655574872788416 0.073165652073321388 0.021499441379753265 -0.080790703705783409 0.0022824499623793626 0.096672129665699158 -0.10148922144686237 -0.10112738304716146 -0.11530887173959532 -0.085944188962811197 0.0033386433993879204 0.10195555999893512 0.20750922283186102 0.033077562588223267 -0.043651673953925933 0.13225885010022534 0.099709316104791001 -0.01928236158075983 -0.023173234187073587
leaf_weight=41095.584747466724 1.2502143997699016 0.58160718530416744 3.189117598347365 4.3749686884693864 6.3810449307784429 0.36345155537128704 0.56095565855503027 0.63636011630296685 0.81728738080710173 7.2058756649494153 13.712965242099015 55.476331330835819 6.3061306066811085 5.2274928633123627 6.9941871762275678 3.5095958113670349 2.9881293196231118 1.2369026732631017 2.6334975874051452 0.96129822731018322 5.3202772270888081 65.496654637157917 2.2635629074648085 1.2729928800836194 3.428127346560359 5.9897014806047109 1.5989170037209959 5.8697090670466352 4.5839225361123743 2.3807312827557325
leaf_count=299428 37 4 78 300 374 19 28 21 31 59 1045 719 63 95 102 24 125 94 252 11 154 575 69 32 40 226 15 175 178 56
internal_value=-1.85468e-05 -0.00608136 -0.0151063 -0.0482706 -0.0538171 -0.0387559 -0.0215234 0.0944949 0.0332196 1.22915e-05 -0.0381278 -0.00490977 0.036497 -0.00175283 -0.0282664 -0.0530337 0.00356133 0.0060077 -0.052395 0.0033094 0.00461656 -0.00336893 0.0245646 0.0294741 0.080311 0.0189397 0.00973871 0.0318953 0.0193919 0.0290456
internal_weight=41318.2 209.1 101.825 27.4286 26.847 20.466 16.091 2.0146 1.45365 41109.1 14.0764 74.3967 13.512 71.2076 15.7313 10.5038 107.275 103.391 3.88371 100.403 99.1659 70.8169 28.349 27.3877 4.70112 22.6865 20.423 14.4333 12.8344 8.25044
internal_count=304429 4879 2840 1822 1818 1444 1144 80 52 299550 1064 1018 122 940 221 126 2039 1750 289 1625 1531 729 802 791 72 719 650 424 409 231
cat_boundaries=0 1 2
cat_threshold=362135 263683
is_linear=0
shrinkage=0.1


Tree=96
num_leaves=31
num_cat=1
split_feature=2 0 4 3 1 4 4 4 4 3 3 4 3 4 1 3 3 1 2 1 4 4 4 4 1 2 4 1 4 4
split_gain=0.734728 4.58596 3.63245 2.49344 2.22277 2.01908 1.73451 1.90291 1.29111 1.24461 1.07145 1.14554 0.900061 0.856488 1.75056 1.81092 0.98769 4.53113 1.0053 2.3136 1.50902 1.99508 1.08466 1.50183 2.91669 0.86771 0.843821 0.822571 1.72744 0.936493
threshold=8.0550000000000015 0 0.43735000000000007 0.14500000000000005 4.5000000000000009 0.34075000000000005 0.40215000000000006 0.37475000000000008 0.44470000000000004 0.115 4.2700000000000005 0.34154999999999996 0.13500000000000004 0.56830000000000014 2.5000000000000004 4.5900000000000007 3.2000000000000006 4.5000000000000009 17.610000000000003 4.5000000000000009 0.49550000000000005 0.45475000000000004 0.45475000000000004 0.49550000000000005 2.5000000000000004 8.3350000000000026 0.44690000000000002 2.5000000000000004 0.31195000000000006 0.22870000000000004
decision_type=2 9 2 2 2 2 2 2 2 2 2 2 2 2 2 2 2 2 2 2 2 2 2 2 2 2 2 2 2 2
left_child=-1 3 6 4 5 -2 7 10 -4 -8 11 27 -9 16 -15 -16 17 25 -18 22 21 -21 26 -24 -25 -5 -20 28 -3 -29
right_child=1 2 8 13 -6 -7 9 12 -10 -11 -12 -13 -14 14 15 -17 18 -19 19 20 -22 -23 23 24 -26 -27 -28 29 -30 -31
leaf_value=7.4896004627643833e-06 0.14897654950096398 -0.064731710354748173 0.073233746719161094 -0.026514017602689989 0.0074197748202545731 0.039834272523451786 -0.01974196955820522 -0.035675611516896098 -0.0073725388740458952 -0.11182972737997826 0.0028198829038815071 -0.099423494015733582 0.029640518711597116 -0.086514902876518848 -0.043851316482338615 0.047755109805576297 0.060846129078798217 0.068317763041069762 0.034764342100632617 -0.044782479181885444 -0.085437074025978346 0.069123505776209446 -0.04066887635041444 0.1139458618830856 -0.018425575217256782 -0.092126347028547176 0.1010325411253848 -0.0071012492581783802 0.074970167422065345 -0.074543381297712347
leaf_weight=41168.98879916314 3.2553346678614599 2.0167078841477699 2.1003391295671454 4.1929277554154378 5.6905480027198792 3.5362514369189739 1.9675432872027148 3.4880222342908365 36.865987334400415 5.7769959978759289 3.227086402475833 5.2471099700778714 5.3391827158629894 2.9554449133574954 4.2510179057717306 4.3829336166381836 4.9718572795391074 4.3743964470922938 5.0542391613125854 3.9518020972609502 3.0870142951607704 2.5171169117093086 3.628660958260296 2.9420338496565819 3.8335503414273262 3.8814714513719082 3.1000656336545944 2.7094758786261073 1.5774235874414442 8.5753145478665811
leaf_count=303153 25 27 20 35 31 25 16 29 336 82 24 49 48 27 46 32 40 26 36 30 27 21 31 21 27 37 22 23 19 64
internal_value=-1.78367e-05 -0.0070392 -0.0219638 0.0113946 0.0535209 0.0921482 -0.0459465 -0.0357214 -0.00302775 -0.0884343 -0.0506718 -0.0592489 0.0038312 0.00418434 -0.0200869 0.00265171 0.0103617 -0.0136486 0.0193957 0.0120654 -0.027912 -0.000460595 0.0326501 0.0112477 0.0390516 -0.0580547 0.0599579 -0.0450811 -0.00341814 -0.0583505
internal_weight=41317.5 148.498 78.8912 69.6067 12.4821 6.79159 39.9249 32.1803 38.9663 7.74454 23.3531 20.126 8.8272 57.1245 11.5894 8.63395 45.5351 12.4488 33.0863 28.1145 9.55593 6.46892 18.5585 10.4042 6.77558 8.0744 8.1543 14.8789 3.59413 11.2848
internal_count=304429 1276 737 539 81 50 381 283 356 98 206 182 77 458 105 78 353 98 255 215 78 51 137 79 48 72 58 133 46 87
cat_boundaries=0 1
cat_threshold=20603024
is_linear=0
shrinkage=0.1


Tree=97
num_leaves=31
num_cat=3
split_feature=3 0 2 1 4 2 4 4 0 3 4 2 4 4 4 4 4 2 4 0 2 2 4 4 1 4 1 4 2 2
split_gain=0.719973 4.65878 2.75732 1.64881 2.40297 2.34885 1.63607 0.743564 4.17741 4.65519 4.24392 3.60035 8.67713 5.95974 4.39422 4.33074 3.97923 4.3666 3.57586 12.3035 4.01426 5.28432 3.41164 14.5031 4.53158 3.58077 9.80843 13.4049 5.90101 4.1101
threshold=0.10500000000000002 0 6.6750000000000007 2.5000000000000004 0.65415000000000012 6.3350000000000009 0.53145000000000009 0.28540000000000004 1 0.14500000000000005 0.22254999999999997 5.9750000000000005 0.20074999999999998 0.26175000000000004 0.24035000000000004 0.26025000000000004 0.19520000000000001 5.9050000000000011 0.28255000000000002 2 3.9850000000000008 4.205000000000001 0.27290000000000009 0.27425000000000005 4.5000000000000009 0.25865000000000005 2.5000000000000004 0.24945000000000003 7.0450000000000008 7.3250000000000011
decision_type=2 9 2 2 2 2 2 2 9 2 2 2 2 2 2 2 2 2 2 9 2 2 2 2 2 2 2 2 2 2
left_child=1 2 3 -1 5 -5 -3 8 9 10 -2 14 -13 15 16 -14 17 -11 -10 -20 -21 -22 25 -24 -25 26 -12 -28 -27 -30
right_child=7 6 -4 4 -6 -7 -8 -9 18 11 22 12 13 -15 -16 -17 -18 -19 19 20 21 -23 23 24 -26 28 27 -29 29 -31
leaf_value=0.098918141336386906 0.020132645222217697 -0.037135783136865108 -0.069810051644859691 -0.028854726748374013 0.14470709004940738 0.080299488871618571 -0.10907154724469853 0.0002506251119194805 0.00042059518588654889 -0.0080051014591759895 -0.066767646565985383 0.026279174118539833 -0.020328580847036405 0.006056950920811017 -0.004655821904693355 -0.087794222668609811 -0.029206269206994519 -0.10281531216004114 0.013464579379880843 -0.073835120907563057 0.048387931260592286 -0.028156788765001668 0.19566300121510879 0.020191440018674824 -0.029006765465650626 -0.051171195696168285 -0.023499280459809344 0.086407340612832451 0.082779645722624279 -0.059397126591266593
leaf_weight=4.8460575118660953 118.03159620426595 20.390733601525429 2.1659998111426821 5.8107824325561506 1.5105479527264822 2.9836497157812119 3.7418115064501754 30399.294527491555 9096.4594458322972 227.32543584518135 15.809382170438765 92.757287077605724 97.810820050537586 111.28163130953908 423.69926604442298 10.54002735391259 202.62719567865133 4.9638034328818312 121.41320173256099 17.58381611853838 9.612945042550562 145.97148585319519 4.0615916959941378 50.57110334187746 29.727354109287262 41.367706201970577 25.261711075901985 19.791383773088455 6.3081705458462221 3.0003534816205502
leaf_count=36 804 269 20 142 23 21 102 222577 67692 1868 162 624 686 765 3438 72 1656 35 896 195 77 1045 29 367 184 296 155 123 49 21
internal_value=-1.64764e-05 -0.0131893 0.0226473 0.0508128 0.0281906 0.00817756 -0.0341419 -3.24786e-06 -0.000712845 -0.00562231 0.00515361 -0.0085592 0.000633515 -0.0101974 -0.0119038 -0.0268914 -0.0189648 -0.0100311 6.93657e-05 -0.010774 -0.0269874 -0.0234274 -0.00387146 0.0113029 0.00197773 -0.0153483 0.00100117 0.0247816 -0.034984 0.0369528
internal_weight=41316.7 41.4496 17.317 15.151 10.305 8.79443 24.1325 41275.3 10876 1484.94 313.93 1171.01 312.39 219.632 858.616 108.351 434.916 232.289 9391.04 294.581 173.168 155.584 195.899 84.36 80.2985 111.539 60.8625 45.0531 50.6762 9.30852
internal_count=304429 613 242 222 186 163 371 303816 81239 11334 2190 9144 2147 1523 6997 758 3559 1903 69905 2213 1317 1122 1386 580 551 806 440 278 366 70
cat_boundaries=0 1 2 3
cat_threshold=12716844 526360 10502309
is_linear=0
shrinkage=0.1


Tree=98
num_leaves=31
num_cat=4
split_feature=3 4 0 0 1 0 4 4 4 2 4 2 4 4 2 3 2 4 4 4 3 2 0 3 1 2 2 2 3 1
split_gain=0.70976 4.77743 9.09763 8.0129 6.50615 5.37734 7.36103 6.35982 8.04408 5.45398 8.23273 6.04248 4.77471 6.65452 4.65139 4.31388 5.50025 7.68911 4.21271 4.07069 4.06738 4.00282 4.01982 3.72766 3.69237 4.1492 5.41281 5.32525 5.35151 7.62948
threshold=0.17500000000000002 0.31124999999999997 0 1 4.5000000000000009 2 0.44295000000000001 0.43735000000000007 0.43235000000000001 4.785000000000001 0.36565000000000009 4.9650000000000007 0.42575000000000002 0.41875000000000001 5.8150000000000004 0.21500000000000002 4.4250000000000007 0.42010000000000008 0.44865000000000005 0.32735000000000009 0.19500000000000003 2.7350000000000008 3 1.3550000000000002 4.5000000000000009 3.7550000000000003 3.6350000000000002 3.8750000000000004 0.18500000000000003 3.5000000000000004
decision_type=2 2 9 9 2 9 2 2 2 2 2 2 2 2 2 2 2 2 2 2 2 2 9 2 2 2 2 2 2 2
left_child=-1 3 4 24 15 6 7 8 -6 -7 -11 -12 13 20 -14 -3 19 -18 -8 -17 -13 22 -4 -24 25 26 -2 28 29 -27
right_child=1 2 21 -5 5 9 18 -9 -10 10 11 12 14 -15 -16 16 17 -19 -20 -21 -22 -23 23 -25 -26 27 -28 -29 -30 -31
leaf_value=-0.00027733487519735741 0.0022223142449443868 -9.0951248398094456e-05 0.0054440087224705384 -0.0050681127043510805 0.006977059404618984 -0.0062464857811510002 -0.096331784739037224 0.10715541524869471 -0.094660462911644511 -0.047622952002862345 -0.063136159413604259 0.016213667896945096 -0.061375325327301722 0.14004753547910237 0.0042002789236608796 -0.071652138617342251 0.086042137543113628 0.0053881660228212907 -0.020651853010790477 0.0097410246707934321 -0.039520496856601105 0.005950520701692533 -0.030060314042554853 0.021236243364244678 -0.0035906411353605521 0.1145797342449954 -0.039777518683729883 0.0076297174847708262 0.012220476340739259 -0.024208608086466167
leaf_weight=29543.004419365898 132.01910436805338 1918.5411751251668 117.73988135298714 2887.3906066454947 312.54463286092505 298.48131139017642 8.4648556970059854 6.1441302858293048 7.9859350528568021 104.90743644535542 19.255682490766048 63.655605398118496 22.595270246267319 3.8079567328095427 20.750379949808121 6.5981875602155915 23.699336655437946 23.581748742610216 56.113964661955833 89.378598734736443 16.48492256551981 4015.2200328251347 93.098317414522171 16.708957604132593 488.83455292414874 15.72501338273287 39.976869724690914 930.48306967690587 26.799073979258537 5.2944313511252394
leaf_count=209557 1342 13712 2500 23623 2895 3627 85 64 74 688 141 402 149 32 136 63 153 200 853 797 107 28820 2255 392 4544 115 324 6529 209 41
internal_value=-1.56953e-05 0.000640899 0.00223313 -0.00190785 -0.00197929 -0.00887508 0.000271088 0.00637658 0.00444479 -0.0151123 -0.026237 -0.0109278 -0.00303031 0.0108864 -0.029983 0.00115898 0.0178983 0.0458154 -0.0305718 0.00414543 0.00474914 0.00520704 -0.0076833 -0.0203972 0.00366762 0.00678401 -0.00753967 0.00930226 0.0418477 0.0796214
internal_weight=41315.3 11772.3 7245.76 4526.52 3002.99 941.192 391.254 326.675 320.531 549.939 251.457 146.55 127.294 83.9485 43.3457 2061.8 143.258 47.2811 64.5788 95.9768 80.1405 4242.77 227.547 109.807 1639.13 1150.3 171.996 978.302 47.8185 21.0194
internal_count=304429 94872 58145 36727 24178 9253 3971 3033 2969 5282 1655 967 826 541 285 14925 1213 353 938 860 509 33967 5147 2647 13104 8560 1666 6894 365 156
cat_boundaries=0 1 2 3 4
cat_threshold=13457672 7414537 4982784 17965075
is_linear=0
shrinkage=0.1


Tree=99
num_leaves=31
num_cat=2
split_feature=3 3 4 4 1 1 0 4 3 4 3 2 3 3 1 4 3 3 0 4 4 4 4 4 4 4 3 3 3 1
split_gain=0.724274 1.56587 2.71994 2.45101 2.07169 1.94895 1.77856 2.35149 2.7076 2.0289 2.44944 1.89151 3.85367 1.84598 1.68153 1.75027 2.02336 1.80383 2.03921 1.9284 1.67716 4.60258 1.64267 1.69619 1.6614 1.52286 1.43746 1.28724 2.1885 1.62371
threshold=0.29500000000000004 1.1250000000000002 0.46925000000000006 0.46685000000000004 2.5000000000000004 1.5000000000000002 0 0.44690000000000002 2.2200000000000002 0.55585000000000007 4.8150000000000004 1.8750000000000002 2.0500000000000003 4.7750000000000012 2.5000000000000004 0.48640000000000005 2.0250000000000004 1.9200000000000002 1 0.16740000000000002 0.41355000000000003 0.42300000000000004 0.43085000000000001 0.38595000000000007 0.40545000000000003 0.12590000000000004 0.26500000000000007 1.5850000000000002 1.4850000000000001 5.5000000000000009
decision_type=2 2 2 2 2 2 9 2 2 2 2 2 2 2 2 2 2 2 9 2 2 2 2 2 2 2 2 2 2 2
left_child=26 2 3 5 -4 -2 7 22 27 10 13 14 -13 -10 -8 16 17 18 -16 -20 25 -22 23 -3 -25 -7 -1 28 29 -9
right_child=1 6 4 -5 -6 20 11 8 9 -11 -12 12 -14 -15 15 -17 -18 -19 19 -21 21 -23 -24 24 -26 -27 -28 -29 -30 -31
leaf_value=3.4883213850578181e-06 0.13985151517807423 -0.082256271689824467 0.13827137047313703 0.18265059281920193 -0.1015915306456588 0.077983598506902035 -0.11391380748556729 -0.10205181212277353 0.02792550307734536 -0.031322400901031104 -0.02559817318846427 -0.085945343896635829 0.0013634744113683551 0.11957967967705768 0.0234756082900376 0.040770195574350264 -0.1056696729140255 0.087901007221065933 0.10895369112187399 -0.10235882209083808 0.18994385798349386 -0.10117483068377707 -0.10651390229385854 0.043393558444745017 -0.045436107606257152 -0.10226271620283699 0.032227881103696225 -0.084729910239696823 0.046257545263501301 -0.015780886469612274
leaf_weight=41092.03094642004 0.71662744134664347 4.481863385532054 0.38348077237606037 0.68636533245444287 5.9007638227194548 0.55006995564326677 0.89248384535312553 3.4988903813064116 18.721417151391513 10.048485184088348 8.2269094884395582 5.42469822987914 74.267545133829117 2.4897005632519713 5.3468419387936592 25.401881493628025 1.6852812990546215 2.4600223340094081 0.47489864705130269 4.7656905190087855 1.0192075278609993 1.1625132956542072 3.8865166390314689 3.7641100147739035 4.7783865546807647 3.1700129313394427 13.84757464006543 4.6843001618981353 3.3266018489375702 5.7947995951399207
leaf_count=299428 5 215 3 18 538 33 11 228 183 120 62 172 653 18 106 698 39 28 38 291 32 119 135 79 141 206 122 150 111 447
internal_value=-1.54408e-05 -0.00590134 -0.0387194 0.00277679 -0.0869545 -0.015877 -0.00360753 -0.0147279 -0.00697907 0.00747562 0.0207191 0.00406498 -0.00457969 0.0386836 0.0218474 0.0248664 -0.00255463 0.0107643 -0.00715868 -0.0286123 -0.0347864 0.0348235 -0.0494594 -0.0324342 -0.00629478 -0.0756106 1.43439e-05 -0.0399625 -0.0233461 -0.0482602
internal_weight=41313.9 208.01 13.589 7.3048 6.28424 6.61843 194.421 73.702 56.7911 39.4865 29.438 120.719 79.6922 21.2111 41.0271 40.1346 14.7327 13.0475 10.5874 5.24059 5.9018 2.18172 16.9109 13.0244 8.5425 3.72008 41105.9 17.3046 12.6203 9.29369
internal_count=304429 4879 954 413 541 395 3925 1889 1319 383 263 2036 825 201 1211 1200 502 463 435 329 390 151 570 435 220 239 299550 936 786 675
cat_boundaries=0 1 2
cat_threshold=25041184 8421392
is_linear=0
shrinkage=0.1


end of trees

feature_importances:
モーター=800
勝率=741
場=585
平均ST=507
枠番=367

parameters:
[boosting: gbdt]
[objective: binary]
[metric: binary_logloss]
[tree_learner: serial]
[device_type: cpu]
[data_sample_strategy: bagging]
[data: ]
[valid: ]
[num_iterations: 100]
[learning_rate: 0.1]
[num_leaves: 31]
[num_threads: 1]
[seed: 0]
[deterministic: 0]
[force_col_wise: 0]
[force_row_wise: 0]
[histogram_pool_size: -1]
[max_depth: -1]
[min_data_in_leaf: 20]
[min_sum_hessian_in_leaf: 0.001]
[bagging_fraction: 1]
[pos_bagging_fraction: 1]
[neg_bagging_fraction: 1]
[bagging_freq: 0]
[bagging_seed: 3]
[bagging_by_query: 0]
[feature_fraction: 1]
[feature_fraction_bynode: 1]
[feature_fraction_seed: 2]
[extra_trees: 0]
[extra_seed: 6]
[early_stopping_round: 0]
[early_stopping_min_delta: 0]
[first_metric_only: 0]
[max_delta_step: 0]
[lambda_l1: 0]
[lambda_l2: 0]
[linear_lambda: 0]
[min_gain_to_split: 0]
[drop_rate: 0.1]
[max_drop: 50]
[skip_drop: 0.5]
[xgboost_dart_mode: 0]
[uniform_drop: 0]
[drop_seed: 4]
[top_rate: 0.2]
[other_rate: 0.1]
[min_data_per_group: 100]
[max_cat_threshold: 32]
[cat_l2: 10]
[cat_smooth: 10]
[max_cat_to_onehot: 4]
[top_k: 20]
[monotone_constraints: ]
[monotone_constraints_method: basic]
[monotone_penalty: 0]
[feature_contri: ]
[forcedsplits_filename: ]
[refit_decay_rate: 0.9]
[cegb_tradeoff: 1]
[cegb_penalty_split: 0]
[cegb_penalty_feature_lazy: ]
[cegb_penalty_feature_coupled: ]
[path_smooth: 0]
[interaction_constraints: ]
[verbosity: 1]
[saved_feature_importance_type: 0]
[use_quantized_grad: 0]
[num_grad_quant_bins: 4]
[quant_train_renew_leaf: 0]
[stochastic_rounding: 1]
[linear_tree: 0]
[max_bin: 255]
[max_bin_by_feature: ]
[min_data_in_bin: 3]
[bin_construct_sample_cnt: 200000]
[data_random_seed: 1]
[is_enable_sparse: 1]
[enable_bundle: 1]
[use_missing: 1]
[zero_as_missing: 0]
[feature_pre_filter: 1]
[pre_partition: 0]
[two_round: 0]
[header: 0]
[label_column: ]
[weight_column: ]
[group_column: ]
[ignore_column: ]
[categorical_feature: 0]
[forcedbins_filename: ]
[precise_float_parser: 0]
[parser_config_file: ]
[objective_seed: 5]
[num_class: 1]
[is_unbalance: 0]
[scale_pos_weight: 1]
[sigmoid: 1]
[boost_from_average: 1]
[reg_sqrt: 0]
[alpha: 0.9]
[fair_c: 1]
[poisson_max_delta_step: 0.7]
[tweedie_variance_power: 1.5]
[lambdarank_truncation_level: 30]
[lambdarank_norm: 1]
[label_gain: ]
[lambdarank_position_bias_regularization: 0]
[eval_at: ]
[multi_error_top_k: 1]
[auc_mu_weights: ]
[num_machines: 1]
[local_listen_port: 12400]
[time_out: 120]
[machine_list_filename: ]
[machines: ]
[gpu_platform_id: -1]
[gpu_device_id: -1]
[gpu_use_dp: 0]
[num_gpu: 1]

end of parameters

pandas_categorical:[[1.0, 2.0, 3.0, 4.0, 5.0, 6.0, 6.96, 7.0, 8.0, 9.0, 10.0, 11.0, 12.0, 13.0, 14.0, 15.0, 16.0, 17.0, 18.0, 19.0, 20.0, 21.0, 22.0, 23.0, 24.0]]
